time_s,node,truth_x_m,truth_y_m,imu_x_m,imu_y_m,full_x_m,full_y_m,imu_position_error_m,full_position_error_m,full_position_sigma_radial_m
0.0,1,3.9326264676162532,0.5977525298943969,3.9326264676162532,0.5977525298943969,3.9326264676162532,0.5977525298943969,0.0,0.0,0.01414213562373095
0.0,2,0.1537401395025908,5.012835646874592,0.1537401395025908,5.012835646874592,0.1537401395025908,5.012835646874592,0.0,0.0,0.01414213562373095
0.0,3,-2.9470917115432527,-4.1520682726985685,-2.9470917115432527,-4.1520682726985685,-2.9470917115432527,-4.1520682726985685,0.0,0.0,0.01414213562373095
0.0,4,8.005121620561171,-1.5101657699586521,8.005121620561171,-1.5101657699586521,8.005121620561171,-1.5101657699586521,0.0,0.0,0.01414213562373095
0.1,1,3.921359645221001,0.6454972078253496,3.9220568880248194,0.6479912728530589,3.9233607957714436,0.6462021288052853,0.0025896926246022855,0.0021216779005048345,0.015710680109171295
0.1,2,0.20188336887619052,5.0343731099630515,0.20702698905316708,5.042863372881768,0.20639510576112327,5.041221967987753,0.009926801748495253,0.00820137951575121,0.01571084651788297
0.1,3,-2.898759191833838,-4.107824115235004,-2.899988252818259,-4.110815899233001,-2.8974575804263702,-4.108256023832035,0.003234402942444929,0.00137139975654042,0.015711086291000802
0.1,4,8.030893861824088,-1.5501124859099078,8.033472242596286,-1.549455467640191,8.030269545709158,-1.5485847941365811,0.0026607744010305493,0.0016503371672634839,0.015711136136683176
0.2,1,3.909228314450303,0.6931476442685484,3.9106535148471573,0.6981123763399938,3.9131484362769746,0.6949358546844495,0.0051652454648770515,0.004308718095615671,0.019691469152153196
0.2,2,0.2503665923966847,5.0555418718024585,0.26067485976924315,5.072429162187082,0.2592941081833566,5.068372561231355,0.019784866761207987,0.01563096699958347,0.019692773733156716
0.2,3,-2.850218451781967,-4.062655396450259,-2.8526967906768608,-4.0686874088168254,-2.84935814664133,-4.063478681562978,0.006521298710253772,0.0011907658509683603,0.01969452795659685
0.2,4,8.056373979228269,-1.591003680133586,8.061507378256065,-1.5897005692219845,8.057054563891514,-1.5876761742320669,0.005296214084279081,0.0033963938241154167,0.019694912061473547
0.3,1,3.896234246457693,0.7406968823418131,3.8984693510659834,0.7480161145377565,3.896964291386655,0.7458877595778209,0.007652898310322388,0.005241962616960125,0.02475977573091731
0.3,2,0.2991839189543075,5.076339360214429,0.3147105345013336,5.101612751847666,0.3099837063625035,5.094017177325087,0.029661761832233447,0.020715709639307748,0.024765868028567194
0.3,3,-2.8014748144267916,-4.016581928837233,-2.8052370531651816,-4.025601242213114,-2.797946366669479,-4.0144529121703245,0.009772535704564635,0.004121001764627242,0.024773429427869264
0.3,4,8.081559516946967,-1.6328235882959148,8.089226005207363,-1.6308542222827267,8.088167209616586,-1.6322786243575969,0.007915392898693724,0.006630127307238918,0.024775219226510905
0.4,1,3.8823793383548626,0.7881379799377523,3.88552617069331,0.797709352772014,3.889443437685216,0.7897036959143905,0.010075402309523137,0.007235534940044198,0.030112514883805952
0.4,2,0.3483294168430251,5.096763048133344,0.3690642209547861,5.130370818303581,0.3645223326353658,5.119126932247266,0.039489420322013115,0.027610755775942998,0.0301340685229457
0.4,3,-2.7525336250574384,-3.969623921741563,-2.757660895271804,-3.981639700268063,-2.747510779307993,-3.9663501692409087,0.01306398995135171,0.005995534576521312,0.030158467461532792
0.4,4,8.106448047545637,-1.6755560880262172,8.116653935180297,-1.6730017872260208,8.107128433389178,-1.669041781305456,0.010520674645154205,0.006549741746683221,0.030164592633633035
0.5,1,3.867665612934685,0.835464010737299,3.8717018098736955,0.8473123324821792,3.8711988277294234,0.8321809012242104,0.012516933086849919,0.004823112569771904,0.03533846474168278
0.5,2,0.39779711448129795,5.116810453913417,0.423699598746082,5.158641546051285,0.41267157453801834,5.151396992334552,0.049201412180284024,0.0376494117076965,0.03539961301527606
0.5,3,-2.7034002506268386,-3.9218019724971374,-2.7098297059760723,-3.9368956696132584,-2.694049395924197,-3.915319009282468,0.016406022940401832,0.011378369642117905,0.035462110950099573
0.5,4,8.131037172215898,-1.7191847051323985,8.14375838594044,-1.7160674589722071,8.13950909988021,-1.7152681613523533,0.013097576197477433,0.009333427748171683,0.035478848860989294
0.6,1,3.8520952183758954,0.8826680652209422,3.8568946594547633,0.89674295241122,3.851901696770272,0.8798057222355524,0.01487067866940078,0.0028688774769678135,0.040237492487771316
0.6,2,0.4475810011376664,5.136479141630231,0.47859683627226507,5.186562058618931,0.47006051265436677,5.177436214337009,0.058909087611281934,0.04672055482052593,0.040383077497463615
0.6,3,-2.6540800791631813,-3.8731370573914266,-2.661750560336911,-3.8913028842381148,-2.642282674761951,-3.8674575555458133,0.019718862707073192,0.013093337688324302,0.04051562749923671
0.6,4,8.155324521006735,-1.7636926199520566,8.170565513433436,-1.7599845992811591,8.164626939395244,-1.7577668848249461,0.015685575139170568,0.01102947526728046,0.04055238647635017
0.7000000000000001,1,3.8356704279294522,0.9297432516775034,3.841159960304887,0.9460064788992227,3.839702133551195,0.9220558184443305,0.017164717456638175,0.00868051150191524,0.04473356612097975
0.7000000000000001,2,0.4976750276611086,5.15576672137672,0.5338628604476738,5.214133052409588,0.516159822580406,5.210712099719752,0.06867450647821761,0.05797139160368129,0.04503367658212141
0.7000000000000001,3,-2.6045785191790563,-3.823650522464584,-2.613513640949983,-3.8447938383567406,-2.5942687316837394,-3.8170463641857406,0.02295378417553019,0.01224363609270567,0.045275088646435854
0.7000000000000001,4,8.179307753052921,-1.8090626738367797,8.197063779357071,-1.8047534961883596,8.19697979875319,-1.8051294386317713,0.01827143897232291,0.01810446183708121,0.04534268291987837
0.8,1,3.818393639586657,0.9766826972103163,3.8245525618287814,0.995094592711459,3.8176807071020296,0.9666507181784281,0.019414690806951653,0.010057279752690693,0.04882537975339295
0.8,2,0.5480731072160681,5.174670849553571,0.5894487678838557,5.241346535684655,0.5591898270568232,5.241737141504523,0.0784703282569066,0.0679813869825275,0.04937507418368584
0.8,3,-2.554900999078346,-3.7733640741463756,-2.5651958735379075,-3.797445542220813,-2.5394613623095763,-3.7595124033799117,0.026189722120676936,0.02074249663309726,0.04976304616990852
0.8,4,8.202984556800635,-1.855277375767138,8.223242220785817,-1.8503095061894974,8.234638711688108,-1.860189537001525,0.02085791644141381,0.03203302748153465,0.049873344121444764
0.9,1,3.8002673757290406,1.023479548740657,3.8071403859407575,1.0440378998683661,3.7963445490059944,1.0074469962830652,0.021676809508332808,0.016505493261471344,0.052549976125354995
0.9,2,0.5987691160220407,5.193189229153981,0.6452525688474817,5.268136437677977,0.6138508915548115,5.271703418686466,0.08819181057283168,0.07994959606629581,0.05346620918372005
0.9,3,-2.505052966560945,-3.7222997697350158,-2.5167218485246408,-3.749313230817458,-2.494729660397351,-3.708877381242069,0.029426006965527617,0.016933138014050893,0.05403394915397845
0.9,4,8.226352650230252,-1.9023189090957997,8.249140593530486,-1.8967010852411084,8.269346202500737,-1.9041132485450176,0.023470200355280316,0.04303097943219401,0.05419221946634946
1.0,1,3.7812942827601095,1.0701269740082813,3.788921399560954,1.0928448840396447,3.768497242916717,1.0702963987731646,0.023964063655541556,0.012798161332954501,0.05596203292617682
1.0,2,0.6497568940976794,5.2113196100427714,0.7013574073820324,5.294409982189772,0.6793436470216897,5.284448082482676,0.09780911468127984,0.07888694080759069,0.05737213299744468
1.0,3,-2.455039888025356,-3.670480007722111,-2.46809506023584,-3.700480709496612,-2.442487663658335,-3.6599764228109777,0.03271818498034284,0.016367151021036898,0.05815049276681465
1.0,4,8.249409781076292,-1.9501691384161899,8.274737828851414,-1.9439608880826975,8.291568599368318,-1.9519548296836962,0.026077813871223907,0.04219661897691538,0.05835532053385295
1.1,1,3.76147713071897,1.1166181625689249,3.769878644753212,1.1415179031737455,3.7656720249483446,1.1202944831867905,0.02627893681743832,0.005577855401584364,0.05912353253147684
1.1,2,0.7010302460092701,5.229059789229786,0.7578532308940901,5.320243272950529,0.7296029741074471,5.300124661748327,0.10743965429333606,0.07659384372812743,0.06115528370247912
1.1,3,-2.4048672479692357,-3.617927517967938,-2.4193410153592296,-3.650903730278012,-2.3907170482912194,-3.6049952644348253,0.03601278274139204,0.019169541788275523,0.062166437534358174
1.1,4,8.27215372704449,-1.9988096165540354,8.300019884157148,-1.9918649456064035,8.303852755422687,-1.9964313847517399,0.028718481275970095,0.03178811706640086,0.06241293110783853
1.2,1,3.740818812875908,1.1629463267886142,3.750042138705552,1.1900659510357965,3.7452219379991627,1.1686918810140687,0.028645134991270995,0.007238708739041517,0.06209974892922459
1.2,2,0.7525829416235306,5.246407611137585,0.8147215079647576,5.345674329500654,0.7970785569976545,5.321679239888606,0.11711141191837816,0.0874395670297699,0.06487086536342317
1.2,3,-2.3545405483879605,-3.564665351731381,-2.3704048682526855,-3.6006080411544716,-2.3439631020834497,-3.5604695573822207,0.039288084297087494,0.011379238135536766,0.06612545661924385
1.2,4,8.294582296025999,-2.0482215916790985,8.324925318281235,-2.040532165705702,8.320946356225274,-2.0353013077656805,0.03130217678344591,0.02935979234589997,0.06640331932468485
1.3,1,3.7193223453099797,1.209104702834651,3.7293183006742745,1.2385236389176075,3.728686048627633,1.239074524197165,0.03107077282428052,0.03139855302911314,0.06493999118594873
1.3,2,0.8044087168646334,5.26336096786336,0.8718769030244488,5.370711065972881,0.8513943777864948,5.333419966385601,0.12679116573255184,0.08435588661263387,0.06855341307778105
1.3,3,-2.30406530817127,-3.5107168715588806,-2.321321041650265,-3.549645401313209,-2.3058495023650036,-3.510176020869836,0.04258157778584233,0.0018643680936964214,0.07005852863959892
1.3,4,8.316693326308657,-2.09838601453437,8.34963825995896,-2.090034704116165,8.355281023188098,-2.092763193735424,0.03398695395183345,0.038995210785385905,0.07036847585950788
1.4000000000000001,1,3.6969908664686617,1.25508655166312,3.70776024088585,1.2869395590628636,3.7019050529029305,1.2823090075681844,0.03362429933464352,0.027662453503149886,0.0676969746131287
1.4000000000000001,2,0.8565012744753258,5.279917799435056,0.9293341485925196,5.395330534699735,0.9161879888198627,5.3444635482059795,0.1364724404905466,0.08791278378964865,0.07222884666102053
1.4000000000000001,3,-2.253447062498058,-3.456105741036855,-2.272135689857556,-3.4979294882656675,-2.262395492559853,-3.451581503357676,0.04580928535615666,0.010027119583835809,0.07398900965371366
1.4000000000000001,4,8.338484686785346,-2.149283545779917,8.374076531669434,-2.1403754447025385,8.383336864210992,-2.1312250726738706,0.0366896945620672,0.048351073108499364,0.07433813799795844
1.5,1,3.6738276367096523,1.3008851600027769,3.6854634005979117,1.3352184662004485,3.6686161675749376,1.3470471470192449,0.036251440188306956,0.046455230661903345,0.07040586567604713
1.5,2,0.9088542847821106,5.296076094061686,0.987109878180854,5.419581925887909,0.9797547618204795,5.368540862609423,0.1462109038111621,0.10138057173317501,0.07591629299638046
1.5,3,-2.2026913622293787,-3.4008559144120656,-2.22277648128071,-3.4455311251653926,-2.195017148227739,-3.407189079329983,0.04898251180942379,0.009950001930678232,0.07793123078833482
1.5,4,8.359954277159389,-2.2008945634485637,8.398238257443701,-2.1914570577954464,8.3946805226916,-2.190585122305606,0.03943006035199831,0.036224255761070974,0.0783319305556983
1.6,1,3.6498360378248584,1.346493841335176,3.662348051394012,1.3833094674100594,3.6408462582139958,1.3792812039648241,0.03888368304109481,0.03399745998835699,0.07309531219658898
1.6,2,0.9614613864643484,5.311833888377771,1.045062834241071,5.443426868713739,1.035313960354985,5.3817960916913865,0.1559035424359126,0.1017296051440659,0.07963305419658935
1.6,3,-2.151803773299731,-3.3449916260844943,-2.173347323104587,-3.3924934523574284,-2.1504453821121543,-3.3349082671115466,0.052158873046283416,0.010174446166539489,0.08187783850404799
1.6,4,8.381100028146978,-2.253199170510539,8.422137233384728,-2.2432187549013243,8.430485306014914,-2.2351438394025123,0.0422334098724913,0.0525823226142941,0.08236503362853174
1.7,1,3.6250195725466625,1.3919059368708893,3.6384311396412308,1.4312546133547515,3.613384295408327,1.4043092255234733,0.04157148629726577,0.017006505916418887,0.07579219278604199
1.7,2,1.0143161873272117,5.327189267681911,1.1032265746261647,5.466892766799296,1.0918603192225569,5.405094751540117,0.16559626999208318,0.10991977441108548,0.08338115462636898
1.7,3,-2.1007898761066928,-3.288537379977334,-2.123819493483812,-3.338755725918451,-2.089641538952457,-3.268688030682684,0.05524713155991214,0.02276580964353183,0.08584185986765595
1.7,4,8.40191990167662,-2.3061772025441565,8.445680950423435,-2.29564828026264,8.447915294209022,-2.2769725870533883,0.04500986105101068,0.05448381135872606,0.08644971386987838
1.8,1,3.5993818640365287,1.4371148165216785,3.6137052776309795,1.4790705235197485,3.6072377703485468,1.4562389264149358,0.04433330042649206,0.020674787621462687,0.07851164580880379
1.8,2,1.067412265078389,5.342140366169431,1.1617534919753447,5.4899036644270325,1.1440608934074532,5.427278669939256,0.17531189179399004,0.11455803329985208,0.0871682241638447
1.8,3,-2.0496552648989645,-3.2315179387887563,-2.0741919857488345,-3.2845047795212405,-2.042790537225481,-3.220999261768451,0.05839225942600693,0.012560535509626587,0.08982021073973231
1.8,4,8.422411891085575,-2.3598082355095844,8.468950687332487,-2.3487170494032745,8.461707158063911,-2.3267657809131626,0.04784217768200341,0.05134122916969621,0.09057121727734124
1.9000000000000001,1,3.572926655356028,1.4821138798684772,3.588130106359096,1.526740518529018,3.5790553168160133,1.49945233192165,0.047145326391288815,0.01838973656394458,0.08126967844526102
1.9000000000000001,2,1.1207431681084434,5.356685367159098,1.2204914984357735,5.512485952306626,1.2101132089447055,5.445470454835937,0.18499608572994797,0.12597537851841964,0.0909888055012591
1.9000000000000001,3,-1.9984055471629003,-3.1739583131301776,-2.024417386648564,-3.2297072180156188,-1.9984680419408176,-3.1669981361484743,0.06151874664973186,0.00696045754343063,0.0938123046970183
1.9000000000000001,4,8.442574021313252,-2.414071593622701,8.491926061579884,-2.402373172951137,8.48542674817331,-2.370778069084233,0.05071959113289571,0.060915395971016154,0.09473432046863406
2.0,1,3.545657808920356,1.5268965571250401,3.561767281762609,1.5741660859983493,3.5480977049579456,1.5448844698782156,0.04993919778250244,0.018152633359656074,0.08406684245486878
2.0,2,1.1743024162747406,5.370822503313857,1.279347723014797,5.534667050762735,1.2596296248692556,5.465007853637484,0.194626699599105,0.1270889953619757,0.09483108185060052
2.0,3,-1.9470463430075822,-3.1158837505557755,-1.974558737853259,-3.1742663042256174,-1.9452876665108108,-3.0924857560783248,0.06454033191080129,0.02346399558018861,0.09779727575981158
2.0,4,8.462404349091571,-2.4689463573260007,8.514570735785373,-2.4565591467665855,8.518686335878511,-2.4393993170005452,0.05361692723506795,0.06356641903300377,0.09895508304503116
2.1,1,3.5175793059344302,1.5714563100971208,3.5346188324444507,1.621457996797519,3.525684734215952,1.5849975885892889,0.05282531719327822,0.01578176767125109,0.08691031842584185
2.1,2,1.2280835016888363,5.3845500568555815,1.3384196708995415,5.556421945539475,1.3123328063455142,5.474354235969453,0.20424009487821482,0.12313706152678,0.09869198686458193
2.1,3,-1.8955832845485108,-3.0573197244880763,-1.9245809410346844,-3.118274029489195,-1.9000807968353697,-3.0194950882029157,0.0675003065167821,0.038091084611430244,0.10177361097153606
2.1,4,8.481900963132272,-2.5244113713534926,8.536879619154993,-2.511368782403864,8.54739907948397,-2.491621068530485,0.056504528531557775,0.07324757473695005,0.10321741298518605
2.2,1,3.4886952458116376,1.6157866331370372,3.5066949254635964,1.6684866305292598,3.511703623566632,1.6490770573145397,0.05568912095475573,0.04046773762930861,0.08980275892962254
2.2,2,1.28207988950724,5.3978663597737935,1.3977302223678676,5.5778600508365,1.345006201784127,5.47784889463508,0.21394561999057352,0.10176898672780996,0.10256112693278213
2.2,3,-1.8440220152899822,-2.9982919230444733,-1.8744480602334266,-3.0619565831165474,-1.8332890199008833,-2.9523950309262106,0.07056155577219961,0.04713514502086387,0.10573222287139589
2.2,4,8.501061984311114,-2.5804452528864417,8.55887371116504,-2.5667183696139806,8.5654286278513,-2.5568604390763565,0.05941904649360059,0.06855150066253674,0.1075204844444064
2.3000000000000003,1,3.459009845575329,1.6598810540934843,3.477938251394037,1.7152975165389321,3.4876837200244464,1.6968587243377065,0.05855995950139856,0.04679251192887796,0.09274957360832943
2.3000000000000003,2,1.3362850187254511,5.410769794028347,1.4572215387476166,5.598856890014206,1.3972542488915587,5.494764600335858,0.22361215877376897,0.10379005016707578,0.10645174312134474
2.3000000000000003,3,-1.7923681895062138,-2.9388262377695664,-1.8241756168989034,-3.0051547362312245,-1.7810280679861368,-2.8884358342520096,0.07356073779890604,0.05165066430117158,0.10966918906237291
2.3000000000000003,4,8.519885565848993,-2.6370263997968624,8.58052286653958,-2.62255236693953,8.587595969375837,-2.6167419495210007,0.062340836232727806,0.07068350351221943,0.1118370091478376
2.4,1,3.428527439243142,1.7037331352564573,3.448330913650344,1.761914503206448,3.464054584590096,1.7472956973085305,0.061459329439304114,0.0562127642892991,0.09574352685005766
2.4,2,1.390692302975171,5.423258791746022,1.5168972898687005,5.619432812773759,1.4520800172720574,5.511960736475406,0.23326368179163026,0.1078725473203022,0.1103477293270742
2.4,3,-1.7406274716212882,-2.8789487522782764,-1.773821395292468,-2.9479448824827186,-1.7236636484639394,-2.843117022022407,0.07656567476275807,0.03964447236681549,0.11359020378669339
2.4,4,8.538369893489943,-2.69413299897555,8.601804816479223,-2.6789202125884244,8.600736568105848,-2.6616579394519055,0.06523356746580912,0.07031523016893607,0.11616099281267636
2.5,1,3.397252477194237,1.7473364742971478,3.4179062185239153,1.8082740757962381,3.446229074203315,1.7942341609133878,0.06434258548873521,0.0678092918746736,0.09878166751455818
2.5,2,1.4452951313246125,5.4353318354110485,1.576769218024166,5.639608744971464,1.4980384836572906,5.529804503458305,0.24292898397069848,0.10819864242797181,0.11424174151368569
2.5,3,-1.688805535587986,-2.8186857308147095,-1.7234681285318896,-2.890405049427765,-1.663971832255389,-2.791711523341455,0.07965648756953635,0.036664979067519365,0.1174817838309926
2.5,4,8.55651318567599,-2.751743034741448,8.622772318152085,-2.7357934621288686,8.613677013694344,-2.710644856650672,0.06815175348447465,0.07040428592133476,0.12049227273374317
2.6,1,3.365189525519556,1.7906847052026704,3.386592074441504,1.854493997838317,3.4299806348358644,1.8459839229000379,0.06730300830585483,0.08518151985248136,0.10186349719108105
2.6,2,1.500086869081767,5.446987458049484,1.6368026795067183,5.65936133765133,1.5386771610135705,5.538831281951022,0.25257449902413065,0.09962177784118563,0.11813074854532976
2.6,3,-1.6369080642655738,-2.75806360673179,-1.6731019628454675,-2.832560390501603,-1.6034751502354323,-2.7381878798775747,0.0828237229690739,0.038894784464375276,0.12133776572361665
2.6,4,8.574313693718878,-2.809834297329111,8.643406324729831,-2.7931054307362913,8.628505613626468,-2.7584403310254237,0.07108900503942993,0.0746867053477066,0.12482109176094998
2.7,1,3.332343265355176,1.8337714992054917,3.354463433326936,1.9004843883764844,3.3974306652739674,1.8965748040734645,0.07028450336055625,0.09044680608251593,0.10498663815834554
2.7,2,1.5550608586005858,5.458224243407469,1.6969693442072262,5.67885546563706,1.5865271736733164,5.544101775347564,0.262328333410048,0.09146080841747724,0.1219991254294781
2.7,3,-1.5849407487966132,-2.697108970896722,-1.6226672287107244,-2.774369790893193,-1.5394534643746414,-2.674093285513573,0.08597977432650585,0.05097857214302372,0.12514372847736988
2.7,4,8.59176970196859,-2.868384391450993,8.663549948987233,-2.85095495816367,8.647799721362864,-2.8125701849038234,0.07386602065073511,0.07908595782952184,0.1291459884777943
2.8000000000000003,1,3.2987184921988746,1.8765905657074173,3.321589685022044,1.946143184327418,3.3735807507549898,1.940922707666642,0.07321651601963759,0.09870654611110892,0.10814562293058896
2.8000000000000003,2,1.6102104200899348,5.469040826123315,1.7573427305467282,5.697988654428929,1.6378933003361045,5.562383852550356,0.27214890201176856,0.09736150389801422,0.12584148725148384
2.8000000000000003,3,-1.532909287982864,-2.635848560027352,-1.5721639160539649,-2.7159119104412057,-1.4867575837327538,-2.609844330675553,0.08916874959587591,0.05297357595415474,0.1288885986465771
2.8000000000000003,4,8.608879527978715,-2.927370744931256,8.68325488391891,-2.909306178952172,8.66529523469384,-2.874553266537612,0.07653771694559032,0.07728142071694877,0.13344384360922693
2.9,1,3.2643201152099914,1.9191356531980122,3.2879387008652015,1.9915939882461233,3.328771167874807,1.995115131377303,0.0762105498359435,0.09963342458231662,0.11133670837134693
2.9,2,1.6655288524252394,5.479435891893402,1.8177039831642157,5.716661543972144,1.6875445740554038,5.57560854902362,0.28183910378016874,0.09866038707801297,0.12963186881411817
2.9,3,-1.4808193876603462,-2.574309244964563,-1.5216213410008608,-2.6572306835731148,-1.4111520451237967,-2.555357572446747,0.09241625602302542,0.07219906167899584,0.1325535020651251
2.9,4,8.625641522668616,-2.9867706174077826,8.702553038908553,-2.9680254788036162,8.681402704329138,-2.9323688638621506,0.07916287988454877,0.07790288934960878,0.13769467004745717
3.0,1,3.229153156492706,1.9614005501673057,3.253498408788915,2.0368383750789563,3.2926794810871467,2.0469483527326786,0.07926888883267454,0.1065552459536472,0.11455857630893512
3.0,2,1.7210094339627382,5.489408177631885,1.878173021733878,5.734930792875164,1.7411717697354623,5.5802612652069525,0.2915162909975973,0.09306343699721664,0.13337962099930584
3.0,3,-1.4286767600736288,-2.5125180188858334,-1.4710338743324372,-2.5983012266795558,-1.3541158836497154,-2.490099318150052,0.09567070537899626,0.07785834852976663,0.13614185403166362
3.0,4,8.642054070482354,-3.046561109099001,8.721442913701155,-3.0270652975458434,8.702337017945593,-2.9907057554008447,0.081747630520619,0.08218183674998887,0.14189793549599655
3.1,1,3.1932227503628106,2.0033790860126657,3.218271852562918,2.0818658885374566,3.260714858927613,2.0880183721563355,0.08238710877071095,0.10825430004130603,0.11780717065174325
3.1,2,1.7766454233562028,5.498956471624159,1.9387206793067875,5.7527912112713935,1.7866074255467572,5.592699324835795,0.30116517667756154,0.09427069542494629,0.1370663683862124
3.1,3,-1.3764871232494214,-2.450501985465142,-1.4204158556257283,-2.539215751285442,-1.288901662077846,-2.4295496654021003,0.09899427142116964,0.090056719486453,0.1396487936735476
3.1,4,8.658115589544412,-3.1067191696322007,8.74012115370404,-3.086456704492072,8.718268140048973,-3.042187501470279,0.08447177070888122,0.08821941695547655,0.14603433326641177
3.2,1,3.156534142598116,2.045065131939693,3.182326871536694,2.126571052026612,3.234972322895825,2.140915731343511,0.08548964776693252,0.12385429154650687,0.1210815947062805
3.2,2,1.8324300603760781,5.5080796136741,1.9993122595807573,5.770249143231934,1.8397888524731192,5.605553210293875,0.3107773007154252,0.097750978814138,0.1406990641318102
3.2,3,-1.3242562003695255,-2.388288346984396,-1.369826508943615,-2.4799496973270436,-1.2399849640846772,-2.3606894519626436,0.10236433055598669,0.08867547728317257,0.14306868604803663
3.2,4,8.673824531812151,-3.1672216069298855,8.75854683202412,-3.1461779505767216,8.735575802555653,-3.1150888430970394,0.08729664155004448,0.08081487798226597,0.15010899531233865
3.3000000000000003,1,3.1190926896725744,2.0864526018570166,3.1456074488644674,2.170954725756875,3.189856315488241,2.1859155902445613,0.08856433480013896,0.1220670995705253,0.12437914602965101
3.3000000000000003,2,1.8883565667309024,5.516776495245036,2.0600397965545865,5.7873201879884855,1.906269569271927,5.613904410620961,0.32042006973027426,0.09876592330003078,0.14424025606185711
3.3000000000000003,3,-1.2719897191432241,-2.325904392401613,-1.31915770891978,-2.420479389909668,-1.1878260491590609,-2.2881231450729107,0.10568466971708752,0.09225478846605044,0.14638535949480613
3.3000000000000003,4,8.689179383225024,-3.2280450961507605,8.776648996704598,-3.2061899671111758,8.754834192568941,-3.180087781282093,0.09015863767605889,0.08130472335232776,0.15407362229122634
3.4,1,3.080903857974242,2.127535453264851,3.1081552339888474,2.2149959567625563,3.1548990240077366,2.237077094182573,0.09160773529981814,0.13219173836239387,0.12769400562219815
3.4,2,1.9444181468909196,5.525046059594444,2.120991613418035,5.8040475134085465,1.9369174477693978,5.6237616601104605,0.3301817685938842,0.09900015289154565,0.14768540228233806
3.4,3,-1.219693411179173,-2.2633774853810813,-1.2684292507748425,-2.360895197510646,-1.1092938512124306,-2.2425232910070956,0.109017825331821,0.11235194819778756,0.1495919534312729
3.4,4,8.70417866385049,-3.2891661886819024,8.794392142408366,-3.266492323795984,8.772583524470853,-3.226659371118145,0.09301922307984131,0.09266243682550244,0.15792790252978853
3.5,1,3.0419732230071954,2.168307688137193,3.0700569991901703,2.258668663434907,3.111883993042358,2.2735823574353224,0.09462454407525318,0.12637354059588538,0.131031891139059
3.5,2,2.0006079889138064,5.532887301902351,2.182077001034262,5.820413140323657,2.011568813915146,5.639771925853135,0.34000310310326454,0.10744516053229468,0.15110631318326012
3.5,3,-1.1673730113568663,-2.2007350522907543,-1.2175769709055018,-2.3012373732668627,-1.0655453838549318,-2.1770784401254675,0.11234390983024292,0.1045394711188627,0.15275993140278127
3.5,4,8.718820928026663,-3.350561321178648,8.811793579002089,-3.327005976608095,8.788437120927805,-3.2854357130815193,0.09591020846206035,0.09532973903284235,0.16172108444724692
3.6,1,3.0023064685775225,2.2087633537975213,3.03121315103762,2.3020372753500937,3.073288980496896,2.3214222014919517,0.09765050298203454,0.13315604741137688,0.1343843625137352
3.6,2,2.0569192652723602,5.5402992693934285,2.2432269594363152,5.836338114524825,2.060516739539974,5.645228912482707,0.3497850121594986,0.10499129401978732,0.1544226694361229
3.6,3,-1.1150342571977419,-2.138004570172137,-1.1667021536701616,-2.241657424869542,-1.0058934882144581,-2.1222221786938706,0.11581660421893736,0.11027597805068774,0.15582808490510827
3.6,4,8.733104764501649,-3.4122068246487065,8.828867020888037,-3.387758693823691,8.808683187701156,-3.3354624436443703,0.09883380418181534,0.10771164314530991,0.16539977995864688
3.7,1,2.9619093859634926,2.2488965437878785,2.9916324216076275,2.3450607196961823,3.031232864126271,2.3520826505060306,0.10065290644599251,0.12431056770940715,0.13775246427204624
3.7,2,2.113345133684116,5.547281061452766,2.304478793921637,5.8518569234966815,2.121174821091024,5.6509754993714125,0.35958105041226257,0.10398961707860002,0.15765396245826457
3.7,3,-1.0626828882359973,-2.0752135546879487,-1.1157548190184192,-2.1820476607769543,-0.9517133827569286,-2.048916432988672,0.11929021779178332,0.11404284175666447,0.1588138670576791
3.7,4,8.747028796569555,-3.4740789335770206,8.845530709223706,-3.448746049717049,8.825178494933645,-3.3880235599718636,0.10170733405801492,0.11624501142294835,0.16896658888851665
3.8000000000000003,1,2.9207878730700365,2.288701398731203,2.9513138242967276,2.3878364923101065,2.989576366544777,2.395848365533343,0.10372849404668093,0.12732764558187434,0.1411313079939066
3.8000000000000003,2,2.1698787379427316,5.553831829735298,2.3658248978389844,5.866993412273756,2.17494508199585,5.657999301219773,0.3694117950960413,0.10429060339998739,0.16078542833041828
3.8000000000000003,3,-1.0103246453891859,-2.012389548052843,-1.0647970700429585,-2.1223775852839797,-0.8915826083543413,-1.9794499902283085,0.12273798670997858,0.12322615724293376,0.16169396515419848
3.8000000000000003,4,8.760591682203193,-3.536153795087806,8.861806881647242,-3.509955864485931,8.841199566005962,-3.451908164226841,0.10455069663239554,0.11659741528148289,0.17240905492180045
3.9,1,2.8789479335676695,2.3281721071867865,2.9103341994926994,2.4303383057683225,2.9470867049144474,2.4471263404301498,0.10687857512765858,0.1370875697033285,0.14452842077929276
3.9,2,2.2265132087510717,5.559950778268889,2.427295217724028,5.881706058161153,2.21917324301686,5.655763781426757,0.3792622776730705,0.09609373897975398,0.16391107166579044
3.9,3,-0.9579652703286595,-1.9495601069524828,-1.013818118471289,-2.062635310835286,-0.8328309795951647,-1.9358528078081694,0.12611717717575663,0.1258828056853139,0.16457592342646718
3.9,4,8.773792114183415,-3.598407478140301,8.877678239923965,-3.5713557716132405,8.868038891431842,-3.4889688041749123,0.10735046319139713,0.14442741561427097,0.17582632919873925
4.0,1,2.836395676015962,2.367302906498739,2.8685938692092394,2.47254675932836,2.8966431355643927,2.483155630079294,0.1100590396257142,0.13058181321712553,0.14793984401173887
4.0,2,2.2832416645558933,5.565637163551045,2.488835636469134,5.896004238097172,2.2740201923378387,5.664969218128462,0.3891160305503082,0.09975917309420351,0.16698204207908765
4.0,3,-0.9056105048499298,-1.8867527904562673,-0.9629078848347751,-2.0029338275250432,-0.7712186155216084,-1.8938987494905077,0.12954158840891228,0.13458173965198555,0.16741430782725072
4.0,4,8.786628820225115,-3.6608159827546363,8.893206524105285,-3.6329143388958616,8.888250305830574,-3.521509742240475,0.11016945445263433,0.1724330449271543,0.17916220138634106
4.1,1,2.7931373129717,2.406088083637323,2.8260808416857555,2.514370499600479,2.848928392759877,2.5244312303598977,0.11318285069281399,0.13083480026404146,0.15135574854386205
4.1,2,2.340057212383998,5.570890294639264,2.550489031586506,5.909803078586858,2.357828102977878,5.681198157099424,0.3989278451750206,0.11173016187685933,0.16991035078728392
4.1,3,-0.8532660902430165,-1.8239951479290133,-0.912013699747574,-1.9432771964572677,-0.7257837878292553,-1.8043493401456694,0.1329642385139584,0.12898719003131182,0.1701123074297441
4.1,4,8.799100563099842,-3.7233552492642827,8.908349487076537,-3.6946466191649376,8.891916917874461,-3.6150085720003524,0.11295801358136015,0.14266701857045413,0.1823046907687157
4.2,1,2.749179160081863,2.4445219760330446,2.7828453517816296,2.555835402874454,2.793283500311664,2.5687110789834673,0.11629312730657479,0.13178818656744887,0.1547806040206085
4.2,2,2.396952948679796,5.575709533234983,2.6121712052458053,5.9231272927168455,2.3995963296348983,5.677892187464497,0.4086783546540113,0.10221683955328612,0.17274078360847178
4.2,3,-0.8009377666628482,-1.7613147069468917,-0.8611235678722559,-1.8836717249953252,-0.6531154482746581,-1.7505894928543548,0.13635824336255953,0.14821089039267732,0.1727348318646124
4.2,4,8.811206140755063,-3.786001167591511,8.92315216320399,-3.7564133529203305,8.917266498302274,-3.6571024470358617,0.11579011494575844,0.1669241732162408,0.18530692552440314
4.3,1,2.7045276351615524,2.482598972403384,2.738815257079932,2.596942821119292,2.739935821279784,2.604234190841342,0.11937402043989391,0.12668411900721052,0.1582198210593403
4.3,2,2.4539219601441378,5.58009429376114,2.6740201485998156,5.936025075802286,2.427076111108314,5.667602255072225,0.4184852854831256,0.09153328849810136,0.17559341012788715
4.3,3,-0.7486312724997934,-1.6987389612229264,-0.810298406812014,-1.824168646902579,-0.5769142365190936,-1.71233238592156,0.13976924376978617,0.17225423548068244,0.1754019256168845
4.3,4,8.822944386430006,-3.8487295865422873,8.93759995348782,-3.818273469477191,8.950003268039639,-3.6689550818117187,0.11863167420226327,0.2201427535646177,0.1883158827266788
4.4,1,2.659189257256994,2.520313513572029,2.6940771457768524,2.6377805040202937,2.7046199204749226,2.6400720387084773,0.12253839647370435,0.12808610191304182,0.16167255602183617
4.4,2,2.5109573245743415,5.584044043433326,2.735887519104961,5.948353107351792,2.4952064351426713,5.671445406397963,0.42815264388385105,0.08880928310691905,0.17847044166710133
4.4,3,-0.6963523437503767,-1.6362953585473385,-0.7595403986056213,-1.7647960959489182,-0.5368130145249825,-1.6343295802910405,0.14319626318147805,0.15955143952293768,0.17808812650557504
4.4,4,8.834314168768124,-3.911516323117015,8.951658310251918,-3.880121135364116,8.959018927315576,-3.7359574127719104,0.12147141785049105,0.21534207161151486,0.1913517117460367
4.5,1,2.613170645693782,2.5576600932805063,2.6486913514498656,2.6781709214280442,2.6682106388221785,2.682113997933657,0.12563669940831657,0.13608150214848963,0.16512421611975067
4.5,2,2.5680521117052915,5.587558302324524,2.797802487786419,5.960199351407433,2.5566886880895345,5.675550946548734,0.43777458442791156,0.08872334999220616,0.1812384613461695
4.5,3,-0.6441067133882663,-1.5740112887480435,-0.7087640130519783,-1.7054788617636993,-0.48764736856445534,-1.5498172584628058,0.14650695940613145,0.15831891132817702,0.18068368696344486
4.5,4,8.845314391926129,-3.9743371718335423,8.965373437676417,-3.9420315639322405,8.965805543542348,-3.816979117456208,0.12432950883978623,0.19819100609064685,0.19421057108037112
4.6000000000000005,1,2.566478519110456,2.594633258992088,2.6025631407379475,2.718184283958104,2.6341125169163098,2.7269019235611864,0.12871268658586965,0.14855758912319106,0.16857545602711424
4.6000000000000005,2,2.6251993840515286,5.59063664342342,2.8598038377552304,5.971665204930529,2.6194265478005003,5.680781608944796,0.44746174627758856,0.09032962109535901,0.18394143335990232
4.6000000000000005,3,-0.5919001107355852,-1.5119140716765616,-0.6579882298870408,-1.6462764799256324,-0.4405218435199267,-1.4632343951803715,0.14973608864755006,0.15901286328152528,0.1832278376590397
4.6000000000000005,4,8.855943995679619,-4.037167914058845,8.978693754813111,-4.003981898043632,8.970017513215035,-3.904848120087483,0.12715665545417765,0.1747034495352815,0.19693580547186137
4.7,1,2.5191196944775935,2.631227612687849,2.555847521748989,2.757848445481499,2.5879559461708093,2.7662810753106837,0.13183993550299894,0.15158452201194283,0.17201973472055265
4.7,2,2.682392197750209,5.5932786926862965,2.9218919879208523,5.98268118113772,2.707765351783529,5.698888357552281,0.45715910524011577,0.10861490808680087,0.18656068328828554
4.7,3,-0.5397382608346303,-1.4500309452246336,-0.6071781203644535,-1.5872920970069737,-0.3986774302485815,-1.3818360227590696,0.1529338368119263,0.15668026479333716,0.1857052054684233
4.7,4,8.86620195552526,-4.099984327345754,8.991623635438856,-4.065946327870321,8.96511639694993,-3.9960224432905345,0.12995839026641673,0.1434996169286376,0.19947066192367244
4.8,1,2.4711010861025535,2.6674378116547697,2.5085085478537934,2.7971670523799173,2.5254654841430915,2.803807997040986,0.13501479212958023,0.14680706807433047,0.17546475140540663
4.8,2,2.7396236034048407,5.595484129082472,2.9840516842165985,5.9932209330462385,2.7773143281477566,5.70198644100674,0.4668400710271463,0.11297492277873192,0.18911556070242694
4.8,3,-0.48762688382005304,-1.388389053376777,-0.5564803653203174,-1.52855937681898,-0.34013474316023445,-1.3129985223793337,0.1561682473763442,0.16564318193180239,0.18815529319422933
4.8,4,8.87608728277953,-4.162762194771183,9.004173655964628,-4.127824030783639,8.977593071677134,-4.05874832804338,0.13276593802076206,0.1453351631622379,0.2018798195583464
4.9,1,2.4224297046199847,2.703258569265766,2.460553532504928,2.8361001928205596,2.4699760380716054,2.8446829809611947,0.1382039189070783,0.1492029424913959,0.17891670446774338
4.9,2,2.796886646929691,5.597252684633314,3.0463462440342197,6.003287715516904,2.809425334347682,5.703461478073219,0.47654437032892516,0.10694637201011815,0.19169558863077688
4.9,3,-0.4355716942915844,-1.3270154343040395,-0.5058653783069816,-1.4701284205278613,-0.26483955056494196,-1.2741679541261575,0.15944443809163222,0.1787241479561352,0.19065435175363557
4.9,4,8.885599024674015,-4.225477314272207,9.016259338828574,-4.189634697765057,9.00272131622551,-4.094312893866744,0.13548730882649737,0.1758457743551854,0.20430937941574157
5.0,1,2.373112655968299,2.738684655751523,2.411918208747009,2.8746215445621908,2.416608714195029,2.884914435233077,0.14136728286978248,0.152561644879986,0.18238280924614414
5.0,2,2.8541743703947677,5.598584144444802,3.1087039458167833,6.012884513981183,2.8485150367220724,5.702483055648842,0.4862407849640889,0.10405292791173128,0.19436846584986664
5.0,3,-0.3835784006873666,-1.2659370085041652,-0.45520662067543377,-1.4120123848094597,-0.19529048385219874,-1.2226680942347747,0.16269178670539064,0.193195596658358,0.19324054758326462
5.0,4,8.894736264447232,-4.2881055079764225,9.027927829317408,-4.251455492606526,9.023503234370493,-4.140654224038975,0.13814201598058365,0.19576213545530077,0.2068535857691932
5.1000000000000005,1,2.3231571403522056,2.773710898964037,2.3627426285483155,2.9127439699162254,2.383949996211696,2.9112144030211793,0.1445586583159952,0.15034289125710393,0.18584895793600528
5.1000000000000005,2,2.9114798128712605,5.599478346733635,3.1710932627770467,6.022034535318289,2.9576947870398933,5.716474941582925,0.49593636273535513,0.1257935890406834,0.19706198231064717
5.1000000000000005,3,-0.33165270465795293,-1.205180566993369,-0.4045895890065959,-1.3542311911275084,-0.1740425802834922,-1.1162399402257042,0.1659393794530515,0.18097344113200162,0.19586188305646554
5.1000000000000005,4,8.903498121433,-4.350622631522975,9.03923891237259,-4.313180471920264,9.000859881981256,-4.244104681151566,0.1408100764882267,0.1443100348845564,0.20937700446610635
5.2,1,2.2725704511915,2.808332185131735,2.313030896676296,2.950492749124363,2.339444037737007,2.9533518745483933,0.1478062028587781,0.15969592009805225,0.18931072353772033
5.2,2,2.9687960112773566,5.599935182846892,3.2335864899283946,6.030718571255669,3.046323480809528,5.723367747722644,0.5056563312302073,0.14576044252083148,0.1997400286659181
5.2,3,-0.2798003004410632,-1.1447727595549178,-0.3540620677003339,-1.2967586922900198,-0.1407817350915131,-1.037471657007038,0.16915830995203596,0.17561232337121946,0.19849954191553648
5.2,4,8.911883751145298,-4.413004583370665,9.050178254973849,-4.374801986875724,8.997719157490904,-4.329557949264804,0.1434740679291566,0.11971239587491594,0.21183860383955008
5.3,1,2.2213599740562344,2.8425434596060817,2.2627605202174643,2.987778810412807,2.2856708800404126,2.985117351663607,0.151020900362833,0.1564071843776259,0.192775242792053
5.3,2,3.0261160012243082,5.599954597275236,3.296127206037481,6.038899235900153,3.091023325272328,5.715085114668826,0.5153430376964656,0.13216654928683869,0.202431994626285
5.3,3,-0.22802687423714274,-1.0847400830496499,-0.3036561191309816,-1.2396866923953418,-0.08137665743988019,-0.9833152258688936,0.17241877632943206,0.1783067237678403,0.2011769745380708
5.3,4,8.919892345359687,-4.475227314089565,9.06077136632623,-4.4362740081108045,9.020634885718144,-4.366152739210928,0.14616517572652837,0.14848004014961363,0.21429772499807162
5.4,1,2.1695331855884366,2.8763397275995475,2.211871754763838,3.024565295593019,2.2417980745904136,3.0197686831292794,0.15415373315884204,0.16060535316986752,0.19624264568412764
5.4,2,3.083432817862664,5.599536587659652,3.3586399309141313,6.046653132487546,3.1573915358124,5.716674524501011,0.5250258657751611,0.13853226414167472,0.2051831510027744
5.4,3,-0.1763381035858087,-1.0251088697935797,-0.2533096744287279,-1.1830470750480777,-0.033924157646371175,-0.9095623069066813,0.17569604263340272,0.18339231225167812,0.20391129216327536
5.4,4,8.927523132191185,-4.53726683563252,9.071137393913903,-4.49756103928102,9.023014875881193,-4.436277113639189,0.14900203499975437,0.1389877586740952,0.21681649996939062
5.5,1,2.117097652410539,2.909716054914838,2.160373711024668,3.0609520410487643,2.1974176403300487,3.0565305638957962,0.15730588276054605,0.1673493367381838,0.19970943306355662
5.5,2,3.140739496728558,5.598681204791744,3.4211104309025635,6.0539975068827205,3.230679948041158,5.719033778757309,0.5347156213160472,0.1502465535127214,0.20797122609031438
5.5,3,-0.12473965674324305,-0.9659052760076718,-0.20300013327085512,-1.1268954632988124,0.009920765018528826,-0.8322630461318415,0.1790043088597742,0.18971999049979565,0.20668888642894512
5.5,4,8.934775376168677,-4.599099230582997,9.081078992678899,-4.558533004877468,9.02147997533319,-4.51378424489627,0.15182347273054336,0.12164018373467422,0.2193527921366971
5.6000000000000005,1,2.064061030020655,2.942667568665279,2.108253044299783,3.0968848912127984,2.1453405548994806,3.088159247635964,0.1604241774165362,0.1666559024284362,0.2031679379782518
5.6000000000000005,2,3.198029074589942,5.5973885526075495,3.4835245904685115,6.060942485275827,3.3132323219784485,5.726008591668168,0.5444170626266198,0.17266992400766412,0.21076014257182502
5.6000000000000005,3,-0.07323719206060186,-0.907155270344856,-0.1526695919377453,-1.071156270596539,0.05738337296924703,-0.7535270048726027,0.182224680638477,0.2016516202779688,0.2094769618714852
5.6000000000000005,4,8.941648378305793,-4.660700661375708,9.090713396829454,-4.619217716794049,9.013806390671792,-4.593222029096561,0.1547294879414536,0.09879344392658956,0.22183452493237107
5.7,1,2.010431061674896,2.9751894579862506,2.0554668182658404,3.1323251497814906,2.101085043517962,3.1157354742005405,0.1634620598416876,0.16724630667883345,0.2066307370938184
5.7,2,3.255294590292684,5.595658788174928,3.5458967589540995,6.067471135706912,3.3910926525469294,5.727900645484716,0.5541268011153755,0.18954952528758864,0.21360607705178028
5.7,3,-0.021836357363519854,-0.8488846224993241,-0.10243276879800355,-1.0159220280562609,0.09767374318682422,-0.6771780954313723,0.18546502740761978,0.20920276186343859,0.21232993762800553
5.7,4,8.94814147616828,-4.722047379486447,9.10002004939251,-4.6795997829490625,9.009020860816236,-4.662289931307013,0.15769876174665592,0.08530681149844634,0.22438320327475186
5.8,1,1.9562155772568675,3.007276974737564,2.002020556027593,3.167359146419519,2.0428519938889953,3.14200097943127,0.16650644963663577,0.1601762345904204,0.21009601065658967
5.8,2,3.312529085606402,5.593492121674458,3.6082341286231543,6.073617569826442,3.4370523092360745,5.724084164579832,0.5638811208301641,0.18044476964801265,0.21650582248813116
5.8,3,0.02945721066724505,-0.7911188919030823,-0.052320639782958915,-0.9612214640054977,0.1590488876731656,-0.6297923516397537,0.1887392430315258,0.20693055681204314,0.21524249472764934
5.8,4,8.954254043937855,-4.783115734587593,9.108888549816848,-4.739632165049863,9.027779222333821,-4.696355024428116,0.16063203674293333,0.1137249870764357,0.22699369653853663
5.9,1,1.90142249213452,3.038925434196683,1.9479360629018523,3.2019544865565117,1.9995740414726693,3.1844603298667833,0.1695346105633638,0.1755395468126375,0.21356943917282178
5.9,2,3.3697256060699443,5.590888816373914,3.6704632538434376,6.079311878333527,3.517460154857464,5.724113974185068,0.573585407975428,0.19893325408100798,0.21948563259385484
5.9,3,0.08063788711393216,-0.7338834165147461,-0.0022797328690291555,-0.9069900387445902,0.19499819913576133,-0.5500869805800593,0.1919407053323102,0.21647034630180537,0.2182225483744599
5.9,4,8.959985492472512,-4.843882183665767,9.117372355458093,-4.7993489189004475,9.021361167071012,-4.783651256881604,0.16356599986274636,0.08599266232475955,0.22972007498938748
6.0,1,1.8460598060045195,3.0701302157426826,1.8932659958325666,3.2361830916147083,1.9499217199765253,3.207425406147905,0.1726325054659521,0.17215477478808006,0.21703926232486784
6.0,2,3.426877201836417,5.587849188596264,3.7325351446462016,6.084642333878037,3.561499192908613,5.71766347897092,0.5832925571286385,0.1870155888307651,0.22247815438807775
6.0,3,0.13170005943861485,-0.6772033017054708,0.047703642682340716,-0.8532329425484757,0.25384392827470054,-0.48926103459007153,0.19504315543799783,0.2241459802510922,0.22122480913735096
6.0,4,8.965335269363312,-4.904323300098103,9.125472868011046,-4.858778341093298,9.033598116090094,-4.827273484620809,0.16648841939129677,0.10293925542925338,0.2324340310687024
6.1000000000000005,1,1.7901356017243018,3.1008867635308572,1.8380263619292285,3.2700266241122393,1.8839901752686343,3.2385960652147316,0.17578912750934048,0.16665093082682997,0.22051093166208618
6.1000000000000005,2,3.4839769285176425,5.584373607681243,3.794527369693752,6.089602344027701,3.619510966916874,5.715675653154885,0.5930410209630649,0.18870533302047035,0.22552433148325887
6.1000000000000005,3,0.18263812809867996,-0.6211034092469072,0.0975997718675448,-0.8000332363467239,0.31494111567703353,-0.43534365587386714,0.19810957840665788,0.22805869090076494,0.22427294893243208
6.1000000000000005,4,8.970302858987624,-4.964415782683673,9.133142201652895,-4.917800281949428,9.044746899610207,-4.877389530836429,0.16938021262344002,0.11452285228196454,0.23520852064636127
6.2,1,1.7336580441319933,3.13119058715786,1.7822535255833845,3.3034561557508058,1.8148046992290998,3.2711658638156376,0.17898867824570208,0.16179572833937916,0.22398844180741775
6.2,2,3.5410178480279666,5.580462495940472,3.856428317157036,6.0941702959404,3.667033815182645,5.710896643040447,0.6028096447610857,0.1813645243911468,0.22862172821183732
6.2,3,0.23344650716087845,-0.5656083464060062,0.14735552432742557,-0.7474807509266076,0.3791344696050931,-0.3929285513669684,0.2012193550614233,0.22592763004084074,0.22736696457436592
6.2,4,8.974887782558822,-5.024136464626524,9.140481188936626,-4.976387305146077,9.065443204311983,-4.915587602386976,0.17234024041672225,0.14136173422250156,0.23805667634747976
6.3,1,1.6766353788543578,3.161037262317297,1.7258732290424526,3.3364959712468365,1.757415026333992,3.301510556056055,0.18223645198029426,0.16204350558028954,0.22747174133628928
6.3,2,3.597993029427288,5.576116328606142,3.9182107769192767,6.098281519469968,3.722221683399913,5.708366145877804,0.6125323602542965,0.18144633541694388,0.23176633313179051
6.3,3,0.28411962491388754,-0.5107424551514599,0.1969523899618141,-0.6955329790237733,0.43268496179455734,-0.3439312575457999,0.20431755813486516,0.22337778530798771,0.2305029710047594
6.3,4,8.979089598172427,-5.083462322466933,9.14736192367026,-5.0345504423570135,9.075970068208521,-4.9614811130106595,0.17523683272741447,0.1557730430300115,0.2409757642469351
6.4,1,1.6190759311029455,3.1904224314456715,1.6689721323581699,3.3690550312025533,1.690325673338219,3.3316167706218196,0.18547031189816932,0.15815298664262423,0.23095501809057464
6.4,2,3.6548955497632254,5.571335633773272,3.979912903657009,6.102018691614526,3.7771553343459123,5.704927758832729,0.622302810705416,0.1810919954169887,0.23493688658331524
6.4,3,0.3346519244793129,-0.4565298014765047,0.24643905816169653,-0.6442896199387973,0.4931026392219616,-0.2961086267740604,0.20744941362405134,0.2254807803236639,0.233663734381305
6.4,4,8.982907900848707,-5.142370484957383,9.15381248517823,-5.092314853283151,9.088451918121736,-5.0061839572897595,0.17808409026960736,0.17229715581022792,0.2439162187269128
6.5,1,1.560988104458633,3.2193418043585735,1.6115261885178696,3.4010910801255823,1.6398415608181602,3.364808484678851,0.18864489704789433,0.16546426400659944,0.2344382454454527
6.5,2,3.7117184949123145,5.56612099233554,4.0414882493207,6.105307398359615,3.8600024475082746,5.707468647475756,0.6320364478127242,0.20485919606187677,0.23813116521211153
6.5,3,0.3850378644210579,-0.40299416484279016,0.2958101548990912,-0.5937163345738665,0.535802998580259,-0.22217847445413622,0.21056241396190814,0.23542395708331698,0.23684610747573834
6.5,4,8.986342322571701,-5.2008382418798655,9.159925287446741,-5.149715309846038,9.073010126825446,-5.087351449661168,0.1809546901148039,0.1427955191953,0.24687892910346096
6.6000000000000005,1,1.5023803796447082,3.247791158877046,1.5535235985771123,3.4326896409375154,1.5764324571398332,3.3953399098105015,0.19184128208243792,0.16508889751696468,0.23792351743156695
6.6000000000000005,2,3.7684549604201267,5.560473037914699,4.102972550906985,6.10817480502574,3.9040997429579654,5.704956119211371,0.6417781891289941,0.19817887831632863,0.24135131042939761
6.6000000000000005,3,0.43527191935301146,-0.3501590277499118,0.34501251704525865,-0.5438070269944397,0.5966711172800856,-0.1840088205577753,0.21364996446608986,0.23163676832811483,0.24005633053392278
6.6000000000000005,4,8.989392532324697,-5.258843052801102,9.16555825564088,-5.206583877488165,9.089781429040118,-5.1260262476299125,0.18375359445709422,0.16648794046302895,0.24987215634382162
6.7,1,1.4432613132887049,3.275766341444012,1.4949727855786015,3.4637673325319738,1.5094464092196882,3.424568773045166,0.19498320188273804,0.16285770038229547,0.24141182198409178
6.7,2,3.825098052340223,5.5543924567835905,4.16444254068169,6.110605377770403,3.96285241707462,5.702690082605255,0.6515577451311696,0.2024066471925258,0.24460204134859798
6.7,3,0.48534858054496377,-0.29804756543521593,0.3940327257357726,-0.49469064783446864,0.6492773271354346,-0.1469944508099146,0.21681117866708943,0.22291181529189347,0.24329399696772974
6.7,4,8.992058236122128,-5.316362555762311,9.170771982341146,-5.262866789929647,9.102574632409077,-5.163604486590748,0.1865486533043285,0.18854416338162702,0.25290431272010844
6.8,1,1.3836395366731424,3.303263267730689,1.4359040309036737,3.4942945629136495,1.4560951440450831,3.4547452786809805,0.19805184446617155,0.16791847629484088,0.244904211340132
6.8,2,3.8816408880718205,5.547879987782749,4.225837598204255,6.11270826443534,4.007259360135461,5.695715251957747,0.6614396097697258,0.19399810787039956,0.24787828537860399
6.8,3,0.5352623565267014,-0.24668263570837468,0.442902997538827,-0.4463950938495534,0.7037881090762963,-0.0950691700710692,0.220034808904053,0.22668827105733041,0.2465562646065274
6.8,4,8.994339177037917,-5.373374575900164,9.17558422858546,-5.318587662581472,9.113005630624578,-5.213565764274119,0.18934459216323452,0.19904919864235576,0.25597860531663946
6.9,1,1.3235237544753824,3.3302779232328916,1.3763410318258118,3.524359885809659,1.3987661725033127,3.4843493986316347,0.20114043100371914,0.1714626519164897,0.2483985905788042
6.9,2,3.938076597196087,5.540936422230635,4.28715905675831,6.114482687921642,4.057116388669026,5.693240595452898,0.6714267513750928,0.1933055434663938,0.25117603213500117
6.9,3,0.5850077736902128,-0.19608676892519128,0.4916338507873185,-0.398777823510655,0.7561054519627634,-0.05338108421970531,0.22316440819997055,0.22279885088913448,0.24983944818307163
6.9,4,8.99623513523023,-5.42985713399563,9.179972239985135,-5.373741066951363,9.123048673808803,-5.258084694433536,0.19211542531569886,0.2135121648991756,0.2590780384282973
7.0,1,1.2629227434967545,3.356806363857145,1.3164165295713937,3.5538813463798764,1.3363684448465551,3.5183278992209495,0.20420610638502987,0.17743584032839824,0.25189555209918846
7.0,2,3.994398322310954,5.533562603827479,4.348448623228772,6.115884637367379,4.122706879332126,5.688223601662139,0.6815061014591441,0.2009554927243042,0.2544928360988407
7.0,3,0.6345793768899242,-0.1462821581050482,0.5402335835220728,-0.3519337153758062,0.803610451321378,-0.0014859396166693748,0.22626023012031335,0.22257009909685985,0.25314256031344595
7.0,4,8.997745927962667,-5.4857884549473654,9.184042733356227,-5.42829598990521,9.12638574852834,-5.3155742631372,0.19496636437208748,0.21335668381552195,0.26220292426388897
7.1000000000000005,1,1.2018453513811589,3.3828447164965145,1.256079422991819,3.582879537140795,1.2753697453861013,3.5477668838089684,0.20725651737318107,0.1805689834518405,0.25539226629133915
7.1000000000000005,2,4.050599219864342,5.5257594285527665,4.4096339132372515,6.116835123909114,4.197817802395787,5.684119066881687,0.6915752950231588,0.2162199946680101,0.2578184493044506
7.1000000000000005,3,0.6839717300409249,-0.09729064919630703,0.5886608343861436,-0.30597704970843953,0.8482913615795887,0.05425916975076533,0.22942140394746693,0.2235358783996266,0.2564587520837194
7.1000000000000005,4,8.998871409621882,-5.541146976166442,9.187728904210529,-5.482270718185456,9.120563492823353,-5.374662760614117,0.19782205897256291,0.20621822698778716,0.26533115771233634
7.2,1,1.1403004953233276,3.408389179596072,1.1952813775743947,3.61138513330305,1.2056064531965314,3.576591472918483,0.21030990141814862,0.18043525047133982,0.2588937398046122
7.2,2,4.106672460985717,5.5175278445563665,4.470671140816022,6.11742508026318,4.234403914547765,5.6771448476797355,0.7016920494967015,0.20443314778958738,0.26116356846927036
7.2,3,0.7331794167150891,-0.04913373149396105,0.6368735686326499,-0.2608769537668777,0.9091757713337176,0.0840970239265207,0.23261558106325478,0.22073774264714738,0.2597957318686248
7.2,4,8.999611471731614,-5.595911355889133,9.191026949014175,-5.5356640186044315,9.144603721350677,-5.405454205028905,0.20067293438131437,0.23936724663870093,0.26849490818068844
7.3,1,1.0782971607669287,3.4334360237079165,1.1341044733200998,3.639414527719684,1.1426556993086232,3.6059244449860595,0.2134047802869772,0.1841039840911894,0.26239696261723816
7.3,2,4.162611232315846,5.508868852043326,4.531552244274229,6.117622239648782,4.294602959551657,5.670882312934396,0.7118273366666903,0.2089741074118876,0.26452186369694713
7.3,3,0.7821970407350542,-0.0018325282137143795,0.6849563527959472,-0.2166881348374092,0.9612160586667889,0.13487358744954334,0.23583613609560916,0.22524735479241204,0.26314625015690074
7.3,4,8.99996604296313,-5.650060481404567,9.193958904217201,-5.588407482739681,9.14602939656578,-5.45956889312214,0.20355422486873959,0.2400448884521689,0.2716757071656042
7.4,1,1.015844400092706,3.457981592035669,1.072518845577095,3.6669646958011826,1.0816867963974215,3.627264173966286,0.2165315922225446,0.18163648778877897,0.2659023449279577
7.4,2,4.218408736834683,5.49978350315234,4.592331985690284,6.117442822199478,4.347096563669259,5.6594996335666075,0.7220260593915577,0.20510923696877503,0.2678913517807142
7.4,3,0.8310192267659677,0.044592212773354234,0.7329014422684068,-0.17340085775508482,1.0131635650662596,0.18270181883342676,0.23905664272955648,0.22858438980149015,0.26651080662425436
7.4,4,8.999935089142122,-5.703573477194082,9.196575736466553,-5.640462303944473,9.152303429537229,-5.498884040138286,0.20652013066312305,0.25517420872215485,0.2748706363759977
7.5,1,0.9529513312968465,3.4820223009683566,1.0105150422731346,3.693982065931662,1.022723475853287,3.6553559400156153,0.21963725272517248,0.18684941150929585,0.26941317879520044
7.5,2,4.2740581946872584,5.490272901827899,4.652969418139994,6.116816477179483,4.3931783409248375,5.650175912927219,0.7322093737946784,0.19939554207226307,0.27127866024119845
7.5,3,0.8796406209049548,0.09012012804149627,0.7806145160412373,-0.13097830445339118,1.066597272985156,0.2305347031496076,0.2422616071443766,0.23381411988977244,0.2698928658719062
7.5,4,8.99951861325198,-5.756429712979133,9.198872509836011,-5.691830819534474,9.16036657838243,-5.548035878816608,0.20955904446601872,0.2632490417904005,0.2781027509989002
7.6000000000000005,1,0.8896271366597719,3.5055546406036138,0.9480815397349125,3.720477475214865,0.9472612602987538,3.679177101539484,0.2227302001889422,0.18293838074352048,0.2729266361344389
7.6000000000000005,2,4.3295528440074875,5.480338203686158,4.7134680151371855,6.115733444435602,4.439403354700574,5.643439660118721,0.7423732016921061,0.19664490786683292,0.2746773802798546
7.6000000000000005,3,0.9280558912682355,0.13473124754236254,0.8280778130067803,-0.08946935989603856,1.122954639305055,0.2537426786581381,0.24548223664575344,0.2283620868764003,0.2732880007894621
7.6000000000000005,4,8.998716655433523,-5.808608811674665,9.200784299478306,-5.74247944614476,9.180708283873804,-5.571942655596594,0.21261332450059908,0.29854953065633044,0.28134943113064664
7.7,1,0.8258810614055374,3.5285751752601224,0.8852022511664867,3.7465061072546506,0.9020619499123423,3.7073928876017894,0.22586034329792873,0.19436898420476814,0.27644136825379545
7.7,2,4.3848859417397925,5.469980615874521,4.7738040856575585,6.114342686258894,4.518984213466092,5.6394973671209865,0.7526352372952492,0.21614410802318085,0.2780832082512898
7.7,3,0.9762597285758232,0.17840600336452983,0.8753624518793578,-0.04887473374143886,1.1593449383457757,0.3180490352333333,0.2486700502758536,0.2302615260655135,0.2766925824168651
7.7,4,8.997529292981106,-5.860090657244853,9.202353097875566,-5.7923995394402885,9.156276870163001,-5.645308762929107,0.2157194439105458,0.26708061589524196,0.28460429779840335
7.8,1,0.7617224123520452,3.551080543979217,0.8219350838762005,3.77200766604462,0.8515422908830205,3.726945134710435,0.2289854997072461,0.1974739599349189,0.27995776362848085
7.8,2,4.4400507644584435,5.459201396924953,4.834057199138348,6.112534452019505,4.587130434320371,5.633205880663915,0.7629450513951518,0.22783763878682667,0.281494702894136
7.8,3,1.0242468467337495,0.22112523831662934,0.922461081737511,-0.009235849316826764,1.203033503082158,0.37254951107519296,0.25184632745294966,0.23429464114380372,0.28010779790714097
7.8,4,8.9959566403352,-5.910855402458229,9.203568018647553,-5.8416328662792845,9.14031691679694,-5.699280350133187,0.21884753578644797,0.25613256760211905,0.287863040530707
7.9,1,0.6971605565522676,3.573067461015576,0.7582585169259283,3.797020853633382,0.7862649349416706,3.7479274350271923,0.2321380684567842,0.19625391909336498,0.28347913605685865
7.9,2,4.495040609184504,5.44800185660107,4.8941426209422,6.110325024307108,4.638624925266383,5.621319971710112,0.7732751090454166,0.2250680449323095,0.2849189488170348
7.9,3,1.0720119834137432,0.2628702143303281,0.9693781565671516,0.029422209424021552,1.2554055405520923,0.41418800695092917,0.2550130847778424,0.23776095382427317,0.2835367572512111
7.9,4,8.993998849071337,-5.960883476539162,9.204371730048798,-5.89006607693576,9.145856869941106,-5.7370677517226225,0.2219726405153233,0.270470584680915,0.29114782653357507
8.0,1,0.6322049199266724,3.5945327163169356,0.6941692349539127,3.821462370864865,0.7334955475056305,3.7704063321425374,0.23523742144913432,0.20295644847826483,0.2870029194088125
8.0,2,4.549848794200301,5.436383355738983,4.954004416244612,6.107726964067753,4.702687267878468,5.615293565292492,0.7836096013155511,0.23530504057234344,0.28835103029035875
8.0,3,1.1195499006303025,0.30362262067946144,1.0160896227187861,0.06707108477099429,1.300659440480856,0.46469348406131145,0.25818725422875355,0.24237262315586272,0.28697503700532817
8.0,4,8.991656107885516,-6.010155592712765,9.204711397936741,-5.937676056247482,9.132179101243265,-5.792345683446325,0.22504630595731576,0.25920622723398573,0.2944453446196348
8.1,1,0.5668649858870549,3.6154731759927543,0.6297123037483963,3.8453830563912295,0.6766501465065107,3.797267915611744,0.2383449988298593,0.21237257084043581,0.29053074824038655
8.1,2,4.604468659861306,5.424347306081952,5.0136526148468175,6.104719378442016,4.754318265501683,5.6097575943079665,0.7939380743264006,0.2383943776405612,0.2917926943219907
8.1,3,1.1668553853151016,0.34336458201172526,1.0625480369878149,0.10368904647375798,1.351879640667785,0.5102458817400373,0.2613893365278724,0.24916529306431454,0.2904239603525886
8.1,4,8.988928642576008,-6.058652755640317,9.204737868453783,-5.984465730931851,9.127829199749206,-5.84851167421129,0.2282045937510004,0.2518980724165746,0.29776214281420793
8.2,1,0.5011502939519707,3.6358857827717532,0.5648204785991926,3.8687607447745047,0.6151557822491313,3.8164058482863714,0.24142212065341956,0.21350584398389671,0.2940624859473207
8.2,2,4.658893569405343,5.41189517010884,5.073098263659771,6.101315639452452,4.800334603098146,5.595567760946433,0.8042798718682264,0.23182145422087724,0.29524359730747207
8.2,3,1.2139232498886594,0.3820786661893951,1.1086908577646584,0.13928015091433762,1.3985661434455727,0.5464079012748526,0.26462232591357787,0.24717826693469871,0.29388300645969745
8.2,4,8.985816716021596,-6.106356268742319,9.204417980309806,-6.03053183849213,9.137002351203375,-5.880257485715033,0.23137816874366052,0.2719885217646836,0.30109605041769577
8.3,1,0.4350704383539914,3.6557675564482732,0.4995334248634839,3.891699124939167,0.5518476323825365,3.8426004130740985,0.2445796018483478,0.22032573467515468,0.2975974544206712
8.3,2,4.713116909759002,5.399028460856417,5.132396091997041,6.0975216650558135,4.856638260014126,5.585345449176827,0.8146703560158172,0.23518587992445797,0.29870180626511084
8.3,3,1.2607483328292206,0.4197478919356388,1.154534785405759,0.17379214936241824,1.4477253761388054,0.5901527188395705,0.26790958355575906,0.2529786942747418,0.2973504722064729
8.3,4,8.982320628156238,-6.1532477414064015,9.203758686051568,-6.075889850787044,9.134005041586926,-5.931579776192194,0.234561413547779,0.2685979301484265,0.30444518621257893
8.4,1,0.36863506663895684,3.675115594317379,0.4338360805436381,3.9141892523958846,0.48843002505159183,3.8666674175187916,0.24780513756021388,0.22592683114864887,0.30113456510048725
8.4,2,4.767132092341182,5.385748741735512,5.191526009726799,6.093352820126434,4.9205440166644525,5.577886478877286,0.8251143732049369,0.2458701457243851,0.3021652978317315
8.4,3,1.3073254992387686,0.45635573628306325,1.2001765801160613,0.20712375690032744,1.4964433299308069,0.6329231256791548,0.2712885372001569,0.25873074205399993,0.3008248955988581
8.4,4,8.978440715940158,-6.199309096077224,9.20275860162473,-6.120397494284127,9.122890817840272,-5.983784298806448,0.23779309227887382,0.2594547555501005,0.30780249860223774
8.5,1,0.30185387825745247,3.6939270715986514,0.3677581644579195,3.936160105479199,0.4226648554421768,3.8931627857613647,0.2510382792375846,0.2330024935623101,0.3046763178726965
8.5,2,4.820932553863668,5.372057626341038,5.250469098608428,6.088749076250235,4.968575592677383,5.565251285134862,0.8355526779588559,0.24315068724618696,0.30563759284940556
8.5,3,1.3536496414061294,0.4918861418212379,1.245609662369384,0.23930834076566426,1.5438604115341528,0.6683243905938244,0.27471472959477317,0.2594428505521647,0.3043080648899475
8.5,4,8.974177353327374,-6.244522575225746,9.20132980727057,-6.164082834927819,9.129990627060785,-6.026963284828197,0.24097466495798645,0.26760011418123136,0.3111800121897906
8.6,1,0.23473662314870491,3.712199241848597,0.301390835878546,3.957697302193018,0.35465520662132494,3.914766543627442,0.2543856947776504,0.23540173833691477,0.30822059172142857
8.6,2,4.874511757128609,5.357956778255939,5.309158779814977,6.083684199851023,5.02054950907088,5.551614546797039,0.8459304491417555,0.24254969863652723,0.30911481429289445
8.6,3,1.3997156793670902,0.526323523740003,1.2907312815557874,0.27024843970870255,1.5957867128014291,0.7070491514256885,0.2783020798124403,0.26665633811030004,0.30779763048324144
8.6,4,8.969530951229643,-6.288870748195079,9.199605873930812,-6.2069354983552465,9.12976943653094,-6.069064497491644,0.24422910396237524,0.2720131614829611,0.31456698627656887
8.700000000000001,1,0.16729310031710432,3.729929437361628,0.2347806247479884,3.9787178372832774,0.29031696317761285,3.933027321863727,0.2577794287552514,0.23745235632090295,0.3117687940894555
8.700000000000001,2,4.927863191822855,5.3434479108490445,5.367606987907988,6.078159371284675,5.066142017591126,5.537338393984358,0.8562566999976237,0.23814817468604974,0.3125992662574093
8.700000000000001,3,1.4455185614614705,0.5596527766654829,1.335642467811776,0.30002768487506287,1.6435992227360254,0.7387611350841569,0.281918329029704,0.2670500934776042,0.3112942910747569
8.700000000000001,4,8.964501957476877,-6.332336517920337,9.197603432736228,-6.24887339839038,9.135437320648425,-6.101542873870084,0.247593194756556,0.28720133097982614,0.31797022557026716
8.8,1,0.09953315640157756,3.7471150695595394,0.16785528206233255,3.9992090238048372,0.2296145031127555,3.9532735462004274,0.2611881977077722,0.24376725426743687,0.31531929568810363
8.8,2,4.980980375309005,5.328532787066882,5.425852948031633,6.072309938770272,5.129148805937474,5.529228267422026,0.8666695202652839,0.24946454591762193,0.3160884241671005
8.8,3,1.491053264887097,0.5918592812858012,1.3803231196628571,0.3286983203004448,1.6887139859623406,0.7747753825735457,0.28550806722073113,0.26931034285057376,0.3147964339219891
8.8,4,8.959090856773955,-6.37490312751988,9.195282449601075,-6.289819807502193,9.121772118283491,-6.147434270036929,0.2510490786030581,0.2796556346132384,0.32138136672516576
8.9,1,0.03146668423798271,3.763753629369438,0.10073106657456962,4.019180462422922,0.17091515462016124,3.9744388579256653,0.2646515099223906,0.2526541933626259,0.31887312445673194
8.9,2,5.0338568534131,5.313213219219461,5.483808426494121,6.066065941391156,5.1865553986774,5.519814504332692,0.8770653564013435,0.2569064746873302,0.3195833838689216
8.9,3,1.5363147962506094,0.6229289107635974,1.4247071598248802,0.3562620922001317,1.7329528379943984,0.8102804522052279,0.28908036362108386,0.2716010300816017,0.3183044623255625
8.9,4,8.953298170654028,-6.416554166755416,9.19256683417632,-6.329858854946417,9.11135431797652,-6.19354423503722,0.25449080618639924,0.2733407678180916,0.32480444539106695
9.0,1,-0.03689637858522232,3.7798426875900644,0.03338138104196606,4.038594058851783,0.10366355589525757,3.9921636855588947,0.2681254102617589,0.25463169747625064,0.3224303728821777
9.0,2,5.086486201208872,5.297491068760072,5.5414418482151335,6.059350587855678,5.234230653735409,5.508076073570045,0.887363830443564,0.25724398438677354,0.3230840776598011
9.0,3,1.5812981921150433,0.652848036932522,1.4687720327864824,0.3827623538271504,1.7804676927268657,0.8353375257441743,0.2925891535100574,0.27013127086788913,0.32181809546161455
9.0,4,8.94712445742824,-6.457273578358457,9.189432431124612,-6.3690367547544655,9.114629310372669,-6.224587229533196,0.2578737892003829,0.2867068410233107,0.3282394513897446
9.1,1,-0.10554605117784921,3.795379895246451,-0.03422551655882744,4.057420876293261,0.034986483768361325,4.0099462118827365,0.27157336836721974,0.25649190555117074,0.3259914287196534
9.1,2,5.138862023798399,5.281368246059094,5.5987411502478635,6.052164963653364,5.284943846769454,5.489214993716869,0.8975613576786955,0.25404757332921246,0.32659085643248886
9.1,3,1.625998519544125,0.6816035362749999,1.512617401782635,0.40808881073172365,1.8238039953697416,0.8635112941470222,0.2960837431434874,0.26873302484180245,0.32533717212273
9.1,4,8.940570312131921,-6.497045664220698,9.18586525403843,-6.407254954264202,9.11921202031973,-6.252864245970257,0.261212519070983,0.3025515244103972,0.33168856090204873
9.200000000000001,1,-0.17447231080517378,3.8103629839328663,-0.1021390483737687,4.075760196766356,-0.02503745287317439,4.034689628174998,0.275077773427362,0.26954261273886354,0.3295546184353004
9.200000000000001,2,5.190977957089171,5.264846710171874,5.6558263332272,6.044619698617755,5.344266051311652,5.476213541848504,0.9078160200767459,0.2610999375016727,0.3301007686932577
9.200000000000001,3,1.670410876643226,0.7091827956786432,1.5561874811310816,0.4320995995174393,1.8689369069633106,0.9043515752914818,0.29970332276641837,0.2783943915566834,0.328860132784742
9.200000000000001,4,8.933636366467237,-6.5358550914459475,9.181881030999856,-6.44446128729008,9.103451854042516,-6.307767350609592,0.2645340070898135,0.28436124444140115,0.3351442051203441
9.3,1,-0.24366509435123884,3.8247897661440025,-0.17039140098378727,4.093593518258434,-0.09514955872400313,4.052096100231193,0.278611721380318,0.2715235419605492,0.333120668020997
9.3,2,5.242827668567347,5.247928468600687,5.712668931880051,6.036721319099301,5.391286182467898,5.466544886849256,0.9181203481619421,0.2642594722567067,0.33361501067138283
9.3,3,1.7145303930969074,0.7355737179687725,1.5993527531904643,0.4549317439452261,1.9194507186294705,0.9260531720712377,0.3033575552351567,0.2797762717807656,0.332387184352726
9.3,4,8.926323288742301,-6.573686898261233,9.177507685488534,-6.480659464058693,9.103361184657071,-6.340576836291668,0.2678576201698893,0.2927161040690847,0.3386082671244336
9.4,1,-0.31311429978805094,3.8386581355943434,-0.23890139942012095,4.110877360940408,-0.1696506429096987,4.069927132180372,0.2821539672395758,0.27215284240076976,0.33668925258778815
9.4,2,5.29440485806723,5.230615577050804,5.769359082907533,6.0284989259194015,5.4550239639666955,5.4550310947680405,0.9285469046286362,0.27597250184074346,0.3371336001962381
9.4,3,1.7583522307030073,0.760764727214644,1.6423104575377299,0.4765569192610599,1.96260148960204,0.9444929530300745,0.30698496904754646,0.2747249910766946,0.33591800444589265
9.4,4,8.918631783806768,-6.61052649978487,9.172751251731448,-6.515863514322162,9.09742807407472,-6.369490228692171,0.27117851093889256,0.3001109751339573,0.3420793996171465
9.5,1,-0.3828097876504577,3.8519660675256815,-0.30763731856076354,4.127606198922026,-0.23374208343192415,4.084382731707275,0.2857068115135425,0.27611353865807414,0.3402606738419552
9.5,2,5.345703258536778,5.2129101391807104,5.825783916015018,6.019845987889421,5.504163147197917,5.44072499646211,0.9389477629857724,0.2775052170908591,0.34065599305065075
9.5,3,1.801871583903207,0.7847447738070312,1.6850058875337828,0.4969880175639664,2.0088364646078416,0.9702132018884567,0.310582584430359,0.2779082576320441,0.33945244708468514
9.5,4,8.91056259298389,-6.646359693649196,9.167609437717031,-6.55001065858339,9.091414932299422,-6.401244410268436,0.2745108685377967,0.30461298524969443,0.34555911589157334
9.6,1,-0.4527413825164981,3.864711619002728,-0.3766049882636108,4.14364134896927,-0.29031197189765434,4.1062880895578155,0.2891341294088942,0.29110565875612593,0.34383442487217664
9.6,2,5.396716636799108,5.194814306346492,5.881923037351511,6.010822618141833,5.56670315224762,5.431517173786591,0.9493654807586489,0.2914166482696075,0.3441819088930465
9.6,3,1.845083680310009,0.8075033393049522,1.727434560017802,0.5162317192863891,2.047103575019201,0.9987417891141837,0.31413448096916774,0.2781801260761648,0.3429899544575488
9.6,4,8.902116493999076,-6.681172665475861,9.162067768486693,-6.583138547223763,9.071275419121108,-6.449363070273026,0.2778225214938541,0.2869676469160655,0.34904493217493243
9.700000000000001,1,-0.522898874492989,3.876892929196777,-0.4457349931234813,4.159032159418527,-0.3511132033984871,4.121736865061507,0.2925009569525015,0.29909675645703754,0.3474101369104641
9.700000000000001,2,5.447438794309875,5.176330277340428,5.937775752035008,6.0013371254239045,5.627041341830646,5.412664623438885,0.9597221636993549,0.29683496799018805,0.34771074210945513
9.700000000000001,3,1.887983781230087,0.8290304410494009,1.7695786995554796,0.5342620357828851,2.0847576004219808,1.0272296395412694,0.3176604730049607,0.2792899178312443,0.3465303286435979
9.700000000000001,4,8.893294300904923,-6.714951994201529,9.156119011870915,-6.615210086325535,9.057131726934951,-6.482778947867184,0.28111434840843763,0.2841602111702396,0.3525345580894854
9.8,1,-0.593272020706157,3.8885082196573855,-0.5150999118482386,4.173874861828018,-0.4187670356929665,4.134506053226021,0.29588004168418713,0.3016072345201884,0.3509885460734705
9.8,2,5.497863567910444,5.157460298123823,5.993364262649808,5.991408365849371,5.677028604855935,5.3927218177960805,0.9700465546304303,0.29571623746791337,0.3512429859172653
9.8,3,1.9305671821839328,0.849316636542075,1.8114207907696085,0.5511371757803025,2.127614884137369,1.049770218875736,0.32110255901695456,0.2810861709788087,0.35007363945616704
9.8,4,8.884096864002764,-6.747684657251959,9.149739028868963,-6.64621960002476,9.05365451525039,-6.507479284888297,0.28436054155406204,0.2940211183044121,0.3560316210419748
9.9,1,-0.663850546797079,3.8995557945720227,-0.5846644719958083,4.188161572232033,-0.4812871145790729,4.149960323185243,0.29927199892601364,0.3098900365181617,0.3545686779241478
9.9,2,5.54798483057677,5.138206661554097,6.048705102552587,5.981117932801927,5.7423379915438675,5.372959124956377,0.9804183810823665,0.3047652707434711,0.3547777055632436
9.9,3,1.972829213421761,0.8683530275871658,1.8529233880277067,0.5667751998995118,2.1645480364005336,1.0771160491060965,0.3245405877794545,0.28343977532816284,0.3536192808736581
9.9,4,8.874525069760711,-6.77935803556245,9.143008627346086,-6.676215983669516,9.034647077560063,-6.540966294322325,0.28761380975604106,0.2871753465623303,0.35953208399002007
10.0,1,-0.7346241484217197,3.910034041013655,-0.6543685215050348,4.201859073391352,-0.5511983229888984,4.1640598365680335,0.3026595697711112,0.3133275255108409,0.3581510146146725
10.0,2,5.5977964921638765,5.1185717071061925,6.103877062671782,5.9704771799072445,5.794811641452545,5.353666846033594,0.990888731611169,0.3067322829382821,0.35831509065632566
10.0,3,2.014765240435598,0.886131264194403,1.89408461302577,0.5810499858943191,2.208894702691294,1.0990634704600908,0.3280829166555963,0.288142972464815,0.35716729133858083
10.0,4,8.864579840728215,-6.809959918442731,9.135964629853172,-6.705066213488446,9.027282526122777,-6.569152935826913,0.2909508431117425,0.29062031365879554,0.36303786180332137
10.1,1,-0.8055824927553541,3.919941429176234,-0.7243033001763143,4.214966572382496,-0.6198010973867241,4.179373693687416,0.30601657188815107,0.3190921915912629,0.36173537386668936
10.1,2,5.647292500145862,5.098557820588303,6.158780103036562,5.959487492661256,5.8573996720505255,5.332706754678988,1.0014087418065198,0.3145961649823148,0.3618551441929369
10.1,3,2.0563706644675053,0.9026435482416351,1.9349077954229397,0.5940492007892215,2.2487188638513786,1.122770982664327,0.33163790470348564,0.2923250197840323,0.36071740863261204
10.1,4,8.85426213544715,-6.8394785082844205,9.128531857804186,-6.732772683498885,9.011890493425149,-6.599615886507759,0.29429579277483137,0.28702051592946076,0.3665477767320732
10.200000000000001,1,-0.8767152200011343,3.9292765125980407,-0.7943646416755354,4.227502208372891,-0.6812676602608273,4.195782560458933,0.3093867860315855,0.3304923934901877,0.3653214139507893
10.200000000000001,2,5.696466840351331,5.078167433851979,6.213316805856446,5.948102822355876,5.914563344234695,5.313007193286781,1.011890046899398,0.3204930539302563,0.36539715827188846
10.200000000000001,3,2.0976409230138864,0.9178826368953414,1.9753529889104557,0.6057323170358954,2.291082135067114,1.152165962871842,0.33524940121592983,0.3038226116523141,0.36426936657661874
10.200000000000001,4,8.843572948359425,-6.867902425109223,9.120849323133141,-6.75931956679902,8.99104342363742,-6.639580725063738,0.29777915495626667,0.2718057022771562,0.37006097103418906
10.3,1,-0.948011944902603,3.93803792837287,-0.8645969550311544,4.239445610002069,-0.7491988090992192,4.210338384504222,0.31273735159130334,0.33715604900003976,0.3689096449216031
10.3,2,5.745313537694161,5.057403024496644,6.267545576127503,5.9363042797236245,5.963639574494233,5.294678486012638,1.0223471613917685,0.322437440416672,0.368941856750218
10.3,3,2.138571490325819,0.9318418457875834,2.015409486940112,0.6161494472868724,2.3291172251353203,1.165357248363582,0.33886659550494597,0.3013919711842429,0.3678232611024261
10.3,4,8.832513309711139,-6.895220710956126,9.11285341206749,-6.784706025985178,8.987831834162195,-6.663632398270096,0.3013371344248789,0.2788494048952156,0.37357874184704865
10.4,1,-1.0194622582599326,3.946224397349012,-0.9350052074433737,4.250899299859478,-0.8199535564035482,4.218439633729323,0.31616418148233194,0.3374979363403701,0.3725006707971772
10.4,2,5.793826656899528,5.036267115568537,6.321371120932267,5.92418357112897,6.000358458631364,5.2797152126836515,1.0328111122497634,0.3192528169265998,0.37248955489512536
10.4,3,2.179157877905351,0.9445150519479832,2.0551159406149706,0.6253809045865525,2.377846284877132,1.1751474275002107,0.34239305807632564,0.304414808637569,0.3713791209665847
10.4,4,8.821084285453287,-6.921422834105911,9.104577954994442,-6.8089636927195745,8.987844284026897,-6.682457263954976,0.3049847851143752,0.2913991091987617,0.37710348304386354
10.5,1,-1.0910557284496394,3.9538347243160046,-1.005597900824839,4.26180576179243,-0.8974153319277232,4.227498773268331,0.31960788511339305,0.33524411233330587,0.3760941241616041
10.5,2,5.8420003032250944,5.014762275254143,6.374804283656228,5.9117039690439155,6.03896846166027,5.2603177436395425,1.043256671975658,0.3147919050600208,0.37604022112864266
10.5,3,2.219395634997718,0.9558966964894662,2.094491932113021,0.6333575227201185,2.422856412258998,1.1812562166588254,0.3458792471515487,0.3036168658271935,0.37493677363867134
10.5,4,8.80928697713901,-6.94649869314132,9.096023836633163,-6.831998657438098,8.99513358428077,-6.694549601400934,0.3087527890863645,0.31307715696759103,0.3806341256798717
10.6,1,-1.162781902947586,3.9608677981791334,-1.0763127638775756,4.272153573981055,-0.9622211073504904,4.238197283970948,0.3230723544782392,0.3422517734360074,0.37968982319163247
10.6,2,5.889828623177262,4.992891116568147,6.4278091939087965,5.89878524802858,6.087259643874999,5.2456363146546385,1.05359730063202,0.3207166086898679,0.3795932932708829
10.6,3,2.259280349079416,0.9659817870465699,2.1335861596028343,0.6400218739214768,2.4647249522295174,1.191963847566193,0.3493549688106541,0.30541017769582796,0.3784959274073301
10.6,4,8.79712252181744,-6.970438620841357,9.087119169421486,-6.8539128205768645,8.982259992092033,-6.71931878683928,0.3125321067488351,0.3119888682772284,0.384169058121388
10.700000000000001,1,-1.2346303098550397,3.96732259212165,-1.1471818254478265,4.281892115438125,-1.0297841367406813,4.249865914113701,0.3264984263739608,0.3489880849569243,0.383287036659767
10.700000000000001,2,5.937305805222424,4.970656297035919,6.480329224197377,5.8854002638106815,6.145749491529655,5.222573162967659,1.0637814429224053,0.3269722888903844,0.38314835917764917
10.700000000000001,3,2.298807646342086,0.9747658999652602,2.1723347592484354,0.6453586932516154,2.5006435684928334,1.2059383854617978,0.35285195054681107,0.306885088463238,0.3820564099186464
10.700000000000001,4,8.7845920919241,-6.993233387908177,9.077876504104669,-6.874742911675011,8.966684521990471,-6.740924616887641,0.3163158854469121,0.3111548955445973,0.38770561820393007
10.8,1,-1.306590459427536,3.973198163754684,-1.2181708928009194,4.291043328078881,-1.0973670159254272,4.259635050608186,0.32991448626381087,0.3547119105150068,0.3868864522092074
10.8,2,5.984426080493111,4.94806051837061,6.5324135386187745,5.8716991113779455,6.1927778735895105,5.19893810219152,1.0739639215334915,0.32611352586224107,0.38670551722403895
10.8,3,2.3379731921721523,0.9822451822432936,2.21065706804266,0.6493909612496126,2.5355151828581954,1.2148440462002972,0.35637245670318934,0.30516400442760844,0.3856183462568735
10.8,4,8.771696895167903,-7.014874206525153,9.06836524436007,-6.89447378429092,8.96227490535533,-6.756212827000016,0.3201692850455635,0.32128754601578635,0.39124622178135376
10.9,1,-1.3786518456063774,3.9784936552548316,-1.2892497325995336,4.299558457978389,-1.1686558618786325,4.2700516494643415,0.33327968038571626,0.3593109755758317,0.39048736739822726
10.9,2,6.031183723488957,4.925106526144868,6.584243673851478,5.857632993892485,6.24988372206279,5.178238035319921,1.0841959793989473,0.3345224212417372,0.390264222465931
10.9,3,2.376772691626157,0.9884163532202703,2.248518696060041,0.6521464415133889,2.5728620080474496,1.2221885564546553,0.3598979590078655,0.305123684789674,0.3891814405324345
10.9,4,8.75843817441475,-7.035352733744761,9.058500016197415,-6.913060266499243,8.947904303508121,-6.7743229891954915,0.32402554905285136,0.3225429298761375,0.39478815537727724
11.0,1,-1.4508039475524972,3.9832082934893953,-1.360405465142782,4.307499900051287,-1.2399574330130636,4.276311497193995,0.3366555089531021,0.36106196243211175,0.3940905857737953
11.0,2,6.077573052772399,4.901797109457231,6.6356911762539,5.843191947156648,6.2905082824120715,5.158840377892092,1.0944039840048208,0.3337853410043291,0.3938249893718681
11.0,3,2.415201889901755,0.9932767060166401,2.2859201519048806,0.6535658783741388,2.6170623005409905,1.2278886035747267,0.36347931742679074,0.309500190402602,0.39274575501324493
11.0,4,8.744817207567744,-7.05466107470493,9.048208240218507,-6.930537941662319,8.941645117266185,-6.789529918253837,0.3277997419907621,0.33020562708311246,0.39833410575216016
11.1,1,-1.5230362311824772,3.987341390129261,-1.4316206312335549,4.31490672487694,-1.3150714702637203,4.2781366133318315,0.34008213778788876,0.3575069280747276,0.39769617485299563
11.1,2,6.123588431659009,4.878135100593228,6.6866372969253,5.828317043395376,6.326093425976473,5.133507266691247,1.104477138335114,0.32591903279972784,0.3973880964475364
11.1,3,2.453256572804299,0.9968241087210314,2.322986741739418,0.6536473401657104,2.6560109453045473,1.2260796854692186,0.3670701886039577,0.30605139280538046,0.39631130141883
11.1,4,8.73083530744402,-7.072791785672667,9.037504769539145,-6.94686081623965,8.94828917736852,-6.787955549218477,0.33151888037343114,0.35835438764235755,0.4018841468482769
11.200000000000001,1,-1.5953381507065165,3.990892341749392,-1.502997879521611,4.3217605756636495,-1.3828525725868503,4.286929316272058,0.3435120287501468,0.36440089351342486,0.40130336304368425
11.200000000000001,2,6.169224268902408,4.8541233746812305,6.737201853987384,5.8130069044837995,6.3800313699069635,5.108874354167462,1.1144757336459128,0.33066250979380657,0.4009526633672743
11.200000000000001,3,2.490932567208971,0.9990570053253744,2.359727260022921,0.6524139762596028,2.6925429132613945,1.2350715635524734,0.37064298487045333,0.31040232494379083,0.3998778054971382
11.200000000000001,4,8.716493821648212,-7.089737876913762,9.02640599899296,-6.961980732874845,8.930497308917356,-6.805870419271907,0.335212537831661,0.3554971533942361,0.40543567746535786
11.3,1,-1.6676991501680853,3.9938606299169277,-1.57452960029009,4.327938721628685,-1.4557094090602447,4.294817033956462,0.3468266661983156,0.36812281573868333,0.4049118758153273
11.3,2,6.214475019373639,4.829764849343107,6.78738308075981,5.797388461391567,6.433119616513332,5.089553648299125,1.1245083820919122,0.339552175550959,0.40451844188343655
11.3,3,2.5282257415184133,0.9999744164074209,2.3960959305026526,0.6497970372472468,2.7318047535643255,1.2357860201956985,0.374275946107346,0.3115309400794555,0.40344515238531176
11.3,4,8.701794132442574,-7.105492815387457,9.015042179278685,-6.975893183991047,8.914620513515118,-6.820745125382809,0.3389991199173296,0.35549446612207486,0.4089876076376654
11.4,1,-1.7401086649850879,3.9962458212668754,-1.6461076316449395,4.3335061361644875,-1.5331561063040169,4.300981025337104,0.35011528711818934,0.3683651804179734,0.40852262749260365
11.4,2,6.259335184734951,4.8050624843397,6.837203614653865,5.781483050138631,6.471386770809979,5.062990310029476,1.1346052369049133,0.33390513386587883,0.40808609900338455
11.4,3,2.565132006115807,0.9995759395603496,2.432048221240149,0.6458507625453026,2.773584865590757,1.2406186642024708,0.37793226198772295,0.3186756811025601,0.4070134887771826
11.4,4,8.686737656613742,-7.120050527265061,9.003358724502993,-6.98873952512198,8.914165862517931,-6.831802086057928,0.3427703019737122,0.3671658381428487,0.41254297077230623
11.5,1,-1.8125561234922722,3.9980475675653793,-1.7177153974063255,4.338572315392463,-1.6095214575310732,4.305329355814821,0.35348531399084854,0.368300384159113,0.4121349749730958
11.5,2,6.303799314107895,4.780019281211196,6.886616763946942,5.765332847805379,6.5141150647626365,5.036048641358327,1.1447790198773908,0.33133630684067356,0.41165512454152314
11.5,3,2.601647313813345,0.9978617495692754,2.467618503445932,0.6406092139662812,2.8071075527207694,1.2362434958540778,0.3815666340277575,0.3147058415944767,0.4105827372899859
11.5,4,8.671325845336199,-7.133405400271528,8.991371068056006,-7.000480959880284,8.91556936991653,-6.832396676544198,0.3465513691202163,0.3876353325735147,0.4160997550970908
11.6,1,-1.885030948484669,3.9992656057605633,-1.7893200242075,4.343119912344284,-1.6835127801817198,4.309523400784593,0.35692627415498784,0.369958743009742,0.4157488835410604
11.6,2,6.3478620047356396,4.754638282912415,6.935614974432067,5.748941503523115,6.5615913996658035,5.006909803854929,1.1550291978576903,0.3306375274161465,0.41522533831290726
11.6,3,2.6377676602960474,0.9948325983345829,2.5027521684103067,0.6340534243831283,2.844514968244465,1.2391190397630547,0.3852152585324762,0.32003174031602544,0.41415279859025506
11.6,4,8.655560184032389,-7.145552285849091,8.979084389194663,-7.011143436672787,8.9049114313756,-6.83910608166164,0.3503336267942023,0.3950763478272427,0.4196573883309245
11.700000000000001,1,-1.9575225587618494,3.9998997580209354,-1.860949662634019,4.347170604017338,-1.7543298323640173,4.3106196970581,0.3604488379029313,0.3712602383453466,0.4193646178908111
11.700000000000001,2,6.391517902639464,4.728922573443058,6.984185361135273,5.732310028914911,6.593284460786972,4.9839491860693625,1.1653502058000254,0.32518966332640215,0.4187967656095025
11.700000000000001,3,2.6734890845608827,0.9904898145421184,2.537418451534418,0.626106324847367,2.885718073402102,1.2363164796961694,0.3889608524444945,0.3247643653563738,0.41772367248668973
11.700000000000001,4,8.639442192229563,-7.156486501142135,8.966386232699106,-7.020587920961051,8.901546870215828,-6.8447221225010795,0.3540633131147378,0.4073031917524429,0.4232173189155359
11.8,1,-2.030020370672762,3.9999499317613503,-1.9326104446965442,4.350673856528712,-1.8215363788125973,4.312332580854408,0.3639999520369674,0.37556423460753763,0.4229815914540839
11.8,2,6.434761703269298,4.702875277472989,7.032361417007003,5.715309311775347,6.639604923612218,4.957429652793737,1.1756479454637496,0.32673946029733564,0.4223694186392032
11.8,3,2.7088076693511365,0.9848353030803825,2.5716081788682357,0.6168397234964083,2.9230122098119136,1.2354614359195557,0.3927396679508102,0.32969234691744304,0.4212951666211565
11.8,4,8.622973423413319,-7.16620383080252,8.953324552157051,-7.028834949416529,8.88297758262266,-6.85047550910603,0.35777378025156703,0.4090067675814658,0.42677685058660186
11.9,1,-2.102513799660928,3.999416119656528,-2.004277362792159,4.353608707470089,-1.8857770665808795,4.314356323409979,0.3675633099082918,0.3823115789594627,0.42659989486428274
11.9,2,6.477588152148277,4.676499559962549,7.080205700662228,5.697913901262396,6.688659735374327,4.93019565638336,1.1859321929983875,0.33001957909298213,0.42594324921358123
11.9,3,2.743719541585982,0.9778715442049863,2.6052602446981243,0.6063325289461494,2.9559310195620507,1.2328561649469276,0.39649995807589455,0.331739156868313,0.4248673129672345
11.9,4,8.606155464877872,-7.174700528614686,8.939855410507269,-7.035737708446296,8.861910026782065,-6.855045705748474,0.3614779648916573,0.40937708987733334,0.4303362466379944
12.0,1,-2.1749922618097663,3.998298399642122,-2.0759959571551074,4.355986879640715,-1.9540553080757157,4.31904272515089,0.37113517356750425,0.38947408112909965,0.4302194545160335
12.0,2,6.519992045511202,4.649798625777995,7.127631332994827,5.680212695650737,6.740473891638022,4.9074562402992585,1.196235202242985,0.3391160432540437,0.42951811734381035
12.0,3,2.778220872785208,0.9696015924507275,2.638564802075847,0.5945154825974647,2.992403699126056,1.2291788735805125,0.4002416868478743,0.3365332791539128,0.4284400680949428
12.0,4,8.588989937573071,-7.1819733189398836,8.925973618893627,-7.041398066107296,8.837071643767178,-6.866077544001087,0.3651292965311052,0.40166487719535815,0.4338955366413516
12.1,1,-2.247445175387832,3.9965969349033426,-2.147748260195091,4.357697980987945,-2.024770407818767,4.322989222443812,0.37461105213586915,0.395115144581725,0.43384035216239325
12.1,2,6.561968230936838,4.62277571930208,7.1746016520717335,5.66218979769206,6.788359925388425,4.881482822522771,1.2065244858877657,0.34377691105352337,0.4330941876764641
12.1,3,2.8123078794890537,0.9600290752917693,2.6715439055616743,0.581419105679191,3.0281673646166,1.2261890957404495,0.40393069386451114,0.3426900550129391,0.4320134603364094
12.1,4,8.571478495948165,-7.188019397978998,8.911783002531807,-7.045807757873306,8.818063040436453,-6.8746351599656625,0.3688242234217907,0.3987651165983494,0.4374551595949536
12.200000000000001,1,-2.319861962393726,3.9943119738511292,-2.2195713683692566,4.358813527885904,-2.0961103439310604,4.32255888146179,0.37804706868794397,0.39725409893495583,0.4374629467574112
12.200000000000001,2,6.603511607973976,4.595434124039835,7.221167963524679,5.6438618530502636,6.821798576006945,4.851110465364651,1.2168402017151392,0.3361838662492147,0.4366715159378745
12.200000000000001,3,2.8459768236731087,0.9491581915505125,2.7042069318211284,0.5670615680935046,3.0633488782351144,1.2222796410774373,0.4075494226384926,0.34906437271110335,0.43558760051797285
12.200000000000001,4,8.553622827792344,-7.192836434853469,8.897231260534413,-7.049015519954759,8.813463163624073,-6.8747619321491715,0.37249323566175413,0.41071692124349063,0.4410166187751676
12.3,1,-2.3922320501004624,3.991443850085886,-2.2914383400911733,4.359374973868086,-2.161775812074891,4.3252767345287495,0.38148746221215313,0.40565314294399485,0.4410864569770416
12.3,2,6.644617128761179,4.567777162219594,7.267281698225036,5.625269575585257,6.872655385426135,4.830182670127471,1.2271924748757,0.3476465116798721,0.44024960292651444
12.3,3,2.8792240131582285,0.936993709555852,2.736512589159123,0.5513526636254423,3.096606900798144,1.210350731269808,0.41120015423897016,0.3492554668992203,0.4391622420729431
12.3,4,8.535424654072068,-7.196422572503882,8.882372029654487,-7.05103873268065,8.786828232400284,-6.880599011271394,0.37617674344020136,0.40366852865414493,0.4445765725263591
12.4,1,-2.4645448725990815,3.987992982348774,-2.363224133601546,4.359322905214795,-2.232838568070147,4.326185877345382,0.38490492821824446,0.4099539556884918,0.4447113289150815
12.4,2,6.68527979864014,4.53980819438932,7.312920758443487,5.606288653529111,6.917311015800993,4.803363805157914,1.2374626233344934,0.35114106240192644,0.44382893146432517
12.4,3,2.9120458020154243,0.9235409650516306,2.7684674138092027,0.5343756049312874,3.1351037289853654,1.2046407313902794,0.4148064983549473,0.3588480422404036,0.4427374749618033
12.4,4,8.5168857287652,-7.19877642840591,8.867163201768781,-7.051851450804721,8.765261597793296,-6.885696703797847,0.37984372725751936,0.39963669285505193,0.4481369672624692
12.5,1,-2.536789872341239,3.983959874460578,-2.4349032054549826,4.35865828395322,-2.301592028114008,4.3260334793114765,0.3883037354513945,0.41512934979934313,0.44833738393790284
12.5,2,6.725494676762578,4.511530619008264,7.358125953099125,5.58692984387278,6.964090190200316,4.773045496570866,1.2476801772242803,0.3540026132943096,0.44740937024909644
12.5,3,2.944438590965679,0.9088058588562058,2.7999606429053197,0.5160959033005316,3.1643839409585373,1.1943872425297086,0.4184435286490538,0.3604617645248291,0.4463133197265706
12.5,4,8.498007838691944,-7.199897095103294,8.85165798479267,-7.051493508674898,8.747605279813103,-6.882877922478752,0.38352581438786526,0.40348486765401714,0.45169700877754165
12.6,1,-2.608956501680602,3.9793451152481483,-2.506411798911443,4.3574946449571135,-2.3695163515838558,4.323191927098371,0.3918066907100065,0.4190014504723281,0.45196480333883676
12.6,2,6.765256876690582,4.482947872034031,7.402901721992032,5.567249001687956,7.003506334197775,4.74832334205106,1.2578950228490007,0.35663278605483106,0.4509907590956808
12.6,3,2.976398827774652,0.8927948542741531,2.830961819363832,0.49655031757723495,3.198830279076863,1.1779064542379234,0.4220919997792474,0.3616135713193144,0.44988977441170636
12.6,4,8.478792803342635,-7.19978414055769,8.835851695319887,-7.0499276366320185,8.730207192772552,-6.878039019771289,0.38723122822010025,0.40832477020415203,0.45525731768435745
12.700000000000001,1,-2.6810342244127803,3.9741493784584327,-2.577772423464184,4.355842314635452,-2.4329600822577784,4.323166722059098,0.3954143359345757,0.4281984191236642,0.45559338188283033
12.700000000000001,2,6.804561566990363,4.454063426505082,7.447214824969041,5.547273351349515,7.051342035358691,4.721490656013231,1.2681132243490651,0.3638927350889211,0.45457326211504057
12.700000000000001,3,3.0079230076422183,0.875514974261252,2.8615148362666707,0.47575460056495844,3.228941114575271,1.1650817617979436,0.42572727070664856,0.364277268075555,0.45346678328310086
12.700000000000001,4,8.459242474702377,-7.198437608315226,8.819698570336028,-7.0471108658633455,8.703229378046476,-6.878390491224384,0.39093270502805694,0.4024422519587151,0.4588172024863049
12.8,1,-2.753012517313592,3.968373422660112,-2.6489521227442343,4.353581863370923,-2.5055573452273325,4.319449629333187,0.39901642636962337,0.42952132087266165,0.45922371554188446
12.8,2,6.843403971819303,4.424880792118727,7.491134088357877,5.526989430519562,7.086730369366835,4.69427588631676,1.2783574440307441,0.3630171518281563,0.45815713057324525
12.8,3,3.0390076735868092,0.8569737983439816,2.8916102968927078,0.45368679073247437,3.256515743353441,1.14335014122474,0.42937908328718893,0.3596125278342839,0.4570445316151483
12.8,4,8.439358737072533,-7.195858017489711,8.80315068428511,-7.0430074984198905,8.699017668323375,-6.865940078083322,0.3945983553394927,0.41984355100499904,0.4623789184797545
12.9,1,-2.8248808716754485,3.9620180911328484,-2.719945765299438,4.350809537915582,-2.5702223332857885,4.319659209657675,0.4027035704355698,0.43904229959588964,0.46285524236770625
12.9,2,6.881779371506271,4.395403514804672,7.534676306150704,5.506500415881516,7.130296077556614,4.669593409885473,1.288724458854826,0.37005493072047213,0.4617418774070756
12.9,3,3.069649416824511,0.8371794592948909,2.921208370304895,0.43032281871871303,3.2865774446697484,1.1282363272163975,0.4330901410477638,0.36300395263564483,0.46062284742659
12.9,4,8.419143506889121,-7.192046362562516,8.786218608250195,-7.037684287487557,8.67513898088085,-6.867851661644312,0.39821072343759173,0.4130809688277767,0.46594049613591876
13.0,1,-2.8966287948415945,3.9550843117441694,-2.79080524563016,4.347444506242996,-2.636112623152216,4.318248199810661,0.406380543081066,0.4469414786157815,0.46648780943227086
13.0,2,6.91968310312509,4.365635176294157,7.577710071986305,5.485744782874299,7.17228590003457,4.643425415945844,1.2990939236644126,0.3754671626816831,0.46532757305716066
13.0,3,3.0998448771428784,0.8161406395652953,2.950323344114007,0.4058331971957399,3.32196574926181,1.1147933103090115,0.4367022854338523,0.37219766196636617,0.4642016369637224
13.0,4,8.398598732538103,-7.1870041129991735,8.768906658698853,-7.031144047385983,8.647533514072043,-6.86915906611936,0.4017714776218237,0.4037251531467684,0.46950135696178075
13.1,1,-2.968245811738022,3.9475730968140006,-2.8616149240856488,4.343547804414695,-2.707546520749174,4.311074609293462,0.41008062044064997,0.44732255688367045,0.4701216322691107
13.1,2,6.957110561061131,4.33557939368475,7.620333448218305,5.464702905395762,7.206595262714684,4.6098189880738065,1.3094978055528406,0.37074245978824255,0.46891443754636597
13.1,3,3.1295907432694143,0.7938665674768681,2.9790466077298223,0.38017645929140015,3.354313470521574,1.0981850333125995,0.440230669485745,0.37829886702481913,0.46778106016183785
13.1,4,8.37772639416759,-7.180733212682872,8.751169260244701,-7.0233092201703355,8.635184947065989,-6.854533647175968,0.4052676740655174,0.4155611423093246,0.47306277348756803
13.200000000000001,1,-3.0397214664028223,3.9394855429668683,-2.932291673086892,4.339047132190281,-2.777370115147963,4.30734925560483,0.4137518870949624,0.4518317635813528,0.4737566353038064
13.200000000000001,2,6.9940571975709265,4.305239819000834,7.662490190889719,5.443338078363294,7.2444956856926686,4.584907416688617,1.3198751132288933,0.3754109768362667,0.4725020595524022
13.200000000000001,3,3.158883753234692,0.7703670131737916,3.007390247581313,0.35330537093220765,3.386840108181135,1.0758109635387187,0.4437236704125636,0.38113003893028535,0.47136107004998595
13.200000000000001,4,8.356528503496996,-7.173236079165058,8.733117430877572,-7.014205253360832,8.616169187613934,-6.847049392872352,0.4087909291821756,0.41690651129878986,0.4766244834249784
13.3,1,-3.1110453235127196,3.9308228309717954,-3.0027641882744516,4.333941512425217,-2.844162912646309,4.305231509942591,0.41740804446636315,0.4597913441100474,0.4773923801986737
13.3,2,7.0305185233347585,4.27462013874986,7.704146649853332,5.4216517131600455,7.29170428595109,4.558512716625694,1.3302091134595462,0.38576287841945217,0.4760905322673386
13.3,3,3.1877206947300687,0.7456522843372517,3.0352440731443036,0.32517730013383944,3.4193606050180723,1.055363330794492,0.4472676295810691,0.38675312582560106,0.47494151263502266
13.3,4,8.335007103623145,-7.164515602733413,8.714742636649323,-7.003844601355888,8.583894481077337,-6.842651597156349,0.41232783768056736,0.4068677484664246,0.4801843210337895
13.4,1,-3.182206969906627,3.9215862255699085,-3.073064309127226,4.328228580236747,-2.910517013655551,4.301445697204765,0.4210345888534552,0.46702103862505384,0.48102933065097586
13.4,2,7.066490108002151,4.243724073474409,7.745311667060913,5.399735149401813,7.335631997008218,4.524958734830607,1.3405820813026716,0.38926891882847453,0.47968021632995167
13.4,3,3.2160984054599453,0.7197332216641454,3.0627580023639425,0.2957887177705106,3.441006008738986,1.0383126171917472,0.45082393636902734,0.38996956453991966,0.4785226542636965
13.4,4,8.313164268823348,-7.154575145297607,8.696104861567253,-6.992234272924241,8.564329696663659,-6.83344755647323,0.41593035043622256,0.40768492791169614,0.4837449250092298
13.5,1,-3.2531960161059477,3.9117770752897907,-3.143183618268657,4.32188876991731,-2.982137142596265,4.294372791239042,0.424610797964637,0.46888420187830887,0.4846673711141965
13.5,2,7.101967580730195,4.212555377300108,7.785908604002004,5.377647662637628,7.368238356244557,4.4967692594984605,1.3510053133378475,0.38945815786458915,0.483270570733298
13.5,3,3.244013773488552,0.6926211941119922,3.08972691559412,0.26513951623754023,3.4755040598135203,1.014511891857425,0.45447224275778764,0.39648628470333913,0.482104333499964
13.5,4,8.291002104355488,-7.143418539093206,8.677242450655575,-6.979390738484044,8.547262274932182,-6.820428781634003,0.41962688722565145,0.41230044681949,0.4873050938740237
13.6,1,-3.3240020978314124,3.901396812250597,-3.2131922824783103,4.315021618489078,-3.0507582440282297,4.288831164169075,0.42821057380033223,0.4740965942587079,0.4883067393536848
13.6,2,7.136946630714635,4.181117837479478,7.826026657522194,5.355344823676716,7.400948869451395,4.475532514564847,1.361484593544471,0.3954455514243435,0.48686189816509207
13.6,3,3.2714637375812075,0.6643280939121405,3.1162361921218187,0.2333344795127994,3.5028657916914536,0.9827133615511385,0.45809506275701617,0.3935938125733148,0.4856866397474308
13.6,4,8.268522746255105,-7.131050085204276,8.658082160848105,-6.96530845996747,8.532846516771762,-6.8086509747361434,0.42335189126089756,0.4169031567292165,0.4908662797003504
13.700000000000001,1,-3.394614877516254,3.8904469519529687,-3.28307134862237,4.307529344122291,-3.1229964202146534,4.280023623625703,0.4317402931112468,0.47491743435939143,0.49194699058264996
13.700000000000001,2,7.171423007713678,4.14941527393175,7.8656956119915815,5.33282068130511,7.439080359980489,4.444127535343623,1.3720287195431924,0.3981152788439299,0.490454331848268
13.700000000000001,3,3.2984452875400168,0.6348663313534306,3.1423474610063313,0.2002653122095182,3.5288566372439303,0.9533362399108735,0.4617841241202082,0.39308074581307734,0.48926952329765483
13.700000000000001,4,8.245728361129515,-7.117474551905237,8.638613533410108,-6.950055482264535,8.517434225630538,-6.786415391963163,0.42706896805704514,0.42828056713537627,0.4944264912579864
13.8,1,-3.4650240458154737,3.878929093057771,-3.3527589314908917,4.299486480194978,-3.1972381775561525,4.268838823208808,0.43528378303123805,0.47301043213216054,0.49558803059827405
13.8,2,7.205392522564416,4.117451538778715,7.904805755733767,5.310013567987019,7.47154343071085,4.4100414454282575,1.382527780640169,0.39553148974558167,0.4940474115938668
13.8,3,3.3249554645339696,0.6042488293386441,3.167937880348969,0.16591755192556318,3.5636624111203705,0.9246034097720088,0.4656058746427896,0.39950977904582013,0.49285294132353963
13.8,4,8.222621145949002,-7.102697172822596,8.618842156313491,-6.93365252799518,8.49990892585586,-6.760857966805904,0.4307750932900872,0.4401619652534698,0.49798555828571084
13.9,1,-3.535219323110984,3.8668449171526937,-3.422108269901172,4.290859726478471,-3.2603803514819627,4.261593892426757,0.4388424191960122,0.48100230124815496,0.49922978665262485
13.9,2,7.238851047691865,4.08523051587666,7.943397654235368,5.286944006691913,7.511118007251241,4.3770302544071225,1.39301874890446,0.3990944558298866,0.49764110299855563
13.9,3,3.3509913614234206,0.5724890177160797,3.1930579168240056,0.13034751200889688,3.587907104305779,0.9021854992238212,0.4695019531291124,0.4059911811161473,0.4964369175101649
13.9,4,8.199203327835063,-7.086723644917294,8.598669508873707,-6.916094328071719,8.473358624543751,-6.748156087059372,0.43438185224613857,0.43564792889133097,0.5015437444269508
14.0,1,-3.6051904610124206,3.85419618850674,-3.4912448314063194,4.281639255112743,-3.3267241817886655,4.250206354231554,0.44236996020963554,0.48411519292634975,0.5028729246613808
14.0,2,7.271794517610482,4.052756120344442,7.981428900557671,5.263555709431716,7.536517552681281,4.352648838119275,1.4034302983742188,0.4000174089604983,0.5012357490713114
14.0,3,3.376550123078874,0.5396008273887896,3.217663672999549,0.09357356248739643,3.6094677912915603,0.8635485531153897,0.4734820218912513,0.3989896855422098,0.5000216222484061
14.0,4,8.175477163845741,-7.069560126288403,8.57819921916624,-6.897353188227563,8.465489160840578,-6.724681174138284,0.43799575723727857,0.4506089768714083,0.5051036471455985
14.1,1,-3.6749272438533858,3.8409847538126467,-3.560241221699292,4.271749974308354,-3.393240822721812,4.2421055084439185,0.445770746983519,0.49014803850048744,0.5065165626870888
14.1,2,7.304218929418164,4.020032298087779,8.018950679721394,5.239910958238095,7.575642777188463,4.32043169184798,1.4138406630103864,0.40485886542093974,0.50483118501396
14.1,3,3.4016289466940943,0.5055986842040143,3.2417466897035,0.05560077734730598,3.637380331674191,0.8366462435542195,0.4775567529370988,0.40641260077876695,0.5036068360790814
14.1,4,8.15144494075811,-7.05121323379908,8.557422848997515,-6.877565616742032,8.436737320117311,-6.709094124297726,0.4415558366594584,0.4454629353901784,0.5086618972999726
14.200000000000001,1,-3.74441949018292,3.8272125419172727,-3.6290815234793703,4.26128677959161,-3.4543894995224913,4.234955251197837,0.44913616017402375,0.5003713745348981,0.5101606122399024
14.200000000000001,2,7.336120343282628,3.9870630253197765,8.05594638718923,5.216027159680995,7.616278998173871,4.287762795348091,1.4242550252789874,0.41098567323636936,0.5084272541537288
14.200000000000001,3,3.4262250820934614,0.4704975026255349,3.2654455937726143,0.016519499481404295,3.667963249478127,0.8102542685709822,0.4816077981132009,0.4169796176987623,0.5071925396949037
14.200000000000001,4,8.127108974847847,-7.031690040525628,8.536435275403822,-6.856589877416028,8.397620031381978,-6.695903561355399,0.4452056687058789,0.43119460954509947,0.5122184392288406
14.3,1,-3.8136570542519754,3.812881563539986,-3.69766512695168,4.250249378979465,-3.5207225190326827,4.2252536810179615,0.4524872740543527,0.5058274460697166,0.5138056981775379
14.3,2,7.367494882920137,3.9538523080778,8.092424069004265,5.191906009081915,7.647348316080096,4.258929056398624,1.4346774171940475,0.41399247145017404,0.5120242230483465
14.3,3,3.450335832033553,0.4343126791916978,3.288610255599784,-0.023734074133974905,3.700012559582607,0.7763031363411441,0.48575918962488457,0.4234335143335867,0.5107788415645782
14.3,4,8.102471611665997,-7.010998073030695,8.515088822250465,-6.834430544997513,8.370497721213663,-6.676862038069938,0.4488084830150337,0.42835135725074297,0.5157756904024519
14.4,1,-3.8826298274946796,3.797993910979108,-3.766057166109506,4.238747402963798,-3.5874425324587946,4.212547896577784,0.45590879140363233,0.5089111377503444,0.5174515022128562
14.4,2,7.398338736066499,3.9204041817366972,8.12836998068737,5.167532058234844,7.681947042100693,4.22679681793794,1.4450860038286564,0.41750463323169457,0.515622155071658
14.4,3,3.473958552498935,0.3970600857619826,3.311258777502522,-0.065128220493036,3.718462652435079,0.7411236257422236,0.4899890276554837,0.4220923766538774,0.5143657869247704
14.4,4,8.077535225812905,-6.989145308461641,8.493437678963753,-6.811152603801154,8.352569655989965,-6.650668965992535,0.45238949308007614,0.4361309117616903,0.5193326382611057
14.5,1,-3.9513277400041638,3.782551757806435,-3.8342033019205894,4.226741771422788,-3.6626403318209917,4.201709596700794,0.4593722914944796,0.508953547536616,0.5210978531074543
14.5,2,7.428648154940288,3.886722710518472,8.16369466874209,5.142928910710958,7.7168923333614226,4.19801191949821,1.455454360278682,0.4242471897619429,0.5192207379311387
14.5,3,3.4970906529921058,0.35875606255507586,3.3335223955560203,-0.10753755916269418,3.7478599340143135,0.6989720526570029,0.4941500951081082,0.4226489704535308,0.5179533238902504
14.5,4,8.05230222070934,-6.966140171475191,8.471452156645887,-6.7867593861806945,8.330842068904554,-6.622477606791661,0.4559211937698022,0.4423668222159906,0.5228888030825303
14.6,1,-4.019740762002763,3.766557358549906,-3.902120806708513,4.214139363525503,-3.730680313872794,4.1873391255125485,0.4627786782700744,0.5105029266138461,0.5247447743708447
14.6,2,7.458419456698231,3.8528119869984456,8.19847197177422,5.118053634623636,7.7419728629039835,4.165429957950964,1.4657810723145537,0.42205749600422227,0.5228198953306225
14.6,3,3.5197295968175712,0.31941741098151377,3.355279410277667,-0.15096616060184564,3.773033909904857,0.6642187869653537,0.49830168399126124,0.4278446726429711,0.5215414354841285
14.6,4,8.026775028364852,-6.941991530989579,8.449225788008937,-6.761211148297684,8.314909133421478,-6.596006507341751,0.45950646468803014,0.4502520395127279,0.5264443192962763
14.700000000000001,1,-4.087858905306334,3.750013048364442,-3.9697325189398502,4.200993372504399,-3.8013933558517023,4.1714047010028645,0.4661942684304311,0.5095423789418158,0.5283921504824093
14.700000000000001,2,7.487649023882703,3.8186761316079774,8.232721835803924,5.092976816724468,7.769410827433518,4.132818991093945,1.476135404071236,0.4219898696725175,0.5264196964595723
14.700000000000001,3,3.541872901360021,0.279061386274035,3.3764828749685076,-0.19536804213514045,3.794426567230436,0.624608032888945,0.5024312324790752,0.42800214851259183,0.5251301930134871
14.700000000000001,4,8.00095610914337,-6.916708696765401,8.426754904732375,-6.7345668626120005,8.302107198962954,-6.563301073673983,0.46312013784094064,0.4643155467552732,0.5299992985404677
14.8,1,-4.155672224782517,3.7329212426910194,-4.036993311959302,4.187264689985542,-3.8627765569759505,4.160034354273511,0.46958774733628994,0.5178933117018725,0.5320395514586523
14.8,2,7.516333304861278,3.7843192921337985,8.266478058922134,5.067768952982324,7.804651106552543,4.1002139789350105,1.486593483093888,0.42768751200066535,0.530019913605708
14.8,3,3.5635181383565824,0.23770568991885144,3.397150686628021,-0.24078748040823852,3.8181241837738393,0.5873392989549086,0.5065904095463363,0.43251346676212604,0.5287195165897828
14.8,4,7.974847951526069,-6.890301415816531,8.403963710057813,-6.706810358158616,8.268890958836419,-6.539067807507533,0.4667004418903996,0.4580680492611043,0.533552392481801
14.9,1,-4.223170819802714,3.7152844369040188,-4.103961532932262,4.173020462861622,-3.927551861627077,4.143001976046411,0.47300435889706294,0.5199354399566092,0.5356874932608039
14.9,2,7.5444688142582805,3.7497456432140193,8.2996627019076,5.042403432079779,7.825494251079128,4.067317553131459,1.4970911685860047,0.42406038969580573,0.5336208452549825
14.9,3,3.584662934163097,0.19536846189120638,3.4172268103425463,-0.28718217850164063,3.8425139402407718,0.5420798583171385,0.5107738991996337,0.43208324863027137,0.5323094626953807
14.9,4,7.9484530718715165,-6.862779868652462,8.380959479429574,-6.677861821076201,8.252081546215681,-6.501339583593077,0.47037907787038413,0.4720480167275089,0.5371053063589628
15.0,1,-4.290344835687559,3.697105205946904,-4.170577947019016,4.158182020762951,-3.987811217807096,4.128850032994979,0.4763779348188315,0.5271908436521013,0.5393357225260854
15.0,2,7.572052133378291,3.7149593858308787,8.332302744637923,5.016789702472464,7.855570847632095,4.032176462335471,1.5075619938323517,0.4254521535475532,0.5372223326489216
15.0,3,3.6053049700144255,0.15206827269856804,3.4367465335164193,-0.3345564946396791,3.8650568604840787,0.5043654752527348,0.5149908840956853,0.43770351098666127,0.5359000295171563
15.0,4,7.921774014173152,-6.83415466535352,8.35767991397556,-6.647744521787565,8.222061272897816,-6.472586679154094,0.4740914417143877,0.47000409189355163,0.5406575484627335
15.1,1,-4.3571844651456795,3.678386203956287,-4.236763746911985,4.142811953792668,-4.050153806458645,4.117130354217148,0.47978372887271126,0.5355037392604453,0.5429842167303051
15.1,2,7.599079910621539,3.679964746800289,8.364338557356264,4.990950797148026,7.892304298603819,3.996145208507152,1.5179938144171146,0.43121992773148576,0.5408245048446005
15.1,3,3.625441982278721,0.10782411523500457,3.4557456335457757,-0.3829035945448791,3.889150709048931,0.4701031441454007,0.5192403450417765,0.44809417242698546,0.5394911904568829
15.1,4,7.8948133498140844,-6.804436841480484,8.334053625040719,-6.616587652060625,8.184662685478436,-6.448946423492828,0.4777230760041507,0.4586786180607341,0.5442088906236023
15.200000000000001,1,-4.423679949705555,3.6591301638744254,-4.302566129093827,4.126922509554331,-4.109244411580391,4.103389938895143,0.4832165520963432,0.5442760837456665,0.5466329732853558
15.200000000000001,2,7.625548861891159,3.6447659782582447,8.395824683323138,4.964876537677338,7.924751057343165,3.964659186388439,1.528403327061447,0.43801097973809827,0.5444273550979242
15.200000000000001,3,3.645071762705668,0.06265539645025875,3.4742563554890205,-0.43221468361795845,3.9084998366618082,0.42611588423126673,0.5235210592605735,0.4488851482576026,0.5430829821717664
15.200000000000001,4,7.867573677319259,-6.773637853820162,8.31014968403748,-6.584312588545242,8.152058557448793,-6.419278916633269,0.48137052027940613,0.45442480498597343,0.5477595327007805
15.3,1,-4.489821581140225,3.63933989705022,-4.367924332956534,4.11049520134944,-4.174793964149217,4.089003388092491,0.4866685318407659,0.5490352034645468,0.5502820394648845
15.3,2,7.651455770992222,3.609367357144153,8.426744321914533,4.938613438818487,7.954720724729568,3.9297506545786303,1.5388201593551423,0.4411520026479569,0.5480309986350183
15.3,3,3.664192158668632,0.016581928837233306,3.4923608798591346,-0.48246063122978616,3.9343532228064086,0.3803492011396995,0.5277968028849284,0.45311546980260176,0.5466754048722257
15.3,4,7.840057622105007,-6.741769575968581,8.286030530778334,-6.550975916140926,8.121642135735899,-6.38358593288013,0.4850711864262583,0.45561536463651076,0.5513098115509395
15.4,1,-4.555599702884685,3.6190182928287618,-4.432923168655381,4.09350756853599,-4.231492089626192,4.072955994883454,0.4900914249522054,0.5577680363007648,0.5539306611511157
15.4,2,7.676797490022547,3.573773184681147,8.4570546336436,4.912097513268664,7.987439490454153,3.8946448161143823,1.5491653296730188,0.44660615344033966,0.5516351008411658
15.4,3,3.6828010734007304,-0.030376078258437467,3.5099934233642833,-0.5336436775954022,3.9516555949290906,0.33069367626920904,0.5321097259527501,0.4501712134076305,0.5502684391676917
15.4,4,7.812267836226,-6.708844293753494,8.261613396162016,-6.516611964474987,8.087091201127157,-6.3439554375225224,0.48873786496858596,0.4568060412222465,0.5548578531835981
15.5,1,-4.621004711445721,3.598168318129492,-4.497508669460187,4.075993985845292,-4.295646059905117,4.054870282709244,0.4935267379931336,0.5607449835560949,0.557579763594701
15.5,2,7.7015709397551815,3.5379877858534563,8.486769996084554,4.885363685378149,8.012230609497514,3.860773878879052,1.5594740692555653,0.4479958618727901,0.5552398601422959
15.5,3,3.7008964662247585,-0.07819802750286176,3.5271105980984165,-0.5857298495037172,3.972209982497336,0.28516398720750114,0.5364606959544514,0.4534787512624644,0.5538621401594881
15.5,4,7.784206998119641,-6.674874700497958,8.236815778783717,-6.481178063695383,8.063338737997464,-6.307213508608316,0.49231402117231005,0.46161594451332866,0.5584064241122146
15.6,1,-4.686027057804004,3.5767930170130375,-4.561692779675026,4.0579596012081405,-4.357385415676511,4.039266307668015,0.4969711203519147,0.5673507499858433,0.5612288473011858
15.6,2,7.725773110012558,3.502015508880884,8.515947660444713,4.858376197646284,8.043927510594033,3.82832138161318,1.5697420610338526,0.45573868081274665,0.5588451514634988
15.6,3,3.7184763527769764,-0.12686294260857234,3.543750901616272,-0.6386364544653045,3.9907359770987503,0.23944050468096376,0.5407782454218036,0.45640280294059477,0.557456495483582
15.6,4,7.755877812347911,-6.639873892126811,8.211723638454167,-6.444682289714491,8.031011706656173,-6.2747966895212945,0.49587818950906143,0.45714332944876224,0.5619543022734333
15.700000000000001,1,-4.750657248808237,3.554895510236784,-4.6255133365254375,4.039431387751089,-4.421127171678238,4.021173450396141,0.5004358254361911,0.5709686411814185,0.5648780332876802
15.700000000000001,2,7.749401060032264,3.4658607246904607,8.544553710107554,4.831139790092979,8.065586364698076,3.7988398547998474,1.579954006719224,0.45918215119385464,0.5624509818555563
15.700000000000001,3,3.735538805224718,-0.17634947753541574,3.559908695465867,-0.6923339573721271,4.010709215101166,0.1908175468578958,0.5450558860211195,0.45883589470900243,0.5610514870253211
15.700000000000001,4,7.727283009336696,-6.603855362117953,8.186382626022809,-6.407162642206934,8.008365254833663,-6.2403915020574745,0.49946019271542574,0.45947057174935624,0.565501941752634
15.8,1,-4.814885848561126,3.5324789947992494,-4.688855518788775,4.020396435900623,-4.481407812046438,4.00540987562574,0.5039316157510262,0.5786805844997841,0.5685268645183117
15.8,2,7.77245191882435,3.4295278263853457,8.572628615694203,4.803714222838428,8.096712562206855,3.766104764949321,1.590179549110809,0.4673638843769749,0.5660574031261876
15.8,3,3.752081952477793,-0.22663592585362302,3.5755517176106886,-0.746776532069751,4.028921334376237,0.1412708750482865,0.5492805968329085,0.46042964448413826,0.5646471287933651
15.8,4,7.698425345112628,-6.566832996300343,8.160766156946591,-6.368628036141053,7.9737757972160646,-6.204774266718965,0.5030350211655592,0.45486744787866384,0.5690483482449511
15.9,1,-4.878703479797018,3.5095467434733276,-4.751757909675578,4.000771987866326,-4.539647704555705,3.9874316990766405,0.507363201762227,0.5859461148573887,0.5721757388073789
15.9,2,7.794922885520198,3.3930212287110226,8.600176156458987,4.7760251488001915,8.115154671367998,3.732874119874949,1.6003539212747995,0.4669565122147357,0.5696643170149857
15.9,3,3.7681039803936844,-0.2777002302649838,3.5906579947923376,-0.8020493077632017,4.050599603166993,0.09097854760269834,0.5535603245169088,0.46446508817788135,0.5682434208907052
15.9,4,7.6693076010374455,-6.528821067500761,8.1348558478006,-6.329085386154162,7.94585007938636,-6.166826944133946,0.5065861352891892,0.45553867858115965,0.5725946141769637
16.0,1,-4.942100825250959,3.4861021043284706,-4.814169656359312,3.980639706558818,-4.599847286338195,3.964634660079033,0.5108168203903671,0.5883288976511997,0.5758246906084752
16.0,2,7.8168112297128385,3.356345367518877,8.627163682312311,4.748192104408815,8.13227984442245,3.696834926765345,1.61056152829538,0.4641697823239421,0.5732717948628705
16.0,3,3.7836031319764762,-0.329519992277888,3.605263728097274,-0.8579493410727798,4.068176552018333,0.039846043343438664,0.5577118607702213,0.46627599087336025,0.5718404218674671
16.0,4,7.639932583539929,-6.489834230041348,8.108755064255137,-6.288602821092867,7.924787291753446,-6.120432256723031,0.5101848668584281,0.4664761759006281,0.5761412067001345
16.1,1,-5.005068629018999,3.4621485002418737,-4.87608381592855,3.960042233511325,-4.657538751316849,3.946537710951314,0.5143299054468539,0.5961626651740158,0.5794730769202137
16.1,2,7.8381142917887185,3.3195046992271986,8.653614760263835,4.720206283615708,8.157754396906371,3.6626537580319516,1.6208041037064334,0.46895743235203347,0.5768795558653814
16.1,3,3.7985777075695406,-0.38207248203206134,3.619311321395705,-0.9144784695559229,4.085687805199138,-0.009186859761428212,0.5617762657527328,0.47061225595710326,0.5754380667748431
16.1,4,7.6103031238454015,-6.449887514090093,8.082351182546171,-6.247194742251257,7.891399710111177,-6.083075754457125,0.5137253443999774,0.4621321865173495,0.5796864679859374
16.2,1,-5.067597697909537,3.437689428398745,-4.937545555823678,3.938887481969068,-4.721782922414011,3.916346713247434,0.5177963388860536,0.5905088105098348,0.5831212255746413
16.2,2,7.85882948325087,3.2825037002796984,8.679458276670148,4.692061009582218,8.175738592357934,3.6308500070682133,1.6310375301619953,0.47093155860297947,0.5804878619642505
16.2,3,3.813026065041913,-0.435334648268618,3.632794746833814,-0.9716673389194567,4.093217428320361,-0.0604029023523215,0.5658056937887752,0.46806090859168886,0.5790364464608876
16.2,4,7.580422077702862,-6.408996319866416,8.055579105662364,-6.204890020233651,7.880781494603578,-6.033566832503395,0.517139809692782,0.4807942172100235,0.5832317988171392
16.3,1,-5.129678902785525,3.4127284597817162,-4.998572026169261,3.917205324877689,-4.77298223197865,3.896795210783605,0.5212349954800928,0.6012928856973381,0.586768483498966
16.3,2,7.878954287033432,3.2453468666015723,8.704652313688571,4.663769665137226,8.196500269421506,3.5968985946950034,1.6412496661470812,0.47373417488744113,0.5840962422707081
16.3,3,3.82694661996838,-0.4892831284411199,3.6457477388388484,-1.029478120744483,4.108138686351787,-0.10605941131065666,0.5697750996948048,0.4753203083903103,0.5826354840183438
16.3,4,7.550292325109725,-6.367176411704086,8.028538046544892,-6.161592082074832,7.845698090642975,-5.999888155936565,0.5205611267278348,0.47134406661698136,0.5867756617614013
16.4,1,-5.191303179897274,3.387269238649495,-5.059204538336034,3.8949508588130226,-4.82546276235257,3.8877849432069818,0.5245861974491792,0.6199638550899244,0.5904160727385483
16.4,2,7.898486257807493,3.208038713053221,8.729215006897507,4.635376139179338,8.225297483992556,3.5558941579565664,1.65148490231821,0.4772933983510443,0.5877055141221491
16.4,3,3.840337845803223,-0.5438942589631441,3.6581791885218897,-1.0879334213026428,4.135200334048088,-0.15172654072967162,0.5737250095486527,0.49065202149629583,0.5862351663886954
16.4,4,7.519916770034261,-6.324443911973784,8.00120048610939,-6.11745152526374,7.791491795711923,-5.969659468169679,0.5239082586818098,0.44679413171751814,0.5903196429770688
16.5,1,-5.252461532205788,3.3613154820047977,-5.119339037786481,3.8722079317191986,-4.8821693723305835,3.863395199153121,0.5279514122488927,0.6238592197257201,0.5940640499986107
16.5,2,7.917423022278222,3.1705837728816473,8.753085160493155,4.606860073479586,8.24741699578315,3.520342500574872,1.6616921558776327,0.4808608844012518,0.591315588376781
16.5,3,3.8531982740476245,-0.5991440855879346,3.670136276748194,-1.1469441579346606,4.14635694341709,-0.20480410929314702,0.5775782320329731,0.4913715725707475,0.5898355808996515
16.5,4,7.489298340135685,-6.280815294867601,7.97359312959318,-6.072440786357709,7.76279289446712,-5.922078616653117,0.5272204272336369,0.4511000726505292,0.593864514993234
16.6,1,-5.313145030696281,3.334870979051683,-5.178991717659799,3.8489826106528193,-4.945363739072679,3.844164285983531,0.5313265296841923,0.6282059781265239,0.5977113696175129
16.6,2,7.93576227947324,3.132986597169637,8.776449455406459,4.5781809633963775,8.270982748348095,3.4808082713870716,1.6719275354967036,0.4830659166284626,0.594926100562555
16.6,3,3.8655264944107026,-0.6550083739155046,3.6816716737910236,-1.206504797088135,4.167631015168834,-0.2598651443249122,0.5813354451926181,0.4973985457897761,0.5934366777788752
16.6,4,7.458439986482,-6.236307380047943,7.945737342226156,-6.026526002583364,7.729277776286034,-5.87296095264696,0.5305345787469301,0.4531817898934068,0.5974084942735681
16.7,1,-5.373344815681817,3.3079395906423286,-5.238129725986862,3.825154561688182,-4.994191497886291,3.8294991727089176,0.5345974623538514,0.6448113181705404,0.6013579159809156
16.7,2,7.953501801022206,3.0952517542827636,8.799167882699207,4.549426014212644,8.29412779408929,3.439389641778881,1.6821931815167803,0.4842075513281752,0.5985366916315393
16.7,3,3.877321154964168,-0.7114626200226644,3.692645593651381,-1.2666636419559416,4.18814339947612,-0.3096703595778879,0.5851095946076669,0.5079837480045702,0.5970384385358483
16.7,4,7.427344683265561,-6.190937326163221,7.917632557404376,-5.979776327898544,7.681094770288442,-5.833991432694778,0.533826907073532,0.43794917231124486,0.6009510868414675
16.8,1,-5.433052098096803,3.280525248713358,-5.296773202287854,3.8008523196110504,-5.055898269062606,3.806594983164549,0.5378774936283156,0.647297749309159,0.6050047265240437
16.8,2,7.970639431427591,3.057383829314287,8.82134328686403,4.520575510641259,8.315532973891987,3.3992680224171994,1.692520884940234,0.4856298560913131,0.6021480582163689
16.8,3,3.888580962290579,-0.7684820612112429,3.703060258500365,-1.3273710430800385,4.205740761101534,-0.35900867640684797,0.5888758999901043,0.5179370529755268,0.6006409123479947
16.8,4,7.396015427516408,-6.1447226242328625,7.8892688913154085,-5.932154787545057,7.649642610965284,-5.78701599904085,0.5371071259477433,0.4384983214226347,0.6044943930260657
16.9,1,-5.492258160780177,3.2526319557117813,-5.35492847990005,3.776082808850705,-5.106737692560977,3.7908025806696406,0.5411656279758579,0.662007290732877,0.6086509591737941
16.9,2,7.987173088326574,3.0193874235280402,8.842898091811916,4.491607986819538,8.344049665838984,3.361603017432958,1.7028501603395187,0.49444150744922977,0.6057596838159496
16.9,3,3.899304681625174,-0.8260416868698202,3.712958024580184,-1.3886128408415113,4.220455906551928,-0.40941858694364064,0.5926308968260795,0.5260350907154902,0.6042440824626153
16.9,4,7.364455238813421,-6.097681090904203,7.860608472116909,-5.88365614327342,7.601067433169349,-5.750105344287272,0.5403468415063282,0.4204690596872073,0.6080369149688891
17.0,1,-5.550954359748109,3.224263784010642,-5.412603683931394,3.750814591057631,-5.155632229696675,3.7715637196839955,0.54442323784054,0.675142063640283,0.6122970939413303
17.0,2,8.003100762744083,2.9812671537993225,8.863758027062849,4.462495859208341,8.363159497991804,3.3278524208359497,1.7131168682703284,0.4997635842626377,0.6093719491131028
17.0,3,3.9094911369912833,-0.8841162494442241,3.722304419911389,-1.4503247158545642,4.23381789217885,-0.4709636833069192,0.5963479642674213,0.5252455492779886,0.6078479746186896
17.0,4,7.332667158993269,-6.049830861583811,7.831728250101909,-5.834358965697169,7.560978311345834,-5.703412523988672,0.5435900206732366,0.41488751115300565,0.6115798646913477
17.1,1,-5.609132125455984,3.1954248753144667,-5.469756568892774,3.7250899048892077,-5.2144966599565095,3.7414638117816366,0.5476957086939022,0.673717797574166,0.6159428071111922
17.1,2,8.018420519336885,2.9430276520539254,8.88395260997533,4.433327114904004,8.377862278818334,3.2937443556009547,1.7234089151725394,0.5021957632298529,0.6129847262706573
17.1,3,3.919139211329285,-0.9426802755119243,3.731173305527665,-1.5124640354727357,4.243217028433785,-0.5238873898337547,0.5999872622472104,0.5295412284552223,0.6114525974464979
17.1,4,7.300654251857253,-6.001190383445965,7.802602319607242,-5.784310470210519,7.538128923040123,-5.652795480617021,0.5467986461970826,0.421631625676492,0.6151231112958282
17.2,1,-5.666782964049565,3.166119440054577,-5.526254522545711,3.6989060341450397,-5.268916860290256,3.7150465613966364,0.5510079833487148,0.6779516362289374,0.6195876394952539
17.2,2,8.033130496628761,2.904673564705309,8.903581016134495,4.404052799458846,8.393787688116838,3.261458555226851,1.7337307162641795,0.50731562092402,0.6165976944777029
17.2,3,3.9282478466191044,-1.0017080769555262,3.7395770260494867,-1.5750447017270086,4.252727006535591,-0.5847313345574312,0.6035822759481664,0.5283524665609465,0.6150579648354179
17.2,4,7.268419602875991,-5.951778408320902,7.77335175678179,-5.7335073157238705,7.5091256774787976,-5.6006450558544305,0.55008976532149,0.42571592120219753,0.6186661707699055
17.3,1,-5.723898458605076,3.1363517567743675,-5.582243182368054,3.6722074491711645,-5.331268826534122,3.681605809920682,0.5542630606127723,0.6719077395391845,0.623231309302735
17.3,2,8.047228907236683,2.8662095520900204,8.922636440986146,4.374608029398464,8.409774576908747,3.226697744110509,1.744019586040177,0.5112642166083661,0.6202109322246792
17.3,3,3.9368160439962354,-1.0611737622304322,3.7474435735903517,-1.638074671254759,4.2605762559552485,-0.6393580043817729,0.6071874433654914,0.531741674516098,0.6186640767499771
17.3,4,7.235966318892039,-5.90161398546563,7.743902734912807,-5.681901399860521,7.488904784774344,-5.544287220743983,0.5534193915949326,0.4377902286590386,0.6222086967406845
17.400000000000002,1,-5.780470270358043,3.106126171504663,-5.637671067416233,3.6449967958302762,-5.3892220428448985,3.6546399413077126,0.5574703239831627,0.6737525741663107,0.6268732338161356
17.400000000000002,2,8.060714038087992,2.827640287901435,8.941143670515086,4.344994553262436,8.423564206246308,3.1875091893042606,1.7542862663388006,0.5110439029373061,0.6238241244410272
17.400000000000002,3,3.9448428638612834,-1.1210512477217236,3.7547696487586175,-1.701488730031308,4.274806808095176,-0.6994859935251921,0.6107663202644309,0.5353442518979482,0.62227092440307
17.400000000000002,4,7.20329752782046,-5.850716454220083,7.714295779351615,-5.629563768162137,7.460618659789953,-5.485316686359241,0.5568013322708038,0.4469129169209797,0.6257498795134686
17.5,1,-5.836490139920758,3.075447097129189,-5.6924981957233785,3.6173555469465315,-5.443110843448235,3.628781861644463,0.5607124467828195,0.6789157771877089,0.630514161377853
17.5,2,8.073584250628564,2.788970458621856,8.959032380969175,4.315288111810385,8.438068496764645,3.1550605915349816,1.7645577264455312,0.5165953456020849,0.6274372070128731
17.5,3,3.952327425982994,-1.1813142691852894,3.76153445242377,-1.7652725836580858,4.284804545258095,-0.763620451044281,0.6143364483745696,0.533862492178167,0.625878521616992
17.5,4,7.170416378347328,-5.799105436551437,7.684390905863495,-5.576419862426597,7.42988959983063,-5.430923811275068,0.5601416605277422,0.45042653325272775,0.6292910679132416
17.6,1,-5.891949888488132,3.0443190127403033,-5.746706973358523,3.5892555921555753,-5.502324844977115,3.594187758410441,0.5639604418575508,0.6739163983728345,0.6341538589689708
17.6,2,8.085837981021887,2.750204762953069,8.976106572263838,4.2855103260681515,8.452451352936277,3.125700110195976,1.7747510632998782,0.5247876906592897,0.631050425787145
17.6,3,3.9592689095947886,-1.2419363932682097,3.7677860486962165,-1.8294993757782891,4.289362654450908,-0.822449190529776,0.6179773009051723,0.5337896530043016,0.6294868746921568
17.6,4,7.137326039626268,-5.7468008294894615,7.654199799076499,-5.5225818566370215,7.408218950548888,-5.375731640561068,0.5634115999828354,0.4594293331515807,0.6328320509432745
17.7,1,-5.946841419031771,3.0127464629850635,-5.800329263339326,3.560803280283239,-5.558282796080749,3.561692728296301,0.5673024649626094,0.672547251625304,0.6377914755467845
17.7,2,8.097473740339105,2.7113479112454177,8.992446399085106,4.25561834565757,8.467853526454654,3.0916789543201983,1.7848661671123647,0.5308793537983472,0.6346636845643013
17.7,3,3.9656665534847644,-1.3028910291032765,3.773450592017937,-1.8940250347663512,4.294601170800824,-0.8814493700221061,0.6215998620446187,0.5346129950515159,0.6330959762239474
17.7,4,7.104029700973,-5.693822797455846,7.623833272349001,-5.468074331935996,7.381121268870312,-5.318125927784403,0.5667081457856528,0.4668274572909264,0.6363717395338611
17.8,1,-6.001156717482154,2.980734057401703,-5.853381465941357,3.53185887115089,-5.609897046974312,3.5348623306985716,0.570592749075925,0.6783378752752011,0.6414275227626836
17.8,2,8.108490114739913,2.6724046249254476,9.008117500025719,4.225561168539524,8.486283764048606,3.0505660623624533,1.794888487156625,0.5345410313740208,0.6382770795017709
17.8,3,3.971519656079175,-1.364151439972648,3.7785438142976844,-1.9589073178108551,4.302844184620158,-0.9372628038681543,0.6252793213711543,0.5403793582734813,0.636705821248079
17.8,4,7.07053057155794,-5.640191764490416,7.593361263106532,-5.413093704110147,7.343186341293169,-5.263074250785503,0.5700223338200519,0.4653587733275102,0.6399106457757529
17.900000000000002,1,-6.0548878538986495,2.948286469746656,-5.90581861587774,3.5025318415541,-5.661448272203841,3.5048945478045197,0.5739421311370217,0.6816210508805128,0.6450626797943764
17.900000000000002,2,8.118885765644364,2.633379635922223,9.023155638941798,4.195439193821509,8.49232499717843,3.0122793024772205,1.8049194071143095,0.5319979482707072,0.641890564507963
17.900000000000002,3,3.976827575519362,-1.425690755035439,3.7831141718861288,-2.0240948845480067,4.31291401592706,-1.000911053374028,0.6289772531378746,0.5416566166580764,0.6403164304650538
17.900000000000002,4,7.0368318800969085,-5.585928406377299,7.562718791033733,-5.357535917106106,7.316329386690989,-5.200157738304882,0.5733412354350309,0.4763799581608644,0.64345004766057
18.0,1,-6.108026983627283,2.9154084373122,-5.9576042907092965,3.4727043791012635,-5.711579701858551,3.479783537229889,0.5772397710477495,0.6897026175308586,0.6486969242179488
18.0,2,8.128659429895512,2.594277686092357,9.037571723689812,4.165216336651307,8.507982302861617,2.973605133188215,1.81492969605723,0.5364467858749093,0.6455041889358176
18.0,3,3.9815897297321445,-1.4874819811141666,3.78710777746732,-2.089660797400263,4.322076068871879,-1.0579831154735075,0.6328053069787434,0.5480877874276995,0.6439277821301242
18.0,4,7.002936874539927,-5.531053642673999,7.5318686318838175,-5.301397385332527,7.277071160328917,-5.148729997297972,0.5766374948466227,0.4704476341301486,0.6469895233866781
18.1,1,-6.1605663484460536,2.8821047602348044,-6.008730514842311,3.442427620203118,-5.7582228939191245,3.4543607265417666,0.5805306432646031,0.6995406681348684,0.6523304942608494
18.1,2,8.137809919912893,2.555103526643828,9.051411236665434,4.134968613232232,8.521552542977556,2.932820801895782,1.8250043993900291,0.5384503141240689,0.6491181645979035
18.1,3,3.9858055964936474,-1.5494980145348567,3.7904960778223082,-2.155458270053867,4.329969423902194,-1.1178376959193166,0.636658180935653,0.5520682663980694,0.647539884529412
18.1,4,6.968848821758174,-5.475588628646507,7.500868327343823,-5.244738335052328,7.237496466933692,-5.092594925238324,0.5799453529222535,0.4678201942078456,0.6505294725695567
18.2,1,-6.212498277697602,2.8483803007943336,-6.059208321184099,3.4115966117624437,-5.809621260800154,3.416376078292535,0.5837040549014874,0.6963685044572113,0.6559632339142887
18.2,2,8.146336123836836,2.515861917558685,9.064632765869002,4.104702609268569,8.53102179529232,2.8944562631093995,1.835124918473043,0.5397376624862588,0.6527324053942096
18.2,3,3.9894747134865725,-1.6117116530156017,3.7933454852324506,-2.221447152156581,4.332856541086237,-1.171181722649065,0.6405029688364111,0.5585496388633969,0.651152742600068
18.2,4,6.934571007229129,-5.419554747113559,7.469662090556079,-5.187470873606084,7.210613475061158,-5.032321876530698,0.5832541399752273,0.4755509858118678,0.6540698140070856
18.3,1,-6.263815189409122,2.8142399827041564,-6.109173061999524,3.3802586745559466,-5.851084231665133,3.3967155986782718,0.5867634507153443,0.7138800226121306,0.6595951032165818
18.3,2,8.154237005663546,2.4765576270146523,9.077177644164754,4.074368882260758,8.547506659517506,2.8528846127426593,1.8452154967884251,0.5443188595203556,0.6563469301240121
18.3,3,3.9925966783508953,-1.6740956075983864,3.7955828402106797,-2.287601919199555,4.340066992071058,-1.23225934232168,0.6443635982837713,0.5620986605841154,0.6547663290095375
18.3,4,6.9001067347199,-5.362973600203138,7.438191768865622,-5.129622067855138,7.161344172717293,-4.980758611363055,0.58650527842532,0.4629614419208864,0.6576105033217721
18.400000000000002,1,-6.314509591399321,2.7796887903922918,-6.15857698788865,3.348454071506093,-5.901189954458957,3.3591232415422874,0.5897532720028582,0.711742513455541,0.6632267306490363
18.400000000000002,2,8.161511605371013,2.4371954308057724,9.089140751288104,4.0439911493858425,8.550936769837072,2.8154459606569775,1.8553404845478136,0.5428861962254473,0.6599618593216289
18.400000000000002,3,3.9951711487279855,-1.7366225146189194,3.7971971767704806,-2.353941885857141,4.344814043843692,-1.2898886110470407,0.6482876673812206,0.5672929884155641,0.6583806869168374
18.400000000000002,4,6.865459325968803,-5.30586700102445,7.406496648266833,-5.071254502562282,7.1362008754205455,-4.9179460878202,0.5897155318915073,0.4730577359062528,0.6611523899165439
18.5,1,-6.364574082372256,2.744731768273693,-6.207306000091478,3.316259448075229,-5.957745877557015,3.3207987682425344,0.5927707301171344,0.705239233655001,0.6668570383329895
18.5,2,8.168159039035633,2.3977801117621027,9.100501822397298,4.013628857222868,8.562389411368331,2.7798177982853685,1.8655375187579875,0.5489721125828041,0.6635768741116179
18.5,3,3.9971978422981547,-1.7992649477092453,3.7982236184573916,-2.420464927414978,4.348138333119084,-1.3475461984750283,0.6522883998197706,0.5720219021220779,0.6619957934033304
18.5,4,6.830632120365205,-5.248256965258552,7.374603722722391,-5.012522223192439,7.109518924190934,-4.855517553469779,0.592854090639527,0.48168671864638485,0.6646945364147899
18.6,1,-6.414001352997919,2.70937402001377,-6.255397077149133,3.2836517609311775,-6.0021369839784295,3.2916930072263324,0.5957770052886555,0.7132514713171549,0.6704857125958347
18.6,2,8.174178498939636,2.3583164591685546,9.111273962214531,3.983279496477537,8.572172399605686,2.738145084560129,1.8758072342090013,0.5501535509603027,0.6671918002692739
18.6,3,3.9986765368116153,-1.8619954298278638,3.7986336707870523,-2.486986642213726,4.353064713119681,-1.4037566010078517,0.656224933850331,0.579287323998457,0.665611633857289
18.6,4,6.795628474627673,-5.19016570267089,7.342455063949708,-4.953353457409295,7.0700278397411855,-4.798979772932912,0.5959021381866381,0.4778299312513452,0.6682366279287644
18.7,1,-6.462784186979373,2.673620707783265,-6.302811855744567,3.250477279166831,-6.05119035075584,3.249530620320445,0.598627305348747,0.7078712548025853,0.6741132157265441
18.7,2,8.179569253669209,2.31880926818297,9.121445155452864,3.9529616561524885,8.57366831693202,2.703070221809964,1.8861559430405679,0.5504276084526936,0.6708067312425862
18.7,3,3.99960707011285,-1.924786445312051,3.798449262145409,-2.553448098841197,4.353386455967578,-1.4663303749477479,0.6600605565584614,0.5790870593525875,0.6692282468971431
18.7,4,6.760451762480437,-5.13161560854901,7.310048660491109,-4.893650428740603,7.048122192174719,-4.729033554525907,0.598902477123113,0.4947995415741143,0.671779433007379
18.8,1,-6.510915462106346,2.637477051504578,-6.349617528469278,3.216850607202322,-6.097728067735995,3.218844151137438,0.601407299953563,0.7132401610972869,0.677738641817576
18.8,2,8.184330648203394,2.279263339253457,9.1310523421846,3.922592312838903,8.584649412704307,2.6612520958062036,1.8965263196908282,0.5533267780834854,0.6744215741484988
18.8,3,3.999989340158396,-1.9876104519471556,3.797682837410387,-2.6199130042833487,4.356977381015116,-1.527099166699565,0.6638783312814137,0.582675814801942,0.6728455992233731
18.8,4,6.725105374328225,-5.072629255068744,7.277455186678533,-4.833513670696708,7.009931846158731,-4.665776078192337,0.601885851215162,0.49664436631239334,0.6753218915841961
18.900000000000002,1,-6.558388151295024,2.60094832808968,-6.395778551972484,3.1827455025404943,-6.144410067052133,3.1861932461888296,0.6040942260862855,0.7168608431169151,0.6813635416100547
18.900000000000002,2,8.188462103993654,2.2396834775351055,9.139996704095411,3.8922206434214304,8.592493646411075,2.619556023339448,1.9069077533605074,0.5545670728812453,0.6780366486058064
18.900000000000002,3,3.999823305028034,-2.050439893047517,3.796316947214797,-2.6863738313505396,4.3614622560026985,-1.5824995589329178,0.6677026370743205,0.5913974020515634,0.6764636931720607
18.900000000000002,4,6.689592716929497,-5.013229382592216,7.244660462833458,-4.772953502303145,6.973054784767038,-4.606039730477879,0.6048410544858805,0.4961392513112918,0.678865352827815
19.0,1,-6.605195323614023,2.5640398706696805,-6.441304687525817,3.148227718435388,-6.188240530771712,3.1446950699155694,0.6067417754486054,0.7148508653456725,0.6849877444425101
19.0,2,8.191963119034188,2.200074492306119,9.148371887921968,3.8618651447691725,8.591516592489066,2.5895285775143484,1.9173590967314964,0.5579582982940902,0.6816516517253013
19.0,3,3.999108982929389,-2.113247209543731,3.7943523288260126,-2.7528473587602735,4.359199392220608,-1.6435304198100027,0.6715754896342131,0.5918605962735459,0.6800825524756816
19.0,4,6.653917213068091,-4.953438890900999,7.2117790457757325,-4.712065690513932,6.947582452629462,-4.5442393665985366,0.6078411357065461,0.503670054317307,0.6824101747870323
19.1,1,-6.651330145296285,2.526757067816202,-6.486106602671271,3.113343347930004,-6.235438888187438,3.109052551637507,0.6094114234696522,0.7155652089210773,0.6886107633260253
19.1,2,8.194833267922919,2.1604411963834407,9.15618274428346,3.8314791071538634,8.598715498695954,2.55426825082436,1.9278383010332234,0.5641104547372033,0.6852669196361241
19.1,3,3.9978464521959287,-2.176004852070987,3.7918152625456023,-2.8192488382174115,4.360028158994217,-1.7027994714571992,0.6754344356207125,0.5959017712519075,0.6837021451636914
19.1,4,6.618082301223317,-4.893280830367799,7.178749555033161,-4.6508124840759555,6.913711138275327,-4.484150735605377,0.610850774287938,0.5047611749501271,0.6859557097922696
19.2,1,-6.696785880736789,2.489105362754663,-6.530165397284885,3.078053542377069,-6.274077483806335,3.0823485834258193,0.612064003014629,0.7284366188679701,0.6922326459820942
19.2,2,8.19707220191319,2.1207884055379704,9.163428567543884,3.8010697823223065,8.611678990966045,2.5135136806157488,1.9383472677936804,0.5710796189793806,0.6888824474089934
19.2,3,3.996035851278374,-2.238685293053107,3.7887279218015286,-2.8855066590962135,4.358480532420788,-1.7636314047412376,0.6792307834557023,0.5975302031601849,0.6873224618598194
19.2,4,6.582091435238565,-4.8327783930701145,7.145622560937267,-4.589180498368556,6.86699379776717,-4.426625192983692,0.6139277351075428,0.4961146824221412,0.6895018149472837
19.3,1,-6.741555893475945,2.451090252569572,-6.573587039495899,3.042317175076083,-6.306278586137311,3.0573340076555633,0.6146241207468919,0.7463228690484667,0.6958548732795747
19.3,2,8.198679648956137,2.0811209379093945,9.170110598524303,3.770629384185146,8.617967839052627,2.4742119496106714,1.9488757989712975,0.5747374442601798,0.6924986442800005
19.3,3,3.9936773787295197,-2.3012610387770738,3.785080753505182,-2.9516942877347314,4.35676857272366,-1.8247219527560923,0.6830636598477459,0.5991032595987131,0.6909435225978757
19.3,4,6.545948083988408,-4.77195490384924,7.112418940237556,-4.527258091672961,6.820084876204533,-4.37288225744708,0.6170622017826697,0.48415902134832733,0.6930495554417416
19.400000000000002,1,-6.785633647168506,2.4127172874019642,-6.616310497613274,3.0061852510838216,-6.343682834999675,3.0244969156845634,0.6171503486930832,0.7547150680609767,0.6994766810046887
19.400000000000002,2,8.199655413733744,2.041443613420753,9.176147533837314,3.7401157579671844,8.621308456724856,2.430644514943489,1.959342725324576,0.5738193360368533,0.6961152543582491
19.400000000000002,3,3.9907712931824584,-2.363704641452663,3.780886892079084,-3.01777152298577,4.356298100956862,-1.8847771990751467,0.6869169872298733,0.6024793293250938,0.6945653580345289
19.400000000000002,4,6.509655731044267,-4.710833811318098,7.079144913996404,-4.4651116750687905,6.781171355583578,-4.307219121552141,0.620239709904498,0.4864417253524229,0.6965984889786927
19.5,1,-6.82901270653786,2.373992069639089,-6.658297658590506,2.969649966432884,-6.384715465083241,2.999354455466362,0.6196385701426878,0.767123296720783,0.7030989437570326
19.5,2,8.199999377682579,2.0017612531927758,9.181606383158705,3.7097743170218007,8.629094693697581,2.388904543960043,1.9699900861198316,0.5779296824113846,0.6997323324825024
19.5,3,3.9873179133222196,-2.4259887112519567,3.7762421677715112,-3.083778280946313,4.360219236152341,-1.9439810787786078,0.6908256569920328,0.6094150919783801,0.698187924483844
19.5,4,6.473217874338657,-4.6494386788213555,7.045701120745462,-4.40262399696601,6.735802959747994,-4.251508832178772,0.6234216507275234,0.4767589432075905,0.7001492978290697
19.6,1,-6.871686738315568,2.334920253096473,-6.699590673932958,2.93267391019596,-6.428349555921145,2.952830655674533,0.6220341549720516,0.7605005739035348,0.7067202159528609
19.6,2,8.199711499008195,1.9620786789580722,9.186362949299737,3.6794673126614628,8.625354563322578,2.359885592579548,1.9806324251450595,0.5825996556160856,0.7033494031621541
19.6,3,3.98331761785082,-2.48808592832344,3.771018516977783,-3.14964313484781,4.355541764154371,-2.0069848932941237,0.6947869067101275,0.6082836681990463,0.7018112896089426
19.6,4,6.4366380258280405,-4.587793175351291,7.012166458508551,-4.339943788140054,6.7126080702263895,-4.183182552101171,0.6266277168819381,0.48976445548046577,0.703700933534631
19.7,1,-6.913649512166016,2.295507542192471,-6.740193956705631,2.8953217281210963,-6.464816988413792,2.9145204649753738,0.6243908130019932,0.7646094643345861,0.7103386695159426
19.7,2,8.19879181269022,1.9224007124752605,9.190504913184146,3.6491235202148675,8.632052856812939,2.3189974024788818,1.991247480465305,0.5873704681682048,0.706966058968653
19.7,3,3.9787708454457382,-2.5499690547753673,3.765282556200797,-3.215378770123751,4.348025576493076,-2.06423109257647,0.6988185307536918,0.6101560655455122,0.7054353950914989
19.7,4,6.399919711154361,-4.525921066422979,6.978472396760941,-4.277070485496386,6.673273287990651,-4.117402468848945,0.6298014144554533,0.49153801738324326,0.7072523781122051
19.8,1,-6.954894901596033,2.2557596911154283,-6.780082648986084,2.857623424876754,-6.506288429916767,2.8747191507940455,0.6267370083852466,0.7644335021165451,0.7139561988930113
19.8,2,8.197240430478093,1.8827321749430734,9.194005147632309,3.6187491544112533,8.634408038474177,2.2834995301264316,2.001822882865851,0.5930682848219773,0.7105828163235548
19.8,3,3.973678094711805,-2.6116109466232227,3.758972423287323,-3.2808970560941253,4.343776056424041,-2.1255082202463544,0.7028815132527919,0.6109569230760674,0.7090602667536016
19.8,4,6.363066469305204,-4.463846204912194,6.944586281416244,-4.214009686616213,6.639977127923046,-4.051044425355367,0.6329167226041016,0.4970762738870668,0.7108048205648557
19.900000000000002,1,-6.995416884849337,2.2156825029835883,-6.819280783278536,2.8196095541568615,-6.543784726389089,2.838492359381309,0.6290880776293611,0.7693267990793072,0.7175718751193937
19.900000000000002,2,8.195057540877487,1.8430778864145538,9.196981852777984,3.5884478207725867,8.634421903944615,2.240640763403383,2.012503052056878,0.592534627421063,0.7141994118083635
19.900000000000002,3,3.968039924126529,-2.6729845656959608,3.7521704515684426,-3.346180151782411,4.342161528499843,-2.184802661641649,0.7069596355583434,0.6150516614927202,0.7126859006603702
19.900000000000002,4,6.326081852272726,-4.401592521859699,6.910524653464004,-4.150805222526878,6.603035108859574,-3.982861668987616,0.6359777176685979,0.5020344943139294,0.7143576459336446
20.0,1,-7.035209545785717,2.1752818289978375,-6.857821287648225,2.7812568565516096,-6.585018465242468,2.787471167494372,0.6314050428558902,0.7598998586455472,0.7211864545766731
20.0,2,8.192243409127416,1.803442665211373,9.199371007290488,3.558178815172954,8.629013176147886,2.212029050820529,2.023216487418909,0.5980891772037591,0.7178155643947686
20.0,3,3.9618569519788513,-2.7340629914958345,3.744788231064146,-3.4111166009896383,4.334343813820112,-2.243657484271426,0.7109995919324669,0.6158279173278686,0.7163123332973901
20.0,4,6.2889694247112935,-4.339184017245364,6.876350522577802,-4.087532815401472,6.579430362082916,-3.9143409201245842,0.6390186863624098,0.5146447447608667,0.7179116866858982
20.1,1,-7.074267074744773,2.134563567587439,-6.895636596884733,2.7426296982486,-6.620070789459868,2.7582645964333343,0.633761206510577,0.7715550783644904,0.7248001231414112
20.1,2,8.188798377167995,1.7638313273383617,9.201176707244748,3.5279295447623396,8.63695290773521,2.167627532912285,2.033949951185489,0.6032361551696147,0.7214321472290627
20.1,3,3.955129856301343,-2.794819433006632,3.7368644110180353,-3.4756660274885682,4.330380381040126,-2.297420697458466,0.7149768456547183,0.6230717923655715,0.7199394248299774
20.1,4,6.2517327635939175,-4.276644750735718,6.842065636055825,-4.0241588965968536,6.531263384695646,-3.8571196994235266,0.6420607501236612,0.504121648822995,0.7214668119826282
20.2,1,-7.1125837693941065,2.093533663548886,-6.932656656270002,2.703588404411068,-6.657018473947601,2.7177146874025917,0.6360350248890376,0.7727494347809789,0.7284144639237874
20.2,2,8.184722863598893,1.7242486858983355,9.202357006045265,3.497665561455296,8.641377213571117,2.133205798334794,2.0446482979678375,0.6130082504835646,0.7250492707146735
20.2,3,3.947859374795854,-2.855227240445082,3.728377009209791,-3.5398623996857963,4.3206775075646355,-2.352997663544372,0.7189560557306772,0.6254821404605143,0.7235672614084514
20.2,4,6.214375457867503,-4.2139988324084925,6.807669831545353,-3.9607473561316855,6.4929907333869075,-3.7966547071284262,0.6450848967958986,0.5017993529873644,0.7250238535061622
20.3,1,-7.150154035561874,2.0521981071779534,-6.9689040272217815,2.664139608714425,-6.697340765724228,2.673360911616904,0.6382193720234409,0.7686892004962234,0.7320274289506715
20.3,2,8.180017363628478,1.6846995505072515,9.202951427986232,3.4673795558494853,8.640695425071819,2.095559711219158,2.0553204376618406,0.6172765571082447,0.7286664199951214
20.3,3,3.9400463047526104,-2.915259916950351,3.719295006117906,-3.603698842399792,4.315071025043233,-2.4107346693833667,0.7229656215359688,0.628640808619347,0.7271958621780391
20.3,4,6.176901108106921,-4.151270413457714,6.773209080187253,-3.8973195660393385,6.460898576065769,-3.7263630779093107,0.6481313373623196,0.5110780817153873,0.7285815693726045
20.400000000000002,1,-7.186972388053505,2.0105629333951365,-7.004490970649061,2.6244504214190494,-6.736367081603164,2.6353086722595664,0.6404352548464556,0.7702936975144404,0.7356386471266304
20.400000000000002,2,8.17468244901363,1.645188726709812,9.202938719442585,3.4371454261508196,8.646532226868239,2.05514810613159,2.06601543323083,0.6250671209056932,0.7322830327325489
20.400000000000002,3,3.9316915029627895,-2.97489113020642,3.7097081961226603,-3.667123821621265,4.308177276497186,-2.467623179624658,0.7269543916774416,0.6317137891175192,0.7308252165205484
20.400000000000002,4,6.139313326168006,-4.088483676882985,6.7387759875298965,-3.833813753251109,6.420961794828948,-3.660286345158902,0.6513157854449301,0.5125220139610377,0.732140054897032
20.5,1,-7.223033451452534,1.9686342208645655,-7.0392966674299355,2.5844976230421204,-6.7746195764210535,2.592512342358253,0.642687276943211,0.7683091264583811,0.7392505351492337
20.5,2,8.168718767990288,1.6057210153955457,9.202297738597055,3.4068923302090273,8.64110052962435,2.0214603197218266,2.076656831011679,0.6292723558890847,0.7359002207547525
20.5,3,3.9227958856245566,-3.034094723992327,3.6996484354803236,-3.730054586672727,4.303798373897707,-2.522995150440411,0.7308590253721944,0.6374838587409742,0.734455293862076
20.5,4,6.101615734839414,-4.025662828166459,6.7042490535437285,-3.7702535105480557,6.38887241350239,-3.597716296559399,0.6545233657699884,0.5154169509736716,0.7357005032857069
20.6,1,-7.25833196090542,1.9264180911065156,-7.073299225007593,2.5441483896020043,-6.818030124226532,2.5317222585303116,0.6448471408273132,0.7485044037835829,0.7428617268828597
20.6,2,8.16212704519466,1.5663012122154558,9.20102605951175,3.3766155059919516,8.623986564836224,1.9947092020510508,2.087234774576285,0.6299584285002555,0.7395172440022605
20.6,3,3.9133604282425978,-3.092844729655144,3.6889718729343426,-3.7924559861353844,4.299729400636739,-2.577810610413221,0.7347150018525461,0.6438486831641484,0.738086149887349
20.6,4,6.063811967493454,-3.962832085941153,6.669654477038574,-3.706675820230168,6.374357522000483,-3.5237334353278613,0.6577698524825583,0.537816108344192,0.7392622430210023
20.7,1,-7.292862762890183,1.883920707603692,-7.10655728347772,2.5034413427968194,-6.853898267826076,2.4764816771556917,0.6469277773362372,0.7374403911932765,0.7464701237982145
20.7,2,8.154908081575195,1.5269341069993203,9.199029555994356,3.346466984860764,8.609857866869783,1.960352066800511,2.097829723061905,0.6283553413617313,0.743133454368797
20.7,3,3.903386165521143,-3.151115377500675,3.677721363874458,-3.8543637109958406,4.292201417511731,-2.6324825257230153,0.7385680884427415,0.6481954451579653,0.7417176963664115
20.7,4,6.025905667735911,-3.9000156726542463,6.634944902334818,-3.6431294439536965,6.352324731776539,-3.447947983632385,0.6609987320538628,0.5575971671616761,0.7428243754519698
20.8,1,-7.326620815968825,1.8411482749013637,-7.139061173970376,2.46239062941371,-6.893650172527353,2.4110545009495863,0.6489381190426637,0.7157210941216208,0.7500772279281173
20.8,2,8.14706275429525,1.4876244831736751,9.196440845558945,3.316450294429506,8.594474000442945,1.935698042832323,2.1085061599008386,0.6332035518256393,0.7467492225476708
20.8,3,3.892874191250498,-3.208881108096918,3.6659050829163315,-3.915772811593561,4.2814467378255685,-2.686996921896348,0.7424357592481603,0.6506548453351182,0.7453499276368905
20.8,4,5.987900489054847,-3.837237805228818,6.6001961019974935,-3.5796073220351574,6.337278222881089,-3.371360834298174,0.6642886296628974,0.5823282175346414,0.7463877307950921
20.900000000000002,1,-7.359601191523364,1.798107037701512,-7.170724041610202,2.4211226381187174,-6.929000290079596,2.349307477666611,0.6510169092447061,0.6994562612071639,0.7536822483906943
20.900000000000002,2,8.138592016626507,1.448377117180601,9.193227703681714,3.2865339446405084,8.580514638235703,1.907885016328128,2.119216117989829,0.6375289113984702,0.7503644442975339
20.900000000000002,3,3.8818256581871022,-3.2661165834852555,3.653555337083824,-3.9765575732339644,4.2686778421072065,-2.7409290391604637,0.7462129316835235,0.6522856497867013,0.7489827678322012
20.900000000000002,4,5.949800094468488,-3.7745226857277934,6.56531562479325,-3.5161447407876927,6.317888005509789,-3.295629319678513,0.6675466504315957,0.6040095746763945,0.749952140295262
21.0,1,-7.391799074475403,1.7548032799511153,-7.20151689639642,2.379623229461451,-6.958961517381782,2.3130024355560757,0.6531518021107962,0.7063530619660854,0.7572864529196716
21.0,2,8.129496897833155,1.4091967778973395,9.189363548469899,3.2567251385042804,8.57663530405955,1.8666367837704818,2.1299479712844915,0.6396750059959365,0.7539797480454234
21.0,3,3.870241777927112,-3.3227966982945296,3.6405724667793,-4.036810481100036,4.260271004145919,-2.7967672990924375,0.7500424484783109,0.6548509190111556,0.7526161604247268
21.0,4,5.911608156172163,-3.7118944920235775,6.5302838323416745,-3.452748586979667,6.277976532704198,-3.230303499851736,0.6707579238330542,0.6051079829780608,0.7535181661206358
21.1,1,-7.4232097639891315,1.7112433239247027,-7.231472770648806,2.3378228672785464,-6.991132887608756,2.265156221704415,0.655259489641088,0.7025026159590727,0.7608926806311468
21.1,2,8.119778503046803,1.3700882260568328,9.184799317611557,3.226951418104036,8.56858507327562,1.8377528246785206,2.1406097844856964,0.6481801557318301,0.7575957402452898
21.1,3,3.8581238207735353,-3.378896590753094,3.6270031837917553,-4.096493967807686,4.247782876652245,-2.8567962980088226,0.7538983647644383,0.6514774712236344,0.7562502257055489
21.1,4,5.873328355184376,-3.649377368477026,6.495224897372089,-3.389418497194808,6.247713699311357,-3.161353978018307,0.6740429689147114,0.6150863480292029,0.7570867286062788
21.2,1,-7.453828674157629,1.6674335293013147,-7.260622390113745,2.2957299135104545,-7.018498244820966,2.223899284356113,0.6573317386254256,0.7065173170242538,0.7645007522019368
21.2,2,8.109438013132223,1.3310562136692652,9.17963749832342,3.1972653697906854,8.560465360252527,1.8042070701037798,2.1512934603384366,0.6536798916863619,0.7612128828088857
21.2,3,3.8454731155969313,-3.434391653593994,3.6128549695406127,-4.155603261761532,4.235641221126015,-2.912865918368867,0.7577977207872065,0.6513219196942959,0.7598848289678579
21.2,4,5.834964380992021,-3.5869954166293363,6.460096371555201,-3.326120780078556,6.211565390977189,-3.098318324229369,0.677381415172416,0.6169551210244828,0.7606580493089219
21.3,1,-7.48365133467241,1.6233802922359937,-7.288916929245444,2.253320807566151,-7.051557792400286,2.169569399145568,0.6593531235320099,0.6964390639387986,0.7681111795527951
21.3,2,8.098476684543847,1.2921054834446428,9.173838743138907,3.1676246210943084,8.555407772969627,1.7730930502520452,2.1619379252781403,0.6634267548066425,0.7648312701878465
21.3,3,3.832291049689683,-3.48925754484854,3.598084498871265,-4.213989110235475,4.2198910368472395,-2.9647246960876608,0.7616354444972065,0.6522027748129727,0.7635199212557063
21.3,4,5.7965199311947755,-3.524772685910432,6.424835459803881,-3.2629589597065674,6.180668586233142,-3.0277007852458233,0.6806811520235388,0.6282122759052965,0.7642321546182003
21.400000000000002,1,-7.51267339147607,1.5790900444259708,-7.316411132689121,2.2106268445515993,-7.069881835826312,2.1282173519843792,0.6613301778514825,0.7054113421692904,0.7717234739234424
21.400000000000002,2,8.086895849173107,1.2532407682165259,9.167423486186843,3.1380244354190405,8.539712973102763,1.735814289900793,2.172544463642539,0.6617556584984224,0.7684507998562669
21.400000000000002,3,3.8185790686138654,-3.5434701985234955,3.582772319812593,-4.271672158161531,4.20451456281099,-3.0216396469706845,0.7654298901930215,0.6490403147841357,0.767155463687642
21.400000000000002,4,5.757998711148731,-3.4627331643674775,6.389445247130493,-3.199992980047347,6.146979047414034,-2.9594313858683026,0.6839277244416573,0.6360962051777236,0.7678090202006123
21.5,1,-7.5408906073979765,1.5345692521716359,-7.343090934386203,2.1677930948023985,-7.093899953010431,2.0811675568239125,0.6633981802203208,0.7060951435596687,0.7753393821436888
21.5,2,8.07469691418659,1.2144667903669468,9.160358913767688,3.108392783974037,8.526344189212937,1.7010814285750353,2.1830294653519977,0.6639119423215045,0.7720720262497576
21.5,3,3.8043386760427245,-3.5970058351572094,3.5669198091422536,-4.328758260587284,4.190305332775847,-3.071159939713214,0.7693044459010361,0.6522914730893249,0.7707914309676784
21.5,4,5.719404433609251,-3.400900769417004,6.35396848129575,-3.1372530572932766,6.113579281942992,-2.894926754950109,0.6871547472908484,0.6413918571159707,0.7713893906442194
21.6,1,-7.568298862772896,1.4898244154324685,-7.368961614375115,2.1247969187266214,-7.116806137208417,2.0447538588908603,0.6655264221189432,0.7153966511346576,0.7789587973733448
21.6,2,8.061881361855072,1.1757882612525967,9.152734109704355,3.0788401149424427,8.517663375151606,1.660445652096353,2.1935282253307546,0.6653044642448449,0.7756950058114613
21.6,3,3.7895714335957784,-3.649840972250089,3.5505770898134625,-4.385252468270202,4.178099619790103,-3.118029856528813,0.7732712104032322,0.6586176540847962,0.774427752596614
21.6,4,5.68074081837313,-3.3392993386242926,6.318384282698722,-3.074718056509123,6.071279290345654,-2.8377869722236277,0.690356750124781,0.6356374373362761,0.7749732295660783
21.7,1,-7.594894156042441,1.4448620668780707,-7.393956756493767,2.081572264727305,-7.13943369449925,2.003897707876398,0.6676643727072715,0.7210860419780346,0.782582278103323
21.7,2,8.04845074937339,1.1372098806323672,9.144541809882215,3.049455753240512,8.501646004195276,1.6248465866634265,2.2041097727278114,0.6657142750924719,0.7793199085297471
21.7,3,3.7742789606675746,-3.7019524345647836,3.533746428251104,-4.441014103842843,4.1665316316886605,-3.175190808448788,0.777218148364249,0.6567647742316454,0.7780644575007908
21.7,4,5.642011591920078,-3.2779526205135534,6.282661286058434,-3.012418076313106,6.037557664974226,-2.770246311112013,0.6934988282349926,0.6436011128911217,0.7785603080029737
21.8,1,-7.620672604339308,1.399688770934386,-7.418181673103663,2.0381229986428906,-7.165387393980791,1.9730254238487857,0.669776709316197,0.7321198947892935,0.7862090365424343
21.8,2,8.034406708671245,1.0987363360962799,9.135794874281869,3.020112204674624,8.494049454370353,1.5854540240905377,2.214665012976527,0.6694516871890689,0.7829464779777856
21.8,3,3.758462934250101,-3.7533173642916267,3.516405294198813,-4.496033315967595,4.157854876118919,-3.2242048411957627,0.7811650824128906,0.6629283410193114,0.7817014668845761
21.8,4,5.603220487053551,-3.216884265412407,6.24684437600428,-2.950390744510058,5.992837800939152,-2.7171318731386815,0.6966135995736746,0.6336829687333744,0.7821506598102302
21.900000000000002,1,-7.645630444054157,1.3543111228253222,-7.441677598698682,1.9944792920667764,-7.198101830237538,1.9120412792024726,0.6718720473710373,0.7150837625880657,0.7898401273095043
21.900000000000002,2,8.0197509462149,1.060372302495916,9.126468022308906,2.9908199315003197,8.475723155950146,1.5574889278247168,2.225185550655673,0.6745632625848652,0.7865751233226631
21.900000000000002,3,3.7421250887488826,-3.8039132310748083,3.498506400381718,-4.550355325416435,4.147056029897628,-3.273029512969514,0.7851916107083999,0.6676874937041353,0.7853388057943764
21.900000000000002,4,5.564371242540972,-3.156117816334233,6.210968616106542,-2.888629681659309,5.969282226828454,-2.643817166384549,0.6997414277386784,0.652996830877093,0.7857443549237689
22.0,1,-7.669764031385096,1.308735747609852,-7.464304941021819,1.9506021661783073,-7.226483456966187,1.8576177696093024,0.6739480225498111,0.7055275627013897,0.7934727455826783
22.0,2,8.004485242799841,1.0221224413763785,9.116583747244578,2.9616303535209205,8.456812990554978,1.5268477009434556,2.2357222602236395,0.6777521516264537,0.7902049545705707
22.0,3,3.7252672157927904,-3.8537178418949507,3.4800928620236027,-4.603937901124607,4.136457737836726,-3.317894554225686,0.7892658620621369,0.6754141255759045,0.7889762885804354
22.0,4,5.5254676027533876,-3.0956766999018974,6.175048093072303,-2.8271908433807567,5.940743444079873,-2.5785645907191412,0.702879412527393,0.6632186350313589,0.7893409132671833
22.1,1,-7.693069842869676,1.2629692992147676,-7.486172186135526,1.9066136106183584,-7.244081286794929,1.813499981194519,0.6760803502279034,0.7104046419380834,0.7971073392371106
22.1,2,7.98861145333438,0.983991400409872,9.106137769090624,2.9325864324368585,8.441522283294292,1.4965894929758536,2.246305336602301,0.6840212163356182,0.7938363442133637
22.1,3,3.707891164037565,-3.902709350803693,3.46125735623838,-4.6566808019206665,4.117758841291161,-3.369493887693475,0.7932850586321162,0.6725401422644618,0.7926139001211379
22.1,4,5.486513317304568,-3.035584217316325,6.139009086797686,-2.7661810106174265,5.9051708097353215,-2.5177774644878013,0.7059240872686423,0.665881317685987,0.7929402746882541
22.2,1,-7.715544475899299,1.2170184594632194,-7.507123761893393,1.8624438043644898,-7.274186282757761,1.7549998242812532,0.678242633478356,0.6958599022394076,0.8007443114770503
22.2,2,7.972131506614285,0.945983812830983,9.095178420813264,2.9036629453324516,8.425853698576734,1.467036428225724,2.256931978887169,0.6909121908671968,0.7974692814255666
22.2,3,3.689998838963091,-3.9508662685060383,3.441963536259143,-4.70854246324862,4.104987235777698,-3.413130414509202,0.7972419503933785,0.6792460659911582,0.7962516981737318
22.2,4,5.447512140689628,-2.975863535373476,6.102964982167566,-2.705559020383779,5.876575819727487,-2.449589205969809,0.7090013809756076,0.6790142196292966,0.7965424201212273
22.3,1,-7.737184649216004,1.1708899370991743,-7.527168742809735,1.8181184049091939,-7.2880300157611995,1.7217404907099936,0.6804493886303022,0.7107574953296416,0.8043827100932405
22.3,2,7.9550474050884015,0.9081042968736912,9.083606367520243,2.874899026344182,8.404269356622398,1.4293000798907989,2.2675817161809486,0.6880736922560176,0.8011035382356342
22.3,3,3.671592202664442,-3.998167471786286,3.422170586297727,-4.759513987198913,4.092460017991455,-3.4635808960341796,0.8011614439312054,0.6803767522134304,0.7998896485531624
22.3,4,5.40846783192314,-2.916537677533067,6.0668811871208,-2.6453542508891204,5.838479583941848,-2.3925363640676895,0.7120734492936757,0.6778550607523998,0.8001470741041389
22.400000000000002,1,-7.757987203391515,1.1245904668079663,-7.546303949066142,1.7735288046284958,-7.305496394010215,1.6844143624750778,0.6825912147508583,0.7198268727509726,0.8080234433755432
22.400000000000002,2,7.9373612246153495,0.8703574552102278,9.071458173768049,2.8462458833326645,8.391411804642987,1.3928694031640692,2.2782253993987545,0.692228766361202,0.8047392986187856
22.400000000000002,3,3.6526732736367116,-4.044592212773356,3.4018587051062736,-4.809660764164529,4.075631203843014,-3.5146975823590334,0.8051321854918593,0.6779983260055521,0.8035278032627126
22.400000000000002,4,5.369384154176849,-2.857629515042617,6.030759484676856,-2.5856138336187287,5.798503037800479,-2.3315547668376375,0.7151292601582565,0.67889443728854,0.8037541350204089
22.5,1,-7.777949101288522,1.0781268082330293,-7.5647168000116745,1.728778036791044,-7.316599292558551,1.6434349717407528,0.6847006904712993,0.729669079613256,0.8116663334104203
22.5,2,7.919075114211284,0.8327478743918078,9.058760418424544,2.817715346907205,8.370617616910984,1.35689386297387,2.288881486574575,0.6918234233465759,0.8083765548934431
22.5,3,3.633244126553665,-4.090120128041496,3.3810963873265814,-4.858989943406736,4.057121880532013,-3.563609179986697,0.8091596105695756,0.6759335239054892,0.8071662218920669
22.5,4,5.330264874416963,-2.799161758120135,5.994646621408127,-2.526280418141995,5.76248203119784,-2.2692251036516446,0.718239048954661,0.6838453979994317,0.8073635869197494
22.6,1,-7.797067428504092,1.0315057449890006,-7.582304536199579,1.6838595317957832,-7.337728981788723,1.5944140721978988,0.6867958671047382,0.7265380881082617,0.8153106845487508
22.6,2,7.900191295788771,0.7952801242913212,9.04547826911248,2.7893708764866343,8.3533775548829,1.3258889971272518,2.29958260979158,0.697799083808476,0.8120149387161923
22.6,3,3.6133068920402254,-4.134731247542364,3.359862651727637,-4.9073949170766955,4.041263071688463,-3.6054037605596707,0.8131685736462545,0.6806864771497432,0.8108048738096235
22.6,4,5.2911137630410865,-2.741156947198898,5.958603393125845,-2.4674394008373595,5.7281500678734005,-2.210086915802298,0.721431702558786,0.6877762063266432,0.8109752394304084
22.7,1,-7.815339393795165,0.9847340836713417,-7.598980513681556,1.6388514069305198,-7.355115417169539,1.5477127587386792,0.688970708805365,0.727152733090978,0.8189559130530661
22.7,2,7.8807120638868104,0.7579587575480682,9.03152903119508,2.7611834352067066,8.33218693147665,1.2909540524596081,2.3102573019958528,0.698508081888179,0.8156543921054541
22.7,3,3.592863756438831,-4.17840600336453,3.3381141529792604,-4.954863598816597,4.026155038074341,-3.6477052605872977,0.8171803705412987,0.6851164960250548,0.8144437250153158
22.7,4,5.251934593514822,-2.683637444237692,5.92258682358824,-2.4092520492965046,5.694304736891106,-2.1483826065729166,0.7246114535801107,0.6943983618891246,0.814588832201325
22.8,1,-7.832762329486077,0.937818652862563,-7.6148689139942976,1.5937869528489008,-7.378322379226426,1.499304984694024,0.6912104969556231,0.7223451870300956,0.8226014751771823
22.8,2,7.860639785392027,0.7207883090145621,9.01704448288797,2.7331696753128165,8.319718886831913,1.2586985752078168,2.320980522928857,0.7071782489973452,0.8192945956927074
22.8,3,3.5719169615696735,-4.221125238316629,3.315783241683819,-5.001356994393031,4.008962831162065,-3.6840384735061913,0.8211979515638307,0.6924386507570994,0.8180827518702187
22.8,4,5.212731142008068,-2.626625424099834,5.886500785112766,-2.3516246075809546,5.656568424268048,-2.093123624965337,0.7277300193447306,0.6939853765056367,0.8182041993277601
22.900000000000002,1,-7.849333691858034,0.89076630213528,-7.629915056000411,1.5485802925083463,-7.391559551830972,1.4575279647725516,0.6934434250118438,0.7285437155812137,0.8262476374327008
22.900000000000002,2,7.839976899251079,0.6837732952055198,9.0020347609107,2.705292370153642,8.299541062568784,1.2201845896479817,2.3317199326299978,0.7063542291310638,0.8229358190028307
22.900000000000002,3,3.550468804484857,-4.262870214330329,3.292941702059723,-5.046920188966545,3.9916708877547755,-3.7274192761386424,0.8252603051222904,0.6938061584420201,0.8217219946214551
22.900000000000002,4,5.173507187031082,-2.5701428660043684,5.850351185246424,-2.2946109989379093,5.619653932447194,-2.0309473497875254,0.7307773995473992,0.6998419272619614,0.8218211939639543
23.0,1,-7.865051061520482,0.8435839010521871,-7.644123421587125,1.5031582807363888,-7.400258094601251,1.4184339543584845,0.6955913918546741,0.7392462958201647,0.8298947608687256
23.0,2,7.818725916174302,0.6469182137490623,8.986389561511478,2.6776208356085345,8.27390553154035,1.1864077819692544,2.3424755125868524,0.7058593885918022,0.8265778492305313
23.0,3,3.5285216372165067,-4.303622620679461,3.2697026243716185,-5.091526396354027,3.9740560466877715,-3.769207555783997,0.8293248103923085,0.6957732185203253,0.8253615965836355
23.0,4,5.134266509070285,-2.5142115450526354,5.814180916730766,-2.2380717663432725,5.583148632542499,-1.9779263557241358,0.7338506517881955,0.6993546775892964,0.8254399038009574
23.1,1,-7.879912143764351,0.7962783381630977,-7.657442936651384,1.457606159720122,-7.416633086853239,1.363523908534314,0.697744248044247,0.7323899382693725,0.833542180518079
23.1,2,7.796889418330638,0.6102275428402126,8.970206359000215,2.650161771848319,8.255831991614668,1.1539467412626574,2.3532964755723227,0.7115186942770467,0.830220534770495
23.1,3,3.5060778665188357,-4.343364582011726,3.246007482843598,-5.135171501730355,3.9526070224944014,-3.7994013468070342,0.8334235433315332,0.7037643699354252,0.8290014633914243
23.1,4,5.095012890223885,-2.458853023833558,5.777917168646829,-2.182108749431809,5.548366333461978,-1.9206202364434597,0.7368484558594884,0.7037214490958402,0.8290601409064348
23.2,1,-7.893914768897061,0.7488565199992449,-7.6699969185369286,1.4120239153650327,-7.429226710717256,1.3077912435537924,0.699950139642922,0.7268720771978497,0.8371895808153866
23.2,2,7.774470059033882,0.5737057406967672,8.95345811914624,2.6228017297288675,8.230335272135935,1.1264091018959799,2.3640658235664556,0.7164454605882349,0.8338638514842436
23.2,3,3.483139953604219,-4.382078666189395,3.221840653244307,-5.177776784785296,3.932272931258549,-3.842403633414043,0.837503922561343,0.7021179193110815,0.8326415924340277
23.2,4,5.055750113837373,-2.4040886441108675,5.741607314135738,-2.1267409291549444,5.51898648882109,-1.8541403101162288,0.7398120397725245,0.7190487529865647,0.8326817392087308
23.3,1,-7.907056892559305,0.7013253700649316,-7.681752703023843,1.366432769453339,-7.4484873198611075,1.247597009448046,0.7022320346889922,0.7132312086546152,0.8408358553597659
23.3,2,7.751470562420279,0.5373572450175756,8.93611329799116,2.595544833756074,8.20306016689293,1.0979095023920864,2.3747662119413047,0.7198277600339026,0.8375072727284536
23.3,3,3.4597104138732933,-4.419747891935639,3.1971988517657217,-5.2193402413176955,3.9170497877018127,-3.8711363752648422,0.8415819897255844,0.7142365848076493,0.8362819911483347
23.3,4,5.016481964138853,-2.3499395185954333,5.7052504079884825,-2.072001348852304,5.490117677956772,-1.795714826608082,0.7427325194464025,0.7290375838132656,0.8363045760997058
23.400000000000002,1,-7.919336596023518,0.6536918278267118,-7.692656080163808,1.3207535364564065,-7.456413317626631,1.2121818818288796,0.7045249317024854,0.7254027171861613,0.8444811540657436
23.400000000000002,2,7.727893723117525,0.5011864724433335,8.918193866874484,2.5684500868741154,8.180250062044479,1.0595225841197442,2.385454523519,0.7185857436446472,0.8411509367884656
23.400000000000002,3,3.435791816639118,-4.456355736283063,3.172038033504094,-5.259840808657012,3.897957036893695,-3.9058511908078457,0.8456679724607095,0.7187850481206725,0.8399226101305252
23.400000000000002,4,4.977212225874324,-2.296426522805918,5.668906369061245,-2.0178601980969693,5.449509358925467,-1.7466833235709505,0.7456808868282332,0.7247635248778914,0.8399285170634153
23.5,1,-7.930752086474007,0.6059628477002407,-7.702704226449299,1.2749285777084978,-7.462995388539632,1.1795828590771695,0.7067679777602611,0.7401596084051992,0.8481271552316582
23.5,2,7.703742405905193,0.46519781801991944,8.899752969957019,2.5415902081299144,8.161196454837851,1.0155696487520527,2.396215062766751,0.7156628807953663,0.8447952159155022
23.5,3,3.4113867848454182,-4.4918861418212375,3.1464025274311105,-5.299310038489379,3.8767225860281056,-3.9361483288075343,0.8497940959951286,0.7248323424596802,0.8435636124175598
23.5,4,4.937944683942896,-2.243570287020865,5.632588898538543,-1.9643720708672907,5.4052788045713775,-1.698741608792013,0.7486536106735489,0.7178018312349126,0.8435536716639885
23.6,1,-7.9413016972687,0.558145398034942,-7.711850657186578,1.228910195120972,-7.470841547883412,1.1291835011673128,0.7089239682819523,0.7398765217174038,0.8517748285947553
23.6,2,7.679019545366636,0.4293956546643576,8.880717539858036,2.5149626136303707,8.136238728842603,0.9857498515388191,2.4070038658663178,0.7201245545863973,0.8484402920423175
23.6,3,3.3864979947789493,-4.526323523740003,3.1202130416534937,-5.337728010147237,3.8532980647213915,-3.969126779274144,0.8539818012246007,0.7268909941260936,0.8472051372843149
23.6,4,4.898683123031987,-2.191391188325333,5.59626199173927,-1.9115090453130446,5.371155334978311,-1.6436883522714936,0.7516317529509273,0.7233314507768001,0.8471802095527382
23.7,1,-7.950983888182474,0.5102464600966423,-7.720044432154142,1.1827920499936682,-7.483889866616771,1.0792763442767719,0.7110911353972853,0.7361873634289531,0.8554213086659048
23.7,2,7.653728145532419,0.39378433263348067,8.8611134249699,2.488505109538787,8.119832663358297,0.9510975652486418,2.4177746682023726,0.7265338676109013,0.8520854062873279
23.7,3,3.361128175776014,-4.559652776665482,3.0934688272570874,-5.375030246785622,3.8289328713315745,-3.993702700784124,0.8581852629992524,0.7342620251476617,0.850846901584327
23.7,4,4.859431327252558,-2.139909342755147,5.559965846587797,-1.8593890943945268,5.33227712379007,-1.5919581776072282,0.7546126307719468,0.7237635157219214,0.8508076949778991
23.8,1,-7.959797245632026,0.4622730270483096,-7.727385827635114,1.136600619216168,-7.495962316106662,1.0272354210423558,0.7132550516990657,0.7309756141454262,0.8590679688866674
23.8,2,7.627871279515296,0.3583681789953286,8.840934627583593,2.4622870515080857,8.097035179853286,0.9186533435874682,2.4285792777963864,0.7307764576410466,0.8557309514381061
23.8,3,3.335280109923156,-4.591859281285801,3.06634183415339,-5.411123511648209,3.807534701662183,-4.019989234315293,0.8622770293387869,0.7416601310847484,0.8544890503136885
23.8,4,4.820193079774378,-2.0891445975417713,5.5236557102955075,-1.8079779824334836,5.296811962356766,-1.5378951322117271,0.7575713418491747,0.728725965134181,0.8544362839083453
23.900000000000002,1,-7.967740482882247,0.41423210292908114,-7.733856132621481,1.090287124459776,-7.490923698355265,1.0043087589448254,0.7153686332470616,0.7586466278718792,0.862714606174335
23.900000000000002,2,7.601452089136807,0.3231514971033833,8.820210540651296,2.4362944092540295,8.071993295170532,0.8802854470382938,2.439414915571049,0.7292511671199079,0.8593768914336889
23.900000000000002,3,3.3089566317520793,-4.622928910763598,3.0387903217709833,-5.446001310409259,3.7825554401433306,-4.060559761484865,0.8662782521264566,0.7352243816482822,0.8581316125337418
23.900000000000002,4,4.780972162461407,-2.0391165234608364,5.487340838239026,-1.7573365355821602,5.252561101085017,-1.493602332761637,0.7604976447621216,0.7210976766613141,0.8580658407062192
24.0,1,-7.974812440234093,0.3661307016316696,-7.73944875254644,1.0438882076959082,-7.4990842087344864,0.9522780364242706,0.7174617080432568,0.7549079734180931,0.8663630241768789
24.0,2,7.574473784545521,0.28813856607367105,8.798921211832676,2.4105197730545984,8.042570505691236,0.8499607757443429,2.450259882121884,0.7312719983881548,0.8630235028802725
24.0,3,3.2821606279288034,-4.652848036932522,3.01075986141571,-5.479680418013116,3.7623696810960903,-4.088588495376136,0.8702356936297773,0.7409383003875858,0.8617748423901946
24.0,4,4.741772355507295,-1.9898444072872352,5.4510588464120255,-1.7074536242699239,5.219570216089752,-1.438892711620467,0.7634342673164972,0.7292726284012452,0.8616966239116942
24.1,1,-7.981012085193892,0.31797584587834704,-7.74418060796369,0.9975031290572814,-7.503682920511594,0.9004954364641068,0.7196155064974512,0.7531083619722342,0.8700103314526424
24.1,2,7.5469396438269705,0.253333640264811,8.777147496146645,2.3850252449463047,8.019500329123133,0.8216023293174357,2.461203050822615,0.739082474589384,0.8666700368657335
24.1,3,3.2548950369371106,-4.681603536275,2.98224528347043,-5.512196329584626,3.733965825607296,-4.115035724555909,0.874198076160848,0.7419621997334047,0.865418382166265
24.1,4,4.702597437071017,-1.9413472443596835,5.414799175303249,-1.6583359374965816,5.184295172626779,-1.3874557528727947,0.7663724393226662,0.7340493803424397,0.8653283204467109
24.2,1,-7.986338512624088,0.2697745661956568,-7.748033281101527,0.951095050917667,-7.503135995028272,0.8595866953698995,0.7217942825160478,0.7624716524120675,0.8736564947500317
24.2,2,7.518853012605347,0.2187409487610863,8.754831959431153,2.3596673229222764,7.997223073180767,0.779925429615899,2.472086102176785,0.7374048660045693,0.8703165832004552
24.2,3,3.2271628487563095,-4.709182795678643,2.953271411558688,-5.5434981176727645,3.7059151734267664,-4.138086614893436,0.8781221873317705,0.7452211994333068,0.8690622108338714
24.2,4,4.663451182912751,-1.8936437312576784,5.378546077840213,-1.6100942005122176,5.14307415086721,-1.3365194287091278,0.7692600633968265,0.7351365042491447,0.8689608395176691
24.3,1,-7.990790944875392,0.22153389988794428,-7.751066233656104,0.9045473219447792,-7.50152960743867,0.8239435797732847,0.7238613623332572,0.7760631924849473,0.8773032930800576
24.3,2,7.49021730363697,0.18436469485856333,8.731973347757256,2.3344319034646537,7.976258385448424,0.7415206972616707,2.482890870463792,0.739363742837218,0.8739634436011475
24.3,3,3.198967104533347,-4.735573717968772,2.9238569537764545,-5.573600309796404,3.676778439419706,-4.16451718527982,0.8820284369903939,0.7445866203959164,0.8727065325136152
24.3,4,4.62433736602995,-1.8467522585935985,5.3423332986234175,-1.562612615834606,5.1003797781927735,-1.2906725106947896,0.7721745241899469,0.732011655782203,0.8725943697980894
24.400000000000002,1,-7.994368731900313,0.17326089000993988,-7.753221089923633,0.8579960686407744,-7.506671070702684,0.77170706717055,0.7259576090141311,0.7720018365883508,0.8809513946505063
24.400000000000002,2,7.461035996395616,0.1502090555543667,8.708603112455336,2.3094099950778237,7.946088159629376,0.7119511898023633,2.4937065597845605,0.7421791067170004,0.877610838620288
24.400000000000002,3,3.170310896249312,-4.760764727214644,2.8940694400712315,-5.6024980103342035,3.6543477765226235,-4.186846432640017,0.8859030771041597,0.7507821989846113,0.8763514495153427
24.400000000000002,4,4.585259756293695,-1.8006909039227748,5.306194404240108,-1.5160056321330377,5.066579432207535,-1.2401531546845688,0.7751080380073571,0.7388309676393089,0.8762289569691207
24.5,1,-7.997071351348069,0.12496258433848532,-7.754442119305565,0.8113994709814057,-7.511318761223613,0.7198982898586372,0.728055316295102,0.7680521287747196,0.8845994250752389
24.5,2,7.431312636649734,0.11627818103913601,8.684688255466428,2.284633026693404,7.9222923189433585,0.6849477562184896,2.5045385160776577,0.7512963025064179,0.8812584152091143
24.5,3,3.1411973663803723,-4.784744773807031,2.863788491031,-5.630168194322118,3.626212864205054,-4.208922590177394,0.8897732543058559,0.7528686607172107,0.8799968148699495
24.5,4,4.546222120085346,-1.755477424774254,5.270104137703194,-1.4702443744219755,5.0311269248858865,-1.1923621106321656,0.7780508135358196,0.743122820763831,0.8798645486780887
24.6,1,-7.998898408640845,0.07664603434355423,-7.7547729702693635,0.7646708610576497,-7.506622776672303,0.6805471908370041,0.7300516364169244,0.7791225222287919,0.888246098996512
24.6,2,7.401050836031597,0.0825761941927392,8.660203669029794,2.260094593779554,7.903706082257773,0.6459943651171971,2.515363241638573,0.755051211433078,0.8849058634964417
24.6,3,3.1116297075531563,-4.807503339304953,2.8330554085037223,-5.6566880948608445,3.591670034172607,-4.232014233846913,0.8937104615922336,0.749417390832241,0.8836424089170287
24.6,4,4.507228219933529,-1.7111292518049188,5.2340137338900234,-1.4253689151276405,4.988998504562572,-1.1438521953262677,0.7809456788502754,0.7442485243241211,0.8835009317809546
24.7,1,-7.999849637031403,0.0283182941587673,-7.754239980678405,0.7179189733811029,-7.502829303204625,0.6368011635481414,0.7320336058390654,0.7856720782728681,0.8918945460913146
24.7,2,7.3702542715984745,0.04910719008331821,8.63512180142329,2.235727658368989,7.870251387884591,0.6137523501421313,2.5261035094253317,0.7542024085563999,0.8885540141300422
24.7,3,3.081611162194651,-4.829030441049401,2.801878657275437,-5.682065842902472,3.56681477861511,-4.255339323675289,0.8977302886296131,0.7513614626406178,0.8872887166976828
24.7,4,4.468281814151505,-1.6676634820796639,5.197981082945749,-1.3813769315326314,4.9529233896471,-1.0972023512861582,0.783850120815819,0.7485341397992865,0.8871383749021057
24.8,1,-7.999924897642026,-0.020013580448507935,-7.752805598716911,0.6712227017535074,-7.49932470138455,0.5873636727307251,0.7340814299065903,0.7870881044537348,0.8955433657653235
24.8,2,7.33892668538582,0.015875235469694493,8.609471686516066,2.2115772226559627,7.835000948976685,0.5822263709107227,2.5368074062551114,0.752889954516967,0.8922023863186842
24.8,3,3.051145022176634,-4.849316636542075,2.7701932096007185,-5.706193179704897,3.5416834785102793,-4.273776171831843,0.9017601295313293,0.7562240432973987,0.8909355348913626
24.8,4,4.42938665647492,-1.6250968724801202,5.161955083358379,-1.3382523602509733,4.918608950232957,-1.0496162984421893,0.7867250309113616,0.755325323158771,0.8907767731440093
24.900000000000002,1,-7.999124179484792,-0.06834253310728536,-7.750396451433284,0.6246128716887153,-7.492331631072871,0.540353223505732,0.7362422670138232,0.7920537931507823,0.8991932686704489
24.900000000000002,2,7.307071883952602,-0.017115631692767863,8.583270915376321,2.1876101003861805,7.7969373252391945,0.5578416670514821,2.547449611179364,0.755343660823464,0.8958513137341786
24.900000000000002,3,3.0202346284546824,-4.868353027587165,2.7381424947331086,-5.728994389599979,3.5139173418649228,-4.289051606105163,0.9056928430295015,0.7611259806701949,0.8945829525317073
24.900000000000002,4,4.3905464957000255,-1.5834458332445838,5.126067732432825,-1.2960171992928555,4.885491189316393,-1.0144304417912593,0.7896877289791858,0.7541543379506478,0.8944162144878495
25.0,1,-7.997447599463183,-0.11666150787317654,-7.7470703095003035,0.578050586287396,-7.488627154348972,0.48829148289084146,0.7384535741007178,0.7904848932146358,0.902844846676267
25.0,2,7.274693737918765,-0.04986140274280748,8.556472037142166,2.163944636815692,7.762245185379559,0.5324506120812202,2.5581033577918078,0.7594693519356353,0.8995010965324061
25.0,3,2.9888833707017923,-4.886131264194403,2.70575305647202,-5.750445277273318,3.486200612711722,-4.3068770962872955,0.9095061781210881,0.7634525723567368,0.8982309571884343
25.0,4,4.3517650753223585,-1.542726421641543,5.09027964192763,-1.254728528890717,4.853147271902744,-0.9695328903574874,0.7926831342453857,0.7615345897289616,0.8980567305059126
25.1,1,-7.994895402355014,-0.16496345025855547,-7.742742899121177,0.5315217253358334,-7.483610928098492,0.4401432114842806,0.7407242973670005,0.7921905614821013,0.9064955467381474
25.1,2,7.241796181494917,-0.0823580988003596,8.529092923765637,2.14058827605676,7.732700279150924,0.49383941656350466,2.5687785985077065,0.7569613000721698,0.9031507444747533
25.1,3,2.9570946869366748,-4.902643548241635,2.672993547225416,-5.770642221616663,3.457023763471644,-4.313677329068766,0.9133099991602227,0.7725349758372695,0.901879263762112
25.1,4,4.313046133175932,-1.5029543357793007,5.054671951149063,-1.2143170253754814,4.8147408057906045,-0.9252365808798272,0.7958142690612342,0.765150539995909,0.9016980725903626
25.2,1,-7.991467960776694,-0.21324130826248208,-7.737463126441884,0.48501089951575654,-7.4811101196001655,0.3921634403592803,0.7430172282879037,0.7918207093175487,0.9101476615764532
25.2,2,7.208383212004298,-0.11460177125001003,8.501130485977805,2.1175219114179202,7.703335610021983,0.4663368334385207,2.579451811740816,0.7631956097363991,0.9068009213480324
25.2,3,2.9248720631467315,-4.917882636895341,2.6396999191921737,-5.789628947097193,3.4281270873707803,-4.328053920471774,0.9172048740811303,0.775347363524647,0.9055280791494648
25.2,4,4.274393401072979,-1.4641449085540543,5.01921214169472,-1.1747565183979962,4.778645148985731,-0.8842885072048133,0.7990623234382107,0.7684421067710683,0.9053404103816798
25.3,1,-7.987165775128829,-0.26148803340030724,-7.731253394987527,0.4385358361558452,-7.479307910099083,0.33125212075788235,0.7453352026155449,0.7805514085722004,0.9138013294031379
25.3,2,7.174458889397062,-0.14658850222079556,8.472617778144,2.094725729431497,7.665807916005545,0.45098405639947436,2.5901169829642425,0.7736386939425146,0.9104519166086177
25.3,3,2.892219032905775,-4.9318418457875834,2.6059571470276395,-5.807355373889108,3.3999815205358677,-4.3443469981990335,0.9211242072572441,0.776513322350231,0.9091774851212169
25.3,4,4.235810604444264,-1.4263131017387658,4.983897603975137,-1.1360894377781057,4.751360438015933,-0.8400608620327478,0.8024113246894354,0.7806941266950186,0.9089837783336358
25.400000000000002,1,-7.981989473523161,-0.30969658173272163,-7.724130143303055,0.3920640888562664,-7.469800617588119,0.28574385846177464,0.7476359227371753,0.7854213786007246,0.9174534443178904
25.400000000000002,2,7.140027335756972,-0.17831440506224894,8.443602917727565,2.0721997009530138,7.6360290919571785,0.4170623822280081,2.6007927713071735,0.7749137119691177,0.9141027499755177
25.400000000000002,3,2.8591391769865386,-4.944515051947984,2.5717507695107122,-5.823795971695506,3.3664526551944225,-4.3521730449622344,0.9250551511037276,0.7798948765130378,0.9128270998358358
25.400000000000002,4,4.197301461980036,-1.3894735002151286,4.9486950095628535,-1.098329456466854,4.714016176087037,-0.8003281485089808,0.8058269774332385,0.7836366129856625,0.9126279197733285
25.5,1,-7.975939811690868,-0.3578599148941589,-7.716077706321766,0.3455919589930455,-7.466387047217839,0.22807798065710325,0.7499152303309231,0.7765096504391611,0.9211074566645323
25.5,2,7.105092734800524,-0.20977562481666245,8.414050586833664,2.0499569810946334,7.596918162442574,0.3951066237415626,2.6114674243838207,0.7795991187117511,0.9177543377398332
25.5,3,2.8256361229680014,-4.955896696489466,2.5371014451602067,-5.83890926559924,3.3404783115956684,-4.359368827720887,0.9289582646725795,0.7879771426941958,0.916477292395496
25.5,4,4.158869685271595,-1.3536403063508042,4.9136383790307185,-1.0616204969934302,4.683254064014917,-0.7604533690516259,0.8092906462674399,0.7917384159256129,0.9162730481831008
25.6,1,-7.969017672872223,-0.40597100112040096,-7.70710507316103,0.29912578617688823,-7.45453696056956,0.18301523137997044,0.7521699870005676,0.7820455136412695,0.9247617178322003
25.6,2,7.069659331368592,-0.2409683386874999,8.383951079308543,2.027983330243762,7.564791493309821,0.36579082876263247,2.622118318201719,0.7831427360790454,0.9214063887403927
25.6,3,2.7917135448375783,-4.96598178704657,2.502071890156887,-5.852672305558855,3.305928605464626,-4.371038996690621,0.93279813665431,0.7863676318187324,0.9201278286298294
25.6,4,4.120518978453568,-1.3188273345241392,4.878671325870503,-1.0259889787641543,4.648316591695371,-0.7210717064497284,0.8127418313942139,0.797422166382637,0.919919066753281
25.7,1,-7.961224067687649,-0.4540228162751857,-7.697260775625227,0.2527251707301737,-7.446674726252822,0.12173778411091858,0.7544331227435332,0.7721795734982771,0.9284172349221004
25.7,2,7.033731430910648,-0.2718887565038912,8.353310665503054,2.0064077685585167,7.521549891735658,0.3490520051417684,2.632854802771874,0.7896418683142211,0.9250590541067994
25.7,3,2.757375162588239,-4.974765899965259,2.466568323322656,-5.865132949757831,3.276059220404965,-4.372800263039545,0.9366547395491926,0.7946041655268402,0.9237788760761273
25.7,4,4.0822530378468995,-1.2850480057984708,4.843758962349432,-0.9913398853503531,4.6209335082560745,-0.6870296487702029,0.8161836393052873,0.8048618543222427,0.9235660434774731
25.8,1,-7.952560133990168,-0.5020083448757279,-7.6864855250190836,0.2064465241098998,-7.437972818310544,0.06734573693737836,0.7567720918008001,0.7674400145520213,0.9320722685829246
25.8,2,6.997313398961611,-0.3025331211811766,8.322121314943574,1.985153319073575,7.490555953911265,0.32225277443974776,2.6436008138850937,0.7960186137145933,0.9287119883669573
25.8,3,2.722624741810549,-4.982245182243293,2.4306711562847774,-5.87635011392117,3.2405202138865126,-4.3742127270331315,0.9405639398531365,0.7986984328178455,0.927430074400685
25.8,4,4.044075551602591,-1.252315342748041,4.808988055411638,-0.9577275179339558,4.587130891458886,-0.6493171632719571,0.819678671805068,0.8114899300656221,0.9272138485339254
25.900000000000002,1,-7.943027136699273,-0.5499205811169655,-7.67485939849036,0.16020191105436452,-7.413888309687773,0.02979188512160117,0.7590704115585752,0.7848913566625048,0.9357284376806897
25.900000000000002,2,6.960409660611406,-0.332897709177415,8.290438759635926,1.9642549883945188,7.453075310627174,0.29300382046514295,2.6544091471011,0.7965376121153056,0.9323657990545707
25.900000000000002,3,2.687466093279752,-4.98841635322027,2.3944171740477196,-5.886285858095482,3.1981935557622223,-4.383592830270406,0.9444825656664714,0.7916148273290914,0.9310816499271465
25.900000000000002,4,4.005990199346226,-1.2206419644375504,4.774287105664385,-0.9250997223917983,4.555238474077581,-0.6180586531427039,0.8231800247160297,0.815340612472132,0.9308625773219515
26.0,1,-7.932626467616254,-0.5977525298943961,-7.662425365213243,0.1140197717042764,-7.402646089478686,-0.01999832474958078,0.7613333337394825,0.7840147465279957,0.9393860296164033
26.0,2,6.92302469996727,-0.36297883094583216,8.258323600492517,1.943779887614224,7.415896598217356,0.2657484612449495,2.6653628157151075,0.7988871735296516,0.93602009622494
26.0,3,2.651903072537862,-4.9932767060166405,2.357733334491811,-5.894870241428353,3.166853381972107,-4.391203941906834,0.9483705699136139,0.7922533903172944,0.9347336947483279
26.0,4,3.9680006518233246,-1.1900400815572678,4.739681453403948,-0.8935633238393343,4.522320478440967,-0.5771516466378822,0.8266738942261647,0.826379273602229,0.9345121922030295
26.1,1,-7.921359645221001,-0.6454972078253489,-7.649153484236522,0.06785841059368611,-7.3854234273063115,-0.05430914394937723,0.7635263141555187,0.7979542321099133,0.9430438152086389
26.1,2,6.885163059608898,-0.39277283138312935,8.225755592613206,1.923648078022486,7.385111678625071,0.23006911092909416,2.676377060333324,0.7986743433712153,0.9396746076706909
26.1,3,2.6159395794708606,-4.996824108721031,2.3206522362988546,-5.902101920140794,3.1313885473076493,-4.395103056718028,0.9522197912701337,0.7923104586382863,0.938386085436139
26.1,4,3.9301105705455464,-1.1605214917155777,4.705080093612435,-0.8631180663344977,4.481574767591459,-0.5462761203776675,0.8300762369270188,0.8254757033574885,0.9381625846180629
26.2,1,-7.909228314450303,-0.6931476442685461,-7.635073104111044,0.021796651565635927,-7.3777501035477515,-0.11272770899280969,0.7657064878280697,0.7869919884787054,0.946703494982209
26.2,2,6.846829340036491,-0.42227609027360247,8.19275023267739,1.9038106938594113,7.350103996689444,0.2064469381165933,2.687411910475493,0.8053434214403731,0.9433297750911692
26.2,3,2.5795795578810354,-4.9990570053253744,2.283273153470155,-5.907961558267404,3.0995840502889607,-4.390548708149486,0.9559837716476441,0.8004292722385431,0.942038886115551
26.2,4,3.8923236074377883,-1.1320975748907776,4.6705792852618835,-0.8337967821864737,4.448040189008799,-0.5108753334749753,0.8334658139320761,0.8335094434153957,0.9418138736946483
26.3,1,-7.896234246457693,-0.7406968823418126,-7.6200861465819365,-0.024083253040314608,-7.361126881464897,-0.152222261695491,0.7679797306997468,0.7953881261462014,0.9503631977207303
26.3,2,6.808028199111744,-0.45148502272903945,8.15920542898177,1.8842043550928997,7.32267253319017,0.17538327310909257,2.6983559394915773,0.8110626676934589,0.9469854260548107
26.3,3,2.542826995054492,-4.9999744164074205,2.245452512929922,-5.912491771476883,3.060013343636225,-4.384182606735259,0.9597497100399794,0.8041649532394587,0.945691838549306
26.3,4,3.8546434044861995,-1.104779289043874,4.6362379286223145,-0.8056256059303617,4.407492506513455,-0.48814619961189937,0.836888837468836,0.8281778170144163,0.9454658971492781
26.400000000000002,1,-7.882379338354863,-0.7881379799377519,-7.604199596443385,-0.06979496523772546,-7.33806166622051,-0.1814876299923553,0.7703250324234951,0.8150499219597737,0.9540257467913839
26.400000000000002,2,6.768764351491891,-0.4803960796243012,8.125118244996159,1.8648535999076081,7.2870162912585466,0.1466548088697085,2.70922349461404,0.8134973201142266,0.9506424797370946
26.400000000000002,3,2.505685921323911,-4.99957593956035,2.2072160975216772,-5.915679261233706,3.022007936548399,-4.3900604606387725,0.9634985893614443,0.798810079086685,0.9493452271678837
26.400000000000002,4,3.8170735933871667,-1.0785771658940897,4.602053268248196,-0.7786203534050775,4.370049047967836,-0.465834441765636,0.8403375389112969,0.8253699166683118,0.9491187711507538
26.5,1,-7.867665612934686,-0.8354640107372971,-7.587425065879181,-0.11535562367328739,-7.3139315148426665,-0.21772359045083275,0.7727165413875248,0.8295930799165816,0.9576915883504011
26.5,2,6.729042568056824,-0.5090057480285761,8.090515547557318,1.8458614604093897,7.247978334883092,0.11647739972993211,2.7201118071296944,0.8127259674831719,0.9543010002278486
26.5,3,2.4681604096265675,-4.997861749569276,2.1686057915542167,-5.917647150486065,2.984484292163965,-4.386268875999936,0.9673355947902103,0.8003975229092701,0.9529992976831183
26.5,4,3.7796177951972805,-1.0535013068586796,4.567946311754694,-0.7528257796042743,4.333215116556399,-0.4440020956997271,0.8437224796740496,0.8233828287129729,0.9527725492020498
26.6,1,-7.852095218375895,-0.8826680652209421,-7.569737020006419,-0.16075552242244487,-7.293168686752381,-0.25905288447137026,0.7751669959668361,0.8374334370050033,0.9613587615510736
26.6,2,6.688867675329398,-0.537310551632233,8.05537092689886,1.8272262192704705,7.215042742986048,0.08242693371069305,2.7310007831380965,0.8129789373425699,0.9579602122365375
26.6,3,2.4302545750576914,-4.9948325983345825,2.1296618874042728,-5.918331091810059,2.94525681470021,-4.379473711441497,0.9711876396053345,0.8024299760820927,0.9566535975516041
26.6,4,3.7422796199843287,-1.029561379158642,4.534000328699111,-0.7281652304557392,4.295311963547698,-0.4152771618747287,0.8471489355838087,0.826553006546648,0.9564271018540821
26.7,1,-7.835670427929453,-0.9297432516775018,-7.551184037831172,-0.2060582227393275,-7.277640700908052,-0.3133636377668057,0.7775940632877784,0.8314571574556789,0.9650271383754231
26.7,2,6.648244554888969,-0.5653070511692109,8.01971333437805,1.8090041865045845,7.177784992161858,0.060889514664109,2.7419482975536464,0.8200824432754347,0.9616200978030024
26.7,3,2.391972574419206,-4.990489814542118,2.09039585767073,-5.917721855657404,2.907803014051826,-4.369641385928649,0.9750424473609387,0.8071764452481232,0.9603081445594307
26.7,4,3.7050626664793525,-1.0067666120918246,4.500085138660913,-0.7045958488063782,4.263132346473184,-0.3884697752840525,0.850510377043214,0.8329062048843883,0.9600824415868072
26.8,1,-7.818393639586657,-0.9766826972103149,-7.531727095715373,-0.25119924310018044,-7.256338467371145,-0.3600866721769195,0.7800666314890534,0.8343240825369914,0.9686962532295755
26.8,2,6.607178142778238,-0.5929918448349318,7.983571704859712,1.7910090553688602,7.135968259740491,0.040533347646984165,2.7528021232758118,0.8252109774513436,0.9652808542867345
26.8,3,2.353318605763877,-4.9848353030803825,2.0508128274699535,-5.91579030214706,2.870650782207719,-4.3598085447007575,0.9788702448171818,0.8113513600621277,0.9639629140089739
26.8,4,3.6679705217297878,-0.9851257934748459,4.466353681434091,-0.6820599722464706,4.230375495891837,-0.3698952355265737,0.8539698833660685,0.8335514347630613,0.9637384750528799
26.900000000000002,1,-7.80026737572904,-1.0234795487406574,-7.511394046402436,-0.29615536229559,-7.243014575352981,-0.4170210180084769,0.7825907439934463,0.823603444034078,0.9723658848934342
26.900000000000002,2,6.565673428903487,-0.6203615686996344,7.946977916654879,1.7732243160820578,7.092606208847757,0.021283210024148947,2.763558480602191,0.8302807818101591,0.9689421403895616
26.900000000000002,3,2.3142969079349607,-4.977871544204986,2.010866401349092,-5.912492685644968,2.84364263007778,-4.343015562011568,0.9826427379030137,0.8265887802757019,0.9676178213954328
26.900000000000002,4,3.6310067607537526,-0.9646472662552381,4.432873945465924,-0.6606650189503847,4.194047089627896,-0.34781091256327357,0.8575524407257744,0.8351655519564378,0.9673951023267024
27.0,1,-7.7812942827601095,-1.0701269740082802,-7.490239201865631,-0.340990864426423,-7.221219655187187,-0.4521901394486191,0.7850812228111544,0.8339841245231003,0.976035441032944
27.0,2,6.523735456428262,-0.6474128971171274,7.909870978312692,1.7558027385806576,7.058453003072162,-0.007079621874126029,2.7743138028514602,0.8342359127203175,0.9726040276952371
27.0,3,2.274911760101359,-4.9696015924507275,1.9704995154535467,-5.907944792678003,2.806600437769015,-4.339234331016608,0.9864860749672466,0.8246549182827515,0.9712727034979924
27.0,4,3.594174946195463,-0.9453389252950708,4.399585392043391,-0.6404407982674797,4.155575753348204,-0.3253972764411033,0.861190370444242,0.836360277784356,0.9710522510662629
27.1,1,-7.761477130718971,-1.1166181625689238,-7.468263524829618,-0.38571793159702344,-7.198244865259012,-0.48849627576984916,0.7875210259500466,0.8436632560039505,0.9797072813394313
27.1,2,6.48136932116058,-0.674142543128883,7.872290805050209,1.7387478043110252,7.023417725951234,-0.031943941506353636,2.7850857083964953,0.8403781988259956,0.9762671218990829
27.1,3,2.2351674812883595,-4.96002907529177,1.9297443229647413,-5.902036738809021,2.7668512255861737,-4.33415988459892,0.9902836683322636,0.8212185140442623,0.9749280237447593
27.1,4,3.5574786279818627,-0.927208214327333,4.366366398406454,-0.6214105228565612,4.119605085140569,-0.30615230927170484,0.864761038236182,0.8376733200014577,0.9747101396857133
27.2,1,-7.740818812875909,-1.1629463267886133,-7.445403192113909,-0.43028988953851727,-7.172851075657899,-0.5282345155266566,0.7899720526918668,0.8517314329505398,0.9833808962319319
27.2,2,6.438580170933762,-0.700547258863423,7.834236088416465,1.7219063426397474,6.984444979568613,-0.06038646669881635,2.7957354830956676,0.8412931885679206,0.9799312564423586
27.2,3,2.195068429904016,-4.949158191550513,1.8885860429324988,-5.894777292811233,2.7286535270449184,-4.321469654963989,0.9940457425052891,0.8238361213572745,0.9785837076261904
27.2,4,3.520921342980481,-0.9102621230862384,4.333162820485665,-0.6036057349173308,4.082773284411022,-0.2867929373543995,0.8682017957736577,0.8392803045743364,0.9783687111015779
27.3,1,-7.71932234530998,-1.2091047028346502,-7.421709213174032,-0.4746076098057479,-7.145709104002996,-0.5737439991301633,0.7925020858569882,0.8559879522601735,0.9870544168958867
27.3,2,6.395373204980913,-0.7266238359309702,7.795751185838057,1.7053295324268911,6.944973390403551,-0.07860632939804171,2.8063242284413037,0.8496982126553828,0.9835957645793324
27.3,3,2.154619003261182,-4.9369937095558525,1.847003842026538,-5.886192864639118,2.683253331265772,-4.3008942750416965,0.9978006431307813,0.827089320045963,0.9822392299186666
27.3,4,3.4845066146585344,-0.8945071846125434,4.30007498319146,-0.5871175261372036,4.051051319843521,-0.27934970502246564,0.8715733852574,0.836296375496606,0.982027918409987
27.400000000000002,1,-7.696990866468662,-1.2550865516631193,-7.397092699696219,-0.5186848396352188,-7.115546647960043,-0.6077967718616469,0.7951266514908771,0.870092775669662,0.9907297646815371
27.400000000000002,2,6.3517536733031825,-0.7523691058132878,7.756828472628635,1.689040012891828,6.905854728099041,-0.10687578648775828,2.8168623815507834,0.850699479381393,0.9872617536867476
27.400000000000002,3,2.113823637095315,-4.923540965051631,1.804994848928492,-5.876359468456901,2.63951312096898,-4.289793692332665,1.0016178516939718,0.8233984692322951,0.9858949753958144
27.400000000000002,4,3.44823795274333,-0.8799494727349386,4.267148877222863,-0.5717771504693727,4.017044971787035,-0.26357115698821104,0.8749773039584944,0.838727400909353,0.9856877289180664
27.5,1,-7.673827636709653,-1.3008851600027764,-7.371537425465784,-0.5625770719572312,-7.092033936753219,-0.6529288880241011,0.7977958414828517,0.8708221630766529,0.9944059368071415
27.5,2,6.307726876031845,-0.77777994024868,7.717535662281888,1.6731860075325573,6.863992529262895,-0.1289431843816375,2.8275068330546964,0.854646484067322,0.9909282781385675
27.5,3,2.07268680507804,-4.908805858856205,1.7626522777836777,-5.865340137188794,2.6019083537212855,-4.2762874457512705,1.005524357606461,0.824715096542521,0.9895508585268494
27.5,4,3.4121188528839905,-0.8665945997284719,4.234305886306106,-0.557633903146178,3.983905089612587,-0.24450460540203595,0.8783212566937423,0.8449470170095377,0.9893481498880164
27.6,1,-7.649836037824858,-1.3464938413351755,-7.345106282520585,-0.6062356017237701,-7.0721907394566195,-0.7049826300616546,0.800526380002795,0.8632558861175241,0.9980832865467268
27.6,2,6.2632981627842845,-0.8028532516121105,7.677891865632236,1.6577361510167863,6.820352371650694,-0.14416348786559438,2.8382345837627145,0.8626596063803049,0.9945956946280008
27.6,3,2.0312130183265524,-4.892794854274152,1.7199947263545161,-5.8530936514877165,2.5680215520099114,-4.259429776213069,1.009470457808355,0.8302497961111464,0.993207065146335
27.6,4,3.376152796314537,-0.8544477141509081,4.201572322698834,-0.5447261786863417,3.9508627838121875,-0.2277868094909146,0.8816148955564481,0.8502913966157905,0.9930091600706289
27.7,1,-7.625019572546663,-1.3919059368708873,-7.317861722862702,-0.6497038535348079,-7.042410232003117,-0.7419466298999929,0.8032495733773481,0.8728578030851708,1.0017583710241225
27.7,2,6.218472932013981,-0.8275859932903602,7.637815417570653,1.642632445682887,6.779547979994549,-0.17317009891264276,2.8489493199335114,0.8620123968253497,0.9982627630560926
27.7,3,1.9894068249089418,-4.875514974261252,1.6769419697456471,-5.839616424107163,2.529492705614205,-4.2428256297666715,1.0134721956261092,0.8318585006923724,0.9968628510716605
27.7,4,3.340343249518361,-0.843513498857865,4.1690460871414965,-0.5330375085843689,3.9135704788294707,-0.2115366274680431,0.8849540856004593,0.8532199144390379,0.9966704648800919
27.8,1,-7.59938186403653,-1.4371148165216767,-7.289856364987778,-0.6929631883868181,-7.0202542814666336,-0.7969904708600576,0.8059576168863593,0.8632195171576972,1.0054350105035026
27.8,2,6.173256630354544,-0.8519751600522301,7.597323857524321,1.62791264070451,6.730908435599734,-0.18711022133171246,2.8596872157355104,0.867767781513613,1.001930636448047
27.8,3,1.9472728093454248,-4.856973798343981,1.6335809595409625,-5.824880751803753,2.498405627677973,-4.220165721382527,1.0174706124451567,0.8421828247634378,1.000518938607782
27.8,4,3.304693663894111,-0.8337961691974796,4.136717278878478,-0.5225294419508268,3.8798634274608004,-0.19748240795145405,0.888341303431567,0.857738573035179,1.00033237272723
27.900000000000002,1,-7.572926655356028,-1.4821138798684772,-7.261061602450312,-0.7360079586712591,-6.99011890950518,-0.8390643478479975,0.8086617691404946,0.8678580351967158,1.0091100940264204
27.900000000000002,2,6.127654751957912,-0.876017788413689,7.556443679817352,1.613564628187262,6.690051815237064,-0.21444224988932964,2.87044568132239,0.8683159850876933,1.0055985280806103
27.900000000000002,3,1.904815592105619,-4.837179459294891,1.589912571398966,-5.80888173472131,2.4609890210683147,-4.194918974838704,1.021454465220577,0.8496042684556253,1.0041747292521546
27.900000000000002,4,3.269207475423049,-0.8252994713853137,4.104497963220886,-0.5132428257319105,3.840672789123379,-0.18453656831201173,0.8916779402351508,0.858574226679058,1.003994561804645
28.0,1,-7.545657808920357,-1.5268965571250386,-7.231415426312623,-0.7788370312945015,-6.966995122642224,-0.8981898520738905,0.8113823569765326,0.8544721326450008,1.0127854744938032
28.0,2,6.081672837826764,-0.8997109569979704,7.51511493876741,1.5995677333247058,6.638934004364618,-0.2281693443910997,2.8811716763584507,0.8726443406071952,1.0092668008351258
28.0,3,1.8620398291018425,-4.816140639565296,1.545968946682985,-5.791592810602922,2.4312088500705564,-4.167668057129733,1.0253817536386407,0.862826787136985,1.0078305215473116
28.0,4,3.2338881043378844,-0.8180266810601164,4.072342029037584,-0.505246189580681,3.8067567658361847,-0.16999081223454993,0.8948947534176555,0.8649445014631638,1.0076571953285793
28.1,1,-7.517579305934431,-1.5714563100971195,-7.200995630613716,-0.8215752491086854,-6.9486147199034605,-0.959750109585699,0.8139697961894604,0.8354071916745223,1.016457938334407
28.1,2,6.035316475141233,-0.9230517868905395,7.473452994805872,1.5859327552351579,6.595436117908207,-0.23523817511448739,2.891926707546167,0.8870296380379972,1.0129345504173557
28.1,3,1.8189502111785458,-4.793866567476868,1.5016934889394091,-5.773006737952969,2.400600938872393,-4.142544771228093,1.0292557025568956,0.8732340186316108,1.0114858853878173
28.1,4,3.1987389547931073,-0.8119806020210021,4.040238062349526,-0.4984671376080347,3.7711977155014145,-0.15676940023262192,0.8980041427446034,0.8700636480514884,1.011319975728025
28.2,1,-7.4886952458116385,-1.615786633137036,-7.169724236898772,-0.8641869415008184,-6.913929010895688,-1.003287296450546,0.8164830684065342,0.8399474163546475,1.0201284802761834
28.2,2,5.988591296580039,-0.9460374419889046,7.431459424340929,1.572685241065096,6.547003763176908,-0.25860806187779284,2.902728438596859,0.8856543544130216,1.0166022677829019
28.2,3,1.775551463597914,-4.770367013173793,1.457117960935842,-5.753284053971152,2.3624638592268266,-4.110742833716246,1.0332114036863282,0.8829327371141648,1.0151408777292394
28.2,4,3.163763414536912,-0.8071635651465319,4.008335643540943,-0.49295393097181267,3.7355823034969355,-0.15155095511740332,0.9011270411063296,0.8699452489672451,1.0149829589617736
28.3,1,-7.459009845575331,-1.659881054093483,-7.137685053591102,-0.9065815379697442,-6.879122453646095,-1.0414258632035331,0.8189687313542362,0.8477949106105884,1.0237993068062103
28.3,2,5.941502979636047,-0.9686651293472299,7.389117394774981,1.5597437328472568,6.500469431386063,-0.2771034850703618,2.913492555223311,0.889213698734409,1.0202705316380776
28.3,3,1.7318483455216742,-4.745652284337252,1.4122194988329642,-5.73237327572143,2.324017598110647,-4.083701696940929,1.0371985896990648,0.8881683420760499,1.0187957895078026
28.3,4,3.128964854584663,-0.8035774274961183,3.9766577992845296,-0.48866117889962574,3.6996834571302455,-0.15130624578694785,0.9042983866645009,0.8667049196698149,1.0186463363996077
28.400000000000002,1,-7.428527439243142,-1.7037331352564564,-7.104854329028843,-0.9486965508612353,-6.845886991761002,-1.0834764389449798,0.8214892123765228,0.8509925148680307,1.027469385062383
28.400000000000002,2,5.894057245926424,-0.9909320995156983,7.346435974970546,1.5471719542600286,6.4507420401695965,-0.29507855450240605,2.924273612433111,0.8911285632551169,1.023938866168141
28.400000000000002,3,1.6878456494892156,-4.7197332216641446,1.3670297562557299,-5.710300003486433,2.283733065220592,-4.058038999925607,1.041223024428947,0.8904611475573693,1.0224503607801547
28.400000000000002,4,3.094346628893997,-0.8012235715940901,3.945181529410825,-0.48562032875103567,3.669398824223411,-0.1468466502122666,0.9074830217863759,0.8711453280540116,1.0223100189632601
28.5,1,-7.397252477194238,-1.747336474297147,-7.071199877431622,-0.9905854966942833,-6.8129457227522865,-1.1323115346904635,0.8240038470267299,0.8483336959149338,1.0311374929139054
28.5,2,5.84625986049741,-1.012835646874592,7.303426870582525,1.5349262403606743,6.40894083102289,-0.31560349671960974,2.9350342978113555,0.8959590089960788,1.0276067329314778
28.5,3,1.6435482008920248,-4.692621194111992,1.3215117653349837,-5.6871599363555365,2.2355863275480568,-4.021004574807348,1.0453778147873884,0.8953089001794762,1.0261043309542934
28.5,4,3.05991207404156,-0.8001029048967059,3.913900560401342,-0.4838278768960872,3.6394596625915483,-0.1437973025404635,0.9106735025089199,0.875564075940931,1.0259739739002225
28.6,1,-7.365189525519556,-1.7906847052026698,-7.036739854705822,-1.0321647057319183,-6.778184228411166,-1.1734411941928107,0.8265783543347591,0.8518008985185958,1.0348057063361724
28.6,2,5.79811663112381,-1.034373109963051,7.260084632786988,1.5230220943639392,6.362472930103113,-0.33292490366771266,2.9457801460736537,0.9002930735669157,1.0312751903349011
28.6,3,1.5989608574445238,-4.66432809391214,1.2756871708560398,-5.662826096269924,2.1916030768550145,-3.9911422214469403,1.0495256724601814,0.8968857335884677,1.0297582520697595
28.6,4,3.025664508901414,-0.8002158594423099,3.8827607996908977,-0.48321285048407125,3.609218140155092,-0.14391983652879858,0.9138407735342458,0.8782137041981557,1.0296383276785326
28.7,1,-7.332343265355178,-1.8337714992054892,-7.001483361571388,-1.0734914266412066,-6.738406545606326,-1.2062729206945275,0.8291526184425695,0.8640111649158845,1.0384714525955112
28.7,2,5.749633407603316,-1.0555418718024585,7.216357043728961,1.5114327128745577,6.31592210161365,-0.3657509753992081,2.956456788648766,0.8924653302648401,1.0349429930305307
28.7,3,1.5540885086513807,-4.634866331353432,1.2295250656644703,-5.637289192669886,2.1460410097491565,-3.962598287398638,1.0536569752122291,0.8957410822769699,1.0334115605964693
28.7,4,2.9916072343251745,-0.8015623916847745,3.8518204513276304,-0.4837590957335601,3.5779948370570342,-0.13534349679881666,0.9170418276301083,0.8875235414008377,1.0333027859429864
28.8,1,-7.298718492198875,-1.876590565707417,-6.965525678717998,-1.1145493756073757,-6.705268545128921,-1.2580726516587937,0.8316996010365699,0.8571739903172465,1.0421369628061437
28.8,2,5.7008160810456925,-1.0763393602144284,7.1722888720739215,1.5002375345432784,6.269135878334536,-0.3807203140999354,2.967150260660163,0.8982612366720883,1.0386106406794542
28.8,3,1.5089360752712992,-4.604248829338644,1.1830606791845837,-5.610596071475202,2.104877480590918,-3.924533382055681,1.057794661326351,0.9039686099911879,1.0370647064183427
28.8,4,2.9577435328238453,-0.8041419825102887,3.8211628074674864,-0.48544679371770305,3.5458089691887125,-0.13355251801740958,0.9203583362939096,0.8919143385638825,1.0369676968709913
28.900000000000002,1,-7.264320115209992,-1.9191356531980117,-6.928765209349756,-1.155353273643178,-6.6639921350280735,-1.2921540656744483,0.8342425415700858,0.8680435443472119,1.045800302481781
28.900000000000002,2,5.651670583156974,-1.0967630481333441,7.127909150867194,1.489446038433243,6.221023196191293,-0.4084506657457331,2.977878061344135,0.893272821548443,1.0422779094576686
28.900000000000002,3,1.4635085087774247,-4.57248901771608,1.1362316486403938,-5.58271391055087,2.0598972872766272,-3.8916115151406885,1.0619154755837288,0.9051374197507654,1.040717406226532
28.900000000000002,4,2.9240766682514607,-0.8079536374374836,3.790710674689884,-0.4882772396957068,3.5143399953131897,-0.13143380330076299,0.9237139710909823,0.8978250838856964,1.040632703177257
29.0,1,-7.229153156492707,-1.961400550167304,-6.891238246924359,-1.1959221125253754,-6.626498200992512,-1.3319470523191148,0.8367459140045519,0.8714382946269128,1.0494631328144928
29.0,2,5.602202885518703,-1.1168104539134167,7.08318482862326,1.479080871873729,6.170784107657496,-0.42596128536699285,2.9886383674005614,0.894738609790663,1.045945018029382
29.0,3,1.4178107908143467,-4.53960082738879,1.089096071823948,-5.5537094086747905,2.0146105592004386,-3.8585009702618223,1.06605327311483,0.9055754959825648,1.0443698963814083
29.0,4,2.8906098854905005,-0.8129958870008265,3.760434190669301,-0.4923255959301082,3.4869679310886323,-0.13397700652043795,0.927051108329612,0.9037198451945512,1.0442980887977935
29.1,1,-7.193222750362811,-2.0033790860126657,-6.85292792436415,-1.2362548297521687,-6.590435816017495,-1.388187822547802,0.8392140329764983,0.8612853063073348,1.05312536024935
29.1,2,5.5524189988623345,-1.1364791416302307,7.038156170758031,1.469119197299722,6.1186675594290625,-0.4357691425676238,2.9994262197605646,0.9009061744322824,1.0496121740826567
29.1,3,1.3718479326518023,-4.505598684204013,1.041655592637168,-5.523578335327082,1.9808806395809313,-3.8159076715688354,1.0701913620960435,0.9201057173059842,1.0480222960503975
29.1,4,2.8573464101391433,-0.8192667873171278,3.7303213385597966,-0.49762130686283695,3.450303902575662,-0.134616497890384,0.9303445817264249,0.9057287710174212,1.047963688698389
29.2,1,-7.156534142598118,-2.0450651319396917,-6.813899424853776,-1.2763672068835479,-6.553452296532154,-1.4351072678462604,0.8416026674086565,0.8577623849433778,1.0567801707642865
29.2,2,5.502324972338892,-1.15576672137672,6.992802938040747,1.4595168283689368,6.073011532448421,-0.45073754004711103,3.0101881356176032,0.9070552885110948,1.0532768552937104
29.2,3,1.3256249746351485,-4.470497502625535,0.9938896397340491,-5.492360786581159,1.9358384604424024,-3.7749191949719596,1.0743616260452142,0.9253051822719094,1.051673413411714
29.2,4,2.8242894482003775,-0.8267639208349427,3.7004075963216394,-0.5041138843869494,3.4192611805681765,-0.13852056634454543,0.9336412884439723,0.9097638579966422,1.0516287924015693
29.3,1,-7.119092689672575,-2.086452601857015,-6.774116175642442,-1.3161563527237454,-6.515554760525694,-1.4778303026291932,0.8440172431065414,0.857134257299442,1.0604331538247134
29.3,2,5.451926892783932,-1.174670849553571,6.9471581679317005,1.450229492057902,6.017656577242973,-0.4661710882928881,3.020896947857051,0.9066542822843613,1.056941140112231
29.3,3,1.2791469856326123,-4.434312679191699,0.9459214978032259,-5.459985285359681,1.8927925929549858,-3.7390345079870113,1.078444954915435,0.9273471123262201,1.055324262717427
29.3,4,2.791442185772993,-0.8354843972665873,3.670707671317605,-0.5118113670676906,3.3936190833935194,-0.14184638112363,0.9369482507311372,0.9185590419056465,1.055294000539132
29.400000000000002,1,-7.080903857974241,-2.127535453264851,-6.733583409716178,-1.3556715194945541,-6.47783271215383,-1.5348650318815544,0.8464073641182118,0.8455489550013041,1.0640845116536715
29.400000000000002,2,5.4012308839779575,-1.1931892291539823,6.901188609318184,1.4412761065011062,5.969198534696253,-0.47412226164175214,3.031547588703846,0.9163212078903851,1.0606049751410533
29.400000000000002,3,1.232419062479451,-4.397060085761983,0.8977283184385249,-5.426552294341714,1.8569062190287142,-3.6926208863743515,1.0825304160498403,0.9413919451157797,1.0589749221088212
29.400000000000002,4,2.7588077887445137,-0.8454248547023933,3.6411843268956,-0.5206805827574742,3.3559208270861713,-0.14543171143779096,0.9402378407831344,0.920073030348713,1.058959289905173
29.5,1,-7.041973223007197,-2.1683076881371917,-6.692241571762172,-1.3949548249820005,-6.439302505395194,-1.576488166520756,0.8487560773466684,0.8446669994934537,1.0677283092218275
29.5,2,5.3502431059023206,-1.211319610042771,6.854979261771491,1.432694595255461,5.92153805050646,-0.4888188945578621,3.04221005464757,0.9210782798472953,1.0642661790764356
29.5,3,1.1854463294190132,-4.358756062555076,0.849342347252415,-5.392104991350845,1.8080517651913028,-3.6520983410906607,1.0866351252704871,0.9418081885174296,1.0626244216861038
29.5,4,2.726389402486049,-0.8565814609067943,3.6118626345510476,-0.5307955841739826,3.3299971692492076,-0.15409535562828472,0.943503726639276,0.9261906198003611,1.0626240179423416
29.6,1,-7.002306468577524,-2.2087633537975204,-6.650172617501384,-1.4338821708956504,-6.39917248861377,-1.6248427500097382,0.851139880800515,0.8394842877116917,1.0713709061197674
29.6,2,5.298969753990731,-1.2290597892297859,6.808494987260625,1.4245059404222413,5.871633242265461,-0.49570817533925166,3.0528801993301706,0.9304558347384542,1.0679272924601582
29.6,3,1.1382339375408108,-4.319417410981514,0.8007043607661402,-5.356665578016632,1.77202483115367,-3.6113450192647,1.0907841102690305,0.9502933277352609,1.0662739437815874
29.6,4,2.6941901515491367,-0.8689499147957243,3.582722054573979,-0.5420389265970283,3.293634543859179,-0.16110593035197063,0.9467627669580146,0.9275649226793589,1.0662887974311672
29.7,1,-6.9619093859634935,-2.2488965437878776,-6.607450999412868,-1.4724394288405556,-6.3590275135574705,-1.6634849373108114,0.8535375792244835,0.8403411813506771,1.0750084549368542
29.7,2,5.24741705837647,-1.246407611137585,6.761749987558188,1.4166933384335867,5.82379435695491,-0.507695409708471,3.0635454767329566,0.9369666519448961,1.0715866157428549
29.7,3,1.090787064215653,-4.279061386274035,0.75174161372754,-5.32026443462278,1.7257247482025986,-3.572498159388265,1.0950139749735646,0.9499355010388542,1.0699228094198574
29.7,4,2.662213139364601,-0.8825254480947633,3.553794317039619,-0.5544979063319624,3.265455711940097,-0.172180877862222,0.9500100339150728,0.9319286506092385,1.0699532221755588
29.8,1,-6.920787873070037,-2.288701398731202,-6.563970321866426,-1.5107351780657048,-6.311849684983911,-1.6996244835861074,0.8558914682034742,0.8472410099059626,1.0786448246481266
29.8,2,5.195591283135367,-1.2633609678633593,6.714677913897435,1.409305997942894,5.781513685600273,-0.530135515648091,3.0742109397164104,0.9385758496182031,1.0752454429761642
29.8,3,1.0431109125278728,-4.237705689918851,0.7025614898370259,-5.282889126751949,1.6767252965063426,-3.5243511358758863,1.099264447676407,0.9541183927365895,1.0735713704849743
29.8,4,2.630461447943433,-0.8973028271774037,3.5251665304595496,-0.5681958155695254,3.231589255025631,-0.1826845811661787,0.9533145387382065,0.9338275418831958,1.0736176331988025
29.900000000000002,1,-6.87894793356767,-2.328172107186786,-6.519847692032515,-1.5487969414849876,-6.263102153271572,-1.7311840769120639,0.8581250680310607,0.8577066709544718,1.0822781387766733
29.900000000000002,2,5.143498725524674,-1.2799177994350561,6.667410528820909,1.402205202520495,5.735096951956415,-0.5523970746197054,3.084816199037576,0.9376965748860523,1.07890309959445
29.900000000000002,3,0.9952107107047665,-4.195368461891205,0.6532704663404774,-5.244537530973062,1.6280668286984807,-3.478094410035586,1.1034848735864038,0.9565505378951238,1.077219490086467
29.900000000000002,4,2.598938137579736,-0.913276355082707,3.4968792952818086,-0.5830962144840149,3.2001677834556035,-0.19623869725814272,0.956722137269286,0.9357457399414426,1.0772818617814055
30.0,1,-6.836395676015963,-2.367302906498739,-6.475014072253222,-1.586498553270407,-6.216925923336323,-1.7489406839446335,0.8603790452808837,0.8752797340090924,1.0859107974962874
30.0,2,5.091145715217889,-1.2960760940616858,6.619968582928023,1.3954701899438038,5.68744445131295,-0.5699864931566151,3.0954354717514625,0.9395628191936137,1.0825605634806532
30.0,3,0.9470917115432527,-4.1520682726985685,0.6038045598155826,-5.205275258177863,1.57629146588998,-3.4434619699974154,1.1077414061068946,0.9476366514111726,1.0808677174596693
30.0,4,2.5676462465557766,-0.9304398737115966,3.468888343490033,-0.5992089204130665,3.1757810758490024,-0.21766111980522004,0.960182931377927,0.9369533193387106,1.080946289789441
30.1,1,-6.793137312971701,-2.4060880836373224,-6.429466912129439,-1.6238163695862873,-6.172307177887657,-1.790986435185841,0.8626732840728961,0.8739451324632469,1.0895428053801215
30.1,2,5.038538613535652,-1.3118338883777718,6.572293699801688,1.3891347634056395,5.637114678702116,-0.5781795920778635,3.106064442757689,0.9468589822510433,1.0862174795875967
30.1,3,0.8987591918338387,-4.107824115235005,0.5541134501164967,-5.165213324784838,1.5308371758228911,-3.3955168088990386,1.1121387628152872,0.9523152190862354,1.084515796849279
30.1,4,2.536588790849136,-0.9487867662009206,3.4411643726216075,-0.6164562179393628,3.1467034340863544,-0.23587349723253878,0.9636911208716373,0.9383417325066932,1.0846107382123724
30.2,1,-6.749179160081866,-2.4445219760330428,-6.383141294143162,-1.6607544381256842,-6.1286268750184005,-1.8569478970622988,0.865029058921331,0.8545925560030384,1.0931732936038476
30.2,2,4.9856838126727885,-1.327189267681911,6.524405885892369,1.3832245266116494,5.5847798650204865,-0.5702383065394507,3.1167304270517175,0.9653449318834643,1.089874103119628
30.2,3,0.8502184517819689,-4.0626553964502605,0.5042739429431222,-5.124229068368467,1.4978853939915178,-3.3402415942799397,1.116519710576421,0.9702340797958225,1.0881640551135927
30.2,4,2.5057687638420427,-0.9683099594743716,3.4136367127322473,-0.6348369758883249,3.1075734676864073,-0.2506439469515399,0.9671754977272154,0.9365967152940611,1.0882751055934734
30.3,1,-6.704527635161552,-2.4825989724033835,-6.336188328530913,-1.697275963306809,-6.081522838121527,-1.9051157811567923,0.867413438577959,0.8494832625233,1.0967920342792363
30.3,2,4.932587734921611,-1.3421403661694318,6.476191688595104,1.3777084585135164,5.527157997146278,-0.5697475629949788,3.1273456468586347,0.9747330091453754,1.0935264091864239
30.3,3,0.8014748144267925,-4.016581928837233,0.45430864328881126,-5.08238686796605,1.4586604588542482,-3.2885930980792897,1.1209212812030942,0.9807449765101263,1.0918112936825566
30.3,4,2.4751891360328413,-0.9890019269693053,3.3863215187203775,-0.6544135803032004,3.0766154257112275,-0.27334660955775064,0.9706243251158629,0.9348134120003538,1.0919382049855113
30.400000000000002,1,-6.659189257256995,-2.5203135135720287,-6.288580151874926,-1.7333195011959015,-6.028991306527279,-1.9245370063841103,0.8698911911888598,0.8672364750291408,1.1004039074431378
30.400000000000002,2,4.879256831891556,-1.3566853671590984,6.427723271798824,1.372536348492684,5.481989294194894,-0.5960344932604037,3.1378973037217683,0.9705030515547552,1.097175794562649
30.400000000000002,3,0.7525336250574379,-3.9696239217415625,0.40414765175739326,-5.039677047996513,1.402852444099473,-3.239944093026207,1.1253383843983158,0.9774186507501775,1.0954579053389661
30.400000000000002,4,2.4448528547497097,-1.0108546915383592,3.359144763889229,-0.6751666349993517,3.0506195248791497,-0.29589569902961155,0.973969284126005,0.9370803698770096,1.0956005234788007
30.5,1,-6.613170645693785,-2.557660093280505,-6.2402756682212015,-1.7689114995442747,-5.973308766313752,-1.923272056431838,0.8724534419355334,0.9010390701742367,1.1040168361401477
30.5,2,4.82569758372526,-1.3708225033138572,6.378965246856163,1.3676731215541449,5.428948686473848,-0.6321821086129471,3.1483326890195906,0.9536778940770848,1.1008251331278842
30.5,3,0.7034002506268391,-3.9218019724971382,0.35370860366199947,-4.996116338743541,1.3433285513912394,-3.1979547311820116,1.1297944970127944,0.9661589200947907,1.099104818115663
30.5,4,2.4147628438665767,-1.0338598285248097,3.3322797668288144,-0.6970710081729811,3.0329461217248417,-0.32399129040931773,0.9773760859751324,0.9413096761586033,1.0992631340581493
30.6,1,-6.566478519110457,-2.594633258992087,-6.191312801376244,-1.8040847606879964,-5.921249873017444,-1.9368435110185116,0.8750521378374431,0.9214159529106073,1.1076335180841375
30.6,2,4.771916498311163,-1.3845500568555815,6.329910069993612,1.3632562031711055,5.3811151366911245,-0.651074548652189,3.158762924317949,0.95347223459219,1.1044752864460958
30.6,3,0.6540800791631809,-3.8731370573914257,0.3030523238454217,-4.951718247582105,1.287554342201519,-3.1531654810586263,1.1342653432229013,0.9589831659935963,1.1027523696456842
30.6,4,2.38492200352132,-1.0580084690104212,3.3057397262105797,-0.7202236541339896,3.0102415108823553,-0.3553108491094468,0.9808179543522535,0.9406425629859315,1.1029263960026416
30.7,1,-6.519119694477595,-2.6312276126878476,-6.141749347861466,-1.8388713651073514,-5.875656438744282,-1.9682268935714695,0.8776313585925598,0.9239128286952994,1.1112499278025634
30.7,2,4.717920110492761,-1.397866359773794,6.280573362939897,1.359259054734541,5.330142178267969,-0.6616887932338881,3.1691679884019037,0.9574827777811821,1.1081251607539
30.7,3,0.6045785191790565,-3.8236505224645847,0.2522477395384858,-4.906428298531277,1.2384759047819487,-3.1054904565333272,1.1386591635015566,0.9579038447425555,1.10640034432607
30.7,4,2.355333209836242,-1.0832913032345988,3.27939883977548,-0.7445045402660876,2.9864033446236746,-0.37937266030578976,0.984212253123117,0.9453840335458201,1.106589728916301
30.8,1,-6.471101086102554,-2.667437811654769,-6.091586426069227,-1.8732789943546624,-5.825087565948809,-2.004649112505723,0.8801815746058966,0.925538939181447,1.1148643729333092
30.8,2,4.663714981274549,-1.4107697940283463,6.23097560976976,1.3556498609269645,5.281859774385045,-0.6650768038788438,3.179525685531454,0.9685871260799017,1.1117742046195191
30.8,3,0.5549009990783456,-3.773364074146375,0.20136228175574403,-4.860287754746023,1.1946274424041818,-3.0565722266294406,1.142975376853935,0.9607499544403137,1.110048706429065
30.8,4,2.3259993146408586,-1.1096985841834694,3.253346928752125,-0.7699096036683951,2.954058303272101,-0.4041751760583454,0.9876386731377684,0.9445747046226621,1.1102529325283832
30.900000000000002,1,-6.4224297046199865,-2.703258569265765,-6.040794303883129,-1.907314071422046,-5.776423726405884,-2.059727837457885,0.8827078920816738,0.9118418320462958,1.1184740565682891
30.900000000000002,2,4.6093076970248275,-1.4232587917460227,6.181152490092382,1.3523685226805844,5.231086215772876,-0.6608614167473431,3.18979670858264,0.9837978876686995,1.1154213801365431
30.900000000000002,3,0.5050529665609458,-3.7222997697350166,0.15038989866193378,-4.813326637683292,1.1547573590868818,-2.9996990951539284,1.1472251384608703,0.9717342911375204,1.1136972439923738
30.900000000000002,4,2.296923145197047,-1.1372201313475405,3.227590634727554,-0.7963645794981082,2.919624700516096,-0.4251321093653493,0.9911228396599472,0.9459527356307356,1.1139156355506246
31.0,1,-6.3731126559683,-2.7386846557515225,-5.98937433092721,-1.941016473018195,-5.723705846160172,-2.087413054176637,0.885172091658131,0.919719470079375,1.1220765499809648
31.0,2,4.554704868675389,-1.4353318354110485,6.131037341060138,1.3495275702379668,5.174825722437144,-0.6725669597449826,3.200041557968647,0.983036178795103,1.1190657310595817
31.0,3,0.45503988802535766,-3.6704800077221122,0.0992880078615574,-4.765562740862087,1.1076663258072,-2.9484963504460895,1.1514189474997347,0.9732325871370514,1.1173458986526486
31.0,4,2.268107503926535,-1.1658453346464812,3.2021362649717404,-0.8238482599841516,2.8948402825605704,-0.4534524518072053,0.9946716672034209,0.9488401315998356,1.1175776525710184
31.1,1,-6.323157140352206,-2.773710898964036,-5.937373096764537,-1.9743697620723972,-5.671451598927536,-2.1004633818478498,0.8875672264195376,0.9370071141814944,1.125673385040789
31.1,2,4.499913130918232,-1.4469874580494837,6.080655382830618,1.3471137135761015,5.12492242982074,-0.7002330760968373,3.2102565978844293,0.9737960416227225,1.1227073434946548
31.1,3,0.4048672479692359,-3.617927517967939,0.048045205402708804,-4.717119558595031,1.0505252187820655,-2.8972798323398137,1.1556578698902624,0.9675780599389975,1.1209946603275696
31.1,4,2.239555168140801,-1.1955631585195157,3.176993867422958,-0.8523045812337611,2.875909715477924,-0.48147651416912135,0.9983074505341841,0.9564867200103938,1.121239052925839
31.2,1,-6.272570451191502,-2.8083321851317327,-5.884706386716209,-2.007235329159982,-5.614537418985916,-2.1166865008368556,0.890053203555337,0.9546628850423624,1.1292710241661934
31.2,2,4.444939141399415,-1.4582242434074688,6.030053765857218,1.345122155524947,5.0700306197016465,-0.7134845076113249,3.2204563970153903,0.972304803196909,1.1263487801481507
31.2,3,0.35454054838796156,-3.5646653517313824,-0.0033702785274434175,-4.6679424598971675,1.0002097876391716,-2.8474615583045035,1.1598795357389173,0.9650233405576994,1.1246442456592602
31.2,4,2.211268889773397,-1.2263621461798397,3.1520791047436902,-0.8817507311588711,2.852364551075995,-0.5170833430774083,1.0019385649605486,0.9560753461267752,1.1249007431783438
31.3,1,-6.221359974056234,-2.8425434596060812,-5.831361433383338,-2.039658054056102,-5.560634424670026,-2.1544792743072185,0.8925938808731232,0.9539342612060304,1.1328688226713506
31.3,2,4.389789579910065,-1.4690408261233148,5.979362925525622,1.3435537741433086,5.015341403265923,-0.7172821325720727,3.230701441876114,0.9779857959263564,1.1299901803150427
31.3,3,0.30406530817126987,-3.5107168715588806,-0.05492798379580352,-4.6180803098177385,0.9572971882965409,-2.7934683359727965,1.1641004974098395,0.9701326460914397,1.12829481085345
31.3,4,2.1832513951147057,-1.258230424031419,3.1273968621895607,-0.9122101087631247,2.8228791972691427,-0.543138326347829,1.0055549321525732,0.9594167152277642,1.1285625882119101
31.400000000000002,1,-6.169533185588438,-2.876339727599547,-5.777337175201774,-2.0716782991193767,-5.508052885310682,-2.193751748330436,0.8951523473951039,0.9505169841187685,1.1364618269926998
31.400000000000002,2,4.334471147574758,-1.4794358918934032,5.928515473850525,1.3423944371319443,4.957893669087861,-0.7198186746210575,3.240941795210038,0.9826871104814273,1.1336295746343843
31.400000000000002,3,0.25344706249805693,-3.4561057410368536,-0.10664025052997624,-4.567375349440385,0.9134464202520516,-2.736985697819046,1.168153678059992,0.9760803188228246,1.1319460308841487
31.400000000000002,4,2.155505384549176,-1.2911557062465073,3.102936051516002,-0.9436598895128063,2.796600991271371,-0.5715272684096196,1.0091472694094885,0.963778327989408,1.1322240737906974
31.5,1,-6.117097652410542,-2.909716054914836,-5.722602064482932,-2.10325293328531,-5.4514637767306455,-2.2281487395439803,0.8977803380798617,0.9526817211610997,1.14004513794588
31.5,2,4.278990566037262,-1.4894081776318853,5.877476424158942,1.3416580702683087,4.904682245151629,-0.7222729176726337,3.2511679653033445,0.9899427177295183,1.1372645981797216
31.5,3,0.20269136222937867,-3.4008559144120656,-0.1585032046343447,-4.516066835219271,0.8638436419288025,-2.676584456717876,1.1722443913363492,0.9806586977038501,1.1355974771873878
31.5,4,2.1280335322950545,-1.325125299502043,3.078763855522048,-0.9761089497411378,2.7708619562309647,-0.6081111987977655,1.012768759344269,0.9629836983192862,1.1358844889862438
31.6,1,-6.064061030020655,-2.9426675686652786,-5.667271710251857,-2.1343593239322955,-5.395529023310585,-2.275315608749736,0.9004465463234903,0.9446129802193641,1.1436244321241968
31.6,2,4.223354576643796,-1.4989564716241595,5.826335238214687,1.3414050762855294,4.853120076975867,-0.7198085753323689,3.2614721713076404,1.0018363288004815,1.140898052603141
31.6,3,0.15180377329973216,-3.3449916260844956,-0.2105060481229822,-4.464189521259555,0.8193253720532544,-2.615121940674192,1.1763810331961502,0.9890878841050443,1.1392499261454871
31.6,4,2.1008384861466407,-1.3601261078731919,3.0548733239596437,-1.0095437752553629,2.7396951021909577,-0.6364148778502033,1.0164105684735087,0.9653474609305102,1.1395446492820265
31.7,1,-6.010431061674899,-2.9751894579862492,-5.611333640236111,-2.165105107275758,-5.340522818922588,-2.307641340391661,0.9030589167186861,0.9457259344078317,1.1471975415899123
31.7,2,4.167569939623922,-1.5080796136741,5.775009723711206,1.3415481097753212,4.793139262294433,-0.7289174031956508,3.271733611056699,0.999215055783341,1.1445290731904338
31.7,3,0.10078987610669454,-3.288537379977336,-0.2626672238739765,-4.411714647196184,0.7719202530621184,-2.5551882929414953,1.1805203247397131,0.9940909748753535,1.1429033367000565
31.7,4,2.073922867219086,-1.396144637882049,3.0312864320887587,-1.0440421078440163,2.7180211020062006,-0.6684054515406572,1.0200594036619397,0.9718368481348647,1.1432043595121553
31.8,1,-5.95621557725687,-3.0072769747375627,-5.554807704144609,-2.195411984181407,-5.287175724497622,-2.360253094358669,0.9056782229286824,0.9307277939122034,1.1507652138039997
31.8,2,4.111643433269098,-1.5167764952450362,5.723541978978485,1.3421704286684162,4.7381742486160885,-0.7234858520082137,3.2820411995302905,1.01086641413515,1.148157640291542
31.8,3,0.04965526489896521,-3.2315179387887576,-0.3150267663420107,-4.3586703102438165,0.7254946887200835,-2.488644954415034,1.1846794724256882,1.0043003523364828,1.1465577203477322
31.8,4,2.0472892696957605,-1.4331670036996558,3.007945211034158,-1.079623429314142,2.6917168905608047,-0.69985012233512,1.0236468612847147,0.9762379868802431,1.1468636051512335
31.900000000000002,1,-5.90142249213452,-3.038925434196683,-5.497788571347891,-2.2252986360921883,-5.228000968862182,-2.366139866118775,0.9082449606815108,0.9519122693926941,1.1543249686242423
31.900000000000002,2,4.055581853109079,-1.5250460595944437,5.67192666233613,1.3432756943853104,4.686297745990516,-0.7503050997830271,3.2923912626947494,0.9990125586511635,1.1517829734684726
31.900000000000002,3,-0.0015944528370999134,-3.1739583131301776,-0.36754368949720223,-4.305084290562149,0.6676716048755272,-2.4298230742544855,1.1888502095022506,1.0008268130614733,1.1502131724192115
31.900000000000002,4,2.020940260578227,-1.4711789324992397,2.9848072174645246,-1.1162446856582457,2.674140623468879,-0.7390792782664124,1.0271406087570658,0.9811425063711718,1.1505221560775496
32.0,1,-5.846059806004521,-3.0701302157426817,-5.440176747803687,-2.2547356761903306,-5.170482537645441,-2.389420562053239,0.910828914816747,0.9590465463936139,1.1578883411905592
32.0,2,3.9993920110861945,-1.53288730190235,5.620210777208209,1.3448179807010276,4.636652656253707,-0.761157760243807,3.302762656646202,1.0008334603458355,1.1554094792345848
32.0,3,-0.052953656992417164,-3.1158837505557764,-0.4202146766467457,-4.2510485500194415,0.6140832703852731,-2.3692386593149526,1.1930967179985537,1.0012078479314312,1.1538702948335602
32.0,4,1.9948783794388292,-1.5101657699586513,2.961941395061505,-1.153891416735331,2.6515703706942535,-0.7771228391527942,1.030602877421715,0.9841729064465526,1.1541813591609218
32.1,1,-5.790135601724302,-3.1008867635308572,-5.381933653197434,-2.283698276401975,-5.110058566662672,-2.432181721610253,0.9134691315403729,0.9537668513364546,1.1614524264599497
32.1,2,3.943080734727639,-1.5402992693934285,5.568431158364382,1.346823228597332,4.580503136954769,-0.7502198102700118,3.313191862542909,1.0151516490602552,1.159036284114706
32.1,3,-0.10441671545148967,-3.057319724488076,-0.47297388969774967,-4.196607558629384,0.5705123587628199,-2.3085021235819863,1.1974185399060684,1.008095756685116,1.15752913217011
32.1,4,1.969106138175912,-1.5501124859099091,2.9394090482068793,-1.1925276696603209,2.6223302074004633,-0.8156627086846034,1.0340960487434496,0.9829130988447466,1.157841049785778
32.2,1,-5.733658044131991,-3.131190587157861,-5.323176230019613,-2.3122626761072205,-5.0531217454987685,-2.4433561982980696,0.9160448914844481,0.9675979538297552,1.1650114211511324
32.2,2,3.886654866315882,-1.5472810614527663,5.516648505594871,1.3493265399593575,4.526798028500369,-0.7665293533520571,3.3237350767846197,1.0096318625091667,1.1626611229807011
32.2,3,-0.15597798471001922,-2.9982919230444716,-0.525846068247996,-4.141680166870024,0.5149055854613811,-2.2487912375777315,1.2017233772123,1.0059006125065426,1.1611895222841049
32.2,4,1.943626020771731,-1.5910036801335856,2.917153382413451,-1.2320784081667915,2.60621320094299,-0.8598528683023805,1.037585116856215,0.986713373259292,1.1615005898723052
32.3,1,-5.67663537885436,-3.1610372623172958,-5.2638680932156054,-2.340416735477794,-4.9889107479461305,-2.458380439661125,0.9185830834300874,0.9832048506710728,1.1685738870512237
32.3,2,3.830121262057271,-1.5538318297352984,5.464762493888951,1.3522379179519026,4.481120522722737,-0.7733249434233858,3.3342605379944357,1.0163616664196362,1.1662870606985476
32.3,3,-0.20763181049378465,-2.938826237769568,-0.5787603481849479,-4.086262890655043,0.4607917647519102,-2.190221479565948,1.2059632100001234,1.0035931247021064,1.16485173048347
32.3,4,1.918440483053034,-1.6328235882959121,2.8951709315315357,-1.2724540242646205,2.580461147248513,-0.9054143213749064,1.0410900977653752,0.9835627084351959,1.165160810327833
32.4,1,-5.619075931102947,-3.1904224314456706,-5.203988068765217,-2.368184737994953,-4.930294557082659,-2.4569000018231875,0.9210715270766232,1.0062181353745057,1.1721368623620785
32.4,2,3.7734867912489287,-1.5599507782688886,5.412799379900887,1.355587077426859,4.426169981058155,-0.7982751061622216,3.3448029465586973,1.0030678819196086,1.1699129686007725
32.4,3,-0.2593725283787115,-2.878948752278277,-0.6317572887277241,-4.030365778196226,0.40074815253721746,-2.127629145449931,1.2101370076623257,1.0001202252617483,1.1685156428664762
32.4,4,1.893551952454363,-1.6755560880262181,2.8734434047981425,-1.3136583067912584,2.5696599730844665,-0.9564957056141203,1.0445847320534551,0.9870004504127589,1.168821307040697
32.5,1,-5.560988104458632,-3.219341804358574,-5.14353081666609,-2.3954790725555175,-4.869322680712692,-2.5006234306156454,0.923591028532164,0.9974753927598068,1.1757085386390227
32.5,2,3.716758335444107,-1.5656371635510458,5.3606931205992385,1.3593715144426712,4.37135465802144,-0.7903950879068925,3.35532373165118,1.0146411293560018,1.1735425855051158
32.5,3,-0.3111944644120126,-2.818685730814711,-0.6848734238134137,-3.974030900048421,0.35689435770623384,-2.065633960468112,1.21427279668573,1.0066924272395676,1.1721817702364088
32.5,4,1.8689628277841037,-1.719184705132398,2.8520986932526675,-1.3558429161656844,2.5410254296889123,-0.9907349141669196,1.0481285157747373,0.9911141401658593,1.1724834984739627
32.6,1,-5.502380379644709,-3.2477911588770456,-5.082509242702879,-2.4223310701257432,-4.80610680648162,-2.5676119432804607,0.9261080551199914,0.9733656322343014,1.1792787135217884
32.6,2,3.6599427876160013,-1.5708902946392649,5.308523621050854,1.3636318089782635,4.310944314871167,-0.7671985900307763,3.3658934536001874,1.0342743081721868,1.177172188889883
32.6,3,-0.363091935734426,-2.7580636067317905,-0.7381646177625096,-3.9173321646499915,0.3187598382278043,-1.9988124613997849,1.2184346950827873,1.0204823091770885,1.1758497451068886
32.6,4,1.8446754789932656,-1.763692619952058,2.831145249117527,-1.3989387016122377,2.5080680840904077,-1.0211234827842894,1.0517452297554124,0.9957402633074837,1.1761460708735154
32.7,1,-5.443261313288703,-3.2757663414440126,-5.020997123537904,-2.4487930601848067,-4.741137098825398,-2.6023163931962703,0.9285428659262407,0.9728891228349715,1.1828430337230684
32.7,2,3.6030470513202024,-1.5757095332349835,5.2563216710091725,1.3683004804549381,4.254432175505373,-0.7605527025107137,3.3764644124904146,1.0434477651929523,1.1808004256576294
32.7,3,-0.4150592512033875,-2.6971089708967213,-0.7915339105931037,-3.860296393791173,0.27264834422843826,-1.9362235867376716,1.2225948429232143,1.025616061029413,1.1795195887783352
32.7,4,1.820692246947078,-1.8090626738367832,2.8105363386933875,-1.4428331073369993,2.481903836496848,-1.0632374212142301,1.0554219162703111,0.9967226663442689,1.1798088306328562
32.8,1,-5.383639536673143,-3.3032632677306886,-4.9590507081585615,-2.474855857242033,-4.6794829143220555,-2.6231999282905947,0.9308783545941458,0.9789395765067955,1.18640945920286
32.8,2,3.546078039855864,-1.5800942937611397,5.203978613946091,1.3734547827550074,4.197949637101924,-0.7660541097822062,3.3870468642990588,1.0428796672812186,1.18442997286059
32.8,3,-0.46709071201713337,-2.635848560027355,-0.8449183566739675,-3.802975193049064,0.2227604263133513,-1.8740527673672844,1.2267592700181735,1.0277292555777764,1.1831914004436077
32.8,4,1.797015443199367,-1.8552773757671353,2.7901534878183067,-1.4876113256644932,2.462131436439821,-1.1076310774044766,1.0590096789300887,1.0006769068583632,1.1834726327675877
32.9,1,-5.323523754475385,-3.3302779232328903,-4.89660327010834,-2.500399995363499,-4.615218902062126,-2.6715340723104464,0.933251560479267,0.9672844592364233,1.1899782559199183
32.9,2,3.4890426754256603,-1.5840440434333254,5.151545906404467,1.3790449511759375,4.143584391461371,-0.7497174297967201,3.397618781292201,1.0604365875682042,1.1880608152998882
32.9,3,-0.5191806123396527,-2.574309244964564,-0.8983519666477177,-3.7453111497125318,0.17761449508791838,-1.8094512032686971,1.2308600151321758,1.0346647987062463,1.1868649551536476
32.9,4,1.7736473497697487,-1.9023189090957993,2.770084626366636,-1.533200454342592,2.433516992951099,-1.1468055483020494,1.0626079614943686,1.0031093581111432,1.1871370908220962
33.0,1,-5.2629227434967545,-3.356806363857145,-4.833618092303499,-2.5255239347544998,-4.552504031939612,-2.709187086283881,0.9355923046236312,0.9613040488914146,1.1935467467179381
33.0,2,3.4319478882947094,-1.5875583023245237,5.099122020878871,1.385021934960547,4.085443445081874,-0.7437982035846109,3.4081817521158575,1.0672335953136753,1.1916920721372966
33.0,3,-0.5713232399263711,-2.5125180188858334,-0.9518813298920061,-3.6874643304299055,0.1310945931609552,-1.7446502408787565,1.2350397948444058,1.040678498259967,1.1905402237187617
33.0,4,1.7505902189237093,-1.9501691384161917,2.7503584401264343,-1.5795890135887984,2.4106706363796575,-1.1875617419914666,1.0662392438116068,1.0086011097507859,1.1908021810315181
33.1,1,-5.201845351381156,-3.382844716496516,-4.770185588158669,-2.5501538398785364,-4.4909939475012415,-2.7490697898758847,0.9379255019393131,0.9523551732473718,1.1971154043088033
33.1,2,3.374800615948471,-1.5906366434234207,5.046663735077199,1.3914830757946222,4.028545295658454,-0.7366849247083899,3.4187957395626807,1.075460666015017,1.195324070149105
33.1,3,-0.6235128767505773,-2.4505019854651433,-1.0054609596897348,-3.6293964320622996,0.08295465490538736,-1.677977397027434,1.239224133996152,1.04684794169207,1.194217093098574
33.1,4,1.727846272955511,-1.9988096165540346,2.7309664543010643,-1.6267472740013016,2.3891696966871545,-1.2291465789556213,1.0698974179651817,1.0147560604506678,1.194467980917001
33.2,1,-5.140300495323327,-3.408389179596072,-4.7063455797973095,-2.5743503047506007,-4.428169748438541,-2.77327646153056,0.9401796176596751,0.954200380060313,1.2006834335700531
33.2,2,3.317607802249789,-1.5932786926862965,4.994127768167956,1.3984347984000365,3.9788280017362543,-0.7340618171127663,3.4294414718537225,1.0841890017332125,1.1989562531671476
33.2,3,-0.6757437996304744,-2.388288346984396,-1.0590913474324424,-3.5711454009337005,0.029595002445036978,-1.6134452313209673,1.2434251696356358,1.0477999234607374,1.197895175274485
33.2,4,1.7054177039740015,-2.048221591679101,2.7119195955853694,-1.6746152084327224,2.368860401182723,-1.2787589985671521,1.0736050425643975,1.0159866606792374,1.1981337539935315
33.3,1,-5.0782971607669305,-3.433436023707916,-4.641984686436776,-2.598007347585858,-4.36459556124755,-2.8034570506294036,0.9425018027267411,0.9519682135857157,1.2042571099347612
33.3,2,3.260376396595161,-1.5954841290824717,4.941565645451898,1.405905084119034,3.9188780887832526,-0.7324650588885566,3.440164894244727,1.0855534966702238,1.2025901520264863
33.3,3,-0.7280102808567728,-2.3259043924016165,-1.1127805103139201,-3.5127573623943658,-0.017916174974143925,-1.5477921216161579,1.247665059964859,1.0534193586393563,1.2015744536790192
33.3,4,1.6833066736913436,-2.0983860145343716,2.6932279651786946,-1.7232817466465977,2.349652573167444,-1.3228316184896112,1.077331994692027,1.022497666976784,1.2018003512793964
33.4,1,-5.015844400092705,-3.4579815920356696,-4.577198797625164,-2.621227565807602,-4.30403280106616,-2.828464736435465,0.9447577811127007,0.9502458755466899,1.2078319563642472
33.4,2,3.2031133530703095,-1.5972526846333137,4.888976233963983,1.4138874199083493,3.8680818154039227,-0.7301104704248451,3.4509561548003322,1.092757372686497,1.206224890838752
33.4,3,-0.7803065888208252,-2.2633774853810835,-1.1664247885564942,-3.454242877161978,-0.0730128563966468,-1.4797713239440755,1.2518976178220715,1.0556055324639824,1.205254532327466
33.4,4,1.6615153132146552,-2.149283545779916,2.6748822448484164,-1.7726354180014539,2.3335358949561398,-1.3751027834427016,1.0810996023900135,1.025167066900412,1.205466965315601
33.5,1,-4.952951331296848,-3.482022300968356,-4.512051986030625,-2.6439302020043653,-4.234992025187935,-2.8351309043516695,0.9469902845341405,0.9664026305040148,1.2114102442297534
33.5,2,3.1458256296052327,-1.5985841444448012,4.83627332158687,1.42232668045014,3.815924079797454,-0.7326713801974647,3.461721480895521,1.0949140825820445,1.209860181385356
33.5,3,-0.832626988643133,-2.200735052290755,-1.2200497551113532,-3.39565854623685,-0.12402299307209694,-1.4199203523605004,1.2561602431068386,1.0544151071406416,1.2089351055899056
33.5,4,1.640045722840612,-2.2008945634485655,2.6568139434637645,-1.822623177977495,2.313028536373106,-1.4300054636921027,1.0848533797409559,1.0233161151049275,1.2091334543067338
33.6,1,-4.8896271366597714,-3.505554640603614,-4.446358395925819,-2.665994035618986,-4.169709075296289,-2.82068229564173,0.9493941151882177,0.993645884594177,1.2149941685707697
33.6,2,3.088520187128739,-1.5994783467336346,4.783581199695591,1.4312684765492578,3.765878753034732,-0.754443166402285,3.4725578675039386,1.0830046550240955,1.2134967708574103
33.6,3,-0.8849657428022587,-2.1380045701721366,-1.2736263803577783,-3.337068636946402,-0.18032860305636897,-1.3573959330973122,1.2604807524965638,1.0516003722826859,1.2126160215341841
33.6,4,1.6188999718530237,-2.2531991705105385,2.6391011969255556,-1.8733683080187262,2.3003060308957983,-1.4903988264944517,1.0886147269538333,1.0228287159301237,1.2128000012484894
33.7,1,-4.825881061405534,-3.528575175260124,-4.380233783603546,-2.6876302127184215,-4.102406001321526,-2.826650124708581,0.9517299649777703,1.0080252671214869,1.218586697910218
33.7,2,3.0312039887226416,-1.5999351828468922,4.730858027678575,1.4406132904312978,3.7078022643102226,-0.7563582530290364,3.4833545427494963,1.0813913551758252,1.2171350210883467
33.7,3,-0.9373171117640042,-2.075213554687947,-1.327099755245268,-3.278443080679121,-0.22938021709109402,-1.2968882250497695,1.2647892319972476,1.052124025766687,1.2162969982313037
33.7,4,1.5980800983233787,-2.3061772025441583,2.621772607740382,-1.9248278464438793,2.284314332567315,-1.5478569027869138,1.0924164431363064,1.0227253303171282,1.2164665823653416
33.8,1,-4.761722412352048,-3.551080543979216,-4.313701148522258,-2.7087915093086568,-4.039756584636389,-2.84081183574387,0.9540303301100577,1.0127765273185712,1.2221828050310706
33.8,2,2.973883998775694,-1.5999545972752354,4.678209887081214,1.4503339066233623,3.649205259122735,-0.7588541537046929,3.4941360435112347,1.0786606328457895,1.220773084725755
33.8,3,-0.9896753546108124,-2.0123895480528446,-1.380573101047751,-3.219756419536993,-0.28030461265006323,-1.2297401006255202,1.2690688754070432,1.0562892629901337,1.2199777268865892
33.8,4,1.577588108914425,-2.3598082355095835,2.6046824168815053,-1.9769371268722722,2.272051713542887,-1.6041527093607582,1.0961354858262455,1.026301599118317,1.2201325831245633
33.9,1,-4.6971605565522685,-3.5730674610155755,-4.246733757529561,-2.7293906350410295,-3.9728565123241224,-2.86152776051296,0.9563863696040042,1.0153349663419458,1.2257768527817803
33.9,2,2.9165671821373365,-1.5995365876596521,4.625611226178192,1.46046211014888,3.5957405523720385,-0.7544230553776223,3.5049142036662513,1.0842017106065518,1.2244098923527422
33.9,3,-1.0420347296713401,-1.9495601069524833,-1.4340757523718055,-3.1610922281208156,-0.33109580163542174,-1.1650533252397872,1.2733837772261218,1.0587185886485948,1.2236577373820006
33.9,4,1.5574259786867501,-2.4140715936226975,2.587900216085222,-2.0297363795244134,2.2538432848832053,-1.6568573230722448,1.0998139436913572,1.0287713623031998,1.223797301485054
34.0,1,-4.6322049199266715,-3.594532716316936,-4.179330813844964,-2.7493887014688463,-3.9103061041606986,-2.8764262561719605,0.9588343766223935,1.0182410266269286,1.229369040198724
34.0,2,2.8592605032714427,-1.5986812047917431,4.573040486834214,1.4710792248643707,3.546648334602397,-0.757516601426774,3.5157461409411943,1.08630562946899,1.228045987628048
34.0,3,-1.0943894951500688,-1.886752790456269,-1.4875518899050506,-3.1025214207368323,-0.38702493497876883,-1.0948048299523894,1.2777597704669486,1.0618597803535978,1.2273368542334098
34.0,4,1.537595650908428,-2.4689463573260024,2.5714849069383505,-2.083071683350827,2.240435843568434,-1.7136639840011008,1.103551656131037,1.0317149799598968,1.2274609348818608
34.1,1,-4.5668649858870545,-3.6154731759927543,-4.111526860379844,-2.7689063156491134,-3.8458684198314437,-2.8546729318479422,0.9612534824761415,1.048166522912647,1.2329594552568997
34.1,2,2.8019709254100578,-1.59738855260755,4.520464079476913,1.4821496976013793,3.496073514577961,-0.7807644354419223,3.526581142562088,1.0717524681688995,1.2316809939346487
34.1,3,-1.1467339097569835,-1.8239951479290133,-1.5410576757091954,-3.0439708663968594,-0.43920451475016054,-1.0361581037137297,1.282120113735789,1.0589074808672359,1.2310148681664514
34.1,4,1.5180990368677265,-2.524411371353497,2.555440978206539,-2.136929242371488,2.229264248824065,-1.7741532889288352,1.107348501394663,1.0337519765110172,1.2311233032656674
34.2,1,-4.501150293951968,-3.635885782771754,-4.04339469832708,-2.787764062312862,-3.7804300435838263,-2.8846877542446188,0.963768975450054,1.0410264921479047,1.2365559894040954
34.2,2,2.744705409707314,-1.5956587881749278,4.467908954418373,1.4936875120182247,3.4425508532060167,-0.776691637173908,3.5374413096222357,1.075962572504559,1.2353178794815294
34.2,3,-1.1990622333371526,-1.7613147069468906,-1.5945322120595156,-2.985479779941087,-0.490539179359433,-0.9663779445791498,1.2864589499900696,1.0648611994910981,1.2346920566341149
34.2,4,1.4989380156888865,-2.5804452528864434,2.539693783872482,-2.191306766982242,2.21249392323536,-1.821632764819011,1.111126154052383,1.0416133760861364,1.2347857022082798
34.300000000000004,1,-4.435070438353986,-3.6557675564482746,-3.974972283688248,-2.806094237278369,-3.7159536262332717,-2.889708226214918,0.9662479294860203,1.0507025682429052,1.240147658916207
34.300000000000004,2,2.6874709143935953,-1.5934921216744589,4.415442402180442,1.5056209077305758,3.3870443000184847,-0.7696269838849622,3.5482935379746054,1.0808129750977162,1.2389538144864989
34.300000000000004,3,-1.2513687275002088,-1.698738961222924,-1.6479721097185704,-2.927089948170081,-0.5406578078239009,-0.9053001866880429,1.2907906065358157,1.065201905876326,1.2383679198309845
34.300000000000004,4,1.480114434151007,-2.637026399796867,2.524291798762507,-2.2462005768885693,2.20082641620789,-1.887168789379212,1.1149220567461051,1.0400539394577746,1.2384470605469895
34.4,1,-4.368635066638959,-3.6751155943173788,-3.906300768530835,-2.8238930852531987,-3.6494359682099957,-2.8724200201297707,0.9686757781345879,1.0777604223580521,1.2437385531988812
34.4,2,2.6302743939300566,-1.5908888163739143,4.363030988751239,1.5179617823208578,3.328850796961471,-0.793527312932458,3.559128750396808,1.0600916743578024,1.2425885908301013
34.4,3,-1.303647656249622,-1.6362953585473403,-1.7013403388628339,-2.8688735715261733,-0.5880364831278869,-0.8445950080100485,1.2951480691080022,1.067187329449491,1.2420429299794944
34.4,4,1.4616301065100585,-2.6941329989755523,2.509236308278448,-2.301652064262519,2.1907813078714695,-1.9445118572399014,1.1187135639192045,1.045750128177783,1.2421076282613004
34.5,1,-4.301853878257452,-3.693927071598652,-3.8372583090084857,-2.8412226227579302,-3.5857576170534085,-2.862535752265882,0.9710581445199509,1.0972717900193616,1.2473314452059825
34.5,2,2.573122798163584,-1.5878491885962642,4.310615787803593,1.530711299711881,3.2704118052012157,-0.7844046550638143,3.5699161626409266,1.0638303801822464,1.246225202795756
34.5,3,-1.3558932866117337,-1.5740112887480435,-1.7545699026126462,-2.8109486594782744,-0.6329054988787092,-0.7950839830940377,1.2995988239664409,1.062750718044689,1.245717198864963
34.5,4,1.4434868143240092,-2.7517430347414473,2.4945305091815415,-2.3576091917969775,2.1809330484068985,-2.014400456610844,1.1225125097984208,1.0428331725100235,1.2457683753634987
34.6,1,-4.2347366231487005,-3.712199241848598,-3.7678000871578208,-2.858079195317993,-3.513536756237902,-2.9142974902128684,0.9734222015798721,1.0755354263321684,1.250928792214947
34.6,2,2.516023071482357,-1.5843736076812434,4.258208292484693,1.5438729851557846,3.215979467828389,-0.7653132265974799,3.5806614039693048,1.0774037611994878,1.2498639561129579
34.6,3,-1.4080998892644137,-1.5119140716765629,-1.8077654723590801,-2.7532016626958167,-0.6827493458461873,-0.7257396003113855,1.3040427377692734,1.0696745814795416,1.249391271724113
34.6,4,1.4256863062811211,-2.809834297329113,2.4801726684467527,-2.414026687206853,2.1588912354121845,-2.05357097844465,1.1263237333129414,1.0533392974688784,1.2494298677573183
34.7,1,-4.167293100317104,-3.7299294373616285,-3.698105577624052,-2.8743573925800354,-3.437284144061368,-2.9522000719896497,0.975776847062175,1.0666658530090336,1.254521201816895
34.7,2,2.4589821519720316,-1.580462495940472,4.20587254674664,1.557485762358266,3.161904855230297,-0.7437998218700242,3.591426641756152,1.0927510040895043,1.2535042780503831
34.7,3,-1.4602617391653698,-1.4500309452246332,-1.861001163550787,-2.6955798779284885,-0.7373861802349265,-0.652220921683712,1.308428152409015,1.0765918016413492,1.2530646072611629
34.7,4,1.4082302980314116,-2.8683843914509923,2.4661481941413865,-2.4709312490868673,2.1404226370512265,-2.1126406854642426,1.1301147177542963,1.0522614553702394,1.2530917316152224
34.800000000000004,1,-4.0995331564015745,-3.74711506955954,-3.6281939276082396,-2.8901900346878278,-3.356723343274189,-2.9963600873747103,0.9779985603207096,1.0561247377813308,1.2581102294244606
34.800000000000004,2,2.4020069705727094,-1.5761163286061413,4.153575445230902,1.5715662607820085,3.1065439937104036,-0.7350053687111264,3.6022073517433326,1.097196456350109,1.2571452094939337
34.800000000000004,3,-1.5123731161799485,-1.388389053376775,-1.9141447950504673,-2.6381233763720937,-0.7908420146028413,-0.575167052321426,1.3127285934323982,1.0871693306672794,1.2567374920431673
34.800000000000004,4,1.3911204720212842,-2.9273707449312605,2.4525493119274366,-2.5282694340332608,2.1185735779360835,-2.157016119366441,1.133981057401323,1.0595443692617128,1.2567539309025966
34.9,1,-4.031466684237982,-3.7637536293694382,-3.5580292492903087,-2.9054630046082193,-3.293494762320226,-2.9812040106824873,0.9802070196457664,1.0756330523213196,1.2616956273735531
34.9,2,2.345104450236775,-1.5713356337732716,4.101312335493684,1.5861347034208177,3.058976281604659,-0.7491503657225352,3.6130160623084833,1.0888533448633924,1.2607877338185882
34.9,3,-1.5644283057084132,-1.3270154343040421,-1.967193176343238,-2.580930960337215,-0.841489827692585,-0.5137077452488745,1.3170131690474989,1.088167928250093,1.260410296726272
34.9,4,1.374358477331385,-2.9867706174077844,2.439290574155705,-2.5860674988150367,2.108540034016009,-2.2196626321768145,1.1378239583066425,1.0618273019568558,1.2604167869919556
35.0,1,-3.9631036214147786,-3.7798426875900644,-3.4875328388629794,-2.9200302476054065,-3.221580183748519,-3.003136407274094,0.9825706087448889,1.0738387469683974,1.2652892342395117
35.0,2,2.288281505087686,-1.5661209923355393,4.049103742356725,1.6011008211247164,2.9992082780307414,-0.7365715748285792,3.6237810318670767,1.092505886745405,1.264433101752582
35.0,3,-1.6164215993126327,-1.265937008504166,-2.0201566120045236,-2.5241084429581457,-0.8891444612211107,-0.45025833191154213,1.3213619182303185,1.0928237456417613,1.2640839046114107
35.0,4,1.3579459295176473,-3.046561109099,2.4265551808316412,-2.644225498650301,2.0949970780627023,-2.2753227523409767,1.14184047722481,1.0667956685825084,1.2640813924872676
35.1,1,-3.8944539488221492,-3.7953798952464513,-3.416756495310372,-2.933962922484826,-3.151569266066824,-3.0075423035268423,0.9850045979859379,1.0828507389289779,1.2688856140203035
35.1,2,2.231545039579873,-1.560473037914699,3.997028699588336,1.6165050708138482,2.9483712889167886,-0.7340793148441849,3.6345732152616343,1.0939682158402846,1.268081071927826
35.1,3,-1.6683472953420475,-1.2051805669933686,-2.0730136558165775,-2.467692459876063,-0.9388617626561815,-0.3896399420077415,1.3257794473327555,1.0941917809049422,1.26775843029589
35.1,4,1.341884410455589,-3.106719169632203,2.4143098423431955,-2.702756084533787,2.0812178376629404,-2.33377144234815,1.1459853755967173,1.0696083889441736,1.2677473702793636
35.2,1,-3.825527689194822,-3.810362983932867,-3.345694984907055,-2.9473202813840724,-3.0783231702492633,-3.0136315578426127,0.9874624704396815,1.0922891368371628,1.2724871365234247
35.2,2,2.1749019476597757,-1.5543924567835896,3.945143018778852,1.632377380304981,2.896970901274682,-0.7362861773397332,3.6454431067367286,1.0911835126320388,1.2717317468722222
35.2,3,-1.7201996995589386,-1.1447727595549158,-2.1258130506291355,-2.4116994749677114,-0.9874641522233604,-0.32917271147644966,1.330272713691839,1.096405408940856,1.2714341611646298
35.2,4,1.3261754681878473,-3.1672216069298904,2.4024838923931364,-2.76166434074315,2.06521276094643,-2.3857909100035086,1.1501810814702766,1.0755510467601181,1.2714150101680388
35.300000000000004,1,-3.7563349056487594,-3.824789766144003,-3.2743415769130664,-2.960126650206367,-3.0082631054690796,-3.0151523352975143,0.9899292262625121,1.1023267154758474,1.2760938845075627
35.300000000000004,2,2.118359111928177,-1.5478799877827485,3.8933192081832035,1.6486324249513573,2.8434251092362355,-0.7370701660896536,3.6562514886234054,1.0877192962370017,1.2753849827228507
35.300000000000004,3,-1.7719731257628577,-1.0847400830496494,-2.1784977520416,-2.356095636397052,-1.0327708999221874,-0.27427116434468063,1.3347685997199483,1.0969411100303437,1.2751111734494747
35.300000000000004,4,1.310820616774976,-3.2280450961507623,2.3911021185283654,-2.8208438318214757,2.0514873410029835,-2.4379221848470602,1.1544786670622926,1.0829964964604848,1.2750843804851073
35.4,1,-3.68688570021195,-3.8386581355943434,-3.2027905897031315,-2.972431842334118,-2.9396452043661068,-3.023643943965288,0.992318531094676,1.1057198972564002,1.2797068641071518
35.4,2,2.0619234028039135,-1.5409364222306352,3.8416682914725606,1.6654082574246813,2.7912951146167284,-0.7279535603178937,3.667170308766165,1.0922107066663407,1.2790410664089484
35.4,3,-1.8236618964141886,-1.0251088697935828,-2.231091534239872,-2.3008705722001914,-1.0820255862396642,-0.21410752035452718,1.3392411400140662,1.0989757073571975,1.2787896705193569
35.4,4,1.295821336149511,-3.289166188681902,2.380092263657339,-2.8802579801861197,2.040547094568049,-2.497887713233256,1.1588137758992665,1.0866177253111602,1.2787556078816205
35.5,1,-3.617190212349539,-3.851966067525682,-3.13106029359766,-2.984193933153974,-2.8739987114462355,-3.0285677414709578,0.9946611358134679,1.1091971918304822,1.2833244841393399
35.5,2,2.0056016776890466,-1.5335626038274794,3.7902278022728457,1.6826662108717458,2.730694383235758,-0.7218550698865948,3.6781813703308015,1.0884064278997263,1.2826989043643435
35.5,3,-1.8752603432567558,-0.965905276007673,-2.2835916749770924,-2.2460759756665745,-1.1261118867924282,-0.15451837832587031,1.3437155564812313,1.104342386922002,1.282469555147329
35.5,4,1.2811790719733365,-3.35056132117865,2.3694706652754918,-2.939895131784307,2.0347299585773984,-2.5587883857789744,1.1631961619451012,1.0930431464188348,1.2824283770357352
35.6,1,-3.547258617483501,-3.864711619002728,-3.0591537065115677,-2.9954128039990984,-2.8069166367638667,-3.026098201389913,0.996958792469194,1.1186503978527507,1.286946600819169
35.6,2,1.9494007801356577,-1.5257594285527665,3.739023854128927,1.7004159137520505,2.679285351188772,-0.7124019453621333,3.689303197931111,1.0928320468048098,1.286358993345446
35.6,3,-1.9267628079393977,-0.9071552703448567,-2.3359080329744657,-2.191780889237555,-1.1726335051450514,-0.10066691446533767,1.3482072525707778,1.1041442267667465,1.28615086742337
35.6,4,1.2668952354983523,-3.4122068246487087,2.3592409099366947,-2.9997978013584556,2.025316825132217,-2.6222446107971646,1.1676045027985194,1.0950998159692982,1.2861026531386477
35.7,1,-3.4771011255070077,-3.8768929291967775,-2.9870437700242882,-3.006077718588974,-2.733652502173141,-3.0420643872123465,0.9992373805501021,1.1178794881600038,1.290573949162151
35.7,2,1.893327539014282,-1.517527844556366,3.6879067897410605,1.7185756532567598,2.623620417892073,-0.6931667892996586,3.7003892411065937,1.101316865558484,1.2900213023865537
35.7,3,-1.9781636426364813,-0.848884622499323,-2.388089391324037,-2.138042716198856,-1.2231346557432303,-0.037585346770580896,1.3527629910623915,1.1082758166842,1.2898336527156389
35.7,4,1.252971203430444,-3.4740789335770255,2.349353199020186,-3.059913543630009,2.015974354787517,-2.6876073375296956,1.1720010454275667,1.0957697661324932,1.2897785557129935
35.800000000000004,1,-3.406727979293837,-3.8885082196573864,-2.914773739713551,-3.016242815048311,-2.6684989177414695,-3.0429184573636925,1.001431929748024,1.122499083926751,1.2942043352447123
35.800000000000004,2,1.8373887676841514,-1.5088688520433267,3.636869213414674,1.7371742880477854,2.569166125677064,-0.6906648985970067,3.711458735039242,1.097704792330923,1.2936850237901434
35.800000000000004,3,-2.029457210667247,-0.7911188919030798,-2.440151075692253,-2.0848357355370593,-1.2675928902087101,0.019830850514688334,1.3573403118862433,1.112688962610483,1.2935176849360228
35.800000000000004,4,1.2394083177968067,-3.5361537950878077,2.3397644664179564,-3.1202516830020923,2.0088389838494645,-2.7452174169897825,1.1763325297915248,1.103450906955565,1.2934557678008114
35.9,1,-3.336149453202923,-3.8995557945720223,-2.8422986061941544,-3.0259413643176964,-2.5987194166479086,-3.0421674116389013,1.0035391531175395,1.1308925227457303,1.2978387835637417
35.9,2,1.7815912631653177,-1.4997835031523405,3.5859406810434966,1.7562675054135437,2.5169946559784107,-0.6706012280298116,3.7225723622490183,1.108314664496677,1.2973507862824285
35.9,3,-2.080637887113931,-0.7338834165147474,-2.492109891804638,-2.0322035089977293,-1.3130375213467211,0.06706977722659589,1.361963389078138,1.109385568722801,1.2972030977276907
35.9,4,1.2262078858165846,-3.5984074781403,2.33054636114805,-3.1808444097829396,1.9990320468296658,-2.810070007227402,1.1806449018030103,1.1039624775738157,1.2971344122550157
36.0,1,-3.2653758515782787,-3.9100340410136556,-2.7696324420708844,-3.035154614373397,-2.5217787638653095,-3.069326176727384,1.0055722446589324,1.1223753124191538,1.3014779475813658
36.0,2,1.7259418053127418,-1.4902729018278986,3.5352235743009106,1.7758586387257205,2.4626309793950902,-0.6555595866532864,3.7337803577329125,1.113309147424885,1.3010184426232192
36.0,3,-2.131700059438615,-0.6772033017054708,-2.5439312867996366,-1.9801567647639444,-1.3651510559219093,0.13216400746376786,1.3666097876525118,1.114752356330458,1.300889832266218
36.0,4,1.213371179774886,-3.6608159827546385,2.321693196741756,-3.241682988079888,1.9872330795893456,-2.8628049770038433,1.1849262257704212,1.1116131545118744,1.3008145585717041
36.1,1,-3.1944175072446415,-3.9199414291762347,-2.6967207262060606,-3.0437819642308344,-2.449374769791099,-3.077467108725982,1.0076494895892993,1.1246562413690608,1.3051195253320065
36.1,2,1.670447155992512,-1.4803382036861583,3.484760864442744,1.7958383618826008,2.4164564404142426,-0.645303627949439,3.7450056236876796,1.1197377349715536,1.3046875780477831
36.1,3,-2.182638128098679,-0.6211034092469085,-2.595596321303071,-1.9287464587420793,-1.4162572541581446,0.1899232222805713,1.3713004099130377,1.1158422115105109,1.3045777314242475
36.1,4,1.2008994369001589,-3.723355249264282,2.3132257212487763,-3.302642414921846,1.975393838178177,-2.9199202251058547,1.1892304452179348,1.1159522461357603,1.3044959138483705
36.2,1,-3.123284779998865,-3.929276512598041,-2.6235185300309567,-3.051818925329523,-2.36889912038294,-3.110515763572686,1.0098010309274172,1.1133134722883375,1.308764862760488
36.2,2,1.6151140582602053,-1.46998061587452,3.4344205050814547,1.8162528826508937,2.3625569500411436,-0.6288960533207996,3.756222378171444,1.1252084775009628,1.3083582045976703
36.2,3,-2.2334465071608784,-0.5656083464060064,-2.6471625434617247,-1.877981509912976,-1.4702236467403853,0.2547272498594789,1.3760393449991808,1.1204729470936319,1.3082667687625475
36.2,4,1.1887938592449374,-3.7860011675915133,2.30519756748819,-3.3637558402111685,1.9626266394063803,-2.9681362188209364,1.1935863421947404,1.1259308353890511,1.3081785868662232
36.300000000000004,1,-3.0519880550973926,-3.9380379283728706,-2.550139387819189,-3.059294758492133,-2.286198363998703,-3.130389632031483,1.0119494273237946,1.1129823096420592,1.3124125666235786
36.300000000000004,2,1.5599492355415534,-1.4592013969249522,3.38429070873284,1.8370834336071167,2.313846861733652,-0.6312636323372409,3.767454776742726,1.1197511209231172,1.3120299653536458
36.300000000000004,3,-2.284119624913889,-0.5107424551514581,-2.69863764700698,-1.8278124820815997,-1.5250352008475998,0.3265171823952055,1.3807601697897185,1.1301384267092331,1.3119567812896982
36.300000000000004,4,1.1770556135699928,-3.848729586542292,2.297565713950927,-3.424975083927193,1.9472909663057758,-3.0166851288753453,1.1979610859882974,1.1338255942332136,1.3118623513912606
36.4,1,-2.9805377417400654,-3.9462243973490123,-2.4766374550869994,-3.0661807643578434,-2.216452260791988,-3.1249288172600616,1.0140967877167038,1.1217633672345078,1.3160623961309075
36.4,2,1.5049593908154988,-1.4480018566010702,3.3343705135289783,1.8584401105139519,2.2618689330746538,-0.617317640164057,3.7787965726944406,1.123809735943117,1.3157027845598153
36.4,3,-2.334651924479311,-0.4565298014765071,-2.7499392160449796,-1.77817590736697,-1.5713104703547773,0.38267194211868394,1.3853562587837733,1.1344380732495565,1.3156477186155886
36.4,4,1.1656858312318765,-3.911516323117011,2.290295254151571,-3.4861632606992,1.9423320567712692,-3.088008674498111,1.2023608367823606,1.1319647551838419,1.3155471454709962
36.5,1,-2.9089442715503613,-3.9538347243160046,-2.4028995748707276,-3.0724934611593855,-2.143044275080832,-3.1300931559471157,1.016289160219712,1.124790192013987,1.3197150344615207
36.5,2,1.4501512057996995,-1.4363833557389838,3.2846546389427904,1.8803424368880906,2.21127571165231,-0.6034795334132885,3.7902602588333534,1.1282904283269153,1.3193769297869575
36.5,3,-2.385037864421057,-0.40299416484279105,-2.8010934333183073,-1.7292017696676965,-1.617822169505825,0.43367728465649624,1.389938432991126,1.1351823804708654,1.3193396289391524
36.5,4,1.1546856080738706,-3.974337171833544,2.2834176759587064,-3.5473630623495174,1.9325752707313117,-3.143804393057406,1.2067903592758997,1.1379354216698419,1.3192330078463979
36.6,1,-2.8372180970524106,-3.960867798179134,-2.3290033449116483,-3.078186357710285,-2.072016884981347,-3.1409509463516407,1.0185326502580359,1.1215152869514229,1.3233705763619759
36.6,2,1.395531340138695,-1.4243473060819523,3.2351063795595687,1.9028286351637682,2.157104173517935,-0.5834655713445382,3.8018595541740696,1.1344933989919403,1.323052405077545
36.6,3,-2.4352719193530117,-0.35015902774991114,-2.852011458269957,-1.6809412852708594,-1.6640047809050718,0.48441974670246934,1.3945082503267092,1.136386698978878,1.3230325220040264
36.6,4,1.144056004320381,-4.037167914058849,2.2769517647186004,-3.608585600361106,1.927074894475184,-3.200457450812488,1.2112537321068493,1.1459506890111808,1.3229199738164477
36.7,1,-2.765369690144956,-3.96732259212165,-2.2549797872594564,-3.0833348957629267,-1.9943207027033385,-3.1489250921624747,1.0207507532601052,1.1244069587894643,1.3270284370743983
36.7,2,1.3411064305946552,-1.4118951701088402,3.1857124374046575,1.9258335323595683,2.1043094496626016,-0.5650015694622289,3.81352910197903,1.1400472003959354,1.3267289876209298
36.7,3,-2.485348580544965,-0.29804756543521416,-2.902774726280722,-1.633356820107346,-1.7124813121608407,0.5384204892861806,1.3990337353891271,1.1388602289609258,1.3267262302591325
36.7,4,1.1337980444747413,-4.099984327345756,2.270849571211678,-3.669791763852823,1.918481616964939,-3.2607939798358148,1.215710416233825,1.1488989286659794,1.3266079128457533
36.800000000000004,1,-2.6934095405724623,-3.973198163754684,-2.1807941796597863,-3.087885643437414,-1.912678082957695,-3.169544527005521,1.0230116161970741,1.1204466862682199,1.3306885246558418
36.800000000000004,2,1.2868830902409987,-1.3990284608564179,3.136576640675222,1.9493175182953122,2.04754478544043,-0.5369978818361038,3.8252826074186363,1.1496533972070757,1.3304066267841872
36.800000000000004,3,-2.5352623565267023,-0.2466826357083738,-2.9534560928107263,-1.5865091368312119,-1.763601044595985,0.5914750991477404,1.4035743849822346,1.1392846741836598,1.3304207330990203
36.800000000000004,4,1.1239127172204704,-4.1627621947711875,2.2651743739212966,-3.730978707615856,1.9109175030993653,-3.3184021258626104,1.2202111083068916,1.1542618675862,1.3302968098781565
36.9,1,-2.621348154393622,-3.9784936552548316,-2.1065119516174544,-3.0917443680393086,-1.8447580014450047,-3.165757009943155,1.0253685259779632,1.12411437153398,1.334350180223646
36.9,2,1.2328679076588187,-1.3857487417355117,3.0877424992526574,1.9733042171987707,1.9988705899197026,-0.5195998294640117,3.8371599564607113,1.156275939151192,1.3340851978165829
36.9,3,-2.58500777369021,-0.19608676892519394,-3.003929263117251,-1.5403936416267918,-1.8092082728808594,0.6421082800502796,1.4080682449002677,1.1421189979958457,1.3341158941342355
36.9,4,1.1144009753259856,-4.225477314272209,2.2599523230507548,-3.7920711160100913,1.907859149137674,-3.3838267578719643,1.2247974620181319,1.1566985487487311,1.333986559997091
37.0,1,-2.5491960524474995,-3.9832082934893958,-2.032220321692358,-3.095004162368177,-1.7736339115926023,-3.170354779213051,1.0277015543097188,1.1234889719079735,1.3380139984295258
37.0,2,1.1790674461363349,-1.372057626341038,3.0391470632669164,1.9977617328429336,1.948488600551513,-0.5046864935005184,3.8491010243426613,1.159457457152539,1.3377648118208392
37.0,3,-2.6345793768899233,-0.14628215810504952,-3.0541147282239294,-1.4949733666189944,-1.856795468681383,0.6969307396932324,1.4124368612230966,1.1471511665345273,1.3378117696388871
37.0,4,1.105263735552767,-4.288105507976422,2.2550916196916235,-3.853142037633277,1.9043694724769387,-3.443679340674748,1.2293483573325306,1.1625943105008376,1.3376772291465173
37.1,1,-2.476963768817521,-3.987341390129261,-1.9578259509700147,-3.0976582706135303,-1.7040897354227869,-3.1690782490973883,1.0300680206038397,1.1255615662713394,1.3416796566409854
37.1,2,1.1254882428713904,-1.357956778255939,2.990753892667029,2.0226333512259886,1.8998177778199745,-0.484881157320277,3.8610368513986217,1.1669821200712043,1.341445430860709
37.1,3,-2.6839717300409243,-0.09729064919630748,-3.1040840624161468,-1.4503572883319031,-1.904410708074679,0.7499565067078291,1.4167863994813916,1.1513223398148345,1.3415083201779794
37.1,4,1.0965018785670009,-4.350622631522977,2.2506158581105993,-3.9141636287927484,1.9029221905609697,-3.5111344507967255,1.2338863557241513,1.1640679212037075,1.3413687749295187
37.2,1,-2.4046618492934804,-3.990892341749392,-1.8833272397063776,-3.0997649262176195,-1.6277046204856715,-3.166707246072481,1.0324232881263737,1.1326710057791134,1.3453468204799426
37.2,2,1.0721368081771459,-1.343447910849045,2.9425302567540514,2.047959822042078,1.8481440512391263,-0.4675694775205308,3.872985678154919,1.170192407792269,1.3451269563411956
37.2,3,-2.7331794167150902,-0.04913373149395994,-3.1538951267336293,-1.4065796340929244,-1.9476749126378419,0.7962752983767922,1.4211478062253486,1.1540076922242115,1.3452054404360785
37.2,4,1.0881162488547016,-4.413004583370666,2.246509101777667,-3.9749409561834503,1.8953204135991109,-3.5703119965677983,1.2384561934793765,1.1669230306379375,1.345061146258913
37.300000000000004,1,-2.332300849831909,-3.993860629916928,-1.8087437320150228,-3.1012894418737766,-1.5544759002685844,-3.164147710142295,1.0347924339409753,1.1372929180312936,1.3490156998614384
37.300000000000004,2,1.0190196246909937,-1.3285327870668806,2.8945695877059032,2.0737007314266775,1.7990541967311582,-0.4532128741613116,3.8849556726076404,1.1724499492545069,1.3488094309569463
37.300000000000004,3,-2.7821970407350562,-0.001832528213712603,-3.203572953652611,-1.3636028799737965,-1.9913612069023248,0.8435526751347747,1.4254740092053189,1.1576257850076055,1.3489031768580064
37.300000000000004,4,1.0801076546403126,-4.475227314089571,2.2427844523845613,-4.035400710673743,1.8889859822266462,-3.627093150589728,1.2430867938664316,1.1720135272830436,1.3487543657628058
37.4,1,-2.259891335014913,-3.9962458212668754,-1.7341134436296146,-3.1021439454600017,-1.4841584570594406,-3.1610799899489694,1.03723698130704,1.1398523868212096,1.3526862498025285
37.4,2,0.9661431465869019,-1.3132132192194628,2.8468557799615173,2.099772419248186,1.7510749487062007,-0.4287247244733934,3.89686424933193,1.1825556356114573,1.352492853807229
37.4,3,-2.8310192267659664,0.044592212773353346,-3.253128340408483,-1.321420144934369,-2.034818235929144,0.883956467862121,1.4297432864784787,1.156921937958763,1.3526015294336287
37.4,4,1.0724768678088146,-4.537266835632522,2.2394391545626156,-4.0957092294517405,1.8851504124729141,-3.6866703171466124,1.2477075371583528,1.1764152019832381,1.35244842166599
37.5,1,-2.1874438765077255,-3.9980475675653793,-1.6593632628797221,-3.1024614956833334,-1.4038913334668353,-3.164149053705826,1.0396843495209696,1.144264531969342,1.356358445108905
37.5,2,0.9135137987911293,-1.2974910687600723,2.799377034105609,2.1261791821579004,1.706327169602374,-0.4010555608304869,3.9087079872166877,1.1967245551145267,1.3561772750751275
37.5,3,-2.8796406209049548,0.09012012804149583,-3.302565116201583,-1.280103057512745,-2.0876467557887177,0.9282129440625997,1.434007219979146,1.1531061749240354,1.35630049953819
37.5,4,1.0652246238313232,-4.599099230582996,2.2364613425390165,-4.155709943689243,1.8777461437385201,-3.74720996525843,1.2523535886407302,1.177245318821668,1.3561433111147851
37.6,1,-2.1149690515153265,-3.9992656057605633,-1.5845306599275018,-3.102163880702835,-1.3330134103007207,-3.1557503664924864,1.0421882710776544,1.1502054528234624,1.3600317779475763
37.6,2,0.8611379762016007,-1.2813682460590945,2.7522783928556884,2.1529337907688766,1.6606842433764004,-0.38669492779884834,3.9205666115579962,1.1998810690064061,1.3598624300706301
37.6,3,-2.9280558912682344,0.13473124754236165,-3.3518366982681407,-1.2397225995706094,-2.1296961883855894,0.9720219321020647,1.4383023153096632,1.1569070427814507,1.3599998832577218
37.6,4,1.0583516216942077,-4.66070066137571,2.2338836686828683,-4.215509283828402,1.872220184403045,-3.804546762038986,1.2570087335177191,1.1812626874303727,1.3598389232008403
37.7,1,-2.0424774412381486,-3.9998997580209354,-1.5095816284100383,-3.10127667213915,-1.2557241503220913,-3.156556128385668,1.0447494425982888,1.1533469635862545,1.3637067229239166
37.7,2,0.8090220429108275,-1.2648467101718737,2.705546279191688,2.1801169793785045,1.60869763512561,-0.3657530574974429,3.932502892703482,1.2032665743980064,1.3635484942065954
37.7,3,-2.9762597285758234,0.17840600336452983,-3.40090551320672,-1.2002205144669245,-2.175326147335366,1.018558046925096,1.4425446676179117,1.1607540901748572,1.363699878971184
37.7,4,1.0518585238317195,-4.722047379486452,2.231652033644318,-4.2751009752784155,1.8690503828857816,-3.8638334665181184,1.2616155571450534,1.1850458450695704,1.3635353545266498
37.800000000000004,1,-1.9699796293272331,-3.9999499317613503,-1.4345640411403418,-3.0998132063521227,-1.1753862170679463,-3.168634803651078,1.0473375656892874,1.1499841446867236,1.3673831132235807
37.800000000000004,2,0.7571723314326526,-1.2479284686006866,2.659044923718619,2.2077355978358253,1.561048694438387,-0.33644174703567475,3.94445604581279,1.2153292766113473,1.367235435690032
37.800000000000004,3,-3.024246846733751,0.22112523831663022,-3.449655856465346,-1.161717901127623,-2.2283413750545926,1.0579816773151858,1.446799216846918,1.1549000906321578,1.3674004196090679
37.800000000000004,4,1.0457459560621456,-4.783115734587596,2.2298320459444283,-4.334470898556435,1.864327638425516,-3.9136147502176546,1.2662314390150562,1.194197610331365,1.3672325598478487
37.9,1,-1.8974862003390696,-3.999416119656528,-1.359472363785198,-3.0977386794478816,-1.1010288573470164,-3.1618958363520977,1.0499909973445645,1.155761447770384,1.3710605979183794
37.9,2,0.7055951419327711,-1.2306155770508043,2.6127372759136738,2.2357856139873205,1.517575266593045,-0.3229959441433592,3.956403459764406,1.2178198228319161,1.370923073470128
37.9,3,-3.0720119834137414,0.2628702143303263,-3.4980829394466286,-1.124109021285219,-2.2741232414660804,1.1040641112521112,1.4509472284006268,1.1594108921108512,1.371101322640212
37.9,4,1.0400145075274887,-4.843882183665766,2.228406302709943,-4.393547408250212,1.8589886373762858,-3.9700261813753217,1.2708565886068945,1.1976405713320801,1.3709304359825483
38.0,1,-1.825007738190233,-3.998298399642122,-1.2843624355318224,-3.0950277267236084,-1.0296171792662223,-3.1531521868107872,1.0527085312854976,1.1605680774037332,1.3747394049994723
38.0,2,0.6542967414632237,-1.2129101391807109,2.5666879484378144,2.2642819815047233,1.4678871121527257,-0.30781799837787077,3.968388233612054,1.21701317766972,1.3746115028345882
38.0,3,-3.119549900630302,0.303622620679461,-3.5462378997833515,-1.0873701438265124,-2.314934959508894,1.152353204428208,1.4549651265680574,1.1695079338193033,1.3748027365267723
38.0,4,1.0346647306366887,-4.904323300098103,2.227419106372385,-4.452335393135321,1.8591387532272876,-4.032538102538349,1.2755218809872475,1.1999028479885452,1.3746290465153825
38.1,1,-1.7525548246121645,-3.9965969349033426,-1.2092990959100982,-3.0917337678937815,-0.9547920028280844,-3.15567702865014,1.0554165707331802,1.159125449877533,1.3784195908909742
38.1,2,0.6032833632008905,-1.1948143063464913,2.5209510597508036,2.293221447124013,1.4161106610099434,-0.28126509911277153,3.980432490556723,1.2228083946804278,1.3783007600913522
38.1,3,-3.166855385315102,0.3433645820117257,-3.594158954541716,-1.0516447500171033,-2.3603231917560756,1.193789055678535,1.4589857356126974,1.172056297563647,1.3785046979955484
38.1,4,1.0296971410123756,-4.964415782683675,2.2267564362349286,-4.510829297792215,1.8607660992165336,-4.0897121158503955,1.2801139228814387,1.2065579629931291,1.3783284106596667
38.2,1,-1.6801380376062744,-3.9943119738511292,-1.1342777122640069,-3.0878638191184566,-0.8786947897852817,-3.1580090310912823,1.0581170785886755,1.1583237421147168,1.382100995455638
38.2,2,0.5525612056901257,-1.1763302773404285,2.4755013193759066,2.3225177916459576,1.3669438106076852,-0.25004512140827156,3.9924474311719678,1.233378780947917,1.3819907788547265
38.2,3,-3.2139232498886594,0.3820786661893951,-3.6418400054021087,-1.016944169131218,-2.4082128946105668,1.2315704674591799,1.4630029539948592,1.1708140317859765,1.382207108056864
38.2,4,1.025112217441178,-5.024136464626529,2.226557312712927,-4.568910341248346,1.862191799063717,-4.147325399502383,1.284796147394002,1.2122292975726598,1.3820284670145324
38.300000000000004,1,-1.607767949899534,-3.9914438500858855,-1.059246679648601,-3.0833706526765425,-0.8013795518061662,-3.144858319379081,1.0608828944661728,1.1691746274110253,1.385783394803529
38.300000000000004,2,0.5021364320895536,-1.157460298123822,2.4303788086012785,2.3521890141125765,1.3229948204127664,-0.23876469650855323,4.004467125281091,1.23199435960877,1.385681479990694
38.300000000000004,3,-3.2607483328292215,0.4197478919356392,-3.689241908031991,-0.9833140956830408,-2.4508032745676585,1.276019379152859,1.4670343162620745,1.178648317872433,1.3859098302741764
38.300000000000004,4,1.0209104018275728,-5.083462322466936,2.2267798296268695,-4.626530383299819,1.855737774292998,-4.204576773512382,1.2895378528496264,1.2121784315762567,1.3857291507955718
38.4,1,-1.535455127400918,-3.987992982348774,-0.9841902393578659,-3.07834691680506,-0.7290654798457846,-3.134990007208181,1.0636488806689346,1.173830626318293,1.3894670557760163
38.4,2,0.4520151694232335,-1.1382066615540984,2.385504675832604,2.3821607971200254,1.2768202093890713,-0.21968564697560938,4.016387520582004,1.2344975529239999,1.3893729876798837
38.4,3,-3.3073254992387664,0.4563557362830615,-3.736443342363015,-0.9507017554009518,-2.4905714639142422,1.314708041298754,1.4710380376427097,1.1848442234085654,1.3896130823179713
38.4,4,1.0170920991512933,-5.142370484957382,2.2273464823758107,-4.683755181769545,1.8541480121421914,-4.260934224273845,1.2942347810317218,1.2155626199915837,1.3894305408628942
38.5,1,-1.463210127658762,-3.983959874460578,-0.9092421396043577,-3.0727538257871787,-0.6559797194914762,-3.129820715989075,1.0663850125203533,1.1752338634945514,1.3931520018214518
38.5,2,0.4022035078361239,-1.1185717071061925,2.341018278609455,2.4124981011547333,1.2267750441121485,-0.20392242936653895,4.028331752249397,1.2314631621393606,1.3930652843726636
38.5,3,-3.3536496414061285,0.491886141821237,-3.783413352541218,-0.9191511878113282,-2.5316403392736335,1.3586731265445955,1.4750332853956907,1.1945789926489427,1.3933168846724377
38.5,4,1.0136576774282986,-5.200838241879867,2.228308549814778,-4.740481166092963,1.8559709764712777,-4.315778343812012,1.298963193865132,1.2218112443878353,1.3931326422464962
38.6,1,-1.3910434983193962,-3.9793451152481483,-0.8344109519608561,-3.066679711796824,-0.5835459520588139,-3.120435308687895,1.0690172731637975,1.1788886050099192,1.3968381504628864
38.6,2,0.35270749985413863,-1.098557820588303,2.2969016932694983,2.443149466030334,1.182958400281426,-0.1845410216364479,4.04024523584863,1.2348049507620698,1.3967583390715121
38.6,3,-3.39971567936709,0.526323523740003,-3.830142632783686,-0.8886461253694282,-2.5731751274877745,1.39585019146416,1.478988326569334,1.1996857545976112,1.3970211941958373
38.6,4,1.0106074676753032,-5.258843052801101,2.2297066701703843,-4.796785345640197,1.8549078653169493,-4.36982943186391,1.3037255041882605,1.2260458309825522,1.396835415335921
38.7,1,-1.3189657755872164,-3.9741493784584327,-0.7597077944307142,-3.059973954354436,-0.5086991391169878,-3.1113672105132624,1.0716744820713837,1.1836068145718601,1.4005255174649653
38.7,2,0.3035331596486679,-1.0781674338519784,2.253108795518775,2.474105725867809,1.1385241910504815,-0.16506290238087654,4.052096958519618,1.2373236876074607,1.4004521784081303
38.7,3,-3.445518561461471,0.5596527766654829,-3.8766603777131707,-0.8592525666020423,-2.6171051813161172,1.4348999720527837,1.4829617793031444,1.2051250480498639,1.4007260584914156
38.7,4,1.0079417638778714,-5.316362555762312,2.231516749730866,-4.852525459667907,1.8548001236888378,-4.425455406133257,1.3085414008423448,1.2291804712253966,1.4005388753286256
38.800000000000004,1,-1.2469874826864058,-3.968373422660112,-0.6850806501102995,-3.052715783428703,-0.4339429074522516,-3.104379497610578,1.074322205289712,1.186392424048715,1.404214060896712
38.800000000000004,2,0.25468646230583936,-1.0574030244966437,2.2096603699476915,2.505340985357691,1.0913048277487358,-0.1393109441069879,4.063873504344518,1.2421044068316278,1.4041467773062402
38.800000000000004,3,-3.491053264887099,0.5918592812858021,-3.9228853556592425,-0.831015512363035,-2.659333750015296,1.4688583967171163,1.486960535125886,1.2086706747025406,1.40443144715098
38.800000000000004,4,1.0056608229620831,-5.373374575900166,2.2337085749530816,-4.90776441951455,1.8567949402986235,-4.480839880106217,1.313352237177667,1.233307532163105,1.4042430035222753
38.9,1,-1.1751191283245521,-3.9620180911328484,-0.6105545731206696,-3.0448596027464814,-0.3573251501977188,-3.0971049445040313,1.0769924929226404,1.190320016580362,1.4079037307420714
38.9,2,0.20617334310047264,-1.0362671155685361,2.1666213055143464,2.5369475101087637,1.0430842923915908,-0.12396836114551119,4.075686319442024,1.2380262333105723,1.407842102288763
38.9,3,-3.5363147962506085,0.6229289107635969,-3.9688142221075147,-0.8038689295696594,-2.7005038849548484,1.5068122565272968,1.4909083910643866,1.2164824899518616,1.4081373127169265
38.9,4,1.0037648647697717,-5.429857133995629,2.2362827177833084,-4.962447270135776,1.8563542289703654,-4.530424956492823,1.3181700341119065,1.2393090275937686,1.4079477738002626
39.0,1,-1.1033712051584037,-3.955084311744169,-0.536152514009089,-3.0363864691832227,-0.28179825912334067,-3.0871011609000547,1.0796956837531948,1.1951472109351253,1.4115945515423278
39.0,2,0.15799969677490688,-1.014762275254144,2.12397782374478,2.5689441016960552,0.9959537637703708,-0.09653080168258933,4.087544665433944,1.2431074199165684,1.4115381547327364
39.0,3,-3.5812981921150433,0.652848036932522,-4.014458401375909,-0.7777901957566019,-2.7380853492413824,1.5330842548102968,1.494775407784988,1.218943681082457,1.4118437059474302
39.0,4,1.0022540720373336,-5.485788454947367,2.2392454581717787,-5.016501162791062,1.8554473831919625,-4.582065473033767,1.323018613606858,1.2428411218807531,1.4116531853982908
39.1,1,-1.0317541882619772,-3.9475730968140006,-0.4619547484553015,-3.027296418913063,-0.2100774822330537,-3.072959794056988,1.0823957527135752,1.200042098674072,1.4152865224736575
39.1,2,0.11017137682273637,-0.9928911165681473,2.081641078796508,2.6013239242003903,0.9533555154456557,-0.07766771890818773,4.099399290760457,1.2444249110530996,1.4152349447809647
39.1,3,-3.6259985195441264,0.6816035362750008,-4.059770859753641,-0.752789385048481,-2.7779542633747525,1.5697787766250668,1.4985464610327406,1.2280204876111653,1.4155506205630966
39.1,4,1.001128590378117,-5.541146976166441,2.242564590561993,-5.069976308218158,1.8572980568491193,-4.637376546372776,1.3278422876559444,1.2449205376595998,1.4153592335762213
39.2,1,-0.960278533597176,-3.9394855429668683,-0.3879933909707118,-3.0176516086124354,-0.1361829214246935,-3.064294224695548,1.0850290719599938,1.2021203856433973,1.4189796738358862
39.2,2,0.06269419477757632,-0.9706562970359198,2.039637108275145,2.6339274350500745,0.9048206223445736,-0.0511333092312778,4.111122372886418,1.2468758739778105,1.4189324820640719
39.2,3,-3.6704108766432277,0.7091827956786441,-4.104780006854803,-0.7289735136141313,-2.815323651156835,1.5975592849093696,1.5023215738447535,1.233039719477003,1.4192581344025745
39.2,4,1.0003885282683869,-5.595911355889135,2.246234316547579,-5.123012254122183,1.8601230306760255,-4.68838538194194,1.3325784361999078,1.2500987193093653,1.4190659455003867
39.300000000000004,1,-0.888954676487276,-3.9308228309717945,-0.3142696369222943,-3.0074262284592295,-0.06762142312217909,-3.0425706411236395,1.087623179337197,1.2097852147605943,1.422673945586154
39.300000000000004,2,0.015573919506886913,-0.9480605183706095,1.9980300488917402,2.6667969092573265,0.8690851601145201,-0.035447756414333544,4.122781406649209,1.2495373108191061,1.4226307364066348
39.300000000000004,3,-3.714530393096906,0.735573717968772,-4.149502081515294,-0.7063305896920691,-2.852057207420757,1.6313404113859213,1.506083796532063,1.2434862142564582,1.4229661728777132
39.300000000000004,4,1.0000339570368695,-5.650060481404571,2.250276466610301,-5.17551111752216,1.858302696384892,-4.742787760693719,1.3372746283040267,1.2489071297290744,1.4227732639576316
39.4,1,-0.8177930300933749,-3.9215862255699085,-0.2407703046442528,-2.996609003576455,0.011063130580776969,-3.035621112402989,1.090200938768381,1.213233990966445,1.4263694209608289
39.4,2,-0.03118372348895493,-0.9251065261448694,1.956843014945209,2.6999871912787037,0.8231784066220891,-0.00981467862790948,4.134435242307351,1.2520758026169543,1.42632974790141
39.4,3,-3.7583522307030077,0.760764727214644,-4.193923170365104,-0.6848506281845419,-2.8989097181406316,1.6605211986431085,1.5098098553274966,1.2442681143053258,1.4266749117315516
39.4,4,1.0000649108578776,-5.703573477194079,2.254748697783201,-5.227466354118595,1.8623837380377994,-4.792129057140688,1.3419796562602897,1.2547209612321852,1.42648127745311
39.5,1,-0.7468039838940519,-3.9117770752897902,-0.1674417621708861,-2.985156489754194,0.08081301635547605,-3.0229517977428166,1.0928340649423103,1.2144794247365749,1.430065982364983
39.5,2,-0.07757305277239857,-0.901797109457231,1.9159780413376306,2.7335306488156568,0.7777968941046737,0.0188754507776972,4.146064866219133,1.2567003259289873,1.4300294411128103
39.5,3,-3.801871583903205,0.7847447738070303,-4.237985134186291,-0.6645846322434048,-2.9317606441152013,1.6828243898825146,1.5135226314736838,1.250455934589081,1.4303841598352893
39.5,4,1.0004813867480187,-5.756429712979135,2.2596983299526703,-5.278745852989863,1.8659698189927518,-4.842170167191535,1.3467773313164715,1.258944297184429,1.4301898916741906
39.6,1,-0.6759979021685845,-3.9013968122505966,-0.09437240075909235,-2.9731017496060392,0.15025033807177385,-3.0039178692443276,1.095454219591173,1.2198994252150213,1.4337636676133012
39.6,2,-0.12358843165900835,-0.8781351005932283,1.875438220146996,2.767434977878622,0.7397108137014565,0.0398363354398302,4.1576782886221455,1.2601417160036184,1.4337298385588388
39.6,3,-3.8450836803100077,0.8075033393049513,-4.2817032746331,-0.6455439584646654,-2.9654360205062384,1.706336920764624,1.5172287631410257,1.2576493201834402,1.4340940052194526
39.6,4,1.0012833445664784,-5.808608811674668,2.2651073528261856,-5.329303811490361,1.8641213359525124,-4.889553890463391,1.3516598710679073,1.2606154638039915,1.4338991292620722
39.7,1,-0.605385122483745,-3.8904469519529683,-0.02143653027202118,-2.960535184382845,0.22442964769000182,-2.9897896429648894,1.0980582196821098,1.2246534779406606,1.4374624832667353
39.7,2,-0.16922426890240905,-0.85412337468123,1.8352358323663827,2.8016652705359046,0.6977333437492124,0.06586748458457128,4.169250642031134,1.2641197266347939,1.4374309467711457
39.7,3,-3.8879837812300857,0.8290304410494005,-4.325178897361543,-0.6277814891747583,-3.00341426733972,1.7261781698207752,1.5209998585182831,1.2598957386005694,1.4378044988959333
39.7,4,1.0024707070188938,-5.860090657244855,2.270867792062779,-5.379238367220785,1.8645491420764673,-4.935144709585263,1.3564844599807313,1.2643987639519485,1.4376090209644463
39.800000000000004,1,-0.5349759541845229,-3.8789290930577707,0.051353602475759715,-2.9474201054847287,0.29762825827682543,-2.9759164788260457,1.1006776744091784,1.2282758468967776,1.4411623817002857
39.800000000000004,2,-0.2144750193736389,-0.8297648493431065,1.7954074766033343,2.8362344806487605,0.6536213690384082,0.09614466959586937,4.180810774854017,1.2692122662643335,1.4411327333084822
39.800000000000004,3,-3.9305671821839328,0.849316636542075,-4.368381392571442,-0.611182196107224,-3.0426201041777587,1.7498543397182476,1.5247091929240815,1.2646810539347535,1.4415155530123014
39.800000000000004,4,1.0040433596648004,-5.910855402458233,2.277009135732817,-5.428416752084287,1.8717313217544704,-4.987835756643716,1.361318815860224,1.2668258231165326,1.4413195406978723
39.9,1,-0.4647806768890146,-3.8668449171526933,0.12390159519289508,-2.9337702392344496,0.3712300095299497,-2.961552112483901,1.1032566211157555,1.232261713270276,1.4448633335606549
39.9,2,-0.259335184734951,-0.8050624843396998,1.7560096838211365,2.8710590243786864,0.6082626408397679,0.124409838114569,4.192312522472209,1.2714734700930699,1.4448351742565595
39.9,3,-3.9728292134217593,0.8683530275871649,-4.4112251917532,-0.5957620132059261,-3.078812227159273,1.7716190036999175,1.5283402391135736,1.2708877980879283,1.4452271606313312
39.9,4,1.0060011509286624,-5.960883476539163,2.283611427635059,-5.476775011962096,1.877347218249716,-5.037423336980413,1.3662536457850571,1.26965451930426,1.445030666657011
40.0,1,-0.3948095389875801,-3.85419618850674,0.19611617527400518,-2.919578031605611,0.44149844667938254,-2.9409848487851566,1.1057596027097518,1.2382915641667038,1.4485653183075498
40.0,2,-0.3037993141078932,-0.7800192812111972,1.7170691180296669,2.9062475543638766,0.5695903620639144,0.14850085313644937,4.203863984844276,1.2747388620154587,1.448538257057756
40.0,3,-4.014765240435597,0.886131264194403,-4.45375188066628,-0.5816653680752009,-3.1117559876484986,1.792065043280478,1.532036626195018,1.279117556250516,1.4489393260267025
40.0,4,1.0083438921144836,-6.010155592712764,2.2906364485174975,-5.5243841492402845,1.8782775319639637,-5.085408013517592,1.3712213882155986,1.2696230239599064,1.4487423780633975
40.1,1,-0.325072756146612,-3.8409847538126467,0.26808229281470114,-2.904823721598842,0.5143464679411573,-2.9269374303376448,1.108255561837573,1.2410105331220713,1.4522683282758655
40.1,2,-0.34786200473564044,-0.7546382829124139,1.678580536931336,2.941799328779492,0.5259616056433272,0.17369627722096984,4.215462061483684,1.2749010775718157,1.4522419912264364
40.1,3,-4.056370664467504,0.9026435482416346,-4.495879486336972,-0.5689015651958201,-3.1505165131250816,1.8145814129108397,1.5357776614415055,1.2853802598926631,1.4526520761141908
40.1,4,1.011071357423992,-6.058652755640319,2.2980554787450567,-5.5712509665680185,1.8859504232422224,-5.131363826529953,1.3761862637460933,1.274863968373735,1.4524547166026425
40.2,1,-0.25558050981707536,-3.827212541917272,0.3398173891950668,-2.8896135836893975,0.5871687276641816,-2.9151858702169378,1.1106711775399902,1.2417805471048533,1.4559723324520715
40.2,2,-0.3915179026394635,-0.7289225734430587,1.6405410330722863,2.977661805002566,0.48668312960730437,0.20355054677764572,4.227059412019555,1.280914974919657,1.4559463563690491
40.2,3,-4.097640923013888,0.9178826368953419,-4.537658307448824,-0.557459371272797,-3.194303937713821,1.8286333209612422,1.5395614114644987,1.2827644045332403,1.4563653934844882
40.2,4,1.0141832839784048,-6.106356268742321,2.3058389937571486,-5.617359566742199,1.8933731555933473,-5.170904154449588,1.3811199249779238,1.2837622398579271,1.4561676718948986
40.300000000000004,1,-0.18634294574802235,-3.812881563539986,0.4113246392741169,-2.873915373193432,0.6615167447882235,-2.900747607331706,1.1130426985520896,1.2453330513980538,1.4596772854414848
40.300000000000004,2,-0.43476170326929964,-0.7028752774729874,1.6028549258438085,3.013834256950729,0.4490805882510029,0.2268093615098434,4.2386095940195325,1.282766823799437,1.4596513460563805
40.300000000000004,3,-4.138571490325821,0.9318418457875834,-4.579024446186607,-0.5473210327710119,-3.2394253369686377,1.8453702852539862,1.5433475394843035,1.2817948411547535,1.4600792598831607
40.300000000000004,4,1.0176793718437631,-6.153247741406403,2.3140814554872873,-5.662613455141392,1.89869579228819,-5.2082026381421525,1.3861386529976172,1.292014001586844,1.4598812130889687
40.4,1,-0.11737017250532134,-3.797993910979108,0.48265335757250644,-2.8577030254548337,0.7344562774905771,-2.884604152764223,1.1154260110142142,1.2489552239069506,1.463383142679876
40.4,2,-0.4775881521482752,-0.6764995599625503,1.5656192876922992,3.050323588014939,0.41084995522557977,0.2576840777733538,4.250165575424177,1.289194065937136,1.4633569447597963
40.4,3,-4.17915787790535,0.9445150519479828,-4.620088406606619,-0.5384619286064685,-3.279966433633303,1.8571427159646825,1.547139442970535,1.2811848057874509,1.4637936278424755
40.4,4,1.0215592840598422,-6.199309096077226,2.3227222179716946,-5.707045731149859,1.905284094913812,-5.249761248417559,1.391167926972051,1.2971548312803642,1.4635953400873
40.5,1,-0.048672259995833356,-3.7825517578064343,0.5537352356988304,-2.8409299766024048,0.8056462513607123,-2.859917536128939,1.1178311007066164,1.2574235666062976,1.4670898621515214
40.5,2,-0.519992045511203,-0.6497986257779949,1.528748303088822,3.0871738278136003,0.3787589691044409,0.2871643351458812,4.261725018684821,1.2983269913299524,1.467063145292221
40.5,3,-4.219395634997717,0.9558966964894662,-4.660798162480199,-0.5308985273397278,-3.317002076631704,1.8694265049657692,1.5509339859804563,1.2840758720399763,1.4675084816342912
40.5,4,1.0258226466726268,-6.244522575225746,2.331800350346741,-5.750584856322441,1.9075319120785073,-5.29600890653198,1.3962636687421583,1.2950248678699128,1.4673100333275255
40.6,1,0.019740762002762757,-3.766557358549906,0.6246136009305461,-2.8235414806125703,0.8803268269272184,-2.843426119638404,1.1203348148274603,1.2620537466353974,1.4707973793884843
40.6,2,-0.5619682309368375,-0.6227757193020809,1.4922482862817839,3.1243880034365117,0.3364132488341835,0.31827801463296423,4.273293982938917,1.3010270609594021,1.4707699380495054
40.6,3,-4.259280349079416,0.9659817870465699,-4.701226219851287,-0.5246560817098231,-3.3548583713504376,1.880039589299545,1.5547724619579895,1.2858774357063492,1.4712237461865827
40.6,4,1.0304690487703558,-6.28887074819508,2.3412656314282154,-5.793278256813518,1.9156540127613133,-5.337382420230867,1.4013563424844186,1.2995701053532307,1.4710252635084702
40.7,1,0.08785890530633544,-3.7500130483644414,0.695143900943144,-2.8055823744896378,0.9503483494193836,-2.8203223757013647,1.1228287330137283,1.2681532983212869,1.4745056551442346
40.7,2,-0.6035116079739775,-0.595434124039834,1.4561319101748542,3.1619420441156922,0.3012815564317555,0.34670458120782005,4.284857884559954,1.3062450039257818,1.4744773039205203
40.7,3,-4.2988076463420875,0.9747658999652606,-4.741300286597399,-0.51961840296111,-3.3899507453559594,1.8928040035540485,1.5585198688219701,1.29182615940033,1.4749394211174773
40.7,4,1.0354980425231237,-6.332336517920339,2.351153570591026,-5.835092569070903,1.9215235008398146,-5.381340189734482,1.406485340557452,1.2997827237689707,1.47474102704421
40.800000000000004,1,0.15567222478252196,-3.732921242691018,0.7653728544052856,-2.787131665185057,1.0184896292578498,-2.8077862593952467,1.125278979933998,1.2650409522158597,1.4782146428631393
40.800000000000004,2,-0.6446171287611788,-0.5677771622195942,1.420373648814965,3.199730009624613,0.2598698143209862,0.3762293062293436,4.29631204655482,1.3073809095590907,1.4781852482952467
40.800000000000004,3,-4.337973192172151,0.9822451822432932,-4.781008081411949,-0.5158875343946598,-3.4253241582103953,1.9008812525279979,1.562268078706319,1.2949210357467558,1.47865546877975
40.800000000000004,4,1.0409091432260449,-6.374903127519881,2.361491833522502,-5.875971219240275,1.933324346537858,-5.414021163518097,1.4116910749204863,1.3113729613828364,1.47845733194077
40.9,1,0.22317081980271336,-3.715284436904019,0.8353731836178324,-2.768086977280428,1.085994250599977,-2.7882416635339573,1.1278185854906826,1.2664409091585822,1.4819243209125674
40.9,2,-0.6852797986401398,-0.5398081943893196,1.3850390087928721,3.237810703019696,0.22458462686694347,0.4076696161061561,4.307740068582662,1.313608569622106,1.4818937646375587
40.9,3,-4.376772691626157,0.9884163532202703,-4.82032181991658,-0.5134687847224182,-3.463059587858838,1.9105697217863533,1.5660123871733336,1.2981673509813294,1.4823719758883995
40.9,4,1.046701829345972,-6.416554166755416,2.3721830643216486,-5.91595682368725,1.9457224992287652,-5.453800811946676,1.4168620977920017,1.3172441638025918,1.482174223477796
41.0,1,0.2903448356875602,-3.697105205946904,0.9051007457345067,-2.7486299725400785,1.1504713472954915,-2.7668276231233535,1.1302787697394752,1.2669782938451852,1.4856346290732778
41.0,2,-0.725494676762577,-0.5115306190082642,1.3501570172509578,3.276168853178278,0.1839095862070722,0.4385350061352938,4.319143114839269,1.3151580914805605,1.4856028515274915
41.0,3,-4.415201889901754,0.9932767060166396,-4.859281402912123,-0.512346758785194,-3.482594564984351,1.9199562275435895,1.5697479516270774,1.3147210191166074,1.486088880021463
41.0,4,1.0528755425717602,-6.457273578358455,2.383306041620656,-5.955035679872925,1.9528630809295424,-5.496684226647761,1.422071805315982,1.3163242274680171,1.4858917018765903
41.1,1,0.3571844651456839,-3.6783862039562862,0.9745330410567594,-2.728734057796127,1.2208576890398164,-2.7425734886159114,1.1326775635131248,1.2734507748100865,1.4893455248763632
41.1,2,-0.7652568766905836,-0.48294787203403056,1.3156966410142232,3.314848462022969,0.15183608381438582,0.4690420784064457,4.330545524275758,1.3218715383680177,1.4893124947144434
41.1,3,-4.453256572804298,0.9968241087210314,-4.897872287050783,-0.512630252860916,-3.519564989637247,1.923923670586649,1.573574149207363,1.3157862934718592,1.489806242756938
41.1,4,1.0594296878680791,-6.497045664220699,2.3948475930939117,-5.99324959306541,1.959087009448596,-5.5338537407739805,1.427288149922522,1.3179992328019081,1.4896096890050314
41.2,1,0.4236799497055559,-3.659130163874425,1.0436957239758617,-2.7083044970681267,1.292298154931855,-2.718152229107327,1.1351162975667508,1.2806002733753847,1.4930568821042338
41.2,2,-0.8045615669903623,-0.454063426505082,1.2817326893961147,3.353845817603341,0.11470060109255782,0.5069993542668428,4.341980715710007,1.3299190209383336,1.4930226684848833
41.2,3,-4.49093256720897,0.9990570053253744,-4.936009192101596,-0.514284065316643,-3.54985328775847,1.9248609695383878,1.5774328505891269,1.3201299899493244,1.4935238098515446
41.2,4,1.066363633532764,-6.535855091445949,2.4068048024525743,-6.030445918238098,1.9669969536197163,-5.577114305537269,1.432557489142321,1.315417907668753,1.4933281395754503
41.300000000000004,1,0.48982158114022933,-3.6393398970502187,1.1125711542819963,-2.6873690547762994,1.3601888434885168,-2.692507734200137,1.1375700046098123,1.2860910994074315,1.4967686411404604
41.300000000000004,2,-0.8434039718193049,-0.4248807921187252,1.2482423376254823,3.3931956216923096,0.07780909450783163,0.5404633640120398,4.353468937010362,1.334362339601828,1.4967333623780752
41.300000000000004,3,-4.528225741518414,0.9999744164074209,-4.973760029362522,-0.5172279494822682,-3.574914278047988,1.9300126524796846,1.5812665242475814,1.3318310204153276,1.497241534643719
41.300000000000004,4,1.0736767112576984,-6.573686898261234,2.418984812118478,-6.066600718253813,1.9747691638327274,-5.620207640405386,1.4377031265863462,1.3119033132243467,1.4970470336705815
41.4,1,0.5555997028846864,-3.6190182928287613,1.1810699753416933,-2.665900397704183,1.432874435116791,-2.6712867718157245,1.1400205189969823,1.2914356320524052,1.50048076098108
41.4,2,-0.8817793715062683,-0.3954035148046735,1.215316817206734,3.432821582809581,0.0449845324714329,0.575893025803851,4.364987952184779,1.3425007648094942,1.5004445654573084
41.4,3,-4.565132006115805,0.9995759395603496,-5.011173881765458,-0.5214820796144358,-3.6228393819412235,1.9275952590278003,1.585109097989467,1.322548769187227,1.5009595117729748
41.4,4,1.0813682161932312,-6.61052649978487,2.431464604680745,-6.101774677350627,1.9905763056846348,-5.651471253082756,1.4427711790291597,1.3215318067392323,1.5007662760639928
41.5,1,0.6210047114457202,-3.598168318129492,1.2491984446718576,-2.643897446676913,1.500558560239622,-2.648290389977334,1.1424798740316853,1.294559018090254,1.504193162502403
41.5,2,-0.9196831031250907,-0.3656351762941572,1.1828700531796303,3.472750574627337,0.014671920684168983,0.6096035999672128,4.37652087256123,1.350596157717538,1.5041562659683674
41.5,3,-4.601647313813344,0.9978617495692759,-5.0482344582634004,-0.5269436028207211,-3.6607696856814926,1.9239421078902426,1.5888585337484387,1.3201801169487852,1.5046775409499065
41.5,4,1.0894374070161086,-6.646359693649197,2.444245871528583,-6.135975443954609,2.001013698762029,-5.681150915335525,1.4477562149239616,1.3276292108141543,1.504485917335336
41.6,1,0.6860270578040066,-3.576793017013037,1.3169376224511953,-2.6212993578335557,1.5731742325984472,-2.6268349044514996,1.1449961892144573,1.2997886464218853,1.5079058002288446
41.6,2,-0.957110561061131,-0.3355793936847502,1.1508592618016744,3.512892729192705,-0.020731784928293417,0.6430650261397344,4.3879692859755925,1.3544556518563584,1.5078684640883409
41.6,3,-4.637767660296047,0.9948325983345829,-5.084874190920225,-0.5336514766963113,-3.7034993739004545,1.9196820969471486,1.5925350286099946,1.3146116635906102,1.50839562101663
41.6,4,1.0978835060009233,-6.68117266547586,2.4572671993786703,-6.169199825354793,2.0154746295244,-5.709203642351182,1.4525977470872506,1.3366739512248371,1.5082058746937863
41.7,1,0.7506572488082406,-3.5548955102367827,1.3842478261480304,-2.598152015995719,1.640461133393847,-2.606125561832381,1.1475169425617942,1.300736471395696,1.511618619301699
41.7,2,-0.9940571975709278,-0.30523981900083275,1.1192701466177692,3.553297308027843,-0.058975428166333416,0.6739489596255307,4.399370548652882,1.3539529458812873,1.5115811468613545
41.7,3,-4.673489084560883,0.9904898145421179,-5.121113860006511,-0.5416541897094553,-3.7356990006834443,1.9204628718915282,1.5961933433506086,1.3207195496450648,1.5121136996604367
41.7,4,1.1067056990950768,-6.714951994201531,2.470667395108439,-6.201436804339213,2.0312072024041687,-5.739117838425923,1.4574255927528443,1.3442303854619062,1.511926182214317
41.800000000000004,1,0.8148858485611274,-3.532478994799249,1.4511619253120633,-2.5744544721478353,1.7128321286599921,-2.5839421030325274,1.150068794397549,1.3061507405295385,1.515331646482345
41.800000000000004,2,-1.0305185233347585,-0.27462013874986013,1.0881181807222646,3.594028998106915,-0.09380295890433589,0.7091148986321599,4.410789909741823,1.3583705946534657,1.51529431779119
41.800000000000004,3,-4.708807669351137,0.9848353030803825,-5.156903315935046,-0.5509303738762303,-3.783654152465665,1.9139827637461297,1.5998018386679815,1.3111918370197264,1.5158320202060374
41.800000000000004,4,1.1159031359972351,-6.747684657251959,2.4845363349368994,-6.23262757550618,2.0523248664224356,-5.765353627819364,1.462340805249001,1.3571513948703842,1.5156467563476315
41.9,1,0.878703479797017,-3.509546743473328,1.5176564403828436,-2.5501869497125296,1.7758075088454053,-2.5523296589598794,1.1526630469162074,1.311891834649213,1.5190448296129841
41.9,2,-1.0664901080021512,-0.24372407347440994,1.0575430179771674,3.63497622024346,-0.11954304403729522,0.7385033903096527,4.422197721579686,1.3643604848291866,1.5190079582642793
41.9,3,-4.743719541585981,0.9778715442049868,-5.192237741450433,-0.5614342750085142,-3.8091215735777966,1.9127390154996873,1.6033187395755704,1.3219117030611292,1.5195503915787223
41.9,4,1.125474930239288,-6.779358035562448,2.4988018227722995,-6.262850893477026,2.0573027889591273,-5.798279043720133,1.467244485959865,1.3530776572395,1.5193677801693717
42.0,1,0.9421008252509604,-3.4861021043284697,1.583742271646512,-2.5254457270712347,1.8408601536578706,-2.525500272118318,1.1552334919389977,1.3154939036133693,1.522758138801319
42.0,2,-1.1019675807301939,-0.21255537730010898,1.0274373597101696,3.676175445391591,-0.15159972573081462,0.7736106674495793,4.433575623774145,1.369570198140046,1.5227220692180865
42.0,3,-4.778220872785208,0.9696015924507275,-5.227089867606077,-0.5731929648039802,-3.840696181505589,1.9090916421227668,1.6067664486185436,1.3272505792772196,1.5232688537734926
42.0,4,1.135420159271784,-6.809959918442732,2.513419503435131,-6.2920549014314675,2.07379782326847,-5.830650432023296,1.4721099820190247,1.356318439924407,1.523089064457775
42.1,1,1.0050686290189983,-3.462148500241874,1.6493720148051991,-2.5002140737919603,1.9048931683439843,-2.500363503470903,1.1577757527799097,1.3170856394271255,1.5264715981881531
42.1,2,-1.136946630714637,-0.1811178374794764,0.9977848616414764,3.717606024114022,-0.18615870253470446,0.8051341770335101,4.44489890699614,1.3699236184925103,1.5264366574600052
42.1,3,-4.812307879489053,0.9600290752917697,-5.261470605162049,-0.5861875970596065,-3.8671894293945965,1.9065980023715374,1.6101345136327456,1.337625365497339,1.5269874316905148
42.1,4,1.1457378645528493,-6.8394785082844205,2.5283762514393135,-6.3202231620082445,2.0887635557481508,-5.859674910386284,1.4769275620450704,1.3598943138010797,1.5268106830902906
42.2,1,1.0675976979095418,-3.437689428398744,1.714566692172173,-2.4745223357233725,1.9660554923402054,-2.4750135824064956,1.160284330649142,1.3168033994602624,1.530185222461557
42.2,2,-1.1714230077136767,-0.14941527393175003,0.9686228373533549,3.759300499481478,-0.21537623868755407,0.8381451039102176,4.456215346717216,1.374518433651822,1.5301517099977306
42.2,3,-4.845976823673109,0.9491581915505125,-5.295297193430285,-0.6004333497834664,-3.895156005896042,1.8991976134921786,1.6134195795429476,1.3441112791586511,1.530706209332797
42.2,4,1.1564270516405748,-6.867902425109223,2.5436275127870385,-6.347298145350225,2.102453580836889,-5.883908004478311,1.481672681636652,1.3649949500917538,1.530532633517517
42.300000000000004,1,1.1296789027855292,-3.412728459781715,1.779285054516784,-2.44821390558472,2.043110072496162,-2.4471552828696423,1.1628742312154474,1.3291681841554166,1.5338989698573262
42.300000000000004,2,-1.2053925225644182,-0.11745153877871362,0.9400032980627886,3.801219447630269,-0.25564147301529244,0.8692065934232308,4.467516706951216,1.3694967418580797,1.5338672204078834
42.300000000000004,3,-4.879224013158226,0.9369937095558529,-5.328617261114138,-0.615931592893876,-3.9279785538269145,1.889520923307006,1.6166419783913026,1.3461708720793855,1.5344250174734024
42.300000000000004,4,1.1674866902888605,-6.895220710956128,2.5592266350026835,-6.373189362147902,2.1139120612408333,-5.909253033058573,1.4864241665320739,1.366694276215524,1.5342547667125856
42.4,1,1.1913031798972735,-3.3872692386494956,1.8435771660844238,-2.4214847256640146,2.112041561255155,-2.418685600696779,1.165418842553645,1.3363807206837617,1.5376127689508967
42.4,2,-1.2388510476918642,-0.08523051587666108,0.9118673437283676,3.8433901039143925,-0.2914620951931397,0.9043381461996023,4.4788000148969225,1.3699605703377145,1.5375831455747775
42.4,3,-4.912045802015422,0.9235409650516315,-5.361601236417531,-0.6326774466983861,-3.9565061198865226,1.8806555418147488,1.619850559054821,1.3524512550090075,1.5381438697990337
42.4,4,1.1789157145467128,-6.921422834105909,2.57517083962739,-6.397874990715955,2.129765289080354,-5.937829167064158,1.4911843342230795,1.368053878776507,1.5379770637610881
42.5,1,1.2524615322057895,-3.3613154820047972,1.9074417741159677,-2.394176181731404,2.180888560963337,-2.388353561001086,1.1680571661635506,1.3448537643367773,1.5413267038861223
42.5,2,-1.2717945176104832,-0.052756120344442436,0.8841764664741244,3.8858935830418577,-0.32348024622269084,0.9342546654950998,4.490119416028904,1.3687549995091708,1.541299504154348
42.5,3,-4.944438590965676,0.9088058588562067,-5.394282124830937,-0.6507823840964424,-3.9823737766318175,1.869870394403381,1.6231681035914047,1.359857988345014,1.5418628099609164
42.5,4,1.1907130228609897,-6.94649869314132,2.5915134064685095,-6.421399116455586,2.136796948732402,-5.960318994933251,1.4959850534515753,1.3666108414431748,1.5416995934906104
42.6,1,1.3131450306962846,-3.334870979051681,1.970871664219094,-2.366313106053218,2.2476007487971033,-2.358397139941723,1.1707726840819932,1.351557859493058,1.5450407501273802
42.6,2,-1.3042189294181634,-0.020032298087778955,0.8570191504442418,3.928665380858168,-0.352540628797099,0.97033376651913,4.501462362117499,1.373505198314871,1.5450162660515863
42.6,3,-4.97639882777465,0.8927948542741544,-5.426449162218051,-0.6702328362286343,-4.008344439261148,1.853111768883429,1.626530314753186,1.3635754015106494,1.5455817717532518
42.6,4,1.2028774781825597,-6.9704386208413585,2.60820691222372,-6.443834221659108,2.1450024956815987,-5.982030447056894,1.500754147560668,1.3654853593508447,1.545422276459876
42.7,1,1.3733448156818184,-3.307939590642328,2.03380965266464,-2.337927839627,2.303400041141736,-2.332654487370037,1.1735146347611383,1.347658619632636,1.5487549729726746
42.7,2,-1.3361203432826292,0.012936974680224811,0.830372396652985,3.9716340653448716,-0.38028775108806123,1.0074211056441056,4.512756745918227,1.3793529755071297,1.5487334332625562
42.7,3,-5.0079230076422165,0.8755149742612529,-5.458175266971143,-0.6908888543719789,-4.036878898028665,1.840762120435381,1.6298306818156447,1.3691708133072633,1.5493007249434358
42.7,4,1.2154079080758997,-6.993233387908177,2.625290831003746,-6.4651978483685735,2.169432467270107,-6.001580489083314,1.5055203045394132,1.3760589853975937,1.5491451011281807
42.800000000000004,1,1.4330520980968071,-3.280525248713356,2.0962994441808958,-2.3090318098750306,2.359404007486449,-2.305334071328958,1.1763063137607916,1.345037431627166,1.552469534282044
42.800000000000004,2,-1.3674948829201377,0.04614769192220036,0.8042124056600778,4.014841194881676,-0.4013283504761346,1.0430401887178202,4.524029251420152,1.3882623738264586,1.552451042890699
42.800000000000004,3,-5.0390076735868075,0.856973798343982,-5.489522915078517,-0.7127897075873451,-4.064075241479066,1.82156890093658,1.6331324035025896,1.3714725513553456,1.5530198555603958
42.800000000000004,4,1.2283031048320985,-7.014874206525155,2.6427404198746802,-6.4854554478470385,2.182295017539282,-6.01378874768294,1.510270551995617,1.382849473158969,1.5528682702013552
42.9,1,1.4922581607801808,-3.2526319557117795,2.158316930929116,-2.279632652432751,2.4234111162784693,-2.2702946452260337,1.1791360945513405,1.3535259207364911,1.5561844058671386
42.9,2,-1.3983387360664992,0.07959581826330209,0.7786044526781963,4.05826628129222,-0.42840057838147555,1.0759396214650072,4.535294951863734,1.390496675260986,1.5561690754113782
42.9,3,-5.069649416824508,0.8371794592948927,-5.520471906473064,-0.7359146197902077,-4.090460682489997,1.8075892580698343,1.6364186196769832,1.3785883196248416,1.556739061995119
42.9,4,1.2415618255852507,-7.035352733744762,2.6606077686042737,-6.5045879529777855,2.195866695614944,-6.0363492539821,1.5150586262258519,1.3815591690334141,1.5565917129952074
43.0,1,1.5509543597481081,-3.224263784010642,2.219823890590936,-2.2497706449691153,2.4900899048515113,-2.241464699645455,1.181957413500551,1.3593636791917443,1.55989950591242
43.0,2,-1.4286481549402872,0.11327728948152682,0.7535125365767537,4.10189338935723,-0.462472544239472,1.1106920624162264,4.54652435117088,1.3886437772090694,1.559887498505933
43.0,3,-5.099844877142876,0.816140639565297,-5.5510092557549005,-0.7602650406150548,-4.118044437012999,1.7897097012211614,1.6396963636701924,1.3826672853773243,1.5604581881945798
43.0,4,1.2551827924322558,-7.05466107470493,2.6787431944063878,-6.5225129145270895,2.214052381690659,-6.05273335752816,1.519771654706526,1.3868273287080957,1.5603152214405127
43.1,1,1.6091321254559858,-3.1954248753144663,2.2809193634769658,-2.2194015890503214,2.547897355708976,-2.2083250675617276,1.1848711105000906,1.3622210496088523,1.5636149420672847
43.1,2,-1.4584194566982323,0.14718801300155548,0.7288804098126226,4.145769372918195,-0.48449015671139206,1.146116239923857,4.557733383811652,1.395132926969681,1.5636063176179456
43.1,3,-5.129590743269413,0.793866567476869,-5.581109737088479,-0.7858556477713947,-4.137668144335028,1.771700416649219,1.6429825559415607,1.3928637689537187,1.564177496823115
43.1,4,1.2691646925559805,-7.072791785672667,2.697213060859393,-6.539298808944267,2.2237922973332718,-6.070961412611123,1.524446423601882,1.3838272869803736,1.5640390918701739
43.2,1,1.6667829640495704,-3.166119440054574,2.3415785586101507,-2.188588055876292,2.6022734924082895,-2.1745381611617556,1.1878201469464453,1.3632226381994954,1.567330765301787
43.2,2,-1.4876490238827031,0.1813238683920222,0.7047515302968109,4.189862681035937,-0.5023115691735386,1.1892208537054296,4.568917114857669,1.4095198589081994,1.5673255262455423
43.2,3,-5.158883753234692,0.7703670131737925,-5.610831847656356,-0.8126328736981083,-4.167434899407347,1.746669795398452,1.6462520225918704,1.39145174272598,1.567896975492794
43.2,4,1.2835061783517867,-7.089737876913761,2.7160812391735947,-6.554890360482626,2.2448033593454637,-6.087144821645863,1.5291609368281547,1.3889870786504128,1.567763119667318
43.300000000000004,1,1.7238984586050772,-3.136351756774367,2.4017785419186315,-2.1573491141276455,2.663711152146037,-2.145319451030284,1.1907844396289597,1.365793882681112,1.5710469551861095
43.300000000000004,2,-1.5163333048612797,0.2156807078662033,0.681122543869439,4.23419587674068,-0.531538275191707,1.2262478916396538,4.580095672537322,1.4110518358237933,1.5710451299239112
43.300000000000004,3,-5.187720694730069,0.7456522843372517,-5.640196280774008,-0.8406183679851063,-4.194034190071964,1.7240360695609218,1.6495419783639957,1.3945062569699136,1.5716161720343143
43.300000000000004,4,1.2982058675574266,-7.105492815387457,2.7352895034143976,-6.56931461312014,2.2651419861600703,-6.098440082659138,1.5338502016280804,1.3961091160628958,1.571487258273722
43.4,1,1.7804702703580424,-3.106126171504663,2.4613346118269597,-2.125625076780116,2.7237778123834504,-2.113574054638157,1.1937163181593597,1.3693023126900061,1.5747635595362452
43.4,2,-1.5444688142582796,0.25025435678597896,0.657971828154301,4.27873761794436,-0.5584840791316652,1.267032983999059,4.591233186060583,1.4163349443758053,1.5747651181249842
43.4,3,-5.2160984054599435,0.7197332216641463,-5.669119996907042,-0.8698559994050964,-4.226746630112813,1.6972526824598286,1.6528830733166768,1.39081315481872,1.5753354482902153
43.4,4,1.3132623433862571,-7.120050527265061,2.754793593799129,-6.582603155900333,2.2922074013905314,-6.109519440904432,1.5384609266743672,1.4069493605287238,1.5752114938396304
43.5,1,1.8364901399207616,-3.0754470971291874,2.5203529726232383,-2.0934332012175774,2.7882681240776495,-2.0828866567103947,1.1966702410085053,1.375157285189624,1.578480563916404
43.5,2,-1.5720521333782909,0.28504061416912196,0.6353347453229072,4.323486141021681,-0.5921583798287114,1.298177696135262,4.602347130065013,1.4094816476635477,1.5784855026101907
43.5,3,-5.24401377348855,0.6926211941119935,-5.697612616754633,-0.9002840031918495,-4.248247597740579,1.6781408308656907,1.6562303216068481,1.4009993687332194,1.5790545505382492
43.5,4,1.3286741546638008,-7.133405400271528,2.7746514139685754,-6.594755732047081,2.3096935094461,-6.120324437085635,1.5430468883040638,1.410224100073153,1.5789359405334218
43.6,1,1.8919498884881314,-3.0443190127403037,2.5787641830919332,-2.0607970526697392,2.8470570943161104,-2.0510393383032524,1.1995954823244221,1.3779819615199265,1.5821980537301965
43.6,2,-1.5990799106215388,0.3200352531997104,0.6133140575599253,4.368437160662539,-0.6169185352818316,1.336981165992905,4.613485133258195,1.4137962925244814,1.5822062619244521
43.6,3,-5.2714637375812075,0.664328093912141,-5.725602866712523,-0.9318648361807693,-4.287515972574974,1.646086202643145,1.6595403636810828,1.3899648154970827,1.582774028025531
43.6,4,1.3444398159676116,-7.145552285849092,2.794868616717622,-6.605740980454725,2.3408819132950596,-6.12127559190099,1.5476239696633944,1.4289995098290191,1.5826603160850008
43.7,1,1.9468414190317747,-3.0127464629850613,2.636600955852367,-2.027735320981371,2.9002153510557767,-2.0139664323826127,1.20250370831294,1.3807546501073733,1.5859159985648863
43.7,2,-1.6255488618911587,0.3552340217417562,0.5919076524978412,4.413624503505876,-0.6344863534317686,1.370424937044784,4.6246780099461855,1.4187379920857894,1.5859273969918446
43.7,3,-5.298445287540017,0.6348663313534311,-5.753170732880962,-0.964655712972598,-4.306808789078257,1.6240592327690377,1.6629028837925082,1.4006589668054552,1.5864935233960293
43.7,4,1.3605578077704377,-7.156486501142136,2.815435080401362,-6.6155711430114446,2.3547012890444488,-6.132390094591338,1.5521782446225856,1.427268268851328,1.586385145164294
43.800000000000004,1,2.0011567174821545,-2.980734057401702,2.693841321686914,-1.9941745630501402,2.960339029275603,-1.977545595505756,1.2054507857218866,1.3879545372016255,1.5896344396791708
43.800000000000004,2,-1.6514557709922224,0.39063264285584753,0.5710329828233643,4.4590346956700415,-0.6590263097926654,1.4003396251882128,4.63587656481269,1.415776968885839,1.5896489287748332
43.800000000000004,3,-5.324955464533969,0.6042488293386459,-5.7802315827806705,-0.9986146350388768,-4.331923123045619,1.599602154883603,1.6662675743355566,1.4060019466256937,1.5902131935763022
43.800000000000004,4,1.3770265765866805,-7.166203830802521,2.8363534400244808,-6.624201491769372,2.3718632314963024,-6.137299173073905,1.556727795688319,1.4312039563414458,1.5901101106175255
43.9,1,2.054887853898647,-2.948286469746658,2.7504832613932804,-1.9601726159917021,3.016452925348029,-1.9400752475096448,1.2083964411194266,1.3932326637270989,1.593353385588044
43.9,2,-1.6767974900225466,0.42622681531885265,0.5507667174560783,4.504604080340371,-0.6779727614556607,1.4395721069797947,4.647063956336762,1.4228561130796442,1.5933708308127228
43.9,3,-5.350991361423419,0.5724890177160815,-5.806734318805769,-1.033684741205906,-4.3566648916929145,1.5684172250087431,1.6695795240278906,1.4073230341637637,1.5939331905075422
43.9,4,1.3938445351221258,-7.174700528614686,2.857670772956708,-6.6316116292728875,2.3905963769899854,-6.144642280322085,1.5613240557812569,1.4333646532346862,1.5938352419043207
44.0,1,2.108026983627285,-2.915408437312199,2.8064774920693556,-1.925697862121587,3.0654691786953445,-1.9071143359048675,1.211346414279218,1.390450485213178,1.5970728173977002
44.0,2,-1.7015709397551797,0.46201221414654237,0.5310847096801959,4.5503860728323176,-0.6953584443534276,1.4795364553798318,4.658277799502828,1.4310203238948085,1.597093099025013
44.0,3,-5.3765501230788715,0.5396008273887927,-5.832653805797545,-1.069863402172881,-4.379843530580518,1.5379422719363236,1.6728435897082812,1.4107124694390878,1.597653201464628
44.0,4,1.411010062426926,-7.1819733189398836,2.879358777852281,-6.637768170880706,2.4153705271183052,-6.147098202848409,1.565952487550437,1.4421187360756487,1.5975605133072757
44.1,1,2.1605663484460536,-2.8821047602348044,2.8618504458206537,-1.8907519147411973,3.1172288818275073,-1.8698998101723379,1.2143227946056103,1.392753410947818,1.6007928061390715
44.1,2,-1.7257731100125602,0.4979844911191169,0.5120261472495796,4.596385678810198,-0.713800387217487,1.5116389500926164,4.669543640557463,1.4323352100252693,1.6008157849523614
44.1,3,-5.4016289466940925,0.5055986842040161,-5.858150055910201,-1.1071982072296516,-4.398024083942012,1.51294407720822,1.6761638750963486,1.4219590223865162,1.601373440208579
44.1,4,1.428521504051833,-7.188019397978998,2.9014374677301684,-6.642742600729733,2.433340332912154,-6.151584365101428,1.5706075963387212,1.4435575694125111,1.6012861597709152
44.2,1,2.2124982776976028,-2.8483803007943327,2.91664452953737,-1.8552601235907433,3.176776368105201,-1.8265951995279441,1.2174192500321661,1.4049473402267032,1.6045133319943006
44.2,2,-1.7494010600322634,0.5341392753095386,0.49356622155069463,4.642642631224842,-0.7321065243291741,1.5530195807451577,4.680886887313018,1.4397934744872072,1.6045388382995913
44.2,3,-5.42622508209346,0.4704975026255367,-5.883213281825273,-1.1455952618965934,-4.4313425172743655,1.4715035945100157,1.6794624253715544,1.411313045986204,1.6050939939991222
44.2,4,1.4463771722076553,-7.192836434853469,2.923916875227552,-6.646502414358996,2.4568397589007107,-6.153360502248745,1.5753109013619437,1.449670601747473,1.605011810824361
44.300000000000004,1,2.263815189409125,-2.814239982704154,2.97084518449152,-1.819238328365352,3.236188031423912,-1.7886910083254972,1.220622671460417,1.413244367665065,1.608234276679
44.300000000000004,2,-1.772451918824352,0.5704721736146561,0.4756208077770618,4.689075990708264,-0.7579759388513839,1.590340114602995,4.692198672932248,1.4385034344755343,1.608262251563618
44.300000000000004,3,-5.450335832033552,0.4343126791917,-5.9078269441001785,-1.1850775469819577,-4.446248479946397,1.4423877700611007,1.6827723619808856,1.4228165023827721,1.608814295410026
44.300000000000004,4,1.4645753459279303,-7.196422572503882,2.946792955892378,-6.649053328642168,2.4746885967638024,-6.162107804065641,1.580057635788791,1.445730202950628,1.608737637075649
44.4,1,2.314509591399318,-2.7796887903922936,3.02445012515118,-1.7827862258614415,3.289035336951557,-1.7564971148187445,1.223858768253947,1.4130186246851646,1.6119557676908398
44.4,2,-1.7949228855201973,0.6069787712889751,0.4581227357616646,4.735694789857842,-0.7808905325334714,1.6276487239313722,4.703457295815975,1.4387594535330874,1.6119860765816776
44.4,3,-5.4739585524989325,0.3970600857619866,-5.931965365245075,-1.2256597192158873,-4.455626203740505,1.4152439025346957,1.6861167830222523,1.440034394473166,1.6125348790572125
44.4,4,1.483114271234799,-7.19877642840591,2.970041351936254,-6.650356145321578,2.491722965775154,-6.166083183124488,1.5848397238275074,1.4435189079302957,1.6124637636330388
44.5,1,2.364574082372256,-2.7447317682736934,3.0774196123503597,-1.7458578755707095,3.3439567058081385,-1.7183151166144213,1.22715027732278,1.4187041502341435,1.615677868687958
44.5,2,-1.8168112297128385,0.6436546324811234,0.44113050274438237,4.7825045528059125,-0.8030335525280328,1.6631595251885258,4.714698243805687,1.4377535967656463,1.6157103372155017
44.5,3,-5.497090652992105,0.3587560625550781,-5.955657732293604,-1.2673070197584713,-4.474731123821364,1.3828523562823305,1.6894865829245724,1.4470633108859177,1.6162559370001113
44.5,4,1.5019921613080567,-7.199897095103294,2.993580489410687,-6.650437971597826,2.5139015358439294,-6.165878500415496,1.5895726057451411,1.4467740101459212,1.616190146710919
44.6,1,2.4140013529979196,-2.7093740200137693,3.1298098048071297,-1.7085249323617746,3.393896275205095,-1.6841583196408676,1.2304798397110488,1.4181894411038694,1.6194005112780365
44.6,2,-1.8381142917887177,0.6804953007728001,0.42472724728180516,4.829464071151303,-0.8241873598799998,1.699648532364572,4.72592781245325,1.4376095202501193,1.6194350002226148
44.6,3,-5.5197295968175695,0.319417410981516,-5.978864577383001,-1.3099553508469741,-4.490899836192127,1.351689733775958,1.6928261952626502,1.4574212928168842,1.6199772804018437
44.6,4,1.5212071966573637,-7.19978414055769,3.017435280410009,-6.649239773626133,2.5394869747766884,-6.162683355439176,1.5943015958626467,1.4534344653338103,1.6199167286715561
44.7,1,2.462784186979375,-2.673620707783264,3.1815992076929,-1.6707593252491326,3.4612568462141016,-1.6393389990925145,1.2338662758101684,1.4375974068464101,1.6231237209722915
44.7,2,-1.8588294832508705,0.7174962997203034,0.40895394351436043,4.876549320807438,-0.8475409295574098,1.7423062280447579,4.737147211447526,1.4397707900995163,1.623160074704432
44.7,3,-5.541872901360021,0.27906138627403543,-6.001552393169437,-1.3536164887854745,-4.517442795753682,1.302780924908005,1.6961551458811188,1.448260589484352,1.6236989459662636
44.7,4,1.5407575252976229,-7.198437608315225,3.041567060298223,-6.646731756741067,2.5547672260993353,-6.160515041654091,1.5990023786754928,1.4510337445092083,1.623643276198988
44.800000000000004,1,2.5109154621063476,-2.637477051504577,3.2327791322498944,-1.6325605972124067,3.5169604311571354,-1.600615848067208,1.237313314557093,1.4447171470381288,1.6268473592542365
44.800000000000004,2,-1.878954287033432,0.7546531333984283,0.39378662069752957,4.92384167988069,-0.8702453999865235,1.7814318842040295,4.748419144282929,1.4393638254150072,1.6268854714831138
44.800000000000004,3,-5.563518138356582,0.23770568991885188,-6.0238333692944535,-1.398233242713451,-4.540896410943233,1.2616821772309974,1.699466476025786,1.447163793060752,1.627420422713869
44.800000000000004,4,1.5606412629274655,-7.195858017489711,3.0660346912333667,-6.642943268198982,2.5826577809758224,-6.1529715759729635,1.6037219503298645,1.460181458950617,1.6273696923120409
44.9,1,2.5583881512950235,-2.6009483280896806,3.283379488671407,-1.5938012846301879,3.572775148723072,-1.5599588363291341,1.2409502836213844,1.4534923813033809,1.6305714617523799
44.9,2,-1.8984862578074928,0.7919612869467794,0.37926780011614836,4.971302859651994,-0.8883566340760669,1.8294870138169197,4.759733136398479,1.448040569409989,1.630611200690794
44.9,3,-5.584662934163095,0.19536846189120904,-6.045638992521453,-1.4438289099438564,-4.574646640883043,1.2053776190298204,1.7027821205928237,1.4283736941693599,1.6311419698930836
44.9,4,1.580856493110876,-7.192046362562516,3.0908214754641308,-6.637951209466806,2.614497621736592,-6.138315546720523,1.6084202456501298,1.476063215123823,1.6310957988606785
45.0,1,2.605195323614023,-2.564039870669681,3.3332882094338485,-1.5545946393401417,3.6257625513472913,-1.5192849556031733,1.2446280269363166,1.4605034402146386,1.6342959749190062
45.0,2,-1.9174230222782214,0.8294162271183518,0.36538470719773797,5.018982119355927,-0.9066381770799075,1.8691610714700675,4.771129163537245,1.4500880472021527,1.6343372900362145
45.0,3,-5.605304970014425,0.15206827269857026,-6.06692164507338,-1.4903913412424168,-4.593691641802772,1.1637788469552115,1.7060959932312314,1.4307060536246292,1.634863373313187
45.0,4,1.6014012674618958,-7.1870041129991735,3.1158897275473887,-6.631805921657673,2.6381774787194683,-6.131111591244839,1.6130469079977188,1.4798019900399968,1.634821989175686
45.1,1,2.651330145296286,-2.526757067816201,3.3825044145250853,-1.5150437433096402,3.6848310832694646,-1.4739953279308915,1.2482706689522056,1.4752733542492336,1.6380209834036525
45.1,2,-1.9357622794732396,0.8670134028303633,0.35217461126153893,5.066787249517731,-0.924532743073095,1.9093334312282295,4.782546976173296,1.4522452330399918,1.6380637474022282
45.1,3,-5.625441982278721,0.10782411523500546,-6.087755501696698,-1.537905923644632,-4.623149329720942,1.110698719007291,1.7094329911135473,1.4178674240784037,1.6385850342743262
45.1,4,1.622273605832409,-7.180733212682872,3.141248754247739,-6.624454681345749,2.660801947810679,-6.11590587674943,1.6176313875323884,1.4874133159425615,1.6385479638563256
45.2,1,2.6967858807367913,-2.489105362754661,3.4310139936545636,-1.4751511083939857,3.7264161247850924,-1.4381955371513515,1.251876252564488,1.4712409391423766,1.6417464413480092
45.2,2,-1.953501801022207,0.9047482457172367,0.33950526580356677,5.1147840334619055,-0.9355631501201246,1.9461100911938374,4.793984015680883,1.4562395373752162,1.6417905657784337
45.2,3,-5.645071762705668,0.0626553964502592,-6.108097489734913,-1.5863497274863205,-4.633396063182151,1.0767436111044837,1.712778655477717,1.432432416593184,1.6423069180387517
45.2,4,1.643471496503004,-7.173236079165057,3.166983372953253,-6.615821977012529,2.6834053168948926,-6.105148300037929,1.6222820096898898,1.4907293029640185,1.6422742398409953
45.300000000000004,1,2.7415558934759465,-2.4510902525695712,3.4788549242988096,-1.4349188563802129,3.7737098752048808,-1.391900376310759,1.2554736824345476,1.4789269880450662,1.6454724734901063
45.300000000000004,2,-1.9706394314275908,0.9426161706857146,0.3273427906870517,5.162828410749362,-0.9484080501836892,1.989570766551334,4.805300577938698,1.4632398718610553,1.64551782672367
45.300000000000004,3,-5.664192158668631,0.01658192883723597,-6.127919436125062,-1.6356854983989322,-4.654090866072306,1.028933235206671,1.7161091570651266,1.4300908323643877,1.6460294976287988
45.300000000000004,4,1.664992896376857,-7.164515602733413,3.1930496823540664,-6.605917055394026,2.7129416815167713,-6.097143263328531,1.626957245369611,1.4958209676304421,1.6460007895997069
45.4,1,2.785633647168506,-2.4127172874019647,3.5259880825638206,-1.39436228369802,3.81924166469522,-1.350605599399035,1.259035981844195,1.4820346729034164,1.6491989484300336
45.4,2,-1.987173088326574,0.9806125764719589,0.31585219228873745,5.211046224270182,-0.9625453974186748,2.026140957947247,4.816689142095077,1.4638960008981474,1.6492454857552263
45.4,3,-5.6828010734007295,-0.030376078258435246,-6.147219414538917,-1.6858473611756135,-4.66694618751923,0.9907268703196933,1.7193805757158576,1.4403514782039357,1.6497523116794164
45.4,4,1.6868357311766498,-7.154575145297608,3.2194356273433575,-6.594722284959369,2.7386910295483227,-6.0867391658609415,1.631654885985119,1.4988906723614055,1.6497275798242539
45.5,1,2.8290127065378607,-2.373992069639088,3.572513664402771,-1.3534791855792159,3.8640824222820997,-1.312815320949807,1.2626322587666756,1.4823850405375836,1.6529259377850734
45.5,2,-2.003100762744082,1.018732846200678,0.30501861680888803,5.259440684218434,-0.9757195158938751,2.0686990467646287,4.828148510318755,1.4689932772842034,1.6529735625487576
45.5,3,-5.700896466224757,-0.07819802750285731,-6.1660985014951075,-1.736848462272923,-4.680306673236513,0.9469930368578261,1.7226532438023052,1.4465891759572853,1.6534756719131285
45.5,4,1.7089978956445102,-7.143418539093206,3.2459995457238366,-6.582300607595061,2.7654337717670208,-6.072693021176146,1.6362235193870454,1.504164184880591,1.6534545586605875
45.6,1,2.871686738315568,-2.334920253096473,3.6184065287670166,-1.312313371379629,3.917842844064654,-1.2699037086083045,1.2662208654048086,1.4928840670425856,1.6566534071959973
45.6,2,-2.0184205193368845,1.0569723479460738,0.29483097183851215,5.307930499553625,-0.9910725531599982,2.1120951716451883,4.83960511489769,1.4726601837146875,1.656702060228657
45.6,3,-5.7184763527769755,-0.1268629426085699,-6.184468162720344,-1.7887980532351733,-4.699072848581215,0.8939045242976799,1.7260291651266373,1.4426190508449543,1.6571994488382058
45.6,4,1.7314772537448961,-7.131050085204276,3.272920347854947,-6.568645048930862,2.7866680937803796,-6.056126985467562,1.6408370538250492,1.5062826359094679,1.657181482443273
45.7,1,2.9136495121660193,-2.295507542192469,3.6635922349943746,-1.2708419317356707,3.9650450588324033,-1.2287387553218638,1.2697849033501738,1.4978078115002895,1.6603813411530783
45.7,2,-2.033130496628762,1.095326435294693,0.28528809616350753,5.356531266993436,-1.0102305514061776,2.1495808073358185,4.851075281738844,1.468937227693612,1.6604309727798547
45.7,3,-5.735538805224716,-0.17634947753541308,-6.202298909148753,-1.8416437920195177,-4.710079718363269,0.8542323900872479,1.7294710603153385,1.4538450139885357,1.6609235412799848
45.7,4,1.7542716388704838,-7.117474551905238,3.30019171561773,-6.553763274445778,2.818770722270497,-6.044474602041323,1.6454905918981082,1.5114520141133931,1.660908725523621
45.800000000000004,1,2.9548949015960355,-2.2557596911154256,3.7080007601698215,-1.2289809632302333,4.010156719408955,-1.1886651608009304,1.2733589400698033,1.5007558897971849,1.664109721562555
45.800000000000004,2,-2.0472289072366827,1.1337904479099798,0.27642525276015634,5.405203771433865,-1.0214206577689287,2.191088881221926,4.86254464613416,1.4731471555007645,1.6641602757941631
45.800000000000004,3,-5.752081952477793,-0.22663592585362258,-6.219540655224158,-1.8952964644189243,-4.729021129228817,0.8022480567154577,1.7329009295797486,1.4509499294097241,1.6646481754991027
45.800000000000004,4,1.7773788540509967,-7.102697172822596,3.3277953719227003,-6.537675458685107,2.847456174603346,-6.019348575230706,1.6501639059003457,1.5227309860460618,1.664635836395635
45.9,1,2.9954168848493357,-2.21568250298359,3.7517097417309744,-1.1866296015295472,4.048300257789489,-1.1472514829946814,1.277078211920153,1.5000360800622008,1.6678385367149695
45.9,2,-2.0607140380879923,1.1723597120985643,0.2682234279126031,5.453962395273536,-1.0247690308613906,2.233467512317152,4.874020030438159,1.482947005689163,1.6678899750672445
45.9,3,-5.768103980393683,-0.2777002302649789,-6.23617984117712,-1.9497966113176117,-4.739729061014919,0.7552192853376197,1.7363759152261549,1.4575588154582255,1.6683733120901465
45.9,4,1.800796672164937,-7.086723644917293,3.35572669494746,-6.520414936517125,2.870382581910951,-6.000637987746315,1.6548452885270946,1.5243346328938812,1.6683632932500585
46.0,1,3.035209545785717,-2.175281828997836,3.7947101415991593,-1.1439089230360842,4.096202489333077,-1.1039931304715296,1.280847854428059,1.5077683846823022,1.6715678244746623
46.0,2,-2.0735842506285618,1.2110295413781431,0.2606456192162718,5.5028161826292115,-1.0439598652414943,2.2681228494139902,4.8854950270465896,1.4756600681992673,1.671620149606603
46.0,3,-5.783603131976475,-0.3295199922778851,-6.252210795524939,-2.0051212317954703,-4.750136619763782,0.7135155931849125,1.739894438237337,1.4683243049159098,1.672098930405712
46.0,4,1.8245228361542565,-7.069560126288403,3.3839645230976436,-6.501916828608359,2.90229368859965,-5.9839189975098535,1.659541288542684,1.5297734050755467,1.6720910464857328
46.1,1,3.074267074744773,-2.1345635675874375,3.8370408146560657,-1.100863373428887,4.140355908096018,-1.055272131269324,1.2846633293208323,1.5170416622841432,1.675297569802022
46.1,2,-2.0858379810218874,1.2497952370469316,0.25373937610894115,5.551696045162919,-1.0569780992096758,2.2993200393728936,4.896935038661251,1.4697125457381073,1.6753507318960963
46.1,3,-5.79857770756954,-0.3820724820320587,-6.267718305784885,-2.0611604870080016,-4.765987079850362,0.6677509074522617,1.7433959473819893,1.472539491342026,1.6758251846486087
46.1,4,1.8485550592418902,-7.05121323379908,3.41252177812619,-6.482312305216961,2.9346542624920997,-5.961165267943628,1.6642235920450472,1.538770953445102,1.6758189987787697
46.2,1,3.1125837693941083,-2.093533663548885,3.8786389411094473,-1.0575736297652503,4.1810389276953535,-1.007196959761968,1.288430719017832,1.5237204006297096,1.6790277145438437
46.2,2,-2.0974737403391046,1.2886520887545827,0.2474972516551245,5.6006593885155,-1.0648771860034574,2.339648731426344,4.908390357997806,1.4733803266411443,1.6790816602193743
46.2,3,-5.813026065041913,-0.43533464826861734,-6.282659695499979,-2.117893377402353,-4.779600089630987,0.6161340132682017,1.7468713815966403,1.4742983391593618,1.6795519908156589
46.2,4,1.8728910251521524,-7.031690040525628,3.4413369522442223,-6.461527236087283,2.9654105153370556,-5.940833963370367,1.6688643593104566,1.5438801175934762,1.6795470208720598
46.300000000000004,1,3.150154035561876,-2.0521981071779507,3.919433035028926,-1.0140349887112217,4.220553262932706,-0.9689248706100335,1.2921195144279765,1.522903611861368,1.682758252667953
46.300000000000004,2,-2.108490114739914,1.3275953750745546,0.24182122075772508,5.649728358882668,-1.0734108974167902,2.3848037686785073,4.919837080990663,1.4795535048253243,1.6828129914309615
46.300000000000004,3,-5.82694661996838,-0.4892831284411192,-6.296992457239462,-2.175279748160366,-4.784892877431909,0.5685191123076131,1.7502936013253885,1.48486416310291,1.6832791646624663
46.300000000000004,4,1.8975283883340026,-7.010998073030695,3.47038869103167,-6.4395728587225145,2.9932562231490945,-5.9207063033313645,1.6734444440582268,1.5457540655171078,1.6832752664143573
46.4,1,3.186972388053504,-2.010562933395137,3.959392415284048,-0.9702847819284037,4.262263237810473,-0.9175318927832404,1.2956895194782883,1.5332864270292712,1.686489217405351
46.4,2,-2.1188857656443645,1.3666203640777739,0.23674105677433274,5.698948011805239,-1.082228542202716,2.4260305935850868,4.9313325353054625,1.4822308299649165,1.6865447661908348
46.4,3,-5.840337845803223,-0.5438942589631413,-6.310753239761194,-2.2333317860718394,-4.798508759536798,0.5129631111389987,1.7537074444946017,1.4840334719034964,1.687006913119114
46.4,4,1.9224647741870933,-6.989145308461641,3.4997181325241087,-6.41650621753967,3.0245768565045745,-5.90008599018303,1.677987987095657,1.5494196464223784,1.6870037237300837
46.5,1,3.223033451452533,-1.968634220864566,3.998552086978743,-0.9262525751692174,4.298682989776772,-0.8807634689936267,1.299226173278147,1.5298642757033682,1.6902205252289435
46.5,2,-2.128659429895512,1.4057223139076434,0.23228403467202424,5.7482791549304135,-1.0883059115920148,2.4717340927383846,4.942858885341338,1.4895356845850811,1.6902769103405426
46.5,3,-5.853198274047624,-0.5991440855879318,-6.323979034033281,-2.2919683225694896,-4.802591755436485,0.4649409216939768,1.7570681322261998,1.495343090956171,1.6907349755002894
46.5,4,1.9476977792906571,-6.9661401714751925,3.529363625835379,-6.392261439386683,3.0533124577806645,-5.875925503920455,1.6825586614646002,1.5527240059469838,1.690732315774486
46.6,1,3.258331960905421,-1.9264180911065145,4.036873165065893,-0.8819096164926948,4.342015733468861,-0.8324712138980284,1.3027372567466269,1.539834500545928,1.6939522119734944
46.6,2,-2.1378099199128933,1.4448964733561707,0.22842873802563257,5.7976436184444475,-1.0943255933726463,2.516595404954138,4.954340833591978,1.4957934816422276,1.694009479230442
46.6,3,-5.865526494410703,-0.6550083739155039,-6.336585227907992,-2.3512063112882013,-4.81696673090939,0.40247974469313375,1.7603930734786093,1.4892141211499323,1.6944635514993116
46.6,4,1.9732249716351462,-6.941991530989579,3.559259628543945,-6.366841296993923,3.0773635808425297,-5.847138379771575,1.6870992041314787,1.5549358478967577,1.69446088785774
46.7,1,3.292862762890186,-1.8839207076036892,4.074456681649255,-0.8373123501104677,4.374676050410354,-0.788771927937157,1.3062458068127214,1.5393735214886246,1.6976842772214857
46.7,2,-2.146336123836835,1.4841380824413175,0.22523970347887015,5.847012404955298,-1.0961448206403661,2.557443736763633,4.96578737550854,1.5016280501208517,1.697742439089417
46.7,3,-5.877321154964169,-0.7114626200226659,-6.348625547447503,-2.4110484447154565,-4.820941816549508,0.3551149894727708,1.763723279279025,1.5011745746935619,1.6981925749118794
46.7,4,1.9990438908566288,-6.916708696765399,3.589352813362467,-6.340311805764301,3.1059890005137714,-5.823063272821522,1.691542445508658,1.5560809069927068,1.698189868755448
46.800000000000004,1,3.326620815968827,-1.8411482749013626,4.111169503276564,-0.7924604913392335,4.407311180163131,-0.7455179641390345,1.3096803847308487,1.5389273670721346,1.7014167485573426
46.800000000000004,2,-2.154237005663547,1.523442372985349,0.2226905050829386,5.896401306581182,-1.0988482724258037,2.5976261659871476,4.9772034543766726,1.5058938207565962,1.7014758384747113
46.800000000000004,3,-5.888580962290579,-0.7684820612112397,-6.360165737615696,-2.4713934749193704,-4.82837214659778,0.3044060429648793,1.7670029663970193,1.5083539428646562,1.7019222157799196
46.800000000000004,4,2.0251520484739305,-6.8903014158165306,3.6197661966332517,-6.312666018125835,3.138439437250275,-5.792290711347455,1.6960120678153106,1.5636611900079656,1.7019191334715276
46.9,1,3.359601191523363,-1.7981070377015125,4.147190090300262,-0.7472925171256655,4.446285738112905,-0.7022749485909177,1.3132050221232232,1.543285868308593,1.7051495576510294
46.9,2,-2.161511605371013,1.5628045691942272,0.22073616280709052,5.945896045278178,-1.1013155758361934,2.643417494329241,4.988646641796685,1.5138493699870694,1.7052096337125364
46.9,3,-5.899304681625174,-0.8260416868698195,-6.37120095652355,-2.532202326591644,-4.832794619575304,0.24876949674038046,1.7702175636906747,1.5141541509592664,1.7056523696093389
46.9,4,2.051546928128482,-6.862779868652462,3.65051284541249,-6.283902515582385,3.158011528645174,-5.765151366539704,1.7005266815117333,1.5585417032748463,1.7056484406954018
47.0,1,3.3917990744754043,-1.7548032799511142,4.182462607752746,-0.701852795581454,4.480728296892031,-0.6566370396707458,1.3167587270980634,1.546523825462899,1.7088827675978087
47.0,2,-2.1681590390356336,1.6022198882378968,0.2193879485881619,5.995495785236936,-1.1031980748198522,2.6880740051218073,5.000125370954629,1.5209276835067287,1.7089438581285687
47.0,3,-5.909491136991282,-0.8841162494442183,-6.381814220815766,-2.5934971603963657,-4.836965830989424,0.19450014915098032,1.7734351395641916,1.521092984446663,1.7093830882199725
47.0,4,2.078225985826848,-6.83415466535352,3.681591666698051,-6.254017407363866,3.18528050699699,-5.738536652970062,1.7050925912405257,1.557545678913569,1.7093780611779863
47.1,1,3.4232097639891315,-1.7112433239247031,4.216983814980099,-0.6561699875403462,4.515237759213683,-0.6096600350794653,1.3203245772066163,1.551132129967413,1.71261633910824
47.1,2,-2.174178498939635,1.6416835408314465,0.21871261684260632,6.045203449231289,-1.1029187527902735,2.7282105914172434,5.011677910207652,1.5258238677431497,1.712678492685858
47.1,3,-5.919139211329284,-0.9426802755119188,-6.391913605000391,-2.6552798860656117,-4.84315137957066,0.13971388273501073,1.7766578323863442,1.5262132642261057,1.713114310110185
47.1,4,2.105186650185914,-6.804436841480484,3.712893735108512,-6.222979488716107,3.209103357140871,-5.706079116984357,1.709624146996665,1.5572481455614535,1.7131079261615492
47.2,1,3.4538286741576307,-1.667433529301312,4.250656229328643,-0.610216540740145,4.551513138096592,-0.571546710035119,1.3238738284225413,1.5510896502183031,1.7163503068699562
47.2,2,-2.179569253669209,1.681190731817031,0.2186693660399603,6.09494025981822,-1.1069226120063431,2.7708276868331194,5.023219423138438,1.5290125936719285,1.716413553564237
47.2,3,-5.9282478466191035,-1.001708076955523,-6.4014942937520996,-2.7175094687744457,-4.845568028996598,0.08868084608319621,1.7798698311651207,1.5366013116526485,1.7168460520496436
47.2,4,2.1324263226807405,-6.77363785382016,3.7445200211551666,-6.190835144478866,3.2354698330164737,-5.670685825589983,1.714206840109007,1.5598744059285155,1.7168379977268138
47.300000000000004,1,3.4836513346724116,-1.6233802922359908,4.283492252479002,-0.5640128324396744,4.584204661226598,-0.5298778611846235,1.327405329457807,1.551439715652766,1.720084671892393
47.300000000000004,2,-2.184330648203394,1.7207366607465457,0.21920441859638987,6.144611128027035,-1.1055914935617948,2.817620696722199,5.034644587216904,1.5384514136413636,1.7201490590184179
47.300000000000004,3,-5.936816043996235,-1.0611737622304314,-6.4105267254491745,-2.7801381078732526,-4.846220445559441,0.03421694941313706,1.7830424087255639,1.5457294622555118,1.7205784494404583
47.300000000000004,4,2.1599423778949913,-6.741769575968581,3.7763699879817256,-6.157683922722545,3.2586754311769104,-5.6395716653251124,1.7187187870557998,1.5562951380124002,1.7205683235762714
47.4,1,3.512673391476068,-1.5790900444259728,4.315472032314343,-0.5175497201359064,4.615100669277358,-0.4782086721428153,1.3309220555034922,1.557974871004154,1.723819445453386
47.4,2,-2.188462103993654,1.7603165224648925,0.22038950914317212,6.19428859945344,-1.1073443350895855,2.8590336527231006,5.046055337947259,1.5414262754225203,1.7238850326663062
47.4,3,-5.9448428638612825,-1.1210512477217176,-6.419132197183999,-2.843182461764676,-4.850448093956496,-0.02182980761644499,1.786249223956383,1.551124652238517,1.7243114711917509
47.4,4,2.1877321637739975,-6.708844293753495,3.8084464752083274,-6.123506322849249,3.2927340907415834,-5.6100333826721664,1.723175968805959,1.5583371512331528,1.724299099612821
47.5,1,3.5408906073979773,-1.5345692521716348,4.346686728408055,-0.4709523798946033,4.654159143908652,-0.42270690303898484,1.3343868403230235,1.5734054524512726,1.7275544784665136
47.5,2,-2.1919631190341873,1.7999255076938825,0.22223243249462424,6.243922003848236,-1.115324034675242,2.8936433184005663,5.057414855324177,1.5347215928064248,1.727621356372596
47.5,3,-5.952327425982993,-1.1813142691852863,-6.42722736735919,-2.9067691629351193,-4.860548805968296,-0.08249905667668389,1.789615753362817,1.5489917450914712,1.7280448188739999
47.5,4,2.215793001880358,-6.674874700497957,3.840729840043353,-6.088361382042667,3.3248852760926257,-5.572911304898455,1.7275467000184361,1.5634605840757625,1.728029816686232
47.6,1,3.568298862772897,-1.4898244154324674,4.377128833280097,-0.4241294923793568,4.6863002863897325,-0.367153042765441,1.3378757753288806,1.5843983697969826,1.7312897388960131
47.6,2,-2.1948332679229186,1.8395588036165589,0.22457397786925956,6.29359230816905,-1.1193955711914705,2.928228359882523,5.068722312444018,1.5302835169638904,1.7313579278237665
47.6,3,-5.959268909594788,-1.2419363932682064,-6.434778683362219,-2.9707136148571283,-4.873650799771062,-0.1460311601746415,1.7929808216579077,1.5425870997448081,1.73177847475278
47.6,4,2.244122187652088,-6.639873892126811,3.873301359828566,-6.052160476450218,3.365323299198109,-5.5281888582959136,1.7319445239440792,1.5789032734704291,1.7317603545992912
47.7,1,3.594894156042442,-1.4448620668780696,4.406790008398675,-0.3770118215945228,4.711909595754546,-0.3218407319729254,1.3414466151977067,1.5839508866146563,1.735025306910874
47.7,2,-2.1970722019131896,1.8792115944620322,0.22746788996328038,6.343293421955443,-1.113542506408273,2.971465706930384,5.08000208855009,1.5385238533233743,1.7350948289131463
47.7,3,-5.9656665534847635,-1.3028910291032758,-6.441786141261124,-3.03503260273998,-4.8712562807742925,-0.19752231252446467,1.7963864542422292,1.5554979410482341,1.7355126063742994
47.7,4,2.272716990663304,-6.603855362117951,3.9061829656053098,-6.014877508372282,3.3924719433758126,-5.495933551494161,1.7364060595079978,1.5752275685056076,1.7354912297836476
47.800000000000004,1,3.62067260433931,-1.399688770934383,4.435695835350021,-0.329603205556921,4.744423506979434,-0.2780121472281191,1.3451193197320233,1.587757708012648,1.73876120944337
47.800000000000004,2,-2.198679648956136,1.9188790620906067,0.23095586046492744,6.393025436616866,-1.1102907168711345,3.0143052920952136,5.091278276555528,1.5441985276729273,1.738832157914836
47.800000000000004,3,-5.971519656079175,-1.3641514399726473,-6.448283664870332,-3.099698523044657,-4.870680784973002,-0.2527470236489828,1.799840992320815,1.5643100705301547,1.7392472926254217
47.800000000000004,4,2.3015746548873737,-6.566832996300342,3.9393512060845723,-5.976558983087675,3.411783694717873,-5.458445366193698,1.7409007560241845,1.5687852787092251,1.7392222730599922
47.9,1,3.6456304440541576,-1.354311122825321,4.463752627534647,-0.28196372708884,4.771536895701825,-0.23847521267168637,1.3487968135511355,1.585167220280003,1.7424975926293929
47.9,2,-2.199655413733743,1.9585563865792466,0.23503460142046526,6.442775372148273,-1.1051803020363522,3.0593975979975103,5.102542050824208,1.5523295857780484,1.7425699871769584
47.9,3,-5.976827575519361,-1.425690755035433,-6.454303313973536,-3.164585880353379,-4.864484482930514,-0.30141384679986133,1.8032579786782796,1.581551681742287,1.742982725051343
47.9,4,2.3306923989625514,-6.528821067500765,3.9728265437533605,-5.937276690402403,3.436094423727825,-5.424092279488858,1.745430978172592,1.562798557529864,1.742953903637204
48.0,1,3.669764031385096,-1.3087357476098525,4.490993249105865,-0.23407310142269178,4.796800822298509,-0.20091586311152787,1.3525225436746913,1.5803407305268962,1.7462343950990293
48.0,2,-2.1999993776825786,1.9982387468072236,0.23979418090255608,6.492526921997845,-1.0960207936057058,3.1099874125328144,5.113826239732022,1.5667653971935327,1.7463083107168387
48.0,3,-5.981589729732144,-1.4874819811141635,-6.4597118767593225,-3.2296759932866856,-4.856477241291364,-0.3527088458634054,1.8066102965298492,1.5979950500962885,1.7467188759156134
48.0,4,2.36006741646007,-6.489834230041349,4.006642754675184,-5.897070392842523,3.456464612608538,-5.390082852726882,1.7500226601701172,1.5529133599873788,1.746685972985787
48.1,1,3.6930698428696767,-1.2629692992147663,4.517440509929794,-0.1859496811371666,4.824631470423456,-0.1545811104203767,1.3563031572746418,1.5839684637047118,1.7499716516061317
48.1,2,-2.1997114990081963,2.037921321041929,0.24527867084442362,6.542258260923599,-1.0948194573633856,3.145769416756264,5.125136895601766,1.564644952335167,1.7500471901269605
48.1,3,-5.985805596493647,-1.5494980145348562,-6.4644712029378315,-3.2949978091490433,-4.855624554581652,-0.4035272237243628,1.809942069733379,1.6095211216036,1.7504557335298887
48.1,4,2.3896968761545976,-6.449887514090092,4.040786701054459,-5.855851767063751,3.4892441184801637,-5.3472448419456535,1.7547011365565925,1.557184960285574,1.7504185918372683
48.2,1,3.715544475899301,-1.2170184594632147,4.543083313072537,-0.13757973379675273,4.844035409271507,-0.10562046312474842,1.3601501716716677,1.5838867677231323,1.7537092253232778
48.2,2,-2.1987918126902217,2.0775992875247407,0.25143219841074527,6.59206214080633,-1.08818880149731,3.18799744805202,5.136533126364032,1.5704849962266842,1.753786424342609
48.2,3,-5.989474713486573,-1.6117116530156035,-6.468560710912282,-3.360552795626582,-4.856479365636563,-0.4619894951243625,1.813275691950416,1.6141683612919249,1.7541931747041462
48.2,4,2.419577922297137,-6.408996319866414,4.07519646686736,-5.8136532994220635,3.530728371836469,-5.302326438980101,1.7594050349810373,1.5682389954252465,1.7541514014540869
48.300000000000004,1,3.7371846492160037,-1.170889937099173,4.56785877454722,-0.0890206759672749,4.869456844810986,-0.06588624757264212,1.3639870236468017,1.5821104508803194,1.7574471010146202
48.300000000000004,2,-2.197240430478092,2.1172678250569295,0.2582745683113507,6.641948592225012,-1.082047160698157,3.233810383231119,5.148037485689151,1.5780758261809305,1.757526074342444
48.300000000000004,3,-5.992596678350894,-1.674095607598383,-6.472086152892098,-3.426259501097187,-4.848527997045798,-0.5117678193564746,1.8165870377927635,1.6309196898874296,1.757931085161582
48.300000000000004,4,2.449707674890275,-6.367176411704085,4.109835441233113,-5.770603400175743,3.5571393828021622,-5.263873143558156,1.7640644995766042,1.5632284187508003,1.7578845194644575
48.4,1,3.757987203391515,-1.124590466807967,4.591763723413538,-0.040288157985090084,4.895550146453938,-0.014150505563245956,1.3678065587862402,1.5896937934577269,1.7611852619445059
48.4,2,-2.195057540877487,2.156922113585444,0.2657818954647994,6.69176938263026,-1.0783380984773157,3.275218926739962,5.1595126208800615,1.5803955439528738,1.761266122231612
48.4,3,-5.995171148727985,-1.736622514618916,-6.475100610792319,-3.4920158753394066,-4.85047592585747,-0.5749035940638201,1.81981816108614,1.6309255052387506,1.7616695082218803
48.4,4,2.4800832299657394,-6.324443911973782,4.144704310384716,-5.726652128990557,3.5901670921090867,-5.217164229878425,1.7687052770819407,1.5679140522912234,1.7616176939259571
48.5,1,3.777949101288523,-1.0781268082330264,4.6148330429221005,0.00860322662763199,4.918504421535079,0.04078656573400464,1.3716256415044161,1.5977589233000733,1.7649236095519194
48.5,2,-2.192243409127416,2.1965573347886282,0.27393317882820306,6.741540042767215,-1.07279670954262,3.3196714177505955,5.1709665226923285,1.5857320569878106,1.7650064132327783
48.5,3,-5.997197842298155,-1.799264947709239,-6.4775620746095885,-3.5578085905260117,-4.857974478096688,-0.6487981908106779,1.822971623305047,1.6190749310242565,1.7654082081634777
48.5,4,2.5107016598643135,-6.280815294867603,4.179794610843484,-5.681828381290165,3.6291303944819333,-5.162523259929964,1.7733179640564687,1.581600426727097,1.7653506898098996
48.6,1,3.797067428504092,-1.031505744989001,4.637085840679196,0.05757966936288859,4.942387929141227,0.08692026617887069,1.3754046577452073,1.600823472977759,1.7686621451847113
48.6,2,-2.188798377167994,2.2361686726616377,0.2827596964333157,6.791301920279563,-1.0636708572273095,3.362057492619311,5.182454844447566,1.5917090095345814,1.7687469769395345
48.6,3,-5.998676536811615,-1.8619954298278578,-6.479540720295423,-3.6236316849315626,-4.8535946310755955,-0.7043582331090044,1.8260867061159376,1.628292495244979,1.7691471634825329
48.6,4,2.5415600135179988,-6.2363073800479425,4.215087489378002,-5.636085802627814,3.653925531698153,-5.117929529268192,1.7779089274929298,1.5773794924338713,1.7690837957265912
48.7,1,3.815339393795166,-0.9847340836713387,4.658429330794763,0.10677140791652547,4.9644448820421925,0.13153739430924707,1.3791971867852868,1.6020316587609615,1.7724010317517722
48.7,2,-2.1847228635988927,2.2757513141016674,0.29219990510299687,6.8410258482326,-1.052022283307327,3.4084335368933063,5.193927028183803,1.6018675420961177,1.772487943304579
48.7,3,-5.99960707011285,-1.9247864453120476,-6.480970050834237,-3.689582940582556,-4.847740168874724,-0.7613081997380228,1.8292667899811794,1.6372168415002128,1.772886710990436
48.7,4,2.5726553167344375,-6.190937326163221,4.250651821095742,-5.589559782394536,3.677323365456095,-5.073774296071852,1.7825058818410708,1.5710966659214332,1.7728171889556639
48.800000000000004,1,3.83276232948608,-0.9378186528625583,4.678914330070396,0.15611607663077878,4.986939602858357,0.17229429951126424,1.3829918295074994,1.6013981220787001,1.7761403805250344
48.800000000000004,2,-2.180017363628478,2.3153004494927494,0.30222582108830476,6.890687683270205,-1.0440949214521105,3.4516709823804392,5.205352972382049,1.6067538027511792,1.776229428804533
48.800000000000004,3,-5.999989340158396,-1.9876104519471547,-6.481893356097321,-3.755609665964081,-4.8420157240697295,-0.8143016637818378,1.8324990317439551,1.6485012611288554,1.7766269593360142
48.800000000000004,4,2.6039845724835913,-6.144722624232861,4.286492330793429,-5.542261630054587,3.708334369251922,-5.0237064323717435,1.7871182407101858,1.57361551086568,1.7765511109938283
48.9,1,3.8493336918580336,-0.8907663021352822,4.69862745042293,0.20557189093894507,5.006400826523085,0.21944915776582793,1.3868155327694274,1.6035531551917526,1.7798800817395997
48.9,2,-2.1746824490136314,2.3548112732901876,0.31289687407258626,6.940314644950161,-1.0357196597720695,3.4952468812259374,5.216789439890311,1.6117784001297144,1.7799713382583056
48.9,3,-5.999823305028034,-2.050439893047511,-6.48245185309145,-3.821627082502894,-4.839279159563541,-0.874405049110754,1.8357653378078205,1.6522471569729698,1.7803678247271784
48.9,4,2.6355447611865785,-6.097681090904201,4.322461759104135,-5.494154183474448,3.7450578526803104,-4.9718774500026495,1.7916287801480815,1.580649593699745,1.7802853047016505
49.0,1,3.865051061520483,-0.8435839010521858,4.717469587875527,0.25510954499285887,5.025234704872568,0.2851209383967368,1.3905914685685516,1.6186416221316982,1.783619867073629
49.0,2,-2.1687187679902884,2.394278984604454,0.32419922753109304,6.9899119965671535,-1.0291482663193503,3.5300455494975274,5.228238987750626,1.6089085176626934,1.7837134448718883
49.0,3,-5.999108982929389,-2.113247209543728,-6.48247490032193,-3.887600344965293,-4.846537460515632,-0.9499827089141265,1.8390137735419687,1.6375608119102634,1.7841089025180243
49.0,4,2.6673328410067274,-6.049830861583813,4.358592610407936,-5.44525813439957,3.7863120308336566,-4.91345896221474,1.7960700960847893,1.594821469927404,1.7840192547299523
49.1,1,3.8799121437643525,-0.7962783381630947,4.7354203449359495,0.30479266470201144,5.04560435763258,0.33684270320639337,1.3943642406567347,1.6256695949261288,1.7873598400287964
49.1,2,-2.1621270451946604,2.4336987877845453,0.33609831142669044,7.039451279600725,-1.018886297995471,3.5783691531586643,5.239664678997772,1.6177977782845048,1.787455730875369
49.1,3,-5.997846452195929,-2.176004852070984,-6.481930825605669,-3.9535660781695228,-4.843930320660455,-1.0181575142703654,1.842297911063366,1.6346659892069,1.7878501829751168
49.1,4,2.6993457481427456,-6.001190383445966,4.394898477759972,-5.395578322931826,3.8157428503663424,-4.864001064006152,1.800462448026232,1.5935940631482128,1.7877531819485197
49.2,1,3.893914768897062,-0.7488565199992436,4.752453506596874,0.3545229517979983,5.067628060865497,0.3887898366096334,1.3980468600568248,1.6345770475718884,1.7911000836526023
49.2,2,-2.1549080815751953,2.473065893000681,0.3485853245432165,7.08893351542573,-1.0180545037776376,3.6211585142467726,5.25106780971549,1.615720496964382,1.7911983626484258
49.2,3,-5.996035851278374,-2.2386852930531065,-6.480828292703999,-4.019430988223822,-4.84353391448306,-1.085684769075221,1.8455565399446454,1.6302364621766468,1.791591819813958
49.2,4,2.7315803971240107,-5.951778408320899,4.431340923010299,-5.345101035825684,3.8616671023321847,-4.8065544314742805,1.804783443978509,1.6089232170717938,1.791487254122467
49.300000000000004,1,3.9070568925593054,-0.7013253700649286,4.7685817235607235,0.4043398274412942,5.080894601841064,0.4386873100382147,1.4016849016125188,1.6363141136492705,1.794840557299953
49.300000000000004,2,-2.1470627542952494,2.5123755168263275,0.3617096482170721,7.138359268809467,-1.0057852185204286,3.660516821902019,5.262477044246316,1.6188708626957125,1.7949412799662732
49.300000000000004,3,-5.99367737872952,-2.3012610387770733,-6.479256330243684,-4.085101695014185,-4.83854039237622,-1.1428516736575864,1.8487494164970124,1.6359259501694803,1.7953338343973138
49.300000000000004,4,2.7640336811079598,-5.901613985465628,4.4679524411884195,-5.293803605434879,3.9013736054230357,-4.751836715692999,1.8090805949507212,1.6172599894657707,1.7952216084764825
49.4,1,3.919336596023518,-0.6536918278267105,4.7838460695809495,0.4542206344493731,5.100891305059608,0.47961843453336955,1.4052923731157163,1.637212167440748,1.7985813449075736
49.4,2,-2.138592016626509,2.551622882819397,0.3754515861271639,7.1877750137533525,-0.9948324231167316,3.705633569546286,5.273928499487846,1.6247851158924114,1.7986845726438314
49.4,3,-5.990771293182458,-2.3637046414526566,-6.47719385421561,-4.150569378615454,-4.832024878627532,-1.1985133949738145,1.8518888996907783,1.6432783982377468,1.7990763540881949
49.4,4,2.7967024721795384,-5.850716454220084,4.504820116561019,-5.241756392589248,3.9312987361244813,-4.695479389843341,1.8134216949481912,1.6192224544723979,1.7989561695910823
49.5,1,3.9307520864740066,-0.6059628477002412,4.798267195537165,0.5042126507842889,5.1154339451647255,0.5201463035646328,1.408925868130839,1.6345008188659287,1.8023225786248163
49.5,2,-2.129496897833154,2.590803222102662,0.38981174804662233,7.237056563057802,-0.97613056889653,3.7495232308676547,5.285317981119149,1.634896310913047,1.8024283625142417
49.5,3,-5.98731791332222,-2.4259887112519536,-6.474603311346974,-4.215879856612727,-4.820051321512066,-1.2456106391937207,1.855035679271168,1.6600613510807372,1.802819645935517
49.5,4,2.8295836216526715,-5.799105436551435,4.541873770550105,-5.188928753373495,3.9544354687179553,-4.646434531883746,1.817760473413708,1.6105719146668394,1.8026913582301862
49.6,1,3.9413016972687,-0.5581453980349407,4.811880126977434,0.5542532718484543,5.132027072086311,0.5690319031171456,1.4125641943049783,1.6396205617358675,1.806064328164171
49.6,2,-2.1197785030468035,2.6299117739431668,0.40477881066149796,7.286311406042226,-0.9663189189343685,3.790489351612188,5.296739295454358,1.6362791100447762,1.8061727210124159
49.6,3,-5.983317617850821,-2.4880859283234367,-6.4715297399508245,-4.280950701250865,-4.81302535977519,-1.302811467602003,1.8581483175918732,1.6656708908275502,1.8065637937677592
49.6,4,2.8626739603737295,-5.7468008294894615,4.579047220109764,-5.135330019998509,3.9906221582058823,-4.5914018817563145,1.8220410855950593,1.6146869248915299,1.8064271509404521
49.7,1,3.950983888182474,-0.510246460096641,4.824596263518509,0.6043768468821072,5.139364810973344,0.6258078738741356,1.4161863220637705,1.644040348466869,1.8098062442560465
49.7,2,-2.1094380131322223,2.6689437863307375,0.42026643047598156,7.335423580731538,-0.9485479816996792,3.826067272629476,5.308054091996617,1.6390852411096861,1.8099172899432991
49.7,3,-5.978770845445738,-2.5499690547753664,-6.467986471313718,-4.345845156170108,-4.813323958029892,-1.3701184242541153,1.861317517285585,1.6584070542929674,1.8103082834888884
49.7,4,2.8959702990270006,-5.693822797455842,4.616226395693346,-5.0810916638552595,4.031333731633823,-4.523831969265347,1.826121704652016,1.6303155100012472,1.8101629852140593
49.800000000000004,1,3.959797245632026,-0.4622730270483083,4.836403480661041,0.654605893447128,5.152299290947829,0.6741780072770226,1.4198087949927614,1.6472953838038542,1.8135484315646901
49.800000000000004,2,-2.098476684543847,2.7078945165553585,0.43626336452088327,7.384509588602503,-0.9363885978141758,3.869563724373609,5.319364214681224,1.6431445675022356,1.813662145004271
49.800000000000004,3,-5.973678094711805,-2.611610946623219,-6.463907253324518,-4.410429219137263,-4.806462610338734,-1.4302771852845377,1.8644226466883886,1.6607051040563643,1.8140531834057956
49.800000000000004,4,2.929469428442058,-5.6401917644904165,4.653566954580117,-5.026243749853298,4.070289464409349,-4.464976835188245,1.8301487492311204,1.6378646111687987,1.813899020541368
49.9,1,3.967740482882247,-0.4142321029290816,4.847334658033133,0.7049608614905098,5.158907298058265,0.7320225552781888,1.4234742022831606,1.6531116486911719,1.8172909348859572
49.9,2,-2.086895849173106,2.7467592317834737,0.452853334102434,7.433568182009282,-0.9213908516478341,3.9044247480427656,5.330713277776766,1.642738977072218,1.817407369270629
49.9,3,-5.968039924126529,-2.6729845656959577,-6.45928369495057,-4.474647683287885,-4.800554430507537,-1.4908879703504272,1.867434184024831,1.6614375518021363,1.8177986190688324
49.9,4,2.9631681199030884,-5.5859284063773025,4.691234413233285,-4.970855390635249,4.113575577292697,-4.405349268896379,1.834264956007716,1.648394497040325,1.8176355162435562
50.0,1,3.9748124402340927,-0.3661307016316701,4.857396743737793,0.7554034132143832,5.1661675209315705,0.7742986812578259,1.4271628581050697,1.649213784098778,1.821033737253645
50.0,2,-2.0746969141865907,2.7855332096330527,0.47000506192015945,7.482553370745478,-0.9025348416120962,3.948613374721503,5.342050780467946,1.651278109466819,1.821152898886406
50.0,3,-5.961856951978852,-2.7340629914958283,-6.4540901314953665,-4.538470384545203,-4.787949227346475,-1.5398002070905763,1.8703420925349934,1.6746112815119065,1.821544531403326
50.0,4,2.9970631254600733,-5.531053642673998,4.729151133723369,-4.914807833824934,4.150953612725377,-4.349406083918674,1.838447107015469,1.6515914173044668,1.8213724056251994
50.1,1,3.9810120851938917,-0.3179758458783475,4.866607226280554,0.8059131462899365,5.170927072706458,0.8281282548179865,1.4308756831511769,1.6521054104202861,1.824776815165387
50.1,2,-2.0618813618550718,2.8242117387474046,0.48777554524421984,7.531563742611113,-0.8835270507894398,3.986372687890585,5.35349542189015,1.6550338226514703,1.8248987906777696
50.1,3,-5.955129856301344,-2.794819433006626,-6.448376495557995,-4.6019074899980605,-4.78255927208634,-1.6012159599858624,1.8731949959518521,1.6732038207503426,1.8252909764985485
50.1,4,3.0311511782418243,-5.475588628646508,4.767337349227337,-4.858172460057975,4.192016735415426,-4.2840802681594825,1.8427005034882582,1.6635206686249668,1.8251096080916516
50.2,1,3.986338512624088,-0.26977456619565376,4.87500654866917,0.8564816044406923,5.1772893701643685,0.8822440834389964,1.4346371806783307,1.6569583320596726,1.828520147338866
50.2,2,-2.048450749373389,2.862790119367634,0.5060152456937981,7.580560631161222,-0.8626547641119084,4.0288286217918525,5.364946889010527,1.663056796323553,1.8286449558534186
50.2,3,-5.947859374795854,-2.855227240445079,-6.442094110050695,-4.665002460583199,-4.774441572339886,-1.6630037364195858,1.8760475263058771,1.6728138637252559,1.8290378244523995
50.2,4,3.0654289927708707,-5.4195547471135574,4.80580370285367,-4.8009791098800525,4.223283333929742,-4.225955008450611,1.8470354491656693,1.662921228283739,1.828847048657852
50.300000000000004,1,3.9907909448753918,-0.221533899887943,4.882617578817554,0.9071077042379097,5.181700303922556,0.9250086389071978,1.4384667585913777,1.6531257951931346,1.832263927831819
50.300000000000004,2,-2.034406708671243,2.901263663903723,0.5249194658823775,7.629414067313493,-0.838856346684935,4.074925715422692,5.376388816391468,1.6753576571052844,1.8323915714416923
50.300000000000004,3,-5.940046304752611,-2.915259916950348,-6.435237067797905,-4.727657441837743,-4.757040316691275,-1.7073125129728766,1.8788290715292162,1.6907513414351891,1.8327853906348888
50.300000000000004,4,3.0998932652801012,-5.362973600203134,4.84442945036123,-4.743233718903546,4.253618727046029,-4.17687225148958,1.8513465427981455,1.6546657821285586,1.832585237880014
50.4,1,3.9943687319003134,-0.17326089000994216,4.889459320229592,0.9578070424573983,5.184203494351436,0.9911407921679836,1.4423944776556785,1.6647936927427083,1.8360080413685862
50.4,2,-2.0197509462149013,2.939627697504082,0.5444777798810961,7.678228446826273,-0.8233497027945162,4.112827328568564,5.387912955979591,1.6756411637303732,1.8361386048005375
50.4,3,-5.93169150296279,-2.974891130206414,-6.427796981100333,-4.7898369387346635,-4.750895529637023,-1.7796203308178513,1.8815283503929303,1.6801641034414825,1.8365335378466674
50.4,4,3.134540674031194,-5.3058670010244535,4.883197198962984,-4.6850023244559855,4.299244020066046,-4.114254487014426,1.8556057201886915,1.666275567788857,1.8363238157358537
50.5,1,3.997071351348069,-0.12496258433848405,4.895421385174716,1.008577224808243,5.191011545915663,1.0267912396595826,1.4463558629178146,1.6589243681669985,1.8397524397126652
50.5,2,-2.0044852427998405,2.9778775586236224,0.5646012667680053,7.726887661878356,-0.7958699716234077,4.161752038593795,5.39937982128124,1.6918361794350918,1.8398858897177472
50.5,3,-5.9227958856245575,-3.034094723992324,-6.4198289744717,-4.851461170693757,-4.735818383994692,-1.8229460549881595,1.8841079302962251,1.6958174099253833,1.8402820372092517
50.5,4,3.169367879634792,-5.248256965258553,4.9221391077620265,-4.626244934837109,4.322409974915813,-4.057531700245153,1.8598671845429342,1.6575079879841539,1.8400627943664603
50.6,1,3.9988984086408452,-0.07664603434355471,4.900558875015208,1.0593679555784048,5.197818143940987,1.0776351040292556,1.4503514684106205,1.6642636444071572,1.8434973692766412
50.6,2,-1.9886114533343804,3.0160085995901276,0.5853350609917257,7.775380609324576,-0.7758274349363312,4.205799797202274,5.410806093887974,1.698955022711627,1.8436337902819184
50.6,3,-5.913360428242598,-3.0928447296551402,-6.411337002200165,-4.912674982817978,-4.723798581067968,-1.8800905110412862,1.88673337240248,1.6987731405397297,1.8440314424781235
50.6,4,3.204371525372326,-5.190165702670887,4.961266808902908,-4.566960867963137,4.353682440886591,-3.9994326615446845,1.864152703856398,1.65492016597475,1.8438024416235528
50.7,1,3.999849637031403,-0.028318294158766015,4.904764376736716,1.1101874257067754,5.196831542172447,1.1275990370432694,1.4543266346672223,1.6640043743356925,1.8472426510732345
50.7,2,-1.972131506614283,3.0540161871690197,0.6067077804970504,7.823707037983994,-0.7514608129856283,4.248488170476224,5.422210147264394,1.7078642396835024,1.8473820425195306
50.7,3,-5.903386165521143,-3.151115377500674,-6.402327807098799,-4.973463927854111,-4.711760596207243,-1.9362226037641161,1.889417106060882,1.7017449718215665,1.8477814153006915
50.7,4,3.2395482375195623,-5.1316156085490086,5.000512303253522,-4.507269815498193,4.394087552303596,-3.9360345999417534,1.8683688367414315,1.662039403120253,1.847542592308089
50.800000000000004,1,3.9999248976420256,0.020013580448511,4.907977359949515,1.1609881431301872,5.202417015842036,1.1795334912759379,1.4582119965866887,1.6704711065859208,1.8509882264383282
50.800000000000004,2,-1.9550474050884006,3.09189570312631,0.6287137321243622,7.871939576703734,-0.7296580472046298,4.286058086147973,5.433658164394964,1.7110239260275635,1.8511306533777807
50.800000000000004,3,-5.892874191250498,-3.208881108096917,-6.392722439391184,-5.033792891217397,-4.697819301030314,-1.9867252444816939,1.8921287713422894,1.7093335384319372,1.8515318189987875
50.800000000000004,4,3.2748946256717755,-5.0726292550687395,5.039849486781715,-4.447189959557618,4.42189835405952,-3.8783480485977475,1.8724956539669333,1.655875947365984,1.8512831131171432
50.9,1,3.9991241794847916,0.0683425331072831,4.91024400935654,1.2118171286567965,5.203579098911208,1.2237783354185203,1.4620784845734676,1.6690546863997917,1.8547343280687703
50.9,2,-1.9373612246153495,3.129642544789772,0.6513931699911656,7.920075516779634,-0.7060284837361788,4.327554577156587,5.445171932521705,1.717898005135987,1.8548797464312545
50.9,3,-5.881825658187103,-3.2661165834852497,-6.382542448424192,-5.0935900089224555,-4.681306066412844,-2.0315081226788307,1.894828864226141,1.7220642675953264,1.8552830455509912
50.9,4,3.310407283070501,-5.0132293825922165,5.079373802165916,-4.386715561931831,4.459335758901328,-3.818264082162607,1.876635849907761,1.657702841828346,1.855024375068741
51.0,1,3.9974475994631833,0.11666150787317783,4.911608952786465,1.262638389431275,5.203743775632921,1.270247738013185,1.465931101032881,1.669105046128123,1.8584808597099052
51.0,2,-1.9190751142112843,3.167252125608192,0.674727395072037,7.968131242093597,-0.6813955297527022,4.373881937439748,5.4567620204907366,1.7285271928975328,1.858629314207004
51.0,3,-5.870241777927112,-3.3227966982945265,-6.371938545343294,-5.152809328786825,-4.666412371336393,-2.0842395370794637,1.8975367912631331,1.727202675359692,1.8590349773068626
51.0,4,3.346082786931907,-4.953438890901,5.119035390022409,-4.325859060537194,4.495981250202666,-3.7571469997868894,1.8807491529400862,1.659331420957799,1.8587661957261095
51.1,1,3.994895402355014,0.16496345025855674,4.91206800176856,1.313474520598496,5.204705352307364,1.3255642541767558,1.4697902080937926,1.6764946588221743,1.8622276748971829
51.1,2,-1.9001912957887699,3.2047198757086797,0.6987614476709809,8.016044657386887,-0.6623551371616754,4.4137553602423365,5.468400270419843,1.7303193804804406,1.8623792334113842
51.1,3,-5.858123820773535,-3.378896590753091,-6.360872455533179,-5.211402014274312,-4.6526842005547175,-2.142117494492243,1.9002190181627419,1.727051594753639,1.862787327102713
51.1,4,3.381917698776683,-4.8932808303677975,5.158877114593333,-4.264690381867491,4.537195993101785,-3.694046381560165,1.884863580582231,1.665182032255232,1.8625083662116155
51.2,1,3.991467960776694,0.21324130826248336,4.911594302232242,1.364333469994104,5.200741285098227,1.3888962571696142,1.473650450086569,1.6865664919609542,1.8659747430975382
51.2,2,-1.8807120638868096,3.2420412424519327,0.7233452968387812,8.063774066112648,-0.6481649429913994,4.450559816939005,5.479983773763958,1.7261777284242283,1.8661294010372709
51.2,3,-5.845473115596931,-3.4343916535939933,-6.3491995485370865,-5.269404209446402,-4.6397465972773055,-2.2087869961250632,1.9028955303375439,1.719268220316045,1.8665399752844667
51.2,4,3.417908564761433,-4.832778393070115,5.198921908314836,-4.203153439692037,4.594181262388375,-3.62557880928862,1.8890304687409414,1.6855112857126702,1.8662508399339948
51.300000000000004,1,3.987165775128828,0.2614880334003103,4.910168376249025,1.415198208368074,5.194208766551396,1.4448805968131482,1.4774914448140803,1.6903759174465158,1.8697219771838673
51.300000000000004,2,-1.860639785392026,3.2792116909854405,0.7484542643105095,8.111377469480201,-0.6301886355184685,4.483984261401581,5.491556962378616,1.7220589358823564,1.869879710116398
51.300000000000004,3,-5.832291049689684,-3.4892575448485372,-6.336970308815972,-5.326792632763325,-4.624485730957835,-2.2629904053281753,1.9055803194592098,1.7211986478685124,1.870292746606543
51.300000000000004,4,3.4540519160115917,-4.771954903849238,5.239165486629672,-4.141265517069426,4.6523958624063,-3.555062283725784,1.8932510564110425,1.7078805177095293,1.8699936176158347
51.4,1,3.9819894735231607,0.30969658173272113,4.907826401420109,1.4660517267199604,5.192396062726501,1.4960165216748318,1.4813275256998764,1.6948271626012832,1.8734694669013066
51.4,2,-1.8399768992510799,3.3162267047944782,0.7741164280362889,8.158870051385263,-0.605251411212154,4.520283487399004,5.503151688446207,1.7246158315836386,1.8736302820782458
51.4,3,-5.818579068613867,-3.543470198523488,-6.324222169565704,-5.383475282637121,-4.6074232046477555,-2.308826808119838,1.9082174024738916,1.7295209823205147,1.8740457933914854
51.4,4,3.490344268955731,-4.710833811318099,5.279468807946302,-4.079082315537088,4.6868005625928415,-3.4934385277032534,1.897386773549286,1.7069150357154634,1.8737367368401854
51.5,1,3.9759398116908677,0.3578599148941584,4.904556252711808,1.5169509008826916,5.185286927160843,1.5482564668532337,1.4852004606564961,1.696927929115319,1.8772174160887094
51.5,2,-1.8187259161743015,3.3530817862509386,0.8003425228423753,8.206241064322583,-0.5772891708438187,4.561060253835869,5.514768759121831,1.7321596839799671,1.8773812859422543
51.5,3,-5.804338676042726,-3.597005835157204,-6.310891450802785,-5.439508300727378,-4.589849037100439,-2.359294160292167,1.910866570236992,1.7340459259187404,1.8777995573120645
51.5,4,3.5267821256613416,-4.649438678821356,5.319911872554133,-4.016591963217726,4.725022367774767,-3.4316885251084996,1.9015281366948291,1.708418893213174,1.8774804990996714
51.6,1,3.969017672872223,0.40597100112040224,4.9003712997040925,1.5678670854715486,5.185595460751667,1.598237266410858,1.4891011010147712,1.7033967128391712,1.8809657073537904
51.6,2,-1.7968894183306379,3.389772457159787,0.8271481951590209,8.253463384264105,-0.5529733169293449,4.606073987924586,5.52639691222096,1.739746154203591,1.8811326507789
51.6,3,-5.78957143359578,-3.649840972250084,-6.297009636690403,-5.494894523091865,-4.572851258724062,-2.4116706977767275,1.9135611135873776,1.7359359471274545,1.881553769276893
51.6,4,3.563361974171957,-4.587793175351292,5.360500579116131,-3.953912243512557,4.755911807185257,-3.371016207622305,1.905652696880897,1.703737448498388,1.8812246476436778
51.7,1,3.961224067687649,0.45402281627518876,4.895269487457342,1.618816445573313,5.178536357117104,1.6496491370301576,1.4930455602714332,1.7062741599397342,1.8847144554976534
51.7,2,-1.77447005903388,3.4262942593032353,0.8544638848579295,8.30050435501298,-0.5285683390862242,4.643295889767003,5.537979571871436,1.7416555527198816,1.8848844705594345
51.7,3,-5.774278960667576,-3.701952434564781,-6.282611268809595,-5.549597686379787,-4.556264812235063,-2.461955349554614,1.9162971356382938,1.7381459192528954,1.8853086909180308
51.7,4,3.60008028884564,-4.525921066422975,5.401187646718414,-3.8910609071903046,4.802575828588237,-3.301057244310307,1.9097212195407938,1.7164751398786102,1.8849694816515932
51.800000000000004,1,3.9525601339901684,0.5020083448757291,4.889265160247501,1.669697658594657,5.1723876877593495,1.707283531816951,1.4969684831649364,1.7148374666978508,1.8884634773077051
51.800000000000004,2,-1.7514705624202778,3.4626427549824257,0.8824029867140719,8.347422106152,-0.505910945219758,4.676411835720167,5.549626940835053,1.7391532828809673,1.8886365590972254
51.800000000000004,3,-5.758462934250101,-3.753317364291624,-6.26778159568845,-5.603566060715229,-4.54035408127384,-2.5162093374667784,1.919068976745391,1.7361524840098594,1.8890639260165212
51.800000000000004,4,3.6369335306947947,-4.463846204912192,5.4420421681694044,-3.82792683474738,4.846084621369641,-3.230556932588163,1.9138470781220358,1.7271504825317638,1.8887146320285066
51.9,1,3.943027136699273,0.5499205811169651,4.882331064599137,1.7205328804432354,5.164721734532416,1.753140829240679,1.500874753036392,1.714723492540292,1.8922128973965802
51.9,2,-1.7278937231175249,3.498813527556666,0.9109362089488497,8.394185903499281,-0.4756972319224292,4.718033621199702,5.5613032743693696,1.7477109856335635,1.8923889739959083
51.9,3,-5.742125088748884,-3.8039132310748034,-6.252413604276219,-5.656711818398411,-4.519750974999205,-2.556407690483422,1.921784840784068,1.746559059342543,1.8928196917505844
51.9,4,3.6739181477272718,-4.4015925218597,5.483071314222744,-3.7645063806463215,4.88249284787686,-3.16947517705041,1.9180495121781256,1.725910182257919,1.892460350828268
52.0,1,3.9326264676162532,0.5977525298943973,4.874502809565698,1.7713547513706032,5.152381366603606,1.7971486709074442,1.5048166724813865,1.7106586791878258,1.8959628675949816
52.0,2,-1.703742405905193,3.53480218198008,0.9400342189869211,8.44086752385095,-0.4469152141117615,4.758213093348305,5.573063069895447,1.7539523505746084,1.8961419926429954
52.0,3,-5.725267215792791,-3.853717841894948,-6.236455633849026,-5.709009989440763,-4.495636360998695,-2.590234154528194,1.9244278504272376,1.7630607100447646,1.8965764122881958
52.0,4,3.7110305752887065,-4.339184017245362,5.524233223166206,-3.701000505331419,4.930657876153531,-3.108905117091879,1.9222336062895138,1.7323616611948214,1.8962069988649501
52.1,1,3.921359645221001,0.6454972078253484,4.865804807363691,1.8220371591352036,5.14687935840196,1.8383943346124858,1.5087156529057852,1.7102345226582665,1.899713156622034
52.1,2,-1.6790195453666348,3.5706043453356435,0.9697553129964919,8.487481225611473,-0.41204896391285917,4.8063876304313125,5.584951790847221,1.7698516271120472,1.899895406745377
52.1,3,-5.707891164037566,-3.9027093508036903,-6.2200058980341595,-5.760486246699482,-4.473743298515592,-2.626434309061748,1.9270694060413618,1.7753869820818902,1.9003335884354513
52.1,4,3.7482672364060803,-4.276644750735718,5.565607125428144,-3.6373744647394113,4.954374050252096,-3.0540952585004937,1.926497020705853,1.7173587008456892,1.8999540949051203
52.2,1,3.909228314450303,0.6931476442685491,4.856151463487279,1.8725637606793333,5.139670797082433,1.8811606396640728,1.5125097771028126,1.710369428016814,1.9034639793753814
52.2,2,-1.6537281455324182,3.6062156673665204,1.0000918104715024,8.533956682962954,-0.37857436283414325,4.853239654453521,5.59690913591386,1.783559921589426,1.90364941229603
52.2,3,-5.689998838963091,-3.9508662685060374,-6.203058919780748,-5.811088683306695,-4.455703096129334,-2.6704782635915953,1.9296782320001977,1.778448600299239,1.9040916804564483
52.2,4,3.785624542132499,-4.213998832408487,5.607139000705941,-3.5736858396565845,4.9869392474321845,-2.988229920828689,1.9307810987988765,1.7162943936763277,1.903701921101597
52.300000000000004,1,3.8962342464576913,0.7406968823418156,4.845526972242224,1.9229888997324143,5.125116259825665,1.9387296892176324,1.5162358304739272,1.7162265611305731,1.9072152081402634
52.300000000000004,2,-1.6278712795152943,3.6416318210046734,1.0310567988926909,8.58028325732309,-0.353549183228689,4.887621097740915,5.608937201965836,1.7822418699003766,1.9074038941891902
52.300000000000004,3,-5.671592202664442,-3.998167471786285,-6.18572982813772,-5.860873922021087,-4.431699304318051,-2.7158342256095165,1.9323593914367059,1.7837356736972168,1.907850409900829
52.300000000000004,4,3.8230988918930766,-4.1512704134577145,5.648765077772754,-3.5099313678471225,5.034702005686446,-2.925924504199078,1.9350381892069088,1.723210579903299,1.9074503790106054
52.4,1,3.8823793383548626,0.7881379799377497,4.833956900201956,1.973374473314277,5.1109458688711165,1.9898771335400491,1.519962302638571,1.7185903273338634,1.9109667381835973
52.4,2,-1.6014520891368083,3.6768485028966147,1.0625710629821137,8.626442292795309,-0.32282291439617883,4.927499958474908,5.6209872833897565,1.7885808983207911,1.911158639826067
52.4,3,-5.652673273636713,-4.044592212773351,-6.167931054220713,-5.90981770103399,-4.409515235075586,-2.759492642400501,1.9350857093445473,1.7879940756645787,1.911609480406665
52.4,4,3.8606866738319896,-4.088483676882989,5.690491885379164,-3.4461515109819314,5.076410540995581,-2.8622639317601775,1.9392724727475366,1.7267308373108559,1.9111992930454809
52.5,1,3.867665612934686,0.8354640107372985,4.821525548156905,2.0236365025382,5.0940167000469945,2.0518237276467297,1.52368062476836,1.7272718227834125,1.9147185892111178
52.5,2,-1.5744737845455203,3.7118614339263303,1.09466411601691,8.67237812320217,-0.30067698203563376,4.962418735084377,5.633029642812379,1.7850635444051026,1.9149137141113406
52.5,3,-5.633244126553667,-4.090120128041494,-6.149499005570342,-5.957799318350902,-4.388365154777581,-2.8176958657208386,1.9377163512814068,1.780108748844448,1.9153689284047994
52.5,4,3.898384265160585,-4.025662828166456,5.732329233594516,-3.3823837924514755,5.133183843757179,-2.7897235821440947,1.9434922343643486,1.747076363288293,1.914948637086075
52.6,1,3.8520952183758954,0.8826680652209433,4.808285240916055,2.0736770186362925,5.081978793132567,2.1093990539507876,1.5273511994040128,1.737090246983832,1.9184705727632996
52.6,2,-1.5469396438269714,3.7466663597351886,1.1273849268919254,8.71812450022099,-0.2750025281998958,4.998885916795059,5.64512249221869,1.784902755108228,1.9186688155373457
52.6,3,-5.613306892040226,-4.134731247542361,-6.130451461865812,-6.004846746129865,-4.370669707036832,-2.875736849320573,1.9403016477231778,1.7689584699214966,1.9191282285725804
52.6,4,3.936188032506543,-3.9628320859411565,5.774231337449069,-3.318637977514055,5.179313687424151,-2.713264200804965,1.9476625067439772,1.7626063921017834,1.9186980672786318
52.7,1,3.8356704279294522,0.929743251677503,4.794207084549323,2.123535073380784,5.069934152572125,2.160903467121292,1.5309903447277644,1.7433193677752794,1.9222228668373933
52.7,2,-1.5188530126053452,3.781259051238916,1.1606463062285348,8.763552653585062,-0.24662552518660863,5.0377334318650115,5.657116415596428,1.7880969349880116,1.9224241381634017
52.7,3,-5.592863756438831,-4.178406003364529,-6.110842334875903,-6.05090095489766,-4.349173163021605,-2.9217849242185707,1.942817323177028,1.768010980935482,1.922887773248775
52.7,4,3.9740943322640887,-3.9000156726542445,5.816171065802514,-3.2549364195647175,5.221396999358363,-2.6448730336610584,1.9517617516003682,1.7695047294537725,1.9224478662633457
52.800000000000004,1,3.818393639586656,0.9766826972103179,4.779273085374927,2.173256662520231,5.048441592136701,2.218579675914217,1.5346265225767028,1.747949104318095,1.9259755458218757
52.800000000000004,2,-1.4902173036369692,3.815635305141438,1.1944588269007401,8.808792801252276,-0.21969171667804888,5.069923318396243,5.669136416320106,1.7853497380939105,1.9261798243855968
52.800000000000004,3,-5.571916961569674,-4.221125238316627,-6.090725124951419,-6.096084419864249,-4.322788363390519,-2.9657470364851566,1.9454135403202246,1.7709592554383171,1.926647818404045
52.800000000000004,4,4.01209951094515,-3.8372378052288183,5.85813272080436,-3.1913006342659327,5.275951207988012,-2.578007522311745,1.9557794969614115,1.784091370287277,1.9261982739355903
52.9,1,3.8002673757290406,1.0234795487406567,4.76352039263156,2.222841175059008,5.035246369493762,2.256989266240575,1.5382862819569072,1.7454854162114477,1.9297285836072133
52.9,2,-1.4610359963956165,3.8497909444456333,1.2288406723926282,8.853846019462523,-0.17912365410854134,5.111193569767409,5.681197381458739,1.7984537348724334,1.9299358121594477
52.9,3,-5.5504688044848605,-4.262870214330323,-6.070057219835734,-6.140301729961707,-4.3012953554501765,-2.992885959846212,1.9480044192077155,1.7813742763413787,1.9304082876610709
52.9,4,4.0501999055315085,-3.774522685727797,5.9001514434548294,-3.127747643688729,5.3075792923084055,-2.513471001622587,1.9597547417137429,1.78080158138857,1.9299492307228507
53.0,1,3.7812942827601095,1.0701269740082797,4.746942706149143,2.2722963484023655,5.020712203237988,2.305930513400308,1.5419753831773044,1.7502477451993967,1.9334821696986184
53.0,2,-1.431312636649734,3.883721818960864,1.2636684712792101,8.898667673739068,-0.1471602895046054,5.14927453243097,5.693206925665974,1.8029617082040013,1.9336924494694878
53.0,3,-5.528521637216509,-4.303622620679457,-6.048910379463237,-6.183503902911838,-4.276889717918308,-3.0298962090419943,1.9505789085153133,1.7857663433688482,1.9341696970418711
53.0,4,4.088391843827835,-3.7118944920235784,5.94221273999548,-3.064324527821021,5.346230899669928,-2.449375343072434,1.9636697211102254,1.7821654501953659,1.9337009174927409
53.1,1,3.76147713071897,1.116618162568925,4.729573056008945,2.321605613584138,5.005372048276666,2.3536445649511237,1.5457051716505297,1.7542830119785437,1.9372361761108945
53.1,2,-1.4010508360315965,3.917423805807262,1.2991022537025998,8.943271247342079,-0.1137092032322583,5.185552550968568,5.705258032164994,1.8070415030770197,1.9374494931566812
53.1,3,-5.5060778665188375,-4.343364582011722,-6.027312698962534,-6.225696796614076,-4.2513644674750735,-3.061546143377365,1.953166740624674,1.7937012636899645,1.9379316850400974
53.1,4,4.1266716448156195,-3.6493773684770296,5.984383758773347,-3.001063706609389,5.38369892096629,-2.3867913366337556,1.9675886009299597,1.7816399919154593,1.9374532032634701
53.2,1,3.740818812875908,1.1629463267886162,4.711394724006434,2.3706538386852656,4.989872420341186,2.4022036071025767,1.5493789186504525,1.7595151380801415,1.940990654437833
53.2,2,-1.3702542715984736,3.9508928099166827,1.3351716128462752,8.98758378591839,-0.08097607683667354,5.222841067761482,5.717305764427917,1.8111020496158312,1.941207007262655
53.2,3,-5.48313995360422,-4.382078666189393,-6.005278762502167,-6.266921298036326,-4.226396120227662,-3.0968978173847015,1.955827365230643,1.7975246526443953,1.9416943614458302
53.2,4,4.165035619007978,-3.586995416629334,6.026648625182071,-2.937839802080396,5.4226708151422915,-2.322152629794207,1.9715491362522402,1.7836685684186524,1.9412061157212563
53.300000000000004,1,3.7193223453099797,1.2091047028346515,4.692385000189106,2.4195317498799205,4.9761422101344595,2.450804069207415,1.5530565239356693,1.766752243261048,1.9447455741561543
53.300000000000004,2,-1.3389266853858182,3.984124764530308,1.371760675515668,9.031802373601115,-0.04943368519980007,5.258725066130236,5.729474252814637,1.813118343177677,1.9449649686582053
53.300000000000004,3,-5.459710413873294,-4.419747891935637,-5.982738920219489,-6.307178847488389,-4.198894965402174,-3.1263401023944244,1.9585592741680058,1.8062556034928494,1.9454576257249645
53.300000000000004,4,4.203480068805224,-3.52477268591043,6.069035718152506,-2.8747514196965733,5.457445180243626,-2.2626298673208107,1.9755570169807364,1.779166376487054,1.9449596219101815
53.4,1,3.6969908664686617,1.2550865516631187,4.672588866469694,2.4682989537570843,4.958054125831308,2.5033789085197937,1.556815914037567,1.7744053517449536,1.9485009665068262
53.4,2,-1.307071883952604,4.017115631692766,1.4089017150848162,9.075917215925005,-0.01620508708166411,5.295169966106393,5.741775514533713,1.8165241448924643,1.9487233906065209
53.4,3,-5.43579181663912,-4.45635573628306,-5.95961913791566,-6.346342968121301,-4.174033442231905,-3.1674403628017105,1.9612360385806025,1.8037009273666473,1.9492215522198402
53.4,4,4.242001288851264,-3.4627331643674837,6.111546206299208,-2.811888356027634,5.497356533526356,-2.1949536153058413,1.9795952017769627,1.7841473524774243,1.9487137282864713
53.5,1,3.6738276367096523,1.3008851600027775,4.651909629948822,2.5168548341604025,4.941390292835829,2.5609863168368325,1.5605212699510722,1.7873360100048818,1.9522567556384955
53.5,2,-1.2746937379187635,4.049861402742808,1.4465637794875246,9.119854247697376,0.007796012717250744,5.32871747363703,5.754135028301886,1.8111468219195908,1.9524821793060592
53.5,3,-5.41138678484542,-4.491886141821236,-5.935999678746932,-6.384416560512718,-4.147612395610004,-3.2144770555061486,1.9638966556619715,1.7969139324652406,1.952985899922352
53.5,4,4.280595566390747,-3.400900769417005,6.15416848986102,-2.7492530454921464,5.546292140197893,-2.123922470950949,1.983663342318296,1.7979603420822192,1.9524682872923205
53.6,1,3.6498360378248584,1.346493841335175,4.630406911184291,2.5652366937097004,4.92088131799305,2.607705278937614,1.5642421097435253,1.7905893986553836,1.9560128505682013
53.6,2,-1.2417961814949168,4.082358098800359,1.4847447966593132,9.163532555839407,0.045026204623141525,5.366186865148293,5.766485894235785,1.8177260945249787,1.9562411419857415
53.6,3,-5.386497994778951,-4.526323523740001,-5.911993049455123,-6.421418447414104,-4.121972650312532,-3.2467396723661897,1.9666036261088473,1.798988376698013,1.9567504606178154
53.6,4,4.31925918162687,-3.3392993386242904,6.196909360459567,-2.6867824406401604,5.5875112623653145,-2.0575111448320915,1.9877999135288469,1.8031761738783214,1.9562232802288368
53.7,1,3.6250195725466625,1.3919059368708901,4.608029450280264,2.6134707567568776,4.90259835490217,2.647520710673181,1.5679697155573238,1.791305670541898,1.9597694035379842
53.7,2,-1.2083832120042954,4.114601771250012,1.5234759102069804,9.206948063101551,0.08783268042436723,5.402046597337597,5.778844609413121,1.8269345417951695,1.9600005948380252
53.7,3,-5.361128175776015,-4.559652776665482,-5.887584128596242,-6.45739625780231,-4.096401564925366,-3.2642912106129485,1.9694126511366734,1.8103853145117588,1.9605157553336356
53.7,4,4.357988408079919,-3.2779526205135543,6.239733362410772,-2.6245203221431805,5.619808209270407,-1.995221134550155,1.991968333509148,1.799330229768364,1.9599789602750703
53.800000000000004,1,3.599381864036527,1.4371148165216812,4.584735019551151,2.661489081436092,4.879825338136547,2.70413432158084,1.5716275581916128,1.8013533569418534,1.9635264157941759
53.800000000000004,2,-1.1744588893970613,4.146588502220796,1.5628209671084896,9.250136229958164,0.11955751977452359,5.434956163468985,5.791277961048347,1.8260256563792991,1.9637605724359481
53.800000000000004,3,-5.335280109923157,-4.5918592812858,-5.862673703222362,-6.4923582072266255,-4.065912447972069,-3.3009906747736113,1.972318475742515,1.8104242653272993,1.9642817475870826
53.800000000000004,4,4.396779512946448,-3.216884265412405,6.282572809595602,-2.56256862586268,5.660891695739088,-1.9327887471285996,1.996082491743828,1.8019103503674443,1.9637352160105008
53.9,1,3.572926655356029,1.4821138798684752,4.560628024013283,2.7093094042675285,4.853772165547737,2.7495626448027317,1.5752977016273721,1.80194106249667,1.9672838485228148
53.9,2,-1.1400273357569723,4.178314405062249,1.6026769113404113,9.293087504801855,0.15868728799123866,5.476357306839704,5.803734181444385,1.8361849168295368,1.967520904880777
53.9,3,-5.308956631752082,-4.622928910763595,-5.83731403668946,-6.526086527271884,-4.035755555251499,-3.327726398851577,1.9751380864703287,1.8162022266436757,1.9680482768829857
53.9,4,4.435628757459026,-3.156117816334234,6.325445777101129,-2.500938467036097,5.704104107942521,-1.8746118831387224,2.000167079890001,1.8031325995609766,1.9674921117543864
54.0,1,3.545657808920356,1.52689655712504,4.535784254816464,2.756984435104361,4.829078131024304,2.7992005679186613,1.579071425368254,1.8071871012905494,1.9710416236665946
54.0,2,-1.1050927348005253,4.209775624816662,1.6430010729901343,9.335700247213,0.19345921347652506,5.509287699855419,5.816108906382892,1.8371088142909937,1.9712816219519815
54.0,3,-5.282160627928805,-4.65284803693252,-5.811561151070835,-6.558679894668538,-4.008555302203409,-3.3612681537755473,1.9779939291778874,1.8139043856531882,1.9718152544428693
54.0,4,4.47453239724661,-3.0956766999018983,6.368349320186785,-2.4396940507181526,5.753505445853633,-1.8038228905511724,2.0042095134103914,1.8178719217252695,1.971249531791393
54.1,1,3.5175793059344294,1.5714563100971224,4.510136805924717,2.804429199658601,4.803866466313337,2.844989016806922,1.5828431814872101,1.8100884547488891,1.974799725981048
54.1,2,-1.06965933136859,4.240968338687501,1.6837354547244956,9.378134031951786,0.23284166891355718,5.5461437630253325,5.828520756430066,1.8439066527434171,1.9750426190380317
54.1,3,-5.254895036937112,-4.6816035362749995,-5.785360828929319,-6.59016148106461,-3.9785090800847795,-3.3843484747256967,1.980905698182894,1.8198988448716402,1.9755825363957422
54.1,4,4.51348668269543,-3.035584217316326,6.4112777640349865,-2.3787672517256815,5.793998580693647,-1.744051002155495,2.008237912872791,1.818727238147235,1.9750074284472872
54.2,1,3.4886952458116376,1.6157866331370372,4.4837282952838935,2.8517224713991554,4.776302620219187,2.897197487697458,1.586703553233162,1.8165754949393027,1.9785582110015567
54.2,2,-1.0337314309106471,4.271888756503892,1.7249356560046651,9.420315818760876,0.2714184963643751,5.57935080552303,5.840937023441521,1.8473963684849333,1.9788040182294973
54.2,3,-5.2271628487563095,-4.709182795678643,-5.758726160182017,-6.620422899711377,-3.950489227597173,-3.419655934637816,1.983783831297382,1.814600523616532,1.979350302189668
54.2,4,4.55248785931037,-2.9758635353734766,6.454288228935767,-2.318157390394361,5.837565007036445,-1.675044300544335,2.012317574104691,1.8285387491954495,1.9787658406090407
54.300000000000004,1,3.459009845575329,1.6598810540934859,4.456536422914172,2.8987327894289767,4.750047372956235,2.9389244467770426,1.5905385549055715,1.8173414366797638,1.9823171121438328
54.300000000000004,2,-0.9973133989616088,4.302533121181178,1.7666415692562767,9.462252553322596,0.3148446734301221,5.622243830845029,5.853388051782838,1.861019925778402,1.9825657994326806
54.300000000000004,3,-5.198967104533348,-4.73557371796877,-5.7315728410872575,-6.649476319242306,-3.9222959312834265,-3.443772756975747,1.986628308912299,1.8162155729510276,1.9831186051201413
54.300000000000004,4,4.591532168076859,-2.916537677533065,6.497371175570358,-2.2579525446083064,5.878071831934915,-1.6150649299784376,2.016421756427292,1.830031589702044,1.982524832507575
54.4,1,3.428527439243142,1.7037331352564575,4.4285250568316155,2.945549112297533,4.722935028882626,2.977470787558189,1.5943971136505182,1.816011733168986,1.9860763663836614
54.4,2,-0.9604096606114072,4.332897709177414,1.8088207676492096,9.503881974959734,0.35698314872852266,5.661713600097108,5.865809018521896,1.8711695503244097,1.986327970039418
54.4,3,-5.170310896249315,-4.7607647272146405,-5.703916381715203,-6.677330665128116,-3.8909804381477775,-3.454927325762291,1.9894621907665007,1.8280858131001716,1.98688742694766
54.4,4,4.630615845823148,-2.8576295150426176,6.540423648564673,-2.198131848969364,5.921262083647977,-1.5598308390760462,2.020470988400595,1.830313938796285,1.9862844527242531
54.5,1,3.397252477194238,1.7473364742971464,4.399806116335714,2.992092569952961,4.702261593265683,3.0166033313416953,1.5982901917449548,1.8204634430334823,1.9898360767405663
54.5,2,-0.9230246999672684,4.362978830945833,1.8513832324434993,9.54525430223659,0.3980194273167578,5.699776811133657,5.878207076631923,1.879411191321862,1.9900907165820412
54.5,3,-5.141197366380375,-4.784744773807029,-5.675771111239608,-6.70389520574441,-3.863353706377506,-3.47049663569571,1.992211702881564,1.833066443950845,1.9906569950761743
54.5,4,4.669735125583032,-2.799161758120138,6.583567236995853,-2.1387038704046137,5.959203586231668,-1.4988716028539473,2.024588346336239,1.8312518665901032,1.9900447360357747
54.6,1,3.365189525519556,1.7906847052026709,4.3702492395270465,3.03830579980776,4.670871971171323,3.0652833130972463,1.6020934505903266,1.8246666161603247,1.9935961804989373
54.6,2,-0.8851630596088977,4.3927728313831285,1.894368516430958,9.586362596580368,0.438986711987331,5.734801128144379,5.89060017581945,1.8853149781737393,1.9938539012272063
54.6,3,-5.111629707553159,-4.807503339304951,-5.647186560686717,-6.7292904774061135,-3.8279046919974395,-3.488795643303594,1.995015525530911,1.8403640680736892,1.9944270574195706
54.6,4,4.708886236958911,-2.741156947198899,6.626643777433335,-2.0798245468251206,5.997000519473503,-1.4452127596896338,2.028584365470329,1.8272136552568594,1.9938055827320897
54.7,1,3.332343265355174,1.8337714992054934,4.339856148042102,3.084252064470063,4.639634932853879,3.1024563675653165,1.6058592257369637,1.8216950346083522,1.9973567429012307
54.7,2,-0.8468293400364884,4.422276090273605,1.9378700503757145,9.627119653778601,0.48511425922707513,5.77824313204301,5.902960885481241,1.9007157520218663,1.997617567413545
54.7,3,-5.081611162194653,-4.829030441049399,-5.61817256460425,-6.753546354831404,-3.7965155514359825,-3.500342784972663,1.9979138222045365,1.8484808941944437,1.9981978412932422
54.7,4,4.748065406485179,-2.6836374442376876,6.669676106579225,-2.0215694634882952,6.039863301632494,-1.392562132934968,2.0324668985864216,1.8263672306966214,1.9975671572464524
54.800000000000004,1,3.2987184921988737,1.876590565707418,4.308624465652811,3.1299842154874287,4.6055493890597115,3.147246581852878,1.609629061780012,1.822737969198193,2.001117625694074
54.800000000000004,2,-0.8080281991117437,4.45148502272904,1.9818829237303661,9.66752907434133,0.5272088048743698,5.810874986637458,5.915295395981343,1.9054655417479327,2.0013816404956946
54.800000000000004,3,-5.051145022176636,-4.849316636542074,-5.588748468758116,-6.776598449437562,-3.76269870303206,-3.5150296608598417,2.0008579789915135,1.8548357476586554,2.001969031610729
54.800000000000004,4,4.78726885799193,-2.6266254240998346,6.712744582173432,-1.9638718143901421,6.085750652622964,-1.3340665270618803,2.036344546385878,1.8321472302465767,2.0013292851940414
54.9,1,3.2643201152099923,1.9191356531980113,4.276537574024879,3.1755137257405583,4.566656920014385,3.203655986123403,1.6134032493754913,1.8292276071738238,2.004878829178566
54.9,2,-0.7687643514918912,4.480396079624301,2.026250913090096,9.707632857485544,0.5636355466981382,5.829108641441827,5.927572408758202,1.8958678917849725,2.0051460253954856
54.9,3,-5.020234628454685,-4.868353027587164,-5.558882321073205,-6.798442420252631,-3.7269280026376617,-3.5400878639241444,2.003842908125037,1.853895998534697,2.0057404573205817
54.9,4,4.8264928129689135,-2.5701428660043715,6.755761750769909,-1.9067106895323496,6.138434624786654,-1.2631636574631642,2.040152172545515,1.8518601375791357,2.0050918616641207
55.0,1,3.229153156492705,1.9614005501673069,4.243642763408023,3.2208240902114573,4.5314290126972665,3.252503876681899,1.6172003016808205,1.833813023563299,2.0086403553229624
55.0,2,-0.7290425680568244,4.509005748028576,2.071027828562169,9.747352533796857,0.6056224036266349,5.856283282823729,5.939753469125711,1.89644070363471,2.0089105393560884
55.0,3,-4.988883370701794,-4.886131264194402,-5.528570555998943,-6.819005011864,-3.693000966070908,-3.5581512081962856,2.0068042212443835,1.8554897563071286,2.0095119830637165
55.0,4,4.865733490929715,-2.5142115450526337,6.798746404941087,-1.8501235427455458,6.182588768451028,-1.2001481326896977,2.04390601558461,1.8603414938248992,2.008854839668581
55.1,1,3.1932227503628114,2.0033790860126652,4.209988346611725,3.2659463041383887,4.502115103108654,3.29429563619415,1.6210762653253354,1.8383864475699914,2.012402351802783
55.1,2,-0.6888676753293961,4.537310551632234,2.1163471317091425,9.786658372871939,0.6462333826666007,5.887200058445999,5.951880598767276,1.898603833259572,2.0126755249764137
55.1,3,-4.957094686936676,-4.902643548241635,-5.497792352514293,-6.838369145060419,-3.6589599852480017,-3.564189423070978,2.0098227662509256,1.8645678182663916,2.0132841612237597
55.1,4,4.904987109776112,-2.4588530238335586,6.841775708097899,-1.7941222309940161,6.224580305682663,-1.1444617178712153,2.047685791702027,1.8625119349610244,2.0126184769864848
55.2,1,3.1565341425981153,2.045065131939694,4.1755667450179725,3.3107532384935934,4.470517537944832,3.3375462034487167,1.624928868555969,1.8431114137392772,2.016164761252754
55.2,2,-0.6482445548889681,4.565307051169212,2.162155674152282,9.825709548326707,0.6889382769851587,5.921466902639408,5.964074436112942,1.9045281485445613,2.0164409108348713
55.2,3,-4.924872063146732,-4.917882636895341,-5.466547741070228,-6.856467288168942,-3.6253691858933466,-3.5765074996959303,2.012839534142617,1.86761746262091,2.017056832232197
55.2,4,4.944249886162627,-2.4040886441108658,6.884833462733559,-1.7386846211039033,6.265891808313268,-1.0884932327230203,2.0514938780046794,1.8648133034839693,2.016382687173968
55.300000000000004,1,3.1190926896725752,2.086452601857016,4.14036277032866,3.355264640146426,4.429863945304182,3.3928885081191655,1.6287653502427577,1.850647470957411,2.019927552507202
55.300000000000004,2,-0.6071781427782352,4.592991844834934,2.208395926189454,9.864452554891223,0.7257458025058797,5.948367169292047,5.976266004413661,1.9009809346910862,2.020206707097423
55.300000000000004,3,-4.892219032905775,-4.931841845787583,-5.434943314015895,-6.873231548404679,-3.585879703678278,-3.600934525146739,2.01582331138773,1.8648959057335976,2.020829840433561
55.300000000000004,4,4.983518035861145,-2.349939518595434,6.9278389538088865,-1.6839078497367705,6.314621903901723,-1.0278961823836072,2.0552328373913755,1.8760693191709856,2.0201473912455996
55.4,1,3.080903857974244,2.127535453264849,4.104441965239569,3.3994621147040474,4.396472535031136,3.4311239954780746,1.632613759927359,1.8520432045292095,2.0236907307914134
55.4,2,-0.5656734289034895,4.620361568699633,2.2550883307027854,9.902816924543467,0.7759825977252975,5.984622994683778,5.988408093219792,1.9134393463649786,2.023972770218372
55.4,3,-4.859139176986542,-4.944515051947982,-5.402843348311214,-6.888730940483078,-3.5548170518342572,-3.608248318994384,2.018808967472693,1.8673149139232659,2.024603169166678
55.4,4,5.022787774125671,-2.296426522805921,6.9708639732253275,-1.629796623198014,6.353212302219385,-0.9729546877379307,2.058979431793774,1.8765945548177458,2.0239126362307145
55.5,1,3.0419732230071954,2.168307688137193,4.067806203329569,3.443331232060664,4.3599280398263405,3.477435603043023,1.6364651970256658,1.8576385000215925,2.027454288669706
55.5,2,-0.5237354564282604,4.647412897117128,2.302256296221004,9.940844846529949,0.8160286148197703,6.010420172044686,6.0005542401603265,1.9112186159915212,2.027739243048449
55.5,3,-4.825636122968003,-4.955896696489466,-5.3703516167375795,-6.902987030192827,-3.5168922657618515,-3.615610321290882,2.0218495831178194,1.8732800248008292,2.028376949783127
55.5,4,5.062055316057101,-2.2435702870208654,7.01393363087336,-1.576305607816924,6.398945369353688,-0.916371480389994,2.0627823704800026,1.883807762731049,2.027678441388924
55.6,1,3.002306468577525,2.20876335379752,4.030442763982974,3.486875570909623,4.334668140386162,3.51262305462175,1.6403155432602763,1.8641989550308615,2.031218331281905
55.6,2,-0.48136932116058073,4.674142543128882,2.349891326813452,9.978581317433525,0.8605980392987007,6.047707532459108,6.01274542676745,1.920301324389429,2.0315062048917447
55.6,3,-4.79171354483758,-4.9659817870465695,-5.33749822661818,-6.916011686161033,-3.4819937260918845,-3.608885619743079,2.024968524769389,1.8860212116848212,2.0321514198534842
55.6,4,5.101316876968009,-2.191391188325336,7.056981802205432,-1.5234521988341605,6.430630879283895,-0.8728356333091997,2.066583604281808,1.8723419742175818,2.0314449422787457
55.7,1,2.9619093859634926,2.248896543787879,3.992285762287427,3.5300790718875805,4.29451920797978,3.552553814052731,1.6441119630956964,1.8642347534708947,2.0349827958721156
55.7,2,-0.43858017093375956,4.700547258863425,2.397997119309341,10.016102550208608,0.9131887259147837,6.081795167864433,6.025055914999516,1.932647131942814,2.0352736320473555
55.7,3,-4.757375162588238,-4.97476589996526,-5.304216886987051,-6.927724387624525,-3.446879383815918,-3.612997641519425,2.0280736490728906,1.8899238016096498,2.035926440377452
55.7,4,5.140568672747442,-2.1399093427551454,7.10001058355071,-1.4713125046302216,6.468712776275859,-0.8215029911780571,2.070370578848871,1.8714064410533888,2.0352120580739688
55.800000000000004,1,2.9207878730700347,2.2887013987312046,3.953291758166774,3.57291694141302,4.255069243485996,3.5975378808379013,1.6478087974050297,1.8690531593115611,2.03874765588646
55.800000000000004,2,-0.3953732049809098,4.7266238359309725,2.446409281568552,10.053382905127375,0.9568686708304358,6.111073710935568,6.037390983042705,1.9352673063683032,2.039041535158206
55.800000000000004,3,-4.722624741810551,-4.982245182243293,-5.270524109329042,-6.938164249422535,-3.408330046819604,-3.6197482958894676,2.0312097661941455,1.893084337953599,2.039701952791188
55.800000000000004,4,5.179806920225624,-2.0891445975417673,7.1430316800352,-1.4198658385450746,6.5117640933458985,-0.7684956666730486,2.0741710427960185,1.875692807906253,2.0389797377280976
55.9,1,2.878947933567672,2.3281721071867842,3.913663899746816,3.615365776225755,4.21467121572791,3.6434943538252496,1.651515871034864,1.8746277761216967,2.0425128616886514
55.9,2,-0.3517536733031843,4.752369105813287,2.495150147972345,10.090342929762283,0.9986066243879521,6.135144651060669,6.049696348806101,1.932754806517032,2.0428096868242407
55.9,3,-4.687466093279757,-4.98841635322027,-5.236458409419219,-6.9473124725893305,-3.368883091836328,-3.6246247568374224,2.0343712959190454,1.8969946362760326,2.0434776298222714
55.9,4,5.219027837538587,-2.0391165234608417,7.186100791788082,-1.3691779331346294,6.557819165308688,-0.7127655146315387,2.078026400734146,1.8845607493352239,2.0427478955538705
56.0,1,2.8363956760159637,2.3673029064987388,3.8733394953518445,3.657437001261036,4.178695191503193,3.6867948709785026,1.655203451823073,1.8822398979949173,2.046278479692614
56.0,2,-0.3077268760318437,4.777779940248681,2.5443434550836668,10.127005182123922,1.042538567838925,6.161242368308009,6.062055415611487,1.9331800378555881,2.046578191475938
56.0,3,-4.651903072537866,-4.99327670601664,-5.202033902932304,-6.955137002464333,-3.329970425029708,-3.6242806336011957,2.0375327612895715,1.90306494130832,2.0472536760121662
56.0,4,5.258227644492703,-1.9898444072872357,7.229241900915954,-1.3192630369105591,6.596255874182596,-0.6611625510467497,2.0819645946365086,1.8856603667017375,2.0465166000226045
56.1,1,2.7931373129717,2.4060880836373233,3.8323381113684563,3.69905693800513,4.137981409667008,3.731307085197956,1.6588269221813512,1.888070720739448,2.0500444722093034
56.1,2,-0.263298162784281,4.802853251612111,2.5938511115082843,10.163331619491371,1.0908720180823632,6.177520524546365,6.0743748903152195,1.9296339005171155,2.0503469297555754
56.1,3,-4.615939579470863,-4.996824108721031,-5.167169193129567,-6.961554860060383,-3.290981623493178,-3.62183447237501,2.0405932990757414,1.9094790088313436,2.051029920404762
56.1,4,5.2974025629289825,-1.9413472443596822,7.272375157248465,-1.2701642012952366,6.6349240083834085,-0.6021469671380363,2.0859059004687333,1.892728453730495,2.050285783936429
56.2,1,2.749179160081864,2.444521976033044,3.7905712546178734,3.7403339704905183,4.095952325574561,3.7758695200147665,1.6624157781800417,1.8937487273018516,2.0538109395805204
56.2,2,-0.21847293201398132,4.82758599329036,2.643641310800175,10.199336981126226,1.1331996952164936,6.2018819242760195,6.086658082579902,1.9276172330439139,2.0541161482897006
56.2,3,-4.579579557881037,-4.9990570053253744,-5.131945741700393,-6.966650973497266,-3.2507088544784266,-3.623852352773702,2.0436571201191187,1.9123506955476328,2.054806762888027
56.2,4,5.336548817087246,-1.8936437312576793,7.315474426252299,-1.2219478349808015,6.681392075482582,-0.5490224281291145,2.089813853835904,1.9017386356906518,2.054055575739782
56.300000000000004,1,2.7045276351615506,2.482598972403385,3.7481704132700218,3.7811906119072805,4.049471202679799,3.814699868956525,1.6659923452667431,1.8929780765783826,2.0575777645469664
56.300000000000004,2,-0.1732566303545422,4.8519751600522305,2.693848360575646,10.235049953978823,1.186125123789574,6.226884180829724,6.098998710118295,1.9334667229914404,2.0578855985309406
56.300000000000004,3,-4.542826995054494,-4.9999744164074205,-5.096362599416186,-6.970336110822261,-3.2121680920892572,-3.616811082182338,2.0466379435829354,1.9193212146968244,2.0585837528689304
56.300000000000004,4,5.375662633970049,-1.8467522585935967,7.3585755290451305,-1.1746029647682577,6.723740337069407,-0.4987130631424336,2.0937354710289795,1.9064425420311677,2.0578258735967205
56.4,1,2.6591892572569957,2.5203135135720283,3.7050338880498446,3.8216608365652545,4.006402374200854,3.858125702233876,1.66951964553277,1.8986112384050058,2.0613449433350417
56.4,2,-0.1276547519579161,4.876017788413687,2.74438649024163,10.270510860759583,1.2319522566794305,6.253992756027178,6.111397254677769,1.9358063511893937,2.061655375292047
56.4,3,-4.505685921323915,-4.99957593956035,-5.060408290179504,-6.9727283725804625,-3.171695871970813,-3.6180595619173603,2.0496456841224893,1.9204470712490092,2.0623609902136573
56.4,4,5.414740243706303,-1.8006909039227752,7.401740786083819,-1.1281341810288328,6.7662344524285745,-0.44890644707068983,2.0977377578997762,1.9115066868825559,2.0615966523227263
56.5,1,2.613170645693785,2.5576600932805045,3.661210394215866,3.861823708017441,3.962054280085193,3.8978903665787143,1.673089970230513,1.9015005244790149,2.0651125134235526
56.5,2,-0.08167283782676371,4.8997109569979695,2.7953172920560565,10.305633461309798,1.2786690351835077,6.279246745744985,6.123811748418483,1.9374336127720466,2.065425483883841
56.5,3,-4.468160409626569,-4.997861749569276,-5.024069047769096,-6.973817675998686,-3.13172843210261,-3.6110646153671593,2.0526656418308815,1.9259430734006144,2.066138503123048
56.5,4,5.453777879914651,-1.7554774247742544,7.4449398416797745,-1.0825359980486946,6.812050537999782,-0.40077039027197514,2.1018030644624552,1.918367994684963,2.065367981644702
56.6,1,2.566478519110456,2.5946332589920877,3.6166784888723305,3.901727634410396,3.9152324936542353,3.9403776149691696,1.6767276710122068,1.9052992299089957,2.068880399030051
56.6,2,-0.03531647514123204,4.92305178689054,2.8466885090966745,10.340334356768695,1.3269309570804635,6.303685263064571,6.136196148354271,1.9395532635447241,2.0691957547779363
56.6,3,-4.430254575057694,-4.994832598334583,-4.987309688821201,-6.973585390066235,-3.0903559518111687,-3.6083672680017256,2.0556685069718514,1.9281116235303737,2.0699159635796542
56.6,4,5.4927717800664695,-1.7111292518049193,7.48800077112391,-1.0378304349724146,6.855485471257248,-0.351442056096614,2.105770648362291,1.9250293177850335,2.0691397307729815
56.7,1,2.5191196944775927,2.6312276126878498,3.5713968369295803,3.9412039264855507,3.8724895526488488,3.9825051089997645,1.680275312928787,1.912475057365581,2.0726487202424955
56.7,2,0.011408703419966137,4.946037441988907,2.898492266188548,10.374615640617792,1.3741183374849644,6.331421056909762,6.148553712625218,1.9432615128347335,2.0729664906785836
56.7,3,-4.391972574419206,-4.990489814542118,-4.950149101843158,-6.971984454807412,-3.048611689398932,-3.605276856181707,2.0586116790611935,1.9296200163275823,2.073693870978594
56.7,4,5.531718185848494,-1.6676634820796643,7.530983569581881,-0.9940855881925104,6.894439194020271,-0.3061094713844225,2.1096846337137842,1.9263535164016505,2.0729120457720254
56.800000000000004,1,2.4711010861025535,2.6674378116547697,3.525410918931612,3.9803500952185837,3.827543180396833,4.031929939348953,1.6838372510230275,1.9239994599045112,2.076417448705603
56.800000000000004,2,0.05849702036395232,4.9686651293472295,2.9507667808261515,10.408462135924928,1.4116097232465432,6.353221157825134,6.1608940779773,1.935951802782481,2.0767375986949816
56.800000000000004,3,-4.353318605763878,-4.9848353030803825,-4.912606755489921,-6.969059508457965,-3.003162259550255,-3.6115825425518198,2.0615404268726527,1.9258102979058551,2.0774719983522583
56.800000000000004,4,5.57061334352508,-1.625096872480119,7.5739324681019795,-0.9512494655562456,6.941658730811712,-0.2547156105617343,2.1136125100674397,1.93848143066086,2.0766848402089764
56.9,1,2.4224297046199865,2.7032585692657647,3.4787980948739214,4.019084183493912,3.7734776315320313,4.0746219301905775,1.687397766677013,1.9250890806662253,2.080186538812727
56.9,2,0.10594275407357756,4.9909320995157,3.003360124530795,10.441900806869256,1.4600048732162605,6.3791136909041235,6.173174812620725,1.9392092081997936,2.0805088160086935
56.9,3,-4.314296907934964,-4.977871544204987,-4.874795099684651,-6.96487030351273,-2.9578368615832167,-3.6071537411587915,2.0645392445882877,1.9284323044733447,2.0812499364221777
56.9,4,5.609453504299972,-1.5834458332445842,7.616776505650576,-0.9092532446489029,6.987423416035906,-0.21095310243497029,2.1175177161640337,1.9448746421748548,2.080458060696175
57.0,1,2.373112655968299,2.7386846557515234,3.431480797914635,4.057429415736893,3.72916683980176,4.111253982698774,1.6909260379673052,1.9294635282297157,2.083956026087415
57.0,2,0.15374013950258725,5.01283564687459,3.0563131135485837,10.4749824819139,1.5096742757309989,6.41245069423773,6.185465052620714,1.9487123088323768,2.0842804067201475
57.0,3,-4.274911760101361,-4.9696015924507275,-4.836674131426288,-6.959323662614005,-2.918265251363309,-3.5979877990311073,2.067503537682933,1.929200390827792,2.085028139917298
57.0,4,5.648234924677637,-1.5427264216415453,7.659477919954054,-0.8681405062043565,7.029384499671459,-0.1731539124488483,2.121359126445752,1.9450714656387293,2.084231825759288
57.1,1,2.3231571403522073,2.7737108989640356,3.3835394609120155,4.095329565262233,3.6840908212421764,4.152575485667877,1.6944280937424372,1.9373714234102546,2.0877258580581026
57.1,2,0.20188336887618918,5.034373109963051,3.109609650568104,10.507784664274723,1.5556580868857843,6.431466171909911,6.1978307634296055,1.9453984195691154,2.0880521704523316
57.1,3,-4.235167481288362,-4.96002907529177,-4.798088784810527,-6.9524213491635205,-2.875534082949341,-3.587948001832674,2.0703882164808944,1.931633880947313,2.0888062612412783
57.1,4,5.686953866824066,-1.5029543357793012,7.702000996086819,-0.8279411020608314,7.072671156346746,-0.1255098566334994,2.1251018325824127,1.9538591811108939,2.088006009930433
57.2,1,2.2725704511914993,2.808332185131735,3.334956813056629,4.1327829147220845,3.633680693392764,4.190934577424673,1.6978911970410342,1.940157330372808,2.0914960875193196
57.2,2,0.25036659239668735,5.055541871802459,3.1632006299218403,10.540196085401318,1.610491766533303,6.455721939025686,6.210155712453013,1.952036042179908,2.091824115115913
57.2,3,-4.1950684299040155,-4.949158191550513,-4.759057221651457,-6.9441936467836065,-2.830827060315532,-3.5730657263453307,2.0732220876823244,1.937726757644415,2.0925843728489
57.2,4,5.725606598927022,-1.4641449085540517,7.744359167234365,-0.7886928591708038,7.108334863461431,-0.08523261033536274,2.128754895018101,1.9527766333406098,2.09178065223829
57.300000000000004,1,2.221359974056231,2.8425434596060835,3.285747600529694,4.169800939353941,3.5808129734232046,4.23101851232748,1.701332841314846,1.9431869260360788,2.095266711551648
57.300000000000004,2,0.29918391895431284,5.0763393602144316,3.2171451331751504,10.57220342076516,1.658663230030813,6.479912445521527,6.222460881335477,1.9540218532666196,2.095596336496224
57.300000000000004,3,-4.1546190032611845,-4.936993709555853,-4.7196471478957225,-6.934664105593604,-2.784072962676491,-3.5604156666225424,2.076040417582175,1.9425147509474632,2.0963625621192485
57.300000000000004,4,5.764189395555733,-1.4263131017387667,7.786577816724217,-0.7503642671156545,7.151460495034244,-0.04596608963106119,2.1323606057852165,1.9570076589740233,2.0955557684729262
57.4,1,2.16953318558844,2.8763397275995453,3.235955758937977,4.206407179453725,3.5289764639349595,4.268083393955878,1.7047980911038467,1.945517016087112,2.099037691676225
57.4,2,0.348329416843026,5.096763048133344,3.271409290034526,10.603887628018299,1.7128088951444262,6.500699563467614,6.234806900252026,1.9577645378836024,2.09936862466296
57.4,3,-4.1138236370953205,-4.923540965051632,-4.67988582247073,-6.923845049106294,-2.7383367256570743,-3.5401766693892305,2.0788561341270695,1.950810349073292,2.1001404803267296
57.4,4,5.8026985380199605,-1.3894735002151308,7.828764274223371,-0.7130116836157935,7.1892183802392875,-0.006479455949296302,2.136010991716649,1.9583436366845008,2.0993312684851686
57.5,1,2.11709765241054,2.909716054914837,3.1855626953444456,4.242519867986147,3.484753375073233,4.301170241858522,1.7082106287308878,1.9510579002415902,2.1028091111360983
57.5,2,0.3977971144813006,5.116810453913418,3.3259209091967743,10.635197486374773,1.7694081364697167,6.526945200272687,6.247119688081587,1.9671799100564815,2.1031412175365523
57.5,3,-4.072686805078044,-4.908805858856207,-4.639792902974011,-6.91178991523462,-2.698112691584189,-3.5188547433409294,2.0817191108256927,1.9548447756815837,2.103918619936502
57.5,4,5.841130314728404,-1.353640306350803,7.870849556694336,-0.6767245709667846,7.223855892671882,0.029443163094897945,2.139620320060838,1.9557223492492695,2.103107262748166
57.6,1,2.064061030020654,2.9426675686652795,3.1345200734366063,4.2782674855432745,3.4349400835828066,4.340101069789094,1.7116394776925141,1.957582634158422,2.1065809356295846
57.6,2,0.4475810011376633,5.136479141630229,3.3806910418520677,10.666162283332545,1.8241125435452852,6.545647502465412,6.259435290708456,1.969922474723821,2.106913969016318
57.6,3,-4.031213018326556,-4.892794854274154,-4.599394345159229,-6.898473630225035,-2.6513668960368517,-3.5030488103950908,2.084604848037431,1.9584099130864923,2.1076966913346062
57.6,4,5.87948102154643,-1.3188273345241397,7.912880100914495,-0.6414643462800356,7.257501263028808,0.07187826615722066,2.1432527694646466,1.9578053666546262,2.106883627166928
57.7,1,2.010431061674897,2.97518945798625,3.0828658571984713,4.313568927282423,3.3890126961484723,4.3731370844288415,1.7150440211502436,1.9633504244490616,2.110353221129224
57.7,2,0.4976750276611095,5.15576672137672,3.4357273159211728,10.696824887159567,1.8825691479219786,6.570114128173982,6.271800127964774,1.9794722305319836,2.1106869474231673
57.7,3,-3.989406824908944,-4.875514974261254,-4.558688184101799,-6.883879724664122,-2.6117369005721276,-3.4827227945827484,2.0874889787937176,1.9590417239548044,2.111474873981675
57.7,4,5.9177469621531,-1.2850480057984695,7.954786550711696,-0.6072421705575194,7.292782989537715,0.10894770917817229,2.1468467657570858,1.958047019348336,2.110660424113177
57.800000000000004,1,1.9562155772568666,3.007276974737565,3.0307034514505897,4.348421054565977,3.3366412574315287,4.413811632247223,1.7184852733288534,1.9707650294394536,2.1141259455292936
57.800000000000004,2,0.5480731072160712,5.174670849553573,3.491020850220741,10.727142308359765,1.9305118807174966,6.589984004792806,6.284177012060819,1.9784459279629958,2.114460085117466
57.800000000000004,3,-3.947272809345427,-4.856973798343983,-4.517625592169748,-6.867996569722263,-2.5567936246905716,-3.4627515287702253,2.090338461560095,1.9690830606995304,2.1152530582927342
57.800000000000004,4,5.955924448397407,-1.252315342748041,7.996538580031342,-0.5740270196904976,7.325331503228793,0.1440332687910761,2.1503909140945363,1.9557773714738576,2.1144376463075423
57.9,1,1.9014224921345209,3.0389254341966825,2.977983602120984,4.382780891105554,3.287440751850949,4.451103208995107,1.721897590624668,1.9787098533898262,2.1178991539311403
57.9,2,0.5987691160220399,5.193189229153981,3.546552237239308,10.757128984434,1.9831372440825774,6.612699578683033,6.296574539391947,1.98279720254239,2.1182334218409493
57.9,3,-3.904815592105623,-4.837179459294893,-4.476201607980481,-6.850801592430607,-2.507166591994449,-3.4422639322329434,2.0931211322308534,1.9746422600436466,2.119031119595464
57.9,4,5.99400980065377,-1.2206419644375521,8.038142751946921,-0.5418358288465687,7.356954564832687,0.1779850638039769,2.1538935192526147,1.9528891403073692,2.118215258644573
58.0,1,1.8460598060045221,3.0701302157426813,2.924623747982625,4.416747571836705,3.2425663680199808,4.475900485621049,1.72530532969356,1.9815197777024924,2.1216728387312864
58.0,2,0.6497568940976803,5.2113196100427714,3.6023195961107866,10.786778917757195,2.0455331083858734,6.63815059674627,6.308991440895948,1.996005487214391,2.1220068123500564
58.0,3,-3.862039829101845,-4.8161406395652975,-4.434455394150174,-6.8323316384920245,-2.4738481431618626,-3.4069128397565165,2.095873498869326,1.9781302152959468,2.1228089443604445
58.0,4,6.031999348176673,-1.1900400815572683,8.07969873746272,-0.5107542910368447,7.396241595571355,0.20626444508925013,2.1574294829925282,1.9521329977002206,2.1219932417952636
58.1,1,1.7901356017243022,3.100886763530857,2.8706943977868344,4.450290180627934,3.1879888981004285,4.507599888492563,1.728726957567729,1.9831378303408795,2.1254469712882296
58.1,2,0.7010302460092732,5.229059789229787,3.6583859604704285,10.815955139202403,2.105715955049965,6.661441262132604,6.321341034416803,2.0062050306731845,2.1257802364820173
58.1,3,-3.818950211178548,-4.793866567476869,-4.392371759457583,-6.812683866651636,-2.43035511412143,-3.3815204682132567,2.098674715023275,1.9806357180653404,2.126586588003779
58.1,4,6.06988942945445,-1.1605214917155795,8.121103205468062,-0.48087333644685387,7.433299902706695,0.2377120634416824,2.1608793510671074,1.9529324600051143,2.125771564431934
58.2,1,1.7336580441319915,3.1311905871578607,2.816200600354805,4.483477186594091,3.1292709870856035,4.542038085277934,1.7322174901115122,1.9844964473365307,2.1292215643323127
58.2,2,0.7525829416235297,5.246407611137585,3.7147783036513116,10.844617962877411,2.1535686340863864,6.68331036481335,6.333605648060657,2.0068508748800014,2.129553612861352
58.2,3,-3.7755514635979144,-4.770367013173793,-4.349967299882087,-6.79185145589472,-2.3831337628174794,-3.3539699206277263,2.101512052103623,1.9862043644146048,2.130363895127042
58.2,4,6.107676392562212,-1.1320975748907767,8.162371182208357,-0.45208192488395105,7.480685276138184,0.2644831367422164,2.1642994161744866,1.9584665119638514,2.1295502360098117
58.300000000000004,1,1.6766353788543569,3.1610372623172975,2.761132972161983,4.51631586738867,3.0802975800034016,4.564270712460669,1.7357750796846456,1.9847749722665917,2.1329966301831758
58.300000000000004,2,0.8044087168646343,5.26336096786336,3.771558769616556,10.872757385483236,2.220118302846415,6.708311900785602,6.345810240272903,2.0228981265485326,2.133326806075929
58.300000000000004,3,-3.7318483455216747,-4.745652284337252,-4.307196726604965,-6.769740606343501,-2.3529671265634677,-3.313196100081124,2.1042716780152784,1.9882766748642648,2.1341405191620226
58.300000000000004,4,6.145356595513802,-1.1047792890438717,8.20344165405045,-0.4244425003462147,7.522716621872916,0.28696876945347016,2.1676190288487582,1.9580815357239592,2.133329166394196
58.4,1,1.6190759311029477,3.1904224314456706,2.705439957899987,4.548598688586606,3.0317386853173867,4.591098922403131,1.739203709799412,1.989349313083459,2.1367722237126934
58.4,2,0.8565012744753213,5.279917799435054,3.828569001764496,10.900483855896647,2.2765946180874868,6.7267396215843025,6.357983121292637,2.0273032554649664,2.1370999056664672
58.4,3,-3.68784564948922,-4.719733221664146,-4.264102060842431,-6.74642971745081,-2.3118866848944606,-3.272252604054266,2.1070287462822197,1.9971137199981785,2.137917037263944
58.4,4,6.182926406612829,-1.078577165894091,8.24431791379849,-0.39794130109409476,7.562252088850197,0.31226900973313,2.1708523962603286,1.95882424477962,2.137108482033742
58.5,1,1.560988104458632,3.219341804358574,2.649180482081267,4.580378831916092,2.970415597019095,4.633732307516633,1.742579823451026,1.9967439375666027,2.1405483872773603
58.5,2,0.9088542847821093,5.296076094061686,3.8858314808361554,10.927797215883858,2.3188652103010186,6.739451772344623,6.370139403482768,2.0177869458249105,2.14087309342044
58.5,3,-3.6435482008920275,-4.692621194111994,-4.220669314394979,-6.7219218573810755,-2.24735144701761,-3.2545452563174053,2.109770120557029,2.004352209167153,2.1416933982805255
58.5,4,6.220382204802717,-1.0535013068586796,8.285117223194508,-0.3725716714003132,7.598593533289402,0.34894809422643924,2.174119560792095,1.9662987536417353,2.140888178734467
58.6,1,1.50238037964471,3.247791158877045,2.5923791186743377,4.611735151381013,2.914402303846928,4.670131149299821,1.7459783692170536,2.0042098100706913,2.144325176126779
58.6,2,0.9614613864643506,5.311833888377772,3.9434326371849777,10.954708865656661,2.3671825690707156,6.757380489337264,6.382334255531009,2.0163474449543113,2.144646434300351
58.6,3,-3.598960857444526,-4.664328093912141,-4.176936514810568,-6.69618359242991,-2.195205170575384,-3.2301060873141414,2.1124612723940284,2.006868902700784,2.1454696373190947
58.6,4,6.257720380015671,-1.0295613791586415,8.325851605527566,-0.348340714150193,7.637997125883921,0.37797207450681386,2.1774361897359666,1.9713737135236562,2.1446682649019206
58.7,1,1.443261313288703,3.2757663414440126,2.535035608815766,4.642620964551332,2.8573173813626043,4.706430411454868,1.7493606469460399,2.0115551806690877,2.148102601746361
58.7,2,1.014316187327217,5.327189267681913,4.001308223774057,10.981219288427319,2.415257822985286,6.775377089251829,6.394542743721957,2.014915738452535,2.1484199011088423
58.7,3,-3.554088508651384,-4.634866331353434,-4.1329182975330285,-6.669348315645083,-2.1460998981966526,-3.2075842836685804,2.115221234032992,2.004885525613299,2.1492458181303524
58.7,4,6.294937333520647,-1.0067666120918237,8.366571423851969,-0.3252787617337057,7.681416217897355,0.4065733181153169,2.1808469672144843,1.9798619788107468,2.148448750067052
58.800000000000004,1,1.3836395366731393,3.3032632677306903,2.477266607751212,4.673087641741623,2.801195097028082,4.740852308194345,1.7528374100952,2.0189418059851123,2.151880669739982
58.800000000000004,2,1.067412265078388,5.342140366169431,4.059472971731801,11.00735556165362,2.4613135294211688,6.78650347584374,6.406800331167211,2.0072731571274605,2.1521933338352177
58.800000000000004,3,-3.508936075271302,-4.604248829338646,-4.088661611963909,-6.641399707293148,-2.0940029652500853,-3.1752810997204595,2.1180333796813335,2.010966055935422,2.153021820029655
58.800000000000004,4,6.332029478270211,-0.985125793474845,8.407187388718524,-0.3034707420188638,7.724415330293547,0.43588484408456146,2.184246772338617,1.9894747027725035,2.1522296318884813
58.9,1,1.323523754475386,3.3302779232328903,2.418978499833561,4.70315125635935,2.7420366419806386,4.774378543670686,1.75636052333725,2.0242542858957506,2.155659407582133
58.9,2,1.1207431681084454,5.356685367159098,4.117950436690628,11.033162805593063,2.5138934765073153,6.805344371533554,6.4191625248073985,2.00984593756513,2.1559669437952547
58.9,3,-3.463508508777431,-4.572489017716085,-4.044054786044942,-6.612315667842685,-2.0392019751584,-3.145148016625765,2.1208316158092027,2.0164204509733024,2.156797899236786
58.9,4,6.368993239246246,-0.9646472662552386,8.447609367950536,-0.2828709417944143,7.760159815664441,0.45928182700311104,2.1875703342075474,1.9907080413688663,2.1560109768135263
59.0,1,1.262922743496755,3.356806363857145,2.3601256825187846,4.732735917225795,2.681937660608809,4.803478346283627,1.7598398862486984,2.0264410082023847,2.159438824040582
59.0,2,1.174302416274737,5.370822503313857,4.176702776712509,11.058533259770309,2.5686488721673,6.817752325201231,6.431520937808357,2.0094297570522786,2.159740516792148
59.0,3,-3.417810790814351,-4.539600827388793,-3.9991565006823246,-6.582128215417902,-1.992434918480243,-3.1054945004190766,2.123648032332786,2.0219686779193173,2.160573740015801
59.0,4,6.405825053804535,-0.9453389252950712,8.487901963459734,-0.26351419449098107,7.803908770982025,0.482638866969483,2.1908740769965336,1.998439054721854,2.159792670727748
59.1,1,1.2018453513811567,3.3828447164965154,2.3007309508795015,4.761761985529678,2.624269138288501,4.830564708229343,1.7632249985814947,2.0295769519835227,2.1632189049682595
59.1,2,1.2280835016888363,5.3845500568555815,4.235651997564524,11.083490622581532,2.629101763658332,6.840169859401219,6.44386466563822,2.0203170988572627,2.163514030998408
59.1,3,-3.3718479326518067,-4.505598684204016,-3.9539483500469186,-6.550711831272396,-1.9442614425775377,-3.0650404438865024,2.126341618894645,2.0281053302008907,2.164349300051546
59.1,4,6.4425213720181365,-0.927208214327333,8.528039305137684,-0.24540040758586756,7.838146269031033,0.49642781052839946,2.1941392240914968,1.993616910148309,2.163574699382098
59.2,1,1.1403004953233276,3.408389179596072,2.2408314399721454,4.790268009026442,2.5549254094817453,4.863903449393566,1.7665665737122587,2.029700824590127,2.166999691397891
59.2,2,1.2820798895072432,5.397866359773795,4.29485789670373,11.108080103794974,2.67561683405625,6.853380007029025,6.456266128580451,2.0150596004012393,2.167287586376037
59.2,3,-3.3256249746351507,-4.470497502625538,-3.9084640981571783,-6.518237890053438,-1.885555007945406,-3.030201527403697,2.1290707217495837,2.036726296094307,2.1681246876650104
59.2,4,6.479078657019517,-0.9102621230862389,8.567973361414952,-0.22851503998258432,7.882195903241435,0.5175666203302258,2.197330237213248,2.00185736933769,2.167357120991955
59.300000000000004,1,1.078297160766927,3.4334360237079173,2.1803940090229412,4.818313190726005,2.4929561417279382,4.888965019459468,1.7698876322139445,2.0297351280123137,2.1707811626315907
59.300000000000004,2,1.3362850187254562,5.410769794028348,4.354280565038176,11.132310658170473,2.7395351524745153,6.87527076720083,6.468719114137793,2.0282687293082984,2.17106125674608
59.300000000000004,3,-3.2791469856326145,-4.4343126791917005,-3.8626925817178006,-6.48473185163705,-1.8426093372813481,-2.98740791427456,2.1318405769292146,2.0389148618494377,2.171899903058384
59.300000000000004,4,6.515493385341465,-0.894507184612543,8.607747159283518,-0.21274332309023192,7.920996281798907,0.5276857619432748,2.200528985824221,1.9995177341507568,2.1711399059755885
59.4,1,1.015844400092706,3.457981592035669,2.1194679866762356,4.845819275756364,2.4265911673300313,4.919113449998593,1.7731549445039247,2.031037357515797,2.1745633391329466
59.4,2,1.390692302975172,5.423258791746022,4.41385851043526,11.156220909965832,2.7934066998526443,6.890793983666445,6.48123356830102,2.030090445948712,2.1748350895068027
59.4,3,-3.232419062479456,-4.397060085761987,-3.816605385991992,-6.450195217937055,-1.7923676573200749,-2.9518029774819827,2.1346281951549853,2.040224536303636,2.1756751775228707
59.4,4,6.551762047256668,-0.8799494727349391,8.647493975177623,-0.19810552851887211,7.964601342163891,0.5452380704627728,2.203861038716236,2.0068070177572803,2.174923118690718
59.5,1,0.9529513312968492,3.4820223009683557,2.058000121896667,4.87275514696106,2.3703795912679837,4.937369395644194,1.776308159787903,2.0315358815797966,2.1783461754127145
59.5,2,1.4452951313246158,5.435331835411049,4.473749303865687,11.179752502155106,2.8713534147821864,6.914157625534634,6.493835805723583,2.0544020895025876,2.1786090461305854
59.5,3,-3.185446329419016,-4.358756062555078,-3.7702556732308956,-6.41462126250736,-1.7554287059816025,-2.898974446651127,2.1374245457991066,2.043505020662474,2.1794501569753937
59.5,4,6.587881147116006,-0.8665945997284723,8.68718204546308,-0.18471600416281822,7.995143613943233,0.5495234839825085,2.20726588359704,1.996441353397067,2.1787066061214087
59.6,1,0.8896271366597723,3.5055546406036138,1.9960085913161585,4.8992752678505385,2.3027148064544054,4.971073834088819,1.7794766393580845,2.0358200482850033,2.182129712434753
59.6,2,1.5000868690817648,5.446987458049483,4.533892881914053,11.20282580085556,2.915565519963009,6.926106608767103,6.506431737289954,2.0472843654754467,2.182383449049603
59.6,3,-3.1382339375408135,-4.319417410981516,-3.72371491128869,-6.378023651072065,-1.6937464765655852,-2.867306229973729,2.1402447575827654,2.0482116362628378,2.183225652946112
59.6,4,6.623847203685461,-0.8544477141509081,8.726705180791082,-0.17252922952719135,8.037178883310636,0.5707127720448458,2.2106615506558787,2.007134486786034,2.182490678163212
59.7,1,0.8258810614055343,3.5285751752601238,1.933555100013194,4.925333476499418,2.241164564397298,4.997081281490697,1.7826596780895343,2.0394944417372454,2.185913874103952
59.7,2,1.5550608586005867,5.458224243407469,4.594107128732457,11.225526117664892,2.9729256268118642,6.9428656267778805,6.519016270942696,2.052924873966612,2.1861583624757044
59.7,3,-3.0907870642156534,-4.279061386274035,-3.676933029300766,-6.34031791929263,-1.6476959581157853,-2.821776877446067,2.142975871842097,2.050899822071891,2.187001210028967
59.7,4,6.65965675048164,-0.8435134988578645,8.766060328045864,-0.16155486117273615,8.077682686575177,0.5788270829287415,2.214046886379942,2.0084447430863044,2.1862752300496537
59.800000000000004,1,0.7617224123520443,3.5510805439792175,1.8706838167765893,4.95094242047252,2.1817809906866366,5.0223184151749285,1.7858915615911874,2.0447755963777907,2.189698640367554
59.800000000000004,2,1.610210420089938,5.469040826123315,4.654477464103762,11.247830170966395,3.0274646031262287,6.9531144910784795,6.531612980523308,2.0520926056948103,2.1899337908144165
59.800000000000004,3,-3.0431109125278732,-4.237705689918852,-3.629878429608991,-6.301547731645543,-1.597218591781356,-2.7723819508316287,2.1456327953077468,2.0585864722003566,2.1907768495565776
59.800000000000004,4,6.695306336105888,-0.8337961691974791,8.805307848472538,-0.1517932592066516,8.117101947333365,0.5916128192962546,2.2174837883117666,2.0132793011861128,2.1900602780581813
59.9,1,0.6971605565522689,3.5730674610155755,1.8074601736991203,4.976020430270996,2.1238922233081485,5.044227453199199,1.7891456826594767,2.0493596491406114,2.1934839748472204
59.9,2,1.6655288524252383,5.479435891893402,4.715045736994923,11.269698564116675,3.0966467955981236,6.963826582455937,6.544210803650643,2.0619200492502388,2.193709916669392
59.9,3,-2.995210710704771,-4.195368461891209,-3.582567848771784,-6.261775981358053,-1.5548385367921715,-2.7247134401855266,2.1482617261747663,2.0585184459338346,2.1945528322226084
59.9,4,6.730792524576946,-0.8252994713853141,8.844415105226684,-0.14324115567128762,8.152783145196935,0.605757244511426,2.2209466358891,2.017419304270776,2.1938458105287006
60.0,1,0.6322049199266715,3.594532716316936,1.7439642240494078,5.000600805259901,2.060023172451285,5.0702090623575,1.7924944131146385,2.0533595984400956,2.1972698359974663
60.0,2,1.7210094339627393,5.489408177631885,4.775804105686066,11.29115393007707,3.152214118663361,6.978410306114728,6.5568303518090945,2.0653024447125032,2.1974865906726206
60.0,3,-2.947091711543255,-4.152068272698571,-3.5349695777057906,-6.2209852296214665,-1.4983080969511628,-2.6801077556275326,2.150817928176839,2.065343004376408,2.1983289096744163
60.0,4,6.766111895662112,-0.8180266810601169,8.883373106540398,-0.13596192650591327,8.188360755172045,0.6155057061665697,2.224411689524867,2.0193580474014876,2.1976317990841063
