time_s,imu_mean_fleet_error_m,imu_p95_fleet_error_m,full_mean_fleet_error_m,full_p95_fleet_error_m,imu_mean_centroid_error_m,full_mean_centroid_error_m,imu_mean_relative_shape_error_m,full_mean_relative_shape_error_m,imu_node1_mean_error_m,imu_node1_std_error_m,full_node1_mean_error_m,full_node1_std_error_m,imu_node2_mean_error_m,imu_node2_std_error_m,full_node2_mean_error_m,full_node2_std_error_m,imu_node3_mean_error_m,imu_node3_std_error_m,full_node3_mean_error_m,full_node3_std_error_m,imu_node4_mean_error_m,imu_node4_std_error_m,full_node4_mean_error_m,full_node4_std_error_m
0.0,0.0,0.0,0.0,0.0,0.0,0.0,0.0,0.0,0.0,0.0,0.0,0.0,0.0,0.0,0.0,0.0,0.0,0.0,0.0,0.0,0.0,0.0,0.0,0.0
0.1,0.0066034157962358425,0.009453055944051034,0.00660587462600478,0.009280034150485412,0.003061288106177654,0.003061288110040806,0.005726573085649297,0.005702709411408611,0.006051171176101015,0.002991527014883866,0.00609345749867676,0.003194095404134271,0.006784570998579688,0.0031425364826147047,0.006474424964234367,0.0030268013990803477,0.005606176024484339,0.0029779045077120933,0.00592401893789816,0.0031590950695779066,0.006354790741394252,0.002623271390148323,0.006308930551182358,0.0024931262787774734
0.2,0.013202324073346528,0.018893783702883766,0.013259794168178966,0.018264726970808814,0.006120173221100134,0.006120173214811576,0.011450372632698918,0.011501636552762273,0.012075334720370683,0.0059804286346605414,0.01297928920109524,0.006514428562311237,0.01355585450098463,0.006299187892968159,0.013436813066066065,0.006311270728955115,0.01123388733088795,0.005967792116706523,0.011151450785766558,0.005817352758803322,0.01270218665475297,0.005233673919952512,0.01199605502703588,0.005621067041125184
0.3,0.019798875382779392,0.028329924129402266,0.01936704032281314,0.0287632988804139,0.009175484004831208,0.009175484083370756,0.017171147064775204,0.016659699420653405,0.01808831359168208,0.008969380589175548,0.018644558244422942,0.009341216967761754,0.020323075692925782,0.009470797760854995,0.020412713742240202,0.009831415787235885,0.01686860260488493,0.008964494652997132,0.015301947584134726,0.008295456880088797,0.01904090168711576,0.007827572278725853,0.01807689733839656,0.008031346976378804
0.4,0.026382800265920648,0.03773168559961134,0.024283728348657517,0.035787093032730706,0.01222409275117722,0.012224092371433464,0.02288114440118734,0.02049791595948893,0.024082145783155554,0.01196489171144151,0.022543705943954592,0.011512965122775614,0.027080558642481482,0.01264176084736264,0.02542795086905082,0.01223318087262808,0.022492339079665812,0.011942560683422546,0.019178634572712787,0.011219653251175833,0.025369533701346918,0.010440383590843448,0.023478738430949435,0.01132266224405557
0.5,0.03296519544607769,0.047138581763391016,0.030124386614590947,0.04405983227695411,0.015272467887047924,0.015272466971281515,0.028589883537177747,0.025378574886970755,0.030085184988696397,0.014957963481697858,0.028068124248136456,0.015130844279159065,0.03383570338383033,0.015805379817286375,0.03184711382817829,0.014267805707352517,0.028105818429687172,0.014931129200340815,0.024249388776749387,0.013985826250177535,0.03169993112610659,0.013068243994262528,0.02885081938287064,0.013365887986081825
0.6,0.039560125750333866,0.056535533288927645,0.03501855886507728,0.04963322882824605,0.018326249318979627,0.01832624755392388,0.034309948501142384,0.028969427446513867,0.03609745799952289,0.017949251501955348,0.03141606880101354,0.01675800203470809,0.04059418876575203,0.0189793040372287,0.03629406628472126,0.018726077800401166,0.033730931078772855,0.017934866395257123,0.02886004824421216,0.016246833413809808,0.03804241304220042,0.015713484356612663,0.03330024563209523,0.017316336795752334
0.7000000000000001,0.046154067764965265,0.06597086656687368,0.04086898860987394,0.05942332174057475,0.02137509202582368,0.02137508530678756,0.040030810583792764,0.03384913283716752,0.042097149686168324,0.020953218340458265,0.03939062015494794,0.018232399435123357,0.04735699216637505,0.022153222870335252,0.043535695310132384,0.021878004918902114,0.039357551281816686,0.020940098040570253,0.033501158192661355,0.016039576331840923,0.044388042720184595,0.018343723818712673,0.036499839365820096,0.019547003225638574
0.8,0.052747772107421306,0.07543578520189469,0.04606017236632639,0.06625000732353138,0.0244177220345679,0.02441771748692203,0.045754780443174714,0.03786477356832964,0.048095126985598695,0.023972843777319956,0.041820596486781006,0.019920738818776706,0.05412359222093473,0.025313415613517517,0.04791256764882438,0.025141362719759062,0.04499115276319173,0.023938898586068593,0.0373736961120504,0.01831436470366129,0.0507324182825345,0.020960474810426448,0.04465666560917599,0.02192347927174002
0.9,0.0593467910603261,0.08487995097610287,0.050045164549008106,0.07203562494318312,0.02745870745174635,0.027458701337362786,0.051484848460593494,0.040462945100621546,0.054096075870245675,0.02699059094660329,0.04243390385824579,0.021180213438770173,0.060882350609749336,0.02844983868623085,0.0523172820430511,0.025471965868739614,0.05065725604538855,0.026947690409633466,0.041157486191305256,0.024058088143696463,0.05708292234404142,0.02356669726607401,0.048066311598462357,0.025385618270875068
1.0,0.06593835813068001,0.09432963475265924,0.05539742334007747,0.07861522351164889,0.030499386051526543,0.030499382836215384,0.05720753207399494,0.0449229638692633,0.06007618570842368,0.030013135323592517,0.04545979380366365,0.02631833688920603,0.0676308878048396,0.03161266838923725,0.055977396310234795,0.02946700638826132,0.05631430473073532,0.029944817354111527,0.046594304336303086,0.025424930543524966,0.06343138387796107,0.026183708408474494,0.05202483335884232,0.03213597252312408
1.1,0.07252956704455628,0.10375395174372339,0.05817259353296221,0.08545449091900804,0.03353849017188486,0.03353847681120309,0.06293087876815648,0.0459061385581426,0.06602519541633953,0.033046921969908216,0.04826325806492372,0.02401589099815338,0.07439140443000328,0.034787786173501443,0.05739426203369937,0.029517750724402193,0.06195608316805005,0.03292773189447504,0.052068717596277445,0.027270563961581812,0.06979988661533033,0.028785337695287416,0.05615720000520665,0.0349662983531522
1.2,0.07911770826982513,0.11314525344201268,0.06198732616821355,0.09022292542871059,0.036580623078036015,0.03658060276746431,0.0686487446852301,0.048158202060527545,0.07195804272899994,0.0360819811686802,0.050755604262420075,0.02247800098028644,0.08114767535091666,0.03796636237190434,0.06392970607594683,0.031290452300598445,0.0676008560360847,0.03590960636940721,0.05398546001071969,0.027150982219264822,0.07616813515965884,0.03138941090369011,0.06146304943985775,0.03695939075514914
1.3,0.08571097870386031,0.1225254040750536,0.06488916162821365,0.09777916759021328,0.03962530558666135,0.03962525832467873,0.07437023518812,0.04937703115378488,0.0778979843655451,0.039126582132326136,0.05074529016078372,0.024009604529215963,0.08790574059806011,0.04112638713959539,0.06888118108590714,0.032023051123314,0.07324691678043395,0.038883849616269624,0.05655948564632725,0.03398763689013125,0.08254940417551136,0.03397002451280402,0.06229072519931452,0.04112033186832555
1.4000000000000001,0.09230643742688616,0.13191205657949467,0.06992961624428,0.10492457434595504,0.042679049537089134,0.04267899392055197,0.0800889011138636,0.05291070720495522,0.08384180929740723,0.042163004479382635,0.05920256788957443,0.02901037700922722,0.09465425146715778,0.04429177510932061,0.07482195666361782,0.034340801625864774,0.07889703444353457,0.04184621372574013,0.05832900118690929,0.036089163359406894,0.088937564628432,0.03654945437870204,0.06645143636026356,0.039922487465226426
1.5,0.09889373478298943,0.1412887875218719,0.07328564172310939,0.11261208840411852,0.045741154900865215,0.04574110428521591,0.085794268172068,0.05451195440891056,0.08979238412718771,0.045183058995496204,0.06191906107600483,0.02935936278573563,0.10137474910978077,0.04747394637535754,0.07980114374046057,0.03460240485611578,0.08453960535015315,0.04478638397943354,0.059241512264454045,0.03988056852900595,0.09532449551157876,0.03912752878174232,0.06931583534087672,0.04422392276355744
1.6,0.10547763227265686,0.15067694584372532,0.07771725447769283,0.11786123411764635,0.048805832137719087,0.04880579255585973,0.09149384327828432,0.05718202762366327,0.0957346934704483,0.04819651632412147,0.06259289330664178,0.03018581012768001,0.10807486630459587,0.050656715430498704,0.08665525664511028,0.03835877752567313,0.09018645509608711,0.04773112018406326,0.061968580053665165,0.04044118690552227,0.10172343435147099,0.04171018235517325,0.07340972777940842,0.047364153249679526
1.7,0.11206320575861695,0.16007745161832773,0.08081392590908429,0.12278731103332378,0.05186944910763216,0.05186940091750218,0.09719445617438811,0.0584391283157625,0.1016940152834774,0.051205502871850085,0.06493538941754207,0.036266774034373166,0.11476384366089369,0.05384354281655481,0.09108299967386159,0.0370712202543449,0.09583122884002022,0.05070393635069874,0.06420617900183653,0.040404783721538204,0.10811966907995167,0.044304829563144306,0.07485135607913462,0.04966372948191144
1.8,0.11864748547668669,0.16948867391432546,0.08322045748416448,0.13245071637372222,0.05492837951893831,0.054928346934103776,0.10289782777035887,0.05828740663652776,0.10764933315209609,0.05420436822574752,0.06543154252916303,0.03505745751807626,0.12145451979133018,0.057029261980454715,0.09287808695663438,0.039698653431088846,0.10148648381441303,0.05368069097869617,0.0691815325880144,0.04468642085180506,0.1145118842717042,0.04690358578925325,0.07822333423644909,0.05045703117096298
1.9000000000000001,0.12522628235259498,0.1789220025661364,0.0871984796950462,0.13760968805499663,0.05798082344653803,0.057980875029233436,0.10859914499958156,0.06055496888202283,0.11363253087147307,0.05721373584569572,0.07071857026705829,0.03409598097703435,0.12811630770702598,0.060213682390263396,0.09668658752406138,0.039433629395633094,0.10712618783948488,0.056655130837415524,0.07039257506972454,0.0455196671941316,0.1208986792113802,0.049511706947904605,0.08379296517343175,0.052171693525786246
2.0,0.13180462702024112,0.1883860536014198,0.09014188750567945,0.1417159824007897,0.06102646704510232,0.06102655776538864,0.1143038354543924,0.061657993019162104,0.11963708008848542,0.06022662413509265,0.07328409190875021,0.039618705061877174,0.13477786077323728,0.06341085213525274,0.10027099083974278,0.035005123095599604,0.11275649854294009,0.05961781629854285,0.07258322082489044,0.0463195746314308,0.1272752505613574,0.052120195595527705,0.08679011732437221,0.055600188417618865
2.1,0.13838473957021685,0.19788616751032517,0.09458750069450178,0.14338216620841218,0.06407625490920948,0.06407633907482078,0.12000761112028499,0.06464254714202841,0.12563966246110334,0.06322854206604667,0.07452008466294394,0.042222922739811666,0.14144457603032032,0.06662881034662978,0.10384693419397786,0.03781438067882075,0.11838378656385332,0.06259043030453106,0.08081589358712896,0.04555247543768422,0.13365303073057258,0.05472313361142524,0.09062923513073794,0.05718562695742071
2.2,0.1449660507346136,0.2073892827446754,0.09731287829519988,0.145974856560102,0.06713019707226645,0.0671301582264224,0.12570909323238683,0.06531647126582038,0.13163195983260545,0.06622125700562646,0.07846109167503047,0.04363259421536199,0.1481057395901412,0.06985937206535464,0.10147529551241212,0.038769332140348285,0.12402406936231436,0.06556520296334344,0.08832968324575517,0.050154746674380475,0.14004135005788998,0.057302406494419526,0.0920477542588765,0.06210823582402038
2.3000000000000003,0.15154151357401766,0.2168614821414279,0.09952860418795031,0.15182382337858644,0.07017230598119575,0.07017233396424641,0.13140872032923304,0.06476051884540038,0.1376015537141696,0.0692055723363677,0.08075583830724031,0.04207178793951633,0.15475458010818302,0.07308537202420343,0.10319340289400276,0.041227745367722585,0.12966980681594067,0.06854440128678951,0.08751304452485256,0.05317031498837926,0.1464294585963148,0.05988403570130866,0.09801873950833753,0.06356114996055534
2.4,0.15811185797525576,0.22634181678082885,0.10231360874866964,0.15877001969189306,0.0732105486355387,0.07321049828624697,0.13710572182609548,0.06514572834179068,0.14355504003362615,0.07218697032324987,0.08450454148976218,0.04336708790296547,0.16140428552083458,0.07632540229977024,0.10509544691011816,0.04455117864259366,0.13531971834311232,0.07150245765697222,0.08799442453689947,0.05402223497063855,0.15280470249264216,0.062484836990553426,0.1024418065259326,0.06622947598647216
2.5,0.16467726649758813,0.23582381550128137,0.10602235816298129,0.16693547740850795,0.07624839542233044,0.07624839365819575,0.14279928462538566,0.0665597180305065,0.14950036516248671,0.07518531754159404,0.08746068319026885,0.042887256270009305,0.168056358126355,0.07955686580576435,0.10801087227540278,0.044876320402920694,0.14097033758817906,0.07444309339390613,0.09056957171972706,0.058040419438642736,0.15917224207155828,0.06509110128294739,0.10792520078460432,0.06806775703242433
2.6,0.17123777307193752,0.24529244602474737,0.10949236031895052,0.1767762049665938,0.0792839534192707,0.07928384862954506,0.14849041204056318,0.06772237000135788,0.15545155004993458,0.07819347623864452,0.09183718036490408,0.039441502929626525,0.17468611297227427,0.08277683354085946,0.10870142327180447,0.050649832915307565,0.1466168046168524,0.07740734405619035,0.08989624236243082,0.06042287389508464,0.16553983305311099,0.06770435765691994,0.11316706012837734,0.07529675996638373
2.7,0.17780568602785132,0.2547392132863027,0.11257257367718576,0.1774878179588187,0.08232325753157307,0.08232319443201244,0.1541894176447994,0.06834150826646804,0.16140811791881335,0.08121239816474207,0.09300109987692992,0.03599743064621461,0.18131239772018967,0.08598658377720224,0.11336925421497465,0.05085802687668913,0.15226270933029262,0.08037526699758807,0.09384587016606856,0.060306603974472,0.1719220939351221,0.0703597549490051,0.11541960760643115,0.08006188945947715
2.8000000000000003,0.18438156735166863,0.26420496453006836,0.11578913019570562,0.1856908781827115,0.0853651766696262,0.085365184116421,0.15989528693552532,0.07004257226125224,0.16734837096144356,0.08423145111010583,0.0986401595433251,0.04209070277525039,0.18793169036597512,0.08921915705676166,0.11421213296573922,0.052942685952205706,0.15791352892474406,0.08335094097843736,0.09382526021010483,0.05427224232427171,0.17833270559538086,0.07304069356083279,0.12295912511310783,0.08249279706831636
2.9,0.19094842940370904,0.273672496381749,0.11765286160335346,0.19873448702408375,0.08839492666631195,0.08839472418771385,0.16559672579400592,0.06964335378211331,0.17328013492416258,0.08724186223606276,0.10046991962694382,0.03743013032082375,0.19451883539242376,0.09245287607498781,0.11501270997616012,0.05164907621810874,0.16357198999191264,0.08632740356968516,0.09714524676351877,0.058326839466590195,0.18473891718231988,0.07575108921344474,0.12460992140694196,0.08593328575156413
3.0,0.19751665436017007,0.2831275219809843,0.1206537550786081,0.1991911864820368,0.09143167667302317,0.09143169850531153,0.17129670835258537,0.0699907039123981,0.17920729178101294,0.09023964749377789,0.10283697348293819,0.03711066201159775,0.20110734312358564,0.09568460884093184,0.1176345040783285,0.05075573104218771,0.169238218511452,0.08930095955511058,0.10169941976615819,0.060171991378584276,0.19114663271415513,0.07848009018715356,0.12706933256839617,0.08816224445113123
3.1,0.20409079148787881,0.292634257234099,0.12312448192773347,0.2023940915852544,0.09447254305351002,0.09447282678173972,0.17700055811777182,0.07033257555916181,0.1851441955996348,0.09323668600004092,0.10760954770003384,0.03682638244272981,0.2077171307441855,0.09892654572309016,0.11768453097886625,0.05092999854603961,0.17490017778336742,0.09227410525854648,0.10224544103991909,0.06358378321914185,0.1975604253202635,0.08119908450473017,0.13072272459765652,0.08997424428255438
3.2,0.21066713373034948,0.3021573092822132,0.1247644030760661,0.20290337460721175,0.0975118536491764,0.09751229943832382,0.18270723357872115,0.0692560436916125,0.1910872224377256,0.09625191809226416,0.11140400173794096,0.037561088953672835,0.21434026034455114,0.10218377599304458,0.11856569518058035,0.04641017709502762,0.18055669803420502,0.09524181477217115,0.10451920619180606,0.06480705643904396,0.20397216845819183,0.08389236849126595,0.13138854438577272,0.09297338995493666
3.3000000000000003,0.21725610541329016,0.3116768626516216,0.12721910541939876,0.20321133654172463,0.10055926448888024,0.10055975379780924,0.18842241956737077,0.06850822720695642,0.19704115698414154,0.09927617174562964,0.10984960130796764,0.04295508832414203,0.22098658122758033,0.10545025314976327,0.12597103172954147,0.04621489008820772,0.18622229860229067,0.09821132220547245,0.10771286402141389,0.0634887724299662,0.21038782406612827,0.08657234079755996,0.13321620583975508,0.08962331125580908
3.4,0.2238416378621709,0.3212069632806653,0.1320067573946146,0.20609349158393603,0.10360498621748146,0.10360567002095791,0.19413482780023478,0.07214024010204181,0.2029882793195758,0.10231035037901115,0.11284528309262491,0.04229055639204837,0.2276452949115007,0.10871926350763389,0.1300994017490916,0.051699599615804046,0.19189058855407973,0.10116090076694831,0.11345411637172864,0.06352338368042879,0.21678348820825386,0.08925792559097981,0.13703686955624406,0.09244314815706783
3.5,0.23042536194422114,0.33072785156479595,0.13566028039102113,0.2058639873013353,0.10664723081165976,0.10664788303586914,0.1998470593672495,0.0729259156384576,0.20894388089831123,0.10533055892927715,0.11683506891114288,0.0454656742664526,0.2343082715838311,0.1119806123067345,0.13403258699991855,0.05424018337127988,0.19756086632806555,0.10412367046547019,0.11743166961418583,0.061382760891718145,0.22315934643600902,0.09194356397914981,0.14014156236958847,0.09568852839451472
3.6,0.23700756338619774,0.34023752092868353,0.1399909560461992,0.20381692659286943,0.10968752008593104,0.10968833302470751,0.2055591282759876,0.07542606563220493,0.21491040527013833,0.10834681299154404,0.11956195787144408,0.046603537094975,0.24095985458668467,0.11523788641353153,0.143396765763195,0.055443750158820096,0.20325343604025847,0.10705721184502008,0.12451880225653075,0.06390012670795829,0.22952761932868912,0.09462486897156872,0.14014345265569844,0.0932811115908751
3.7,0.24359556107219768,0.34974362050223634,0.14476283813851726,0.22235136285373003,0.11273606252334087,0.11273729738179523,0.21127278158205282,0.07815229709824371,0.22088018647482932,0.1113680518235137,0.12035024483264253,0.04570182025840046,0.24762779537291074,0.11849645837164594,0.1539354498510554,0.055120535282662066,0.20896131699038034,0.10997775487227651,0.12834680878682772,0.06592689182938906,0.23588218293816166,0.09732464473292983,0.14437282596059964,0.0996221395261661
3.8000000000000003,0.2501866450701226,0.359224471937991,0.14816781922813954,0.23496699696545384,0.11578599560059873,0.11578755371274033,0.21698929794387842,0.07947518786968272,0.22686569174940718,0.11436909624105951,0.1231179631634685,0.046316719437672765,0.25430356381501407,0.12176753633010574,0.156054760432345,0.05837031050709483,0.21465328386895793,0.11289121643988947,0.13433727112545762,0.06912184195249493,0.24223529554238626,0.10003085995844731,0.14709144731347165,0.10021337272486566
3.9,0.2567731579281812,0.3686689427573198,0.15089574626655805,0.2386734903471826,0.11884547694284849,0.11884777833356137,0.22269613859807863,0.08029011997422925,0.23286117185836633,0.1173806117124074,0.12842247440121987,0.04997845628711625,0.2609570498752319,0.1250218343525824,0.15821430927265842,0.06081539538698018,0.22034667401957267,0.11579219736711026,0.133870221063799,0.07087938376448882,0.24858881435276703,0.10273363192405048,0.1499381021605809,0.09959089206745908
4.0,0.26335829445430525,0.37811277648565217,0.15549153913825123,0.25959015528250484,0.12190501725933356,0.12190786151147961,0.22840128173485544,0.08497277634175686,0.2388783817460202,0.1203915451876808,0.1327255873226102,0.05224442641068444,0.26759377969309134,0.12828206284844665,0.1627699547094728,0.06450970781768631,0.22606141573689337,0.11869786152221863,0.137725968046189,0.07019864290740577,0.254920909124455,0.10542118401276913,0.1537880751890647,0.10696067554401718
4.1,0.2699316885312497,0.38756503471466525,0.1542830660063566,0.26228581339567747,0.12496930536453572,0.12497230539850909,0.23409115129742403,0.08018905499119836,0.24488309620278786,0.12338622756472861,0.1374970546483188,0.05657836413653025,0.27420791811817946,0.13154615913589732,0.15633921723214678,0.06197762274591988,0.2317769900852324,0.12160580102088671,0.1385949862828369,0.063890768037623,0.26125235107651457,0.10810054989971289,0.1500401499983265,0.11183997959213617
4.2,0.2764960337611533,0.3969938178340545,0.15431508712259207,0.27360162752451095,0.1280386332263591,0.1280423301760568,0.23976909393519205,0.0768176624079219,0.2508893644183156,0.12637317563736508,0.1415037483895962,0.05538609451407268,0.2808178800200548,0.13480757806469035,0.15234047399203768,0.06286282767443607,0.23747599880360165,0.12450091109843259,0.14015181218875233,0.06325364337239703,0.26756913904954593,0.11075412973018645,0.15260891852324726,0.11046302424440517
4.3,0.2830662685588267,0.4064079525066968,0.1592260691838418,0.2774106960610013,0.13111422497402322,0.13111665055731428,0.24545005373412473,0.08174841226889004,0.25689428512697454,0.12936327555370886,0.14200710590791685,0.05559371881647688,0.28745428403647977,0.1380659098369833,0.1563142513253908,0.06515124709057488,0.2431821400788492,0.1273823361496819,0.1473508816267704,0.067941454129606,0.27388188542785746,0.11339176244442199,0.15739039892471435,0.11404668846700292
4.4,0.28964291152508337,0.41582317023482873,0.16095486866036063,0.28011580219263804,0.13419178441581187,0.13419374268128714,0.251135485839359,0.08020187231100497,0.26291907843450507,0.13234392524609498,0.14402436869683305,0.05550661561704507,0.2941030311913917,0.14132469276470733,0.15473794210407937,0.06496646931447911,0.24890381590135494,0.13026690384933148,0.14733445681717697,0.06850938544040334,0.28018686142886307,0.1160290949448517,0.16156243764421846,0.11667469306937606
4.5,0.2962152729677189,0.42523378333524137,0.16107791406632124,0.26675451602186684,0.1372686654133854,0.13727189743434912,0.25681703092979313,0.07548565155995832,0.2689308110908056,0.13531517259275777,0.14600685529456708,0.057340212584404554,0.3007346058111525,0.14458874137621303,0.15755486602315324,0.06669775199337166,0.2546319354708476,0.13316181773489222,0.14941742449635037,0.06702259369902212,0.28649141105645215,0.1186651872102723,0.1561319597349231,0.11343435835618076
4.6000000000000005,0.3027873484493966,0.43459882903522234,0.16166835246518793,0.25589155632056576,0.14035244480372303,0.14035603105361805,0.26249538394767613,0.07209412796850752,0.27494547116401247,0.13827742012423547,0.14921835280036239,0.055732433571438596,0.30735542220319645,0.14784705302083148,0.15806492798871058,0.06225679759178034,0.26036568241217567,0.13607548328448094,0.151346352500196,0.07252345402406554,0.2927903982991651,0.12129642086594482,0.15576930609618092,0.10943729911039181
4.7,0.30936498994185746,0.4439450679887266,0.16264748026692047,0.2574743602218448,0.1434464122786671,0.14345070679650931,0.2681750631364234,0.06873973095206778,0.2809666752727018,0.14122808092707473,0.15359342323757014,0.05814713363784876,0.3139686404921159,0.15110012756121283,0.1622354565579765,0.06596904095204885,0.2661095190018691,0.1389951216375378,0.1524884158223657,0.07562329765286474,0.29910324633361085,0.12392148328200238,0.1501288087332229,0.10979751962600158
4.8,0.31594770521109866,0.45331828657579964,0.16660237996785993,0.2522446824163827,0.14654464011393448,0.14654849242331097,0.2738581649138817,0.06939804954337539,0.2870046246001986,0.14416010217332897,0.15805236635375858,0.059546882639395664,0.32059173409629677,0.1543484489803082,0.16324246989889274,0.0659204409467994,0.27184937819821436,0.14191051155684495,0.15964096246277007,0.07545703478804619,0.3054193220584392,0.12655584355944433,0.15508312453867729,0.10653953938382692
4.9,0.3225288480735541,0.46268352707969074,0.16833755657896574,0.2537296317802811,0.1496332214389329,0.14963757330608535,0.27954243831350767,0.06749926278548878,0.29304923111311176,0.14709117190572432,0.16163711490935462,0.06034851310995404,0.32722414622073653,0.15759182912996111,0.16421405589104313,0.07289483017115787,0.27758395306371225,0.1448327182100006,0.15893312179342706,0.07776794575035378,0.31172287531989584,0.12918958434249025,0.15988995626685026,0.10297644611108009
5.0,0.3291107192678698,0.47201117554087607,0.17189379202658847,0.25482905879978573,0.1527140750541853,0.15271962083152915,0.285230677288198,0.06855726256409397,0.2990974747525746,0.1500257878495087,0.16519702160477528,0.06031992969118932,0.33385046516921807,0.16082598932298148,0.16759165011189817,0.07279612007737565,0.2833361517280283,0.1477760346675488,0.16136167284187855,0.08095738127532082,0.3180089266070482,0.13181043845930707,0.16368280642011557,0.10826437237705445
5.1000000000000005,0.3356856509937912,0.48133631337211075,0.17469083785163936,0.25451278544926836,0.15579177445359677,0.15579667707115477,0.2909142916628905,0.06804803148888804,0.30513338078678043,0.15295522184699203,0.16834187053511723,0.06286143715608612,0.3404722025177181,0.16405614538486374,0.17644295138546323,0.06890513013483482,0.28908540069244837,0.15072355586637648,0.16036697415505183,0.08503448446769143,0.3242823220247397,0.13442553502981974,0.16063124069308948,0.11421501780911036
5.2,0.34226674497852655,0.490668563428763,0.17843674431132392,0.2629289644157102,0.15886710167482226,0.15887074153887454,0.29660824063316277,0.06948130664803144,0.311197561829741,0.15589347702456466,0.17149502605400563,0.06549574250148649,0.34711206252959614,0.16727413503501187,0.18423066755430584,0.07301197012428493,0.2948090161081419,0.15366895395202324,0.16305087897867676,0.08131087080332425,0.33055954738657034,0.13705488080177639,0.16171712298336122,0.112972589915956
5.3,0.3488568950790638,0.5000416632661266,0.17977718781160906,0.2670852134550038,0.1619371520410532,0.16194212432595972,0.30231349533010815,0.06683151349322589,0.31728742697985945,0.15883606589304933,0.17297030920009376,0.06536258984887447,0.35374414217731853,0.17049860898762528,0.18676461058982446,0.06976749259011385,0.30055302566323705,0.1566060407411363,0.16838290211537307,0.07886405309477597,0.33683829691600203,0.1397081035791441,0.15977115193808092,0.1161888679189488
5.4,0.3554533119501143,0.5094070333286509,0.18206823240949588,0.27471514700236144,0.16500721471062446,0.16501285224031428,0.3080243325735488,0.0650660552928561,0.3233788456364381,0.16178457833571436,0.17504494408267213,0.06433499162297389,0.3603801500240635,0.17370486998350804,0.18867716107227514,0.07286927516109015,0.3063176807165671,0.15954994324020066,0.1721732756369971,0.07794142296259433,0.3431328436899942,0.14234225385823604,0.1615011201492688,0.12128058187830147
5.5,0.36204394298878245,0.5187870588648725,0.18896084327837542,0.27737904663191293,0.16807187979499238,0.1680769573255196,0.31373278502921464,0.07280875786025412,0.32946443435193346,0.16473583586031343,0.17630627806265,0.06595096598477501,0.367014552575087,0.17690744388960572,0.19205250812686428,0.07965541577463822,0.3120755092932438,0.16251211933026627,0.17979112412753848,0.08001832697232177,0.34941136400427536,0.14497764002161717,0.1733831013978648,0.12144348101656595
5.6000000000000005,0.36862445973760766,0.5281987501805172,0.19017370257737162,0.27555591169583554,0.17113351255698922,0.17113956051607032,0.31943259690234366,0.07054015618812073,0.33552650440586324,0.16770265576394436,0.17876621708471135,0.0674740315118918,0.37363224285546254,0.18009934889094978,0.1955385066529575,0.07928736946450231,0.3178237159802527,0.16547914979094544,0.17953932837371706,0.08096860154506509,0.3556975391493503,0.14760366676457132,0.17379495720198768,0.11993380201987597
5.7,0.3752015305187683,0.5376444903852214,0.19480927423142508,0.28209150965168595,0.17419055103043754,0.17419613141292645,0.32513089235615134,0.07279227714907978,0.3415868120671319,0.17069793140555833,0.1821314932443715,0.07036352725180686,0.3802487496987441,0.183294471331662,0.2047109809670519,0.07612594541607468,0.3235614048079361,0.1684550946494598,0.184873950496123,0.08002705261775427,0.36197270018345196,0.15020964689827174,0.17426318697915402,0.11946921834953052
5.8,0.38177957443620725,0.5471184381351122,0.19656385228291567,0.2830691875803973,0.17725420467671693,0.17725679664230629,0.3308267201827728,0.0733584968831357,0.34764459170752804,0.17370486834569535,0.18385941094130584,0.07351010292682288,0.38687168125508214,0.18650868960493444,0.20386378643800987,0.07648612971094608,0.3292902165979115,0.17143745301770963,0.18792993587417073,0.08306323251728433,0.3682387177043129,0.15283096156894166,0.17723574398415523,0.12218302107678536
5.9,0.38836170610029563,0.5565725635745193,0.19688426613894655,0.28939116108905794,0.180325350273101,0.18033271586504682,0.3365214566508357,0.06867522190275405,0.3537070237476686,0.17671450350295734,0.1890397680784554,0.07416645780085016,0.39349754509224344,0.18971856654963035,0.20724811442063817,0.08134122754952718,0.3350263042659288,0.17439863862453497,0.18713209314691498,0.08002737651669287,0.3745099458605994,0.15546994240261156,0.17243056316135827,0.11945955999400382
6.0,0.39494704497071836,0.5660637423447654,0.19797794390064122,0.29617452046719517,0.18340392455957313,0.18340842313540545,0.3422163353347988,0.06459609661104458,0.3597830404752144,0.17971395229631365,0.1919752779959531,0.07388128241793195,0.4001394239007866,0.19295333916660823,0.21221801451986622,0.08362260972582924,0.3407721912927812,0.17732883182540876,0.18988654959022183,0.0810121304275845,0.38075710911953203,0.15812457625569695,0.16859429856738778,0.11917747882393233
6.1000000000000005,0.4015339661055335,0.5755508364255393,0.20114742640362918,0.30054257752693203,0.1864889323291435,0.1864938332727722,0.3479101351009133,0.06567395208535198,0.36588034811831943,0.1827165760967451,0.19660902068589475,0.07641462916040855,0.40678709542879565,0.19620627012309955,0.21285181389885813,0.0859960928110071,0.3465189382990025,0.18024467279737633,0.1954018585707225,0.08099926892909995,0.38697557366520874,0.16077945713365505,0.17186344717176388,0.11795236249673366
6.2,0.4081352746556379,0.5850316517064662,0.20101597239249588,0.3039309024059761,0.18957982847950214,0.18958228234154073,0.3536155665387638,0.05772871398238564,0.37197969848881873,0.18571689460991553,0.19854150767515621,0.0799372311558035,0.4134579404835049,0.1994668830517521,0.2116862794611975,0.08824194830528025,0.35228490326296935,0.18315078612696412,0.19738944434322087,0.0764103630081179,0.3932038031938028,0.1634247629141815,0.17258740228547173,0.1165856266421919
6.3,0.41473676840539514,0.5944887886900494,0.20355552327666376,0.3123540466834659,0.19266292596448825,0.19266237313937556,0.35932412691121013,0.05653022427545078,0.37806711821477307,0.1887289654279936,0.20071039604171315,0.07902911670283633,0.4201397787357858,0.20271072577114338,0.2087576407592558,0.08664505185114434,0.35804149749370084,0.1860539992732105,0.19980120327428103,0.07830174436442651,0.39944223604379675,0.16607202008796543,0.18327009939024105,0.1221420393083776
6.4,0.4213399966519999,0.6039538985039984,0.2048997124671308,0.3118512001068754,0.19574467612813243,0.19574242759266341,0.3650353431073526,0.051170579592882924,0.3841634502631083,0.1917229804072922,0.20236799781434217,0.08024024794618166,0.4268136386878706,0.20595470537294686,0.21288332687715936,0.08607507148419442,0.3638177084748345,0.1889679499728556,0.20014881621280128,0.07951553400368115,0.405666595071871,0.16872148594516712,0.18559576041514972,0.12033211903343792
6.5,0.42795422438876496,0.6134267499630641,0.20704906371821236,0.3147061166551376,0.1988344147289596,0.19883381084694193,0.37075403520529543,0.04965730532323859,0.39026736763881387,0.19470877701036995,0.20539370841992283,0.08068631843618258,0.4334846905820502,0.20920432529355001,0.21571792827740888,0.086601831076572,0.3696101348946756,0.19189588101707242,0.20260623709181017,0.08386371938789293,0.41191193389115127,0.17135931838487936,0.1875641251442431,0.11699568899087463
6.6000000000000005,0.43456936326749157,0.6228993591286077,0.2101510405280984,0.3203103532741068,0.2019214568034285,0.2019238658399968,0.3764760188692705,0.051341544019209887,0.3963800352249153,0.19770903214021518,0.2089997842009091,0.08265714969711851,0.4401560345062886,0.21244144555350283,0.21894054456591122,0.08846283642548254,0.3753916047974645,0.19482750771833085,0.20311697662774333,0.08528132366325833,0.4181545889704257,0.17398804095404283,0.19103101581204882,0.11992047860477359
6.7,0.44119054768081173,0.6324085131509618,0.2123489695297079,0.3221427357905534,0.20500649105717028,0.2050064137428981,0.382208723379584,0.04837333595494008,0.40250576280275824,0.2007234195691436,0.2113100617631579,0.0842489135779487,0.44681990520459686,0.21568320648684405,0.22109948302238638,0.09022065005314762,0.38118843482968073,0.19775932303853055,0.2034614829971591,0.08530601754674098,0.42439637832003935,0.1765890920149343,0.19795535879595766,0.11453711446648678
6.8,0.4478100753325663,0.6418806080560153,0.21537165810138026,0.3264725282109539,0.20808438902223364,0.2080813486804341,0.38794350037214176,0.04716303404912417,0.40862545453700444,0.20372619204852652,0.2143395414163738,0.08595613115494022,0.4534748683124342,0.21892604176410585,0.22276568798183538,0.09344404594158494,0.38699434686407563,0.2006907066686844,0.20681810548218776,0.08499780378360816,0.43063702450306873,0.17917951045386388,0.2032350421859118,0.11300838379332478
6.9,0.4544326176432132,0.6513455607621392,0.21772033532229754,0.3292248014181774,0.21116102752229277,0.21115974475324423,0.39368320586013694,0.043657470960283544,0.41472257353304387,0.20674054960933305,0.21548794046177183,0.08836661331555189,0.460142207237359,0.2221857081988464,0.22114295528106348,0.09461290669703075,0.39280105902031226,0.20364015378881634,0.20937233774740868,0.086486465563504,0.436880699663729,0.18176836716653597,0.21132275299811484,0.10981540095889765
7.0,0.4610638739999172,0.6608824949557845,0.22203162492829903,0.33399758151206815,0.2142404872964522,0.2142387974834218,0.39943181684244783,0.04721892302342433,0.42081627995271453,0.20976665056930613,0.2165646338493475,0.09150303117101792,0.46683975689995477,0.22546889838008652,0.22278690065493656,0.09393260513743719,0.3985985769877743,0.20657181048753967,0.21606895025662123,0.08522902164986516,0.4431359211636952,0.1843607773055853,0.2161804437553747,0.11555925650396082
7.1000000000000005,0.4676948734724481,0.6704839785413134,0.2253858348998833,0.3379450591810666,0.21731310375097096,0.21731422299296604,0.40518433618556216,0.04771897190726918,0.42692241347119,0.21278485083871065,0.22016498481837102,0.09272907646200804,0.47353827516913916,0.22876286193010487,0.22640030543873485,0.09548948319858645,0.4043909262528705,0.20948897923681722,0.2191911698906992,0.08842991160655017,0.4493936832007471,0.18695955876841544,0.219873494108744,0.11534307531766451
7.2,0.4743213844631205,0.6801159493502115,0.2291172266629636,0.34277056820897894,0.220388296546923,0.220392148930886,0.4109309870559363,0.049964209559212755,0.43303567668353465,0.21579616299738516,0.22233370704600874,0.09749412026305963,0.48023368602703886,0.2320743803745069,0.2292449276966276,0.10356352730556845,0.4101662044529257,0.21240553484067973,0.22583847193697976,0.08701766180279434,0.45564421158327734,0.18954840785175886,0.22233011681359338,0.11027299705184257
7.3,0.48094216809616636,0.6897264404691577,0.2327174809518345,0.3476313305874125,0.22346145825491667,0.22346802329853993,0.4166731172967779,0.052619298555253935,0.43915052276973476,0.2187964988849197,0.22721374814497092,0.09926476398589103,0.48691322387464675,0.23540028229610044,0.23418949890254942,0.10295008988554576,0.41593679676954204,0.21530541094020395,0.23091013464762647,0.08613962547716252,0.46188608185812435,0.19213183031668418,0.21995515417479475,0.11715506857640662
7.4,0.48755805744440633,0.6992909248061436,0.2357682799448945,0.3518292872471259,0.22653253542472102,0.22653377336402675,0.4224100071552175,0.05222903338992875,0.44525478818531095,0.22178700093909384,0.23165474554258933,0.097830740525181,0.49357541423121293,0.23873519366636367,0.23802060176923154,0.10242812907642293,0.4217082436774165,0.21819592038086708,0.2355756551480658,0.09035457479776969,0.4681244322777844,0.19471583631724215,0.2202006413458017,0.1190010091062018
7.5,0.4941742982636284,0.7088178342866237,0.23726200109109566,0.3563422943940024,0.22960014773284748,0.22960437772518044,0.4281477664492269,0.047494037130317336,0.4513441847250104,0.22478558413088345,0.23372070934939337,0.09652032812364382,0.5002457146098307,0.24207189847747784,0.23596459752745513,0.09903998556556093,0.4274695913449286,0.22109385970303902,0.23544657069886527,0.09557403627793304,0.4743744920229777,0.19729795194943173,0.2289431820731857,0.11827559708623461
7.6000000000000005,0.5007924721074944,0.7183582049193263,0.24049457212601794,0.36185124350830444,0.2326683854402174,0.2326792959022416,0.43388963877385744,0.04899511834522017,0.4574540775312542,0.22778653630026782,0.23637272044308189,0.09731236057696445,0.5069187126058189,0.24542695644226128,0.23725580338239322,0.09888939793873187,0.43322341281247645,0.22399317190066748,0.23901369196969707,0.09781909755710855,0.48061471458237337,0.19985709152284437,0.2337539640021314,0.12325829134220162
7.7,0.5074189368143417,0.7279164570660139,0.2429308515197787,0.3662759413721091,0.23573565392312004,0.23574897441192472,0.4396436335713473,0.045310582347542316,0.46357485994743686,0.23077092011422348,0.24122820421057298,0.09982065661054822,0.5136111909685201,0.2487965203390031,0.24036774119569154,0.1011234568917124,0.4389814628753007,0.22689211462093703,0.2425972078231644,0.09763415542061005,0.4868552551365071,0.2024195517897864,0.23397004759877885,0.11912070060699742
7.8,0.5140461548583548,0.7374407462054345,0.24531764943609646,0.37129412852891824,0.23880356276914397,0.2388114224693043,0.4453981698531371,0.044154362428563604,0.4696957354877836,0.23374965182098598,0.24544996839861125,0.10099313104333645,0.5203135123578201,0.2521471108614525,0.24468068349410305,0.1019515169406216,0.44474202792799317,0.2297798653538937,0.24440564930897146,0.09799628666830996,0.49309959294995664,0.2049851386037439,0.2352975836441884,0.11833219463056778
7.9,0.5206780030512566,0.7469312027042251,0.24810629750951646,0.3766525776874651,0.24187972945757333,0.24188212200669743,0.45115329486677613,0.04279324528170457,0.47581603416693447,0.2367345692441832,0.24708715808821385,0.10169768820030375,0.5270122712643172,0.25551613125306233,0.24635236262077204,0.10442471370181808,0.45048806345092396,0.23266500968411247,0.25083298618175753,0.09489265601595781,0.49936775862520644,0.2075661211952077,0.23727584992016348,0.11899835032407946
8.0,0.5273111687309655,0.75637306481783,0.2508023093105468,0.3818129066638601,0.24495953560848882,0.24496423959725472,0.45690867633956184,0.04423422815529528,0.4819413428910436,0.23974225587615092,0.25000014656894565,0.10049728678723063,0.5337081251755894,0.25887496940882454,0.24885983712015616,0.10098722380526225,0.45622284854366246,0.23553072285523624,0.25304055348357907,0.1004066011020151,0.5056456426039143,0.21015407645484235,0.240006618455199,0.12597282446554794
8.1,0.533938931293744,0.7658223348624138,0.2537839289777925,0.3878924794357744,0.24803992690681934,0.24804340553754406,0.46265838622419875,0.04517599029123298,0.48807211738355977,0.2427433132577623,0.25360107428003476,0.10275748565596812,0.540403322448517,0.26223017369866963,0.2524871866251502,0.10332326860839189,0.4619402450631826,0.23838004079135097,0.25499889680914667,0.10095931792259778,0.5119267461982635,0.21274615185251683,0.24234096155624552,0.12791022107231717
8.2,0.5405662772102866,0.7752520981946897,0.2557065946104471,0.3912650729609848,0.25111836315082947,0.2511156540257073,0.4684090426798524,0.041554488342333565,0.49420677437186117,0.2457589270628142,0.25314802195503316,0.10427917636414988,0.5470956379249796,0.2655816010566666,0.2530035131515112,0.10261891418821087,0.46765515724859885,0.24121066811510508,0.25864668040699923,0.10134229951533845,0.518203036962365,0.21533657208625756,0.24830966864973747,0.12833182605004356
8.3,0.5471962701164415,0.7846583135498192,0.25868251479730053,0.3959316095847821,0.2542024284545443,0.25421067104062606,0.4741593908609543,0.04011302225065484,0.5003442940922962,0.24875163851262147,0.25802462340468146,0.10260281875755443,0.5537972291288031,0.2689273658478014,0.25726086720604135,0.10506101468914908,0.47335921720895513,0.2440295883323882,0.2603754078165092,0.10289663561817251,0.5244915016501333,0.21793935548337032,0.24991507388254014,0.12912147240152017
8.4,0.5538219086157815,0.7940312252137669,0.2620725431296342,0.4000573978087805,0.2572835291834129,0.2572858327730784,0.4799073057570692,0.03996192804887565,0.506480701884877,0.2517123220037967,0.2618559558149687,0.10392749130681371,0.5604885148438015,0.27227264191023864,0.2630243127368049,0.1074587791798779,0.4790682020026581,0.24681841594967693,0.2640157279778709,0.10482889509315223,0.5307863806899268,0.22055074788079992,0.2497878091392128,0.12871596322486356
8.5,0.560443760689718,0.8034040556759736,0.2643147075525356,0.403654548471538,0.26036461570172353,0.2603729993022287,0.4856512878112225,0.03720581174859688,0.5126115541537153,0.2546858425014482,0.2645542814888221,0.10339980471676262,0.5671737357607466,0.2756116981858615,0.2648943086385845,0.10721837588376487,0.48477723732123107,0.24958856782819916,0.2658061559084271,0.1090985015567435,0.5370800067429791,0.22316493446334504,0.2539152227249784,0.12919671553523
8.6,0.5670613281819172,0.8128137505492298,0.26694220751911485,0.40828366415158635,0.2634390049388648,0.26345729671351925,0.4913954267056343,0.034692708777983514,0.5187411902885067,0.2576724364426686,0.26792054080472005,0.1064439667195223,0.57384427631322,0.2789413763131015,0.2681729288624065,0.10877085640225145,0.49049022381426777,0.2523353833959803,0.2690598367487457,0.10849743325991253,0.5433759587636987,0.22578057472164947,0.2555985961210177,0.1273492403482243
8.700000000000001,0.5736823863344462,0.8222328741474774,0.27003786829660353,0.4125785792803466,0.2665171644605743,0.26653382362758105,0.4971416951864713,0.03297523092289831,0.524874009191443,0.2606611240905651,0.2723186449406695,0.10832742491446629,0.5805194353837799,0.2822510970260259,0.2722745398785907,0.11060437041659531,0.4962182007739971,0.25508141204577833,0.27148988078491004,0.10962540426292168,0.5496761371826693,0.22840692646739785,0.2570624273293481,0.12649696541632427
8.8,0.580301203551305,0.8316408411670135,0.2736746244911513,0.4166576104935453,0.2695892331413131,0.26959993213377154,0.5028878951773817,0.03316764687255528,0.5310080068346812,0.26365343547712955,0.27642744816776577,0.10966522106306742,0.5872100935671869,0.28554336548261355,0.2758461309945713,0.11339875958434574,0.5019413496384069,0.2578409837891485,0.2752501927056478,0.10883373873376452,0.555956544898195,0.23101628160953327,0.2596191132532885,0.12767760843386372
8.9,0.5869121381945479,0.8410230787318026,0.27646043589171554,0.42115218867389287,0.2726618813025324,0.27265862979148026,0.5086241541349981,0.03222222831609669,0.5371544559132306,0.2666236415680664,0.279525640797005,0.11392590500664945,0.5939044260089854,0.2888118570142698,0.2809102069140702,0.11552080903800455,0.5076485730046514,0.26060543845211703,0.2773368496552918,0.10783489420571563,0.5622142679387289,0.23361282267860534,0.26109760867483145,0.12544310835494193
9.0,0.5935209672643043,0.8504296856730028,0.2788693839102979,0.4255260582472909,0.2757374232646251,0.27572459641987773,0.5143576956401408,0.03049479716085094,0.5433014274922585,0.2695745652759433,0.2816755273477448,0.11648273441237443,0.6006000430460834,0.29209496278510566,0.2818568402634316,0.11852812408003655,0.5133414778853223,0.2633878789131019,0.28093512266173876,0.1101988377116858,0.5684675979800591,0.23621081102820382,0.2651857891161259,0.12144976764749282
9.1,0.6001334129612963,0.8598430413692959,0.2820458993101616,0.43020685152160826,0.27880928436374974,0.2788014377775627,0.5200976501720203,0.03126741729260487,0.5494449203987348,0.27253126851744164,0.2836620853938897,0.11793366279483852,0.6073018013934902,0.29538063304501844,0.2835005015680453,0.12011555097575016,0.5190233842201227,0.2661861457231914,0.28219045904369705,0.11089781138386977,0.5747316863608783,0.23881493780605104,0.2726267273182549,0.12400338509892489
9.200000000000001,0.6067553771360163,0.8692423044328084,0.28521150671434525,0.43523536593707735,0.2818809246772024,0.2818660624584498,0.5258480502017122,0.03184584997105183,0.5555877790787395,0.2754881198484154,0.287103016551143,0.12031233341587577,0.614035354139282,0.2986803656804749,0.28649293647762697,0.11930745102596527,0.5246922063844688,0.2690006332264173,0.28607648488712667,0.11330953630368615,0.5809984401638152,0.24142209252390642,0.27480531630732596,0.12568135159554314
9.3,0.6133798781214657,0.8786210319523986,0.2884964579588004,0.44027242073254635,0.28495211293777734,0.2849351624022811,0.53160349259679,0.033275981883148106,0.561742071133972,0.278462903023188,0.28987832135833724,0.12223159810775008,0.6207578547846423,0.3019692049472944,0.2891115496432162,0.12035925741869109,0.5303616691731169,0.2718322560293282,0.2894470764847087,0.1160857544546925,0.587268186881281,0.24403472452026756,0.27876785218311506,0.1268819045315465
9.4,0.6200093467524708,0.8879691651674547,0.29139368755369566,0.44531839924631866,0.2880257842489047,0.28800943683596403,0.5373637309798529,0.03339553145203024,0.56791164520753,0.2814499142843369,0.29113426928008296,0.12374801953938537,0.6274898330105823,0.30524462058464424,0.2929158904710956,0.11922065549094725,0.5360320578663401,0.2746534226073455,0.2915508824575942,0.11907618916340781,0.5935297885342301,0.24666491601935933,0.28353901874124776,0.12846540631062242
9.5,0.6266402322198386,0.8972792810557582,0.29433085269513387,0.4497807017199997,0.29109978600553366,0.2910927768748574,0.5431235274364684,0.0324811849227882,0.5740890233563724,0.2844420144240668,0.2941615653182391,0.12499962397293986,0.6342181252648479,0.30850939116247605,0.29685568700725173,0.11923306825994119,0.5417073215948738,0.27746383003860114,0.2945973085474075,0.1201954275452643,0.5997965026931309,0.2493119000703556,0.2851025488639919,0.13157173869941252
9.6,0.6332716568085128,0.9065808121746634,0.29766080428675357,0.4543712647270454,0.2941707158625787,0.29414405638516955,0.548885546606374,0.03294786659731867,0.5802606821314407,0.2874454216856451,0.2966042894792157,0.12697753940074125,0.6409496508701058,0.31178099663593517,0.30025450726361425,0.12089440990549337,0.5473852430239858,0.28026409696271787,0.29831256823760977,0.12132520272871504,0.606066685073256,0.2519591831125693,0.2880252021394774,0.13303695351577433
9.700000000000001,0.6398948930696361,0.9159068794794928,0.3006629580026668,0.458984370988486,0.2972394250036575,0.29722849098577075,0.5546403544268117,0.03219934551523662,0.5864028880818031,0.290465198667078,0.2997896228198246,0.12697654596058883,0.647692524144553,0.31502658022320135,0.30342731449344856,0.12097458480706501,0.5530635472455081,0.2830547260896324,0.3019303674192994,0.1210905776036899,0.6123261928549453,0.25460834651681014,0.2903239110927446,0.13676201806888688
9.8,0.6465116853189811,0.9252224309993062,0.30405019999752964,0.4635191089873228,0.3003055426155139,0.30029695082054336,0.5603894446785518,0.03396977718881608,0.5925302289927157,0.29348878371816095,0.30205489503917643,0.12758724539429492,0.6544319936532897,0.3182519740548686,0.3040079538508784,0.12097432426635828,0.5587411684614045,0.2858254786489659,0.3051695474608215,0.12329340725215744,0.6185900564388666,0.25726752628224847,0.2975559817742194,0.13829409299510415
9.9,0.6531412496323429,0.9345531659594057,0.30727082393671823,0.4682125705156745,0.3033814380546511,0.3033797626379599,0.5661483923796423,0.03496838120226405,0.5986863258469721,0.2965268538684428,0.3054673741659145,0.13041662850141705,0.6611881657351196,0.32147677399024294,0.3085427385761813,0.1227967911674077,0.5644279119729995,0.28859436320150567,0.3067496500463215,0.12630792442031294,0.6248531868574712,0.25991937616125516,0.3004952136242026,0.13592962758114688
10.0,0.659772894720461,0.9439326895294047,0.3103894351001401,0.4730956462384896,0.3064589390276029,0.30647959962128335,0.5719081493930427,0.03394882374662933,0.6048432794259055,0.29957443844617865,0.3089198520196409,0.13115462814579537,0.6679461709508212,0.3247084699306176,0.3122071509648031,0.12506015132034992,0.5701329300138422,0.29135351314089747,0.3077287091743359,0.1274758577633189,0.6311126970668833,0.26255062716787314,0.3048316167754653,0.13650635113376577
10.1,0.6664109328931477,0.9533216388806134,0.3132447481936133,0.4780418796250998,0.30954937588621456,0.30957759279181896,0.5776679736786793,0.03412720582480575,0.6109873397892135,0.3026262772211725,0.3119903587697548,0.13246426597173738,0.6747097273642865,0.32792617920480566,0.31567388035339394,0.12615215241941352,0.5758473200326516,0.2941380867292514,0.31218997434488854,0.12972593555483092,0.6373923804174433,0.2651774540626591,0.3051541930040135,0.1389948131837724
10.200000000000001,0.67305996692452,0.962742403724216,0.31589549086203356,0.4827419187151725,0.3126570411013,0.3126586107120748,0.5834309069097807,0.03330029557869087,0.6171515570602316,0.3056857455494605,0.313557917894329,0.13345047994341597,0.6814724202043284,0.33115148929237975,0.31756687999770916,0.12676189412026742,0.5815769434675265,0.2969414004433403,0.3156653452278736,0.13092784726262016,0.6436709820224308,0.26780087770628425,0.30983604811494875,0.13966002416795736
10.3,0.6797054847364123,0.9721539006284937,0.3188293168088131,0.48728924032000026,0.31576373038195105,0.3157610978238409,0.5891899657762085,0.031264862270988326,0.623302021521439,0.30875551452552835,0.3155118606546865,0.13511448773965212,0.6882290240620924,0.33437250697825044,0.32192957872349925,0.12822474392217853,0.5873094028730754,0.29972788124415717,0.3160048915799445,0.1314933401001221,0.6499541292063796,0.2704138351638382,0.3151618604222095,0.1400516766106728
10.4,0.6863527848796017,0.9815367648734921,0.32163543009236484,0.4922372982502089,0.31887882988347444,0.318887724183961,0.5949463641170128,0.030131269182837594,0.6294720037514367,0.31183102786521427,0.3192678581559166,0.13630793750715467,0.6949828751492546,0.3375839971015943,0.32375172219564236,0.12938295462536173,0.5930445080965223,0.30252522635022094,0.3189918016331793,0.13292043254255578,0.6562197211678507,0.2730293066691557,0.3189694028933923,0.13859837676098755
10.5,0.6930001374878949,0.990902819466278,0.3246717794054059,0.49729630208587505,0.32199649603271885,0.32199046751659155,0.6006996363168018,0.029948718527784808,0.6356407039751513,0.31491067193660904,0.32216862141936203,0.1386205536478288,0.7017314478771374,0.3407965548333016,0.3275016481815078,0.13123699288291354,0.5987877229873245,0.3053100755460596,0.32318134166980744,0.1335095516616008,0.6624883820982468,0.27563274212327604,0.3201442691384635,0.1394412002726666
10.6,0.6996447311765344,1.0002385708101578,0.3279464709692621,0.5021917443042009,0.32511536824608334,0.32513442699158757,0.6064497327880117,0.030416839823436688,0.6418196303645872,0.3179854596700534,0.32663166394439525,0.13961958588668205,0.7084652391008249,0.34400222381166473,0.33115608299796834,0.13182398850588467,0.6045248698168393,0.30808481779868496,0.32695418652879477,0.13557111677596637,0.6687659219771808,0.2782462964813171,0.3212360249585023,0.1406242243399332
10.700000000000001,0.7062837720344347,1.0095669311980793,0.33081969162985836,0.5070474702735399,0.328226750401042,0.32825567330313754,0.6121985691669766,0.02988047099657091,0.6479995015294477,0.3210571042811617,0.3300264347680478,0.14103833688911313,0.7151808411387165,0.3471976757102747,0.3332866367433981,0.13259434178376148,0.6102625528164102,0.31085079840491886,0.329708338193,0.13662578376252607,0.675046764059472,0.28086153615942977,0.32443760563478985,0.1437316907536081
10.8,0.7129298196857473,1.0189113025949577,0.3338211099283079,0.5116971545297478,0.3313376579717128,0.3313760603011816,0.6179547670354377,0.029553943810359362,0.654175131097285,0.324132811743948,0.3318065295948995,0.14172349506985404,0.7219084624471214,0.3504044605829984,0.3346598470229133,0.13148473227988752,0.6160032306196025,0.31359660399203726,0.33227486540583306,0.13848334005361593,0.6813468457926757,0.2834712296437072,0.3313132892172118,0.14619998504531453
10.9,0.7195847813683921,1.028311596361326,0.3369445778412861,0.5163831529005043,0.33445058196446115,0.33449318300268904,0.623720210242863,0.02996025949329497,0.6603502737636389,0.3272165634585768,0.3333204587164854,0.14330149525878239,0.7286611965744865,0.3536113566533717,0.3390445205357834,0.13364642971139834,0.6217579462371781,0.3163400920384832,0.3345506473761411,0.13957271830959034,0.6876447660709273,0.2860749716648941,0.33541215506325456,0.14694750472909585
11.0,0.7262410069963908,1.0377129934719234,0.3397089730967061,0.5211077875330599,0.3375636565762977,0.33759512676517806,0.6294860787826208,0.029238106890760528,0.6665058653644783,0.3302895035005504,0.33529871036336495,0.14478136861995558,0.7354248798075003,0.3568154882169385,0.34111094973104894,0.13525281832376249,0.6275394496057329,0.3190662808748161,0.33788014786894344,0.13965749473539257,0.6939399624590892,0.2886893012555431,0.33995755261825356,0.1476930356928213
11.1,0.7329014458916908,1.0471277362683804,0.34281306589358806,0.5258960526693024,0.3406771279111765,0.3406979761628458,0.6352547074903189,0.03001513756629192,0.6726509847316164,0.33337602751617107,0.33760371109748283,0.1468305352121551,0.7421847842527409,0.3600108368800918,0.34352113992020883,0.13691170490538232,0.6333352511967659,0.32180193066149837,0.33963440367102465,0.14117530992627642,0.7002516032945361,0.29130732733944364,0.34587731982854436,0.14751760903867905
11.200000000000001,0.7395540223752097,1.0565169748922392,0.3459217639310149,0.5306677139458282,0.3437859832385996,0.3438108674450008,0.6410164096287789,0.029947358376791255,0.6788022269714759,0.336474277325433,0.3401112686431762,0.1481227203197667,0.7489249610795945,0.363200159719716,0.34690590209401495,0.13721901945221845,0.6391227376022204,0.3245445178346969,0.3430076679376903,0.1425263573628531,0.7065514465000069,0.2939155500352893,0.34902941100309776,0.14964857553568786
11.3,0.746203262015914,1.0659132990308156,0.3490021807541299,0.5355333520088906,0.34688870509144415,0.34692347459845585,0.6467755705383073,0.029670699152484083,0.6849447813352005,0.3395855765182233,0.34407536612023043,0.14931784540748758,0.7556648685923991,0.3663987136953269,0.35059898457248784,0.14082306595940494,0.6449065013393771,0.32728706265103646,0.34607810342194145,0.14247240337730585,0.7128428598424085,0.29650489215603215,0.3502767981442675,0.1511407869926166
11.4,0.7528509840216306,1.0753101798105833,0.3520300588906264,0.5400115494855169,0.34998074716822736,0.3500170324072621,0.6525377445972066,0.029759367290781723,0.6910956283512698,0.3427131597082785,0.3463027989276787,0.14896592678543008,0.7623939820141483,0.36960658867592644,0.3515705357007769,0.1416403952875836,0.6506716135335874,0.33000998309936647,0.3503545766717273,0.14379725014461983,0.7191355797580522,0.2990890290656197,0.355228554308854,0.15391010377261977
11.5,0.7594940145800347,1.0846814255402097,0.35524534946570224,0.5449152199076914,0.35306501121944567,0.3531100117099972,0.6582992136191471,0.03181025797291965,0.6972551241139,0.3458204694505746,0.34861580371474116,0.1505867547251514,0.769106278620658,0.37281865890732374,0.3534897012360437,0.14170357183665694,0.6564281941683248,0.3327229940382647,0.35284309791014656,0.14580091447292273,0.7254216893617047,0.30169850311532376,0.36132222353974885,0.15525730822954556
11.6,0.7661368468820577,1.0940392329449802,0.3584908912305009,0.5495287183515541,0.3561508725409822,0.3562151432680006,0.664059797811474,0.032929695609244615,0.7034198275251031,0.3489096314894058,0.3508671584468259,0.15232263578783212,0.7758160756261356,0.3760259703372915,0.3566514762706033,0.14347595192649076,0.6621971358302174,0.335426252883825,0.3566502618525817,0.14612305369459747,0.7317051531375535,0.30431003054615646,0.3647157812095733,0.15709151999456933
11.700000000000001,0.7727746379607163,1.103372417014743,0.3617212525347014,0.5542260596616131,0.35923115094466146,0.3593232115342777,0.6698163443069314,0.03401959127326489,0.7095974679469594,0.3519891433540095,0.35576731709748066,0.15334717261540104,0.7825114831865136,0.3792264204664586,0.36166324995666127,0.1447665262016619,0.6679473520953357,0.33816573410743367,0.35918726764829584,0.1465693254811222,0.7379850031034894,0.30690913979620654,0.365255526437896,0.15890061388674656
11.8,0.7794150451996893,1.112675124880316,0.36475528481961905,0.559006491905847,0.36230914797976993,0.3624431317260924,0.6755776729517065,0.03312676511616675,0.7157724317478332,0.35505752185792205,0.36005286473825415,0.1550653828311684,0.7892196596447887,0.3824154092988664,0.3646592322077931,0.14681696136454983,0.6737058340193627,0.34092323124877727,0.3638785470608278,0.14733843794926846,0.7442659229243858,0.30952201376496113,0.36539427195415336,0.15988177249709487
11.9,0.7860514578638528,1.121995558082951,0.367884331015063,0.5635557216129143,0.3653850656299387,0.3655272012521932,0.6813366817487005,0.03306073385515542,0.7219461425886534,0.35812366139870017,0.36308611387389317,0.15590095780422095,0.795936297586093,0.385614818910959,0.36748427494782165,0.14605824465594397,0.6794536114969151,0.3436667127814699,0.36691048342833404,0.15042484862550953,0.7505388600130742,0.3121253126480508,0.36942061508108204,0.16027964851979967
12.0,0.7926944835336996,1.131338089855692,0.37105166863930644,0.5684442140121306,0.36845939582830545,0.3685942954752037,0.687101703949931,0.033482173575779046,0.7281417963166688,0.3611989248553395,0.36702967167712736,0.157304160491146,0.8026631461812427,0.38883002616996615,0.37181766908603225,0.14729594944876265,0.6852142199191575,0.3464123383601038,0.3705491277836742,0.1526736639119716,0.7567992595998537,0.31472082626945175,0.3702182936572545,0.16026361514466084
12.1,0.7993360294752934,1.1406732119768201,0.373984866073452,0.5735311356157908,0.371526751268615,0.3716578225331474,0.6928677360317556,0.03291426386072225,0.7343407868558443,0.3642763178132845,0.3702128609410069,0.1589645147039339,0.8094009684307816,0.39203588700206327,0.37466039313224936,0.14931180666325236,0.6909825233620817,0.34917598873688876,0.3728275550523502,0.15370915302434304,0.7630360643810257,0.31732334359505676,0.37398128231358047,0.1604099962638684
12.200000000000001,0.8059734559643976,1.1499966368528396,0.37708634511651973,0.5783054405099541,0.37459355223740604,0.37474963574061126,0.6986297212484891,0.033464290013926506,0.7405325582947355,0.3673501418273245,0.3732797809935372,0.15933806860093966,0.8161576382768793,0.3952365854632102,0.3775702807167379,0.1510466081004941,0.6967261497728174,0.3519499273418189,0.3769212529359498,0.15545446759793047,0.7692706007935455,0.31994461150891274,0.376572137538191,0.16107749812975924
12.3,0.8126099079794995,1.159330839092905,0.380170385533516,0.5827468032031607,0.37765936702169933,0.37781121263753925,0.7043914992760362,0.033327123296811936,0.7467056350859544,0.3704246407298752,0.37761613342721767,0.16091938508304418,0.8229273378875946,0.39845067740217277,0.38081264719187685,0.1517207494844353,0.7024750813908623,0.35473261630116454,0.3807186444812548,0.15635509168027406,0.7754992020513212,0.32257146396039865,0.3776314463394523,0.16235585487132098
12.4,0.8192435209467858,1.1686870484530643,0.38308805473503027,0.5873308070724358,0.3807283405265533,0.3808503193665951,0.71014979250022,0.03209515403279193,0.7528578491963162,0.37349922732045426,0.3798568298093873,0.16186848952344132,0.8297009711489338,0.4016857915978117,0.383619236721635,0.15313541871760744,0.7082224124981945,0.3575190878300068,0.38292925086412766,0.15780777570269744,0.7817240641950876,0.325185623726417,0.38261742363915185,0.16235356598492368
12.5,0.8258626875702628,1.1780146337546105,0.3861485422358501,0.5921517719715748,0.3837847523803769,0.3839106026299549,0.7158989868984245,0.032788674842876085,0.758978306266569,0.3765708077184455,0.3837508013297776,0.16290972075873872,0.8364583124175763,0.4049183683992841,0.3872801963780596,0.1530076277902635,0.7139515520965882,0.36030573550045275,0.3866589934121965,0.16014864167095588,0.7879442266023278,0.32779024174557597,0.38338897908118874,0.16520845938059084
12.6,0.8324830759013743,1.1873089907532153,0.389036452540973,0.5967223652020502,0.3868373604404877,0.386963141240182,0.7216507036087424,0.03209670190838647,0.7651027618175639,0.3796688818257572,0.38611837046193004,0.16413158763069854,0.8432053931357351,0.4081549815005461,0.3894149989911619,0.15508471093301787,0.7196736464243028,0.3631003910596263,0.39071473199725293,0.16137510930046897,0.7941709425635421,0.3303746717134208,0.38660605557645294,0.1657776849279625
12.700000000000001,0.8391105793247038,1.1966107979833256,0.3918904784305301,0.601162651548525,0.3898980703290441,0.3900138468376112,0.7274051950730824,0.031183441572746207,0.7712281920170423,0.3827702158080534,0.38890013192526823,0.16541575914524498,0.8499659731312128,0.4113874821834319,0.39329724787443543,0.15897890042077462,0.7254156572897212,0.36591272125624547,0.39280265028400585,0.16279699025395447,0.80038754902241,0.3329553022094428,0.38932624988402603,0.1649101617410884
12.8,0.8457468363776834,1.2058985344322921,0.39500378898811167,0.6059503075963039,0.3929694344505557,0.39306675967504795,0.7331624753719678,0.0313344958326767,0.7773673830783577,0.3858543430457925,0.39038733777856266,0.16779754701091074,0.8567424344413033,0.41460295022463106,0.3955415468363224,0.15842848514417318,0.7311809208942928,0.36874068926002623,0.39629508584448975,0.16559688987850815,0.8065872533999693,0.33555634047544897,0.394244206249068,0.16623171360493813
12.9,0.8523859728452411,1.2151732155994135,0.39803801197901545,0.6112843150036669,0.39603860976474564,0.3961287621421429,0.7389236808345896,0.031523989959420004,0.7835017947160441,0.38893890992782215,0.39369151344456094,0.1689360120621183,0.8635445559057761,0.417809835839934,0.39940219639822977,0.16017185133842662,0.7369406538278055,0.3715645645794302,0.40047690731871954,0.16634434905558468,0.8127786336388748,0.338188173421328,0.3952161377984075,0.16780286088554647
13.0,0.8590201322275618,1.2245123263366648,0.40107256290695475,0.6159394404762715,0.39909682540517677,0.39915903567708366,0.7446852106594338,0.03193773840257453,0.7896227843160087,0.39202170899642724,0.3967147287528919,0.17068414308693158,0.8703438434693467,0.42101846772303936,0.40231501286745175,0.16256819760096422,0.7426998668636605,0.37438890810864595,0.40360587040913043,0.16837862446517315,0.8189624092286371,0.340831357741813,0.3982644827055689,0.1673187652203159
13.1,0.8656641052962473,1.2338872675909138,0.40406956157173973,0.6203727392951043,0.402153288529041,0.40223358408111387,0.7504583090070783,0.031442519758012405,0.7957540851675347,0.39510254356369146,0.39984498840040583,0.17190913474364156,0.8771393832592352,0.4242302525068012,0.4054416142845508,0.16464332495305903,0.748477475158859,0.3772127634368573,0.40631300548969246,0.16929070823172082,0.8251654916629472,0.34348899869643484,0.4014612833544276,0.16820923547569067
13.200000000000001,0.8723176394597525,1.2432766819600989,0.40715362041499964,0.6251674506765358,0.4052067372404111,0.4052757583241825,0.7562432801333709,0.031888347426825905,0.8018903644500208,0.398189406487687,0.403311837546974,0.17247479758461354,0.883950512533548,0.42743304185394326,0.40922860083289925,0.16483061189214915,0.7542631489156543,0.3800379903571777,0.4087387442630169,0.16931355543974308,0.8313836945085523,0.34615485915350946,0.4040339016251237,0.17303978484266966
13.3,0.878981693320472,1.252700243781472,0.41017102625080265,0.629333236705453,0.40825847870399246,0.40832902809887583,0.7620403334607038,0.03214179625252044,0.8080434425123825,0.4012684843530676,0.406362120148156,0.17520879634928063,0.8907566859578253,0.4306444948087881,0.41272547559168365,0.16412678073068895,0.7600522527283565,0.3828773139064151,0.4102118957285941,0.16995642776263248,0.8376284290522504,0.3488192223164984,0.4079389764847699,0.1766465342894945
13.4,0.8856528929229363,1.2621271664677047,0.41343954054059023,0.6339499737042514,0.41131912249042657,0.4114081013734919,0.7678407725958761,0.03363705656178772,0.8142039978560858,0.40436844904392766,0.41011541399866064,0.17735734169064188,0.8975671033681163,0.4338544014801352,0.41625573986632736,0.1660082663172187,0.7658478492960274,0.38571392282044875,0.4127798079531705,0.1721752492502702,0.8438835612882366,0.35147492126152613,0.4110319647676217,0.1752877423542956
13.5,0.892326834028529,1.271559541662785,0.41631319199223,0.6387164407101739,0.4143800859415224,0.4144417759443019,0.7736442811593663,0.03344713681376176,0.8203588176989017,0.4074951946606262,0.4135432822934705,0.1783909710120509,0.9043718369300382,0.43706135207661234,0.42022751616509685,0.16832524267981955,0.7716483823751117,0.388554943722988,0.4135171715685382,0.17419082666426627,0.850151709506058,0.35412040846411796,0.41429615477639253,0.1763669529729578
13.6,0.8990016999795738,1.2809628564189768,0.41932014171964366,0.6434368978263764,0.4174426970612222,0.4175239929659121,0.7794486527519326,0.03264666357381519,0.8264969609014929,0.4106248357363343,0.4163681895078636,0.1810890076904226,0.9111835847472562,0.44027174873370206,0.4239130213201916,0.17036304122257395,0.7774391524197919,0.3913824454204422,0.4155696246824154,0.1748129883353023,0.8564344165566864,0.35676857196544537,0.4178274895964072,0.17647552184072557
13.700000000000001,0.9056788710055519,1.290349687911149,0.4223352065517595,0.648202252007765,0.42050507667298803,0.42056409804431344,0.7852550151159899,0.03255763925185135,0.8326168419911368,0.4137454681725535,0.41990945528237117,0.1821611005594109,0.9180124401730414,0.443468532239615,0.42685750783272186,0.16954606644963943,0.7832435733233637,0.39421305417499364,0.41892723319849123,0.17634327873349373,0.8627142502116916,0.3594248319948398,0.41999771176828665,0.18025953683039245
13.8,0.9123549748162315,1.2997389694521806,0.42548581651075634,0.6529042642125433,0.4235678529381686,0.4236528951740495,0.7910596377066399,0.03277261860942004,0.8387171044010856,0.41685480160588395,0.42311138926589276,0.18310263258493759,0.9248447730585037,0.44665929233110174,0.4302752269671055,0.17104715115193983,0.7890533058955778,0.39701302536233507,0.42306131303801936,0.1781814834806098,0.8690043846813346,0.36208273755364956,0.42164938473945623,0.18170307070136785
13.9,0.9190337062498909,1.3091260618478862,0.4284268927786646,0.6573715026625068,0.42662578507518667,0.4267307192161357,0.7968718140338644,0.03133100742527578,0.8448120115444595,0.4199439486762792,0.4260165169064984,0.1846594959512024,0.931678832442534,0.4498506589493614,0.4332548088334451,0.17471943883450253,0.7948809630863615,0.39981030475148077,0.4256228443045574,0.17829626126495324,0.8752954575741823,0.36475700577236253,0.42541442661462525,0.18049802855183078
14.0,0.9257163772100208,1.3184991546972338,0.4316555397535134,0.6621325876025644,0.4296762493098528,0.4298365364590748,0.8026941109310168,0.03290929945121306,0.8509171460840719,0.42300974280348264,0.42909288835971704,0.18610536792429425,0.9385157869692637,0.45304998737700203,0.4372599561414915,0.17743663508223367,0.8007264671263215,0.4026118094638903,0.42830893951527604,0.1789656695183766,0.8815762006658481,0.3674153836707574,0.4285492413458985,0.18090593843243333
14.1,0.9324031774445425,1.3278588883004792,0.4347283669168296,0.6666417950498699,0.4327235682051095,0.43284309934802134,0.8085238433267417,0.03303632108276379,0.8570202776046628,0.4260674751848982,0.4329484735581356,0.18643178901018465,0.9453574514446421,0.45626473407044854,0.4412120160058107,0.1774472812007294,0.8065713542706584,0.4054044093497301,0.4324210057617538,0.18017089848261528,0.8878603489382313,0.37005196500961873,0.42874362259985405,0.1847283858715177
14.200000000000001,0.9390959923981954,1.3372440523270055,0.43744848831256783,0.6713555048009733,0.4357744554552667,0.43587443732738385,0.8143589901917275,0.03159824045773384,0.8631163265302195,0.429125394294007,0.4355593934727298,0.18841509469167003,0.9522155471913042,0.45948465112094017,0.4443289865808258,0.1809720473664008,0.8124170397822926,0.40819393715614294,0.4358621349032818,0.1800934323005231,0.894156065486856,0.3726764150177424,0.4304917147983671,0.18607859194520499
14.3,0.9458006464524221,1.34665591155564,0.44063681305510577,0.6759579567452461,0.4388293943789649,0.4389299489741636,0.8202055619500914,0.03244090273619494,0.8692014941943551,0.43220392875705677,0.43848293224024565,0.1899776911453592,0.9590938308396311,0.4627219448262813,0.44715616558340426,0.1824533588826678,0.8182908278823777,0.4109677779042823,0.44006620050674694,0.18293094752934777,0.9004548786739104,0.37529242433092114,0.43306238857822005,0.18565689869645155
14.4,0.9525160664978294,1.3560456927821953,0.44384520834285957,0.6808194319965967,0.4418898542964486,0.4420179615926109,0.8260626150680477,0.033771885628534275,0.8753030317567273,0.43529288369571556,0.4402063371342283,0.19121078051902754,0.9659944212432283,0.46595994512812916,0.44973296835717474,0.1840842273009579,0.8241729313225736,0.41374438713386547,0.4424300885705656,0.1832563089467682,0.9067416341237591,0.37790166254928204,0.4389574174528804,0.18829865020837397
14.5,0.9592347951864568,1.3654029899762767,0.44691847011430286,0.6854784089254058,0.4449515364801477,0.44511211007546175,0.8319214963241881,0.03479369086569524,0.8814131393243645,0.4383701387104138,0.4421568007332633,0.1932665167823227,0.97290881573935,0.4691975515904134,0.452845820113908,0.18311215321691895,0.8300469131258688,0.4165237227175289,0.44501511335807475,0.18480674256986865,0.9130275078533924,0.38049767083297625,0.4433381842451848,0.19235095923450013
14.6,0.9659443353678053,1.3747311482035098,0.44977088162521994,0.6903218043798058,0.44801265284729475,0.4481757916598362,0.8377719945426103,0.03292154554243394,0.887519306780274,0.44144815636949947,0.44532219764082087,0.19395650097057857,0.9797995989738835,0.47241666711184843,0.4559067819360513,0.18457289367383636,0.8359050999302232,0.4193017032083553,0.447495435967713,0.18727822662923482,0.919325012622204,0.38308538763063926,0.4464495153563005,0.1922133252903569
14.700000000000001,0.972644567086855,1.3840737273602495,0.45294290383766855,0.694972349044581,0.4510667893144401,0.45124620330877896,0.8436161195508127,0.03378841960009725,0.8936281078288284,0.4445246717419398,0.44832488433217615,0.19490343858541717,0.9866812966557681,0.47561393837709565,0.45941414234571826,0.18691402120010958,0.8417501012151117,0.4220835675257802,0.4514099754208189,0.18700673419389724,0.9256151952062389,0.3856549133939715,0.4485996809696736,0.1943621845813084
14.8,0.979351073334587,1.3934227260881578,0.4560757043796183,0.6997066329097203,0.4541193872519135,0.4543119055797856,0.849468432198722,0.03501164867954453,0.8997429245738585,0.44759567000557543,0.45195556271895193,0.19674331002418446,0.9935741612890556,0.4788088652484024,0.4641533282427959,0.18987847568722727,0.8476064496736966,0.4248740901214275,0.4542264482750934,0.18879202570772213,0.9319020170502436,0.38821633827907914,0.4497682306410563,0.19369016183187163
14.9,0.986057922711699,1.4027308796743618,0.4591294266518511,0.7043264649264315,0.45716291998223657,0.45741777799665934,0.8553255549752731,0.03473122632998016,0.9058555163358541,0.4506532075920552,0.45470608628262943,0.19800046598854074,1.0004594088720642,0.4820073274889352,0.4671473893178247,0.1906698148075558,0.8534632858437072,0.42767341077770005,0.4568677949096466,0.1893654743353856,0.9381976110281165,0.3907712528002318,0.45372984616271533,0.19631059109031912
15.0,0.9927638394635017,1.4120302608293556,0.4621693363747621,0.7090888988324675,0.4602068370815817,0.46048511576880885,0.8611815891800383,0.03435430775480361,0.9119621007797898,0.45369299563434895,0.4572889150785093,0.19942184242568556,1.007342837895307,0.48520715268029024,0.46907420912823206,0.19127283890420083,0.8593177551906048,0.4304720837739725,0.45880224762010585,0.1900448183803219,0.9445090533193007,0.3933132089607208,0.45970938656912735,0.19798339797733827
15.1,0.9994639683509714,1.4213296050471353,0.4652309666776177,0.7137599987735631,0.46324750375133705,0.4635134458310238,0.8670320169904413,0.03510646043037521,0.9180486518743363,0.4567244537968685,0.45997510047624857,0.20114526208617417,1.0142146433655583,0.48841566852941687,0.4704077007580062,0.19109610903958316,0.8651677813926343,0.4332738989275716,0.4618298801424031,0.1903889674604025,0.950832248062442,0.3958475444779905,0.46481957700291743,0.2018791708228308
15.200000000000001,1.0061699989768789,1.4306066488233908,0.46827430802324754,0.7185260436929698,0.46629616976915533,0.46657184971658905,0.8728839084656226,0.03504316813257945,0.9241356016705469,0.4597562149985849,0.4618740846221908,0.2027221237392876,1.0210722166694197,0.49162564133934655,0.47196811980993314,0.19348861686156796,0.8710304135109468,0.4360624755290306,0.4650410392090448,0.19200570985026505,0.9571814639568087,0.39838345059665453,0.47041603694922285,0.20139934358843667
15.3,1.0128882672609874,1.4398958328783635,0.4715038016464481,0.7232790356714583,0.4693498657081502,0.46961388280279664,0.8787460402749427,0.03579179322388442,0.9302411684113949,0.4627945883459797,0.4660167677500052,0.2055677530625072,1.027949630957671,0.49481207220240914,0.4743945830898073,0.19565023682760346,0.8768835957400988,0.4388561837417379,0.4685474464652851,0.19356079108622287,0.9635524327585581,0.4008971815913689,0.47268260652837235,0.2005153693019261
15.4,1.019604397214429,1.4491506796505762,0.474365691543261,0.727913917622853,0.47240666457764613,0.4726493524055657,0.8846048576649214,0.034437339978177925,0.9363425390758108,0.4658406053240091,0.4698681474588355,0.20695805156437927,1.034818676382125,0.49798858955829606,0.4773464201408051,0.1977866858317152,0.8827375980590565,0.44166320909589035,0.47243376191357617,0.19469343779814527,0.969917810551759,0.40340432424571515,0.4740911981411557,0.20003297395620936
15.5,1.0263231719672559,1.458395512693282,0.4775914416985027,0.7325353036151603,0.47547044591370274,0.47569888757864065,0.8904623503742608,0.03642113078003353,0.9424454418112165,0.4689012987405176,0.4732588130304679,0.2082786574225618,1.0416894414539086,0.5011794029493849,0.48027243925152474,0.1987239037701216,0.8885889879539979,0.4444744004167677,0.47369776989703805,0.19461992272417564,0.9762841856964707,0.405935407507615,0.4790606166770184,0.20370745779269406
15.6,1.0330364354634822,1.4676121813511294,0.4805742128483247,0.7371448575923402,0.47853958226155635,0.47876496047484557,0.896308889102585,0.0362865718135182,0.9485560040508123,0.4719595106686573,0.47604521934513383,0.21115753015116445,1.0485510333836492,0.5043674346259414,0.48387511672734246,0.20141028017006324,0.8944335454344625,0.4472840155361011,0.47655999102321267,0.19541443737725825,0.9826360765826173,0.4084749712947441,0.4819459204021276,0.20279419720772784
15.700000000000001,1.0397415989884675,1.476843506126939,0.4835669534434571,0.7420631961285274,0.481603963199856,0.4818040764433982,0.9021488402486908,0.03646285955469455,0.9546779465609132,0.47502673421097824,0.4814276448732827,0.21302675711643354,1.0554120749662121,0.5075461812396441,0.48596877026694907,0.20403934754183195,0.9002622820401609,0.45010107425031015,0.48206519344752585,0.19596668860818087,0.9889611224862123,0.4110177574954185,0.4811661827046376,0.20333902902101686
15.8,1.0464518398686569,1.4860612706839642,0.4864743348235324,0.746898211090208,0.4846632639802403,0.4848353314131543,0.907996310327371,0.03531313427153241,0.9608180062325857,0.47808653627661174,0.48375594441392095,0.2137902294037277,1.0622869191256512,0.5107155969993954,0.4888690722013712,0.20611224803745679,0.9060831942192532,0.4529103020228646,0.4851452240437578,0.19556378313562622,0.9952936302682568,0.4135729661936131,0.48484953706508527,0.2056968611988228
15.9,1.0531607607839868,1.4952266010098691,0.48945444869608223,0.7516052983170582,0.48771963467708535,0.48788017307960685,0.9138434823942971,0.03469085733332314,0.9669596610421219,0.48114698560166047,0.48714703192633324,0.21620892558469948,1.0691636654681511,0.513877202242176,0.49140158790533156,0.20641172415269082,0.911901772875469,0.45569959327342263,0.4916937730615505,0.19703307381507904,1.0016244886865422,0.41610075166375043,0.48433221241570645,0.20733375809855
16.0,1.0598715023119414,1.5044256239254528,0.4925736129177312,0.7562654899945808,0.4907749494602518,0.4909388282670123,0.9196924532460777,0.03497616410395133,0.9730990528860956,0.4842085282288763,0.48863049843856105,0.21677708988675068,1.0760485239922417,0.5170514965799659,0.4936437288714135,0.20688765539815115,0.9177159847988643,0.45848759380047455,0.4953432015285877,0.1972778531031107,1.0079528966873381,0.4186376275113749,0.4892580745348745,0.21209211189592117
16.1,1.0665837491457153,1.5136585850965765,0.49579851030259015,0.7611461587190356,0.49382924785819304,0.49401837744657406,0.925543322676271,0.03716390408859136,0.9792588298261862,0.4872602140008408,0.4902169591676907,0.21858028873937063,1.0829444545800087,0.52023796143201,0.4968151444502985,0.20799641268298136,0.9235166736136025,0.46128255297299214,0.49822100049728635,0.19886789116307038,1.0142690053624455,0.4211762351117183,0.49430859976099206,0.21342677621976047
16.2,1.0732911396171623,1.52285242276116,0.49872284684123275,0.7657874159028059,0.49687736309305863,0.49707264917079463,0.9313924296721823,0.035797554783361676,0.9854396308616925,0.49029558583054234,0.4926585207419188,0.2199550252032926,1.0898251989466872,0.5234151675259164,0.49887399179792996,0.21027103655069249,0.9293061931982873,0.46407855892839933,0.5020146469331299,0.20089125185450385,1.0205646917331548,0.42371691705656916,0.49793810687156725,0.2127092910093666
16.3,1.079996509218101,1.5320365634649888,0.5019596511377805,0.7705647644621065,0.499924751886771,0.5001639412264908,0.9372379306077632,0.0371081834216266,0.9916340914335251,0.49333908495047296,0.49359287935973645,0.2215657633743596,1.096693346264653,0.526578192312544,0.503054200207331,0.2115823630261842,0.9350960781213216,0.4668586484188924,0.5038139934015127,0.20396345860846257,1.026858136235124,0.42623945906366045,0.5035800851951322,0.21285777505562312
16.4,1.0867070850873959,1.5412436995441972,0.5052102464021355,0.7752724435349695,0.5029734216477395,0.5032240724740036,0.9430879058120876,0.038086999428778176,0.9978277081239761,0.496392108768857,0.4967306195582255,0.22349558852171117,1.1035701510237022,0.529750904990422,0.5059440956336979,0.2131705516241941,0.940879046709518,0.46962495090051243,0.505878059920424,0.20647345229087333,1.0331666031434779,0.4287537116847008,0.5081739038777862,0.21266408364715952
16.5,1.093419359334889,1.5504427842371944,0.5084204589935822,0.7801082914468493,0.5060263218914998,0.5062633050492372,0.9489363807628592,0.038691960748949566,1.0040320789836286,0.49943421960559226,0.5000676331106555,0.22429938304839264,1.110452689871839,0.5329234273373686,0.5085583900099839,0.21464699111583946,0.9466607473590012,0.4724011027972604,0.5088248128364433,0.20847389231028918,1.0394643086213518,0.431283728044698,0.5116680782823774,0.21446670974976198
16.6,1.1001295394291748,1.5596331709153637,0.511462280134141,0.7849420960267453,0.5090793045056924,0.5093178777540986,0.9547821116789518,0.03905446519311111,1.0102443487239081,0.5024856367738779,0.5040854433299191,0.22659713299345985,1.1173351839890766,0.5360912676787063,0.5111154808749341,0.21608163801909958,0.9524175176281702,0.4751661158089046,0.511176817816356,0.21057027502628747,1.045778558246078,0.4338176998870207,0.5147425584407286,0.21503584283031774
16.7,1.1068413521783858,1.5688094606121339,0.5146259284284588,0.7896498712679269,0.5121313630587438,0.5124033089224576,0.9606309288220496,0.03920611760227739,1.0164455212817054,0.5055534073050278,0.5084790121972879,0.22771526653157334,1.1242148572533197,0.5392546727460625,0.5137825016240257,0.2195487863611041,0.9581686165687975,0.4779269929752409,0.5149477704994007,0.2138655285023329,1.052112112186421,0.43637400055801445,0.516387930792737,0.21318318472234968
16.8,1.1135473773124025,1.5780081430607076,0.5177018298268408,0.7943848729125562,0.5151873371804624,0.5154299680333672,0.9664723515837693,0.03998642316719579,1.0226281916221347,0.5086138759164375,0.512568246292008,0.22888767184056735,1.1310875536229832,0.5424278079695187,0.5159681455892138,0.2220272881305898,0.9639044337168233,0.48069387208537945,0.517933012363282,0.21568454959644937,1.058452751128062,0.43895127054229055,0.5192721988075573,0.2136831597519002
16.9,1.1202496526090493,1.5872165630239383,0.5209117190752578,0.799363881717496,0.5182459455099695,0.5185069125642003,0.9723087336740595,0.0413305817875549,1.0287989546102498,0.5116639337437787,0.5158796012839993,0.23084114608492853,1.137948675273335,0.5456091189919932,0.518856044663346,0.22514966079967808,0.9696468830677161,0.483474429255001,0.5212077779197385,0.21838930697877165,1.0647953613408139,0.44154624263878783,0.5223490948906611,0.2120979315422489
17.0,1.126941520370828,1.5964371633538472,0.523880444165854,0.8040589245849576,0.5212997943176465,0.5215474449813824,0.9781367533977396,0.04097170224140692,1.0349522150124448,0.5146915968762917,0.519206031352852,0.23161831431530208,1.1448105130030846,0.5487982115761371,0.5226603866580005,0.22903145425418475,0.9753725427032324,0.4862351671666953,0.5248977971179585,0.220097095036672,1.0711373504505546,0.4441236049056335,0.5235200816426766,0.21143809234786448
17.1,1.1336278929822203,1.6056688459126283,0.5269961447313101,0.8089550478568205,0.5243479382587373,0.5245947675956005,0.9839616053776163,0.04204708287026334,1.0410793265394496,0.5177340482128057,0.5222710731812515,0.23500531360543508,1.1516824157699341,0.5520060179765618,0.5251693518964514,0.23159113732133926,0.9810760217422427,0.4889911180844848,0.5273528454178721,0.22251438657326011,1.0774767388376016,0.44670129283043486,0.5275198979899407,0.20936573679041318
17.2,1.1403158026336486,1.6148857898987483,0.5303584221699882,0.8136974488421601,0.5273990008339463,0.5276045187084744,0.9897883938405571,0.04394641673594922,1.0472101786420347,0.5207800056043137,0.5266704615288553,0.23817255371755588,1.1585384938731675,0.5552393222197621,0.5280216269284066,0.23240107975997057,0.9867761508679725,0.4917451888696294,0.5294267678326655,0.2230017973717183,1.0838169592073306,0.44929442921506485,0.531093634382247,0.20952359512754712
17.3,1.1469998395511571,1.6240969398542304,0.5331350341813181,0.8184438899149501,0.5304466286810319,0.5306199901450083,0.9956129577010044,0.04253203956762541,1.0533351708213172,0.5238297675924541,0.5312917834450278,0.23857307960827065,1.1653941950461857,0.5584546899310614,0.5320969370373746,0.2346222863742906,0.9924727272509442,0.49448088166106935,0.5320969978323489,0.2232879295995374,1.0901587058608984,0.45188854173639675,0.5314315545228614,0.2112234433918865
17.400000000000002,1.1536795186711095,1.6332919028355055,0.5362647891148911,0.8233674031180386,0.5334884883535016,0.5337034134744161,1.001435199358091,0.04329831895296663,1.0594551705904312,0.5268944227313763,0.5343987945767615,0.2413314015739177,1.172248340812773,0.5616677195916491,0.5359371452666253,0.23731826960770852,0.9981485377720283,0.49719887167359433,0.53435680009137,0.2248685577907127,1.0965138614485614,0.4544714032798728,0.5347284970489934,0.20991169500342372
17.5,1.1603655380565323,1.6425134460415955,0.5391409688205993,0.8283743674365773,0.5365323284719424,0.5367348757465431,1.007263003311742,0.04172675025626658,1.0655709737900037,0.5299537721444764,0.5367565094771889,0.24240086788436785,1.1791328489408375,0.5648709330701119,0.5385639558059434,0.23691005871563117,1.003834018162405,0.49991603291547887,0.5362204198418888,0.22518864333793165,1.1028708791268065,0.45705335009884657,0.5396167987085074,0.21433668381024534
17.6,1.1670546559783308,1.6517479891272893,0.5420195180431062,0.8329425664307323,0.5395724927451281,0.5397040496067855,1.013096092491803,0.04071888695812716,1.0716931867248594,0.5330261042615922,0.5398383076574406,0.2443752549629127,1.1860289129199768,0.5680743072173415,0.5418807890407465,0.23913031128452475,1.009524959865949,0.5026386813302042,0.5384563408359149,0.22731761609766796,1.1092136973926667,0.45962379371867806,0.5426907613144152,0.21249507643410948
17.7,1.1737389302802679,1.6609286851310612,0.5449645077017543,0.8378734795412841,0.5426037409797348,0.5427372929472323,1.0189290604583905,0.04067108168240292,1.0778052015100152,0.536090919936312,0.5444789873976913,0.2439817708273499,1.1929246570482104,0.5712672576465435,0.5457173067694562,0.24161156406164383,1.0152056027757979,0.5053605384972181,0.5429602856124252,0.22948835209021073,1.1155604178086476,0.46220242795245803,0.541884175205287,0.21347913509154817
17.8,1.1804295566320921,1.6697817345830084,0.5479862299159415,0.8426127397482466,0.5456345411284564,0.5457826397927571,1.0247684773758792,0.04042884648847726,1.08391381988446,0.539149423152937,0.5471360264255949,0.24619891376602349,1.1998318053882238,0.5744576578266853,0.5491377411564984,0.24017162252296986,1.0208991168216461,0.5080773390138609,0.5464929660260779,0.23006406369246174,1.1219190996737094,0.46479460598077427,0.5444160931969929,0.21758713649822087
17.900000000000002,1.1871210847088178,1.6786722259890507,0.5509092601894257,0.8474543503853321,0.5486712175457231,0.5488344735069022,1.0306062599322112,0.04041871616354854,1.0900257278821712,0.5422106037288491,0.550397976620334,0.2481720804643662,1.2067328319494883,0.5776424803079463,0.5522692649885899,0.24020571731379026,1.0266032482511016,0.5107833643116012,0.5495518125340685,0.2325151905028017,1.1282715415666353,0.46739626844430693,0.5470340210021905,0.21881612912993004
18.0,1.1938148184130206,1.6875406774970598,0.5540485485138189,0.8524174374751327,0.5516971835128104,0.5519121074312283,1.0364539159154542,0.03993205495965137,1.0961529237323158,0.5452557607258445,0.5518267395942444,0.2501726090176441,1.213627802304588,0.5808281041804371,0.5570159918199871,0.2412402799849368,1.0323139865358315,0.5134815906352709,0.5529885834950659,0.2339342364060294,1.1346199004235888,0.4700079560702994,0.5497894077574207,0.21999796046144754
18.1,1.2005200814246606,1.6964201361200157,0.5573400685345186,0.8573839714351605,0.5547302348135998,0.5549647133333335,1.042312343131526,0.040623422767270226,1.102303338050256,0.5482997577310317,0.5536213621570507,0.25084093225202164,1.2205465171172527,0.5840285219757069,0.5588265458925736,0.2423515269571611,1.0380240785018997,0.516178592749649,0.5552112185457484,0.23660281542999304,1.1409617244701609,0.47261409027003276,0.5567247493056351,0.22099200987449671
18.2,1.2072300392569622,1.7053274940838512,0.5602758514070998,0.8621740768964058,0.5577600736005588,0.558027716067959,1.0481768088811663,0.03987450133739047,1.108451719558929,0.5513534333025546,0.5546134148820119,0.2514278873096382,1.2274606366747696,0.5872419441912422,0.5631021327049914,0.2420801457683132,1.043739000854106,0.5188529678343521,0.5577543498247483,0.23679973576533891,1.1473198436908245,0.47523061815162676,0.5610105738041529,0.22562693588025404
18.3,1.2139401850911014,1.7141927231147844,0.5636204894005947,0.867086474910432,0.5607915431490986,0.5610321456642622,1.0540419985777043,0.042536272227804386,1.1145952696158345,0.5544072086283098,0.5567624601557996,0.25474418423690154,1.2343720577986574,0.5904619092446183,0.567084282922273,0.24486361576394092,1.0494605473159964,0.521528491537702,0.5607439773139478,0.2383843857367111,1.1536782535488939,0.47783031402787296,0.5644677086697161,0.22489548970317963
18.400000000000002,1.2206433091635331,1.722993980556591,0.5665051887129007,0.8721668968417502,0.5638240060115954,0.5640696502632999,1.0598998141299105,0.041165575295818026,1.120721650155603,0.5574471111615361,0.5585512282584317,0.2559113240677724,1.2412754796175727,0.5936892926387856,0.5695289518544994,0.24424279812796865,1.055175610636028,0.5242056898385142,0.5628207576140494,0.23935392164535854,1.1600413327626742,0.4804470817650892,0.5699749333400514,0.22891218202748898
18.5,1.2273500001723157,1.7317445824227529,0.5692632171046015,0.8769334577633645,0.5668443108419453,0.5670302864701798,1.0657688623942083,0.040767728514638765,1.126833842028518,0.5604594506782862,0.5632405065162343,0.25730984530249723,1.2481828967009387,0.5969216802766617,0.5730092792974506,0.24702747787598173,1.0608995828977812,0.5268864424950701,0.5652598868092189,0.2393638485734582,1.166419065280269,0.4830911123319436,0.5709854321857806,0.23016839193849026
18.6,1.2340595548514668,1.7405020652848897,0.5723676892503786,0.8818499251294514,0.5698722041671732,0.570115602552772,1.0716354303878521,0.041327761145294295,1.1329310328190982,0.563458927476765,0.5662300954239537,0.2575141790259858,1.2550844707269966,0.6001586251599444,0.5755719108938316,0.24982355134901904,1.0666395652694063,0.5296025456592259,0.569189909653619,0.24032367073629454,1.1727971118632792,0.4857588948992191,0.5737783182267813,0.23300104583161182
18.7,1.2407694520274206,1.7492588659116006,0.5753987471685791,0.8867303646795425,0.5729004537295899,0.5731615149033431,1.077501049145321,0.041063526732515086,1.1390048117848217,0.566488633980629,0.5689164792952071,0.25838592424785406,1.2619848156006532,0.6033976315142349,0.5790168984320603,0.2532944834944901,1.0723937023610257,0.5323167435187282,0.5720226399332515,0.24162120204012028,1.179182843858531,0.48843010606188414,0.5769854672586592,0.23259141997199528
18.8,1.2474834651978508,1.7579854738729805,0.5788072345908982,0.8915716315088084,0.5759292307923214,0.5762580859403361,1.083370662674455,0.043364021889544066,1.1450979283946663,0.5695211308499329,0.5703958479327572,0.262537667854698,1.2688880835672123,0.6066421075590804,0.5812378429926686,0.25326257565576404,1.0781428804117184,0.5350264719581956,0.5749939643320682,0.2433942914338382,1.1855748812972449,0.4910872676322653,0.5832500429548055,0.2328403800787652
18.900000000000002,1.2542022198196747,1.7667150902148243,0.5819594005052131,0.8963537629968665,0.5789607632433872,0.5793099950257147,1.089243015952124,0.044411040202287755,1.1511984908716149,0.572553949373971,0.5730000407663206,0.26538751568829216,1.2757861466013647,0.6098732083263844,0.5855240166044067,0.25384085911415327,1.0839027929514464,0.5377391185436062,0.5779217613228684,0.2449624250546208,1.1919777699262053,0.49373984890333056,0.5858617615786222,0.2331594265429177
19.0,1.2609235497834834,1.7754653976445407,0.584806190179356,0.9013071331110146,0.5819972368066926,0.5823240673353905,1.0951136796041028,0.04447345192645881,1.157289021667059,0.5755753767851479,0.5784699686019354,0.26748311703508004,1.2826845572145325,0.6131117535212252,0.5876937364669468,0.2536051300246614,1.0896655221678702,0.540440459367594,0.5820280736057484,0.24458116819228318,1.1984007468512339,0.4963789760029715,0.5856228930744302,0.237751953556457
19.1,1.2676419489037685,1.7842144195074672,0.5876411117987395,0.906203895723795,0.5850357811003757,0.5853231317999168,1.1009799686156025,0.04415463228863355,1.1633675262949228,0.5786056445479456,0.5811321447638682,0.26704075328451404,1.2895810948966433,0.6163749057448321,0.5937406137510225,0.25430369462282476,1.0954088820988435,0.5431447549511527,0.5837229758266063,0.24640844170544257,1.2048290522425726,0.4990187366572983,0.5868394450850748,0.24226302162501193
19.2,1.2743510252175574,1.79296254621057,0.5908948784406997,0.9110872494516722,0.5880684720380824,0.588365399697838,1.1068399843454855,0.04663337865768677,1.1694269794593637,0.5816336597907734,0.5849101740748106,0.26888678470171296,1.2964668891774151,0.6196249902725278,0.5973793281417693,0.25522713721276225,1.1011397021141696,0.5458636263010158,0.5868523898490104,0.2483791623023409,1.2112612017866813,0.5016681578582332,0.588840337652214,0.24333624870057738
19.3,1.281059094092555,1.8016986061562807,0.594096558100334,0.916006817180859,0.5911006949373837,0.5913185116716443,1.112699013508383,0.04856693254496508,1.1754618854508547,0.5846536900421914,0.5894483952292049,0.2700676784270191,1.3033747790291867,0.6228828943431977,0.6003798049920276,0.2585082146088766,1.1068762197757962,0.5485603958340526,0.5899110520184133,0.2504532377527192,1.2177000213697577,0.5043239449384304,0.5905007525922499,0.24375914761947998
19.400000000000002,1.287765921982656,1.8104330076291406,0.5972408663899513,0.9211769685843118,0.5941316003258206,0.5943675864252835,1.1185582048533182,0.05022897479548566,1.181496773447218,0.5876681193756786,0.5933507615757702,0.27435629664775696,1.3102883696017105,0.6261535586171888,0.603832962806964,0.25765141006946163,1.112608771890976,0.5512375427272826,0.5937033368369191,0.25140287339016226,1.2241334697643032,0.5069640796612913,0.5919701726322624,0.24538648285936626
19.5,1.2944754928853712,1.8191946623057298,0.600252602227836,0.9257784808623984,0.5971648084181638,0.5973712215262613,1.1244209570524994,0.04915537467566498,1.1875292552820575,0.5906829707336589,0.5981737932971253,0.2735480096837658,1.3172166950146549,0.629433433716637,0.6058127045700588,0.25884707479775626,1.1183364068395654,0.5539276775744025,0.5977207608653659,0.2520711760971694,1.2305679532963443,0.50958837691687,0.5932320133875211,0.24979951492600797
19.6,1.301193904515278,1.8279606639624773,0.6030282731499707,0.9306439853669387,0.6001973687175959,0.6003467370529879,1.130294433029587,0.047027144068848864,1.1935691008422844,0.5937190493894123,0.6009225820248159,0.2746882311576984,1.3241610563477912,0.6327160840611668,0.6092272323404714,0.2579106854445218,1.1240677597216249,0.5566116983934529,0.5999712390678714,0.2542126531216113,1.2370009544473257,0.5122021167219096,0.5963920807842213,0.25130984702582704
19.7,1.307901359827858,1.8367096554333369,0.6061567805705654,0.935629975139942,0.6032282908707229,0.6033350772152625,1.136156793901385,0.047240178770146704,1.1995859864816336,0.5967744257157556,0.6063931470771279,0.27556787553016066,1.3311112887919705,0.635991461696004,0.6114721192265085,0.25994530853576253,1.1297817590578054,0.5592747297108616,0.6020095390596574,0.2557677816486731,1.243427929984001,0.5147991172425258,0.5989088046041384,0.2515617944744419
19.8,1.314607625597675,1.8454340151097532,0.6091056401950465,0.940745461354988,0.606251879604468,0.6063505655884357,1.142020516221977,0.04834573416178985,1.2056136771212462,0.5998420587019325,0.6112174514875155,0.2801948489380956,1.3380602875323038,0.6392649500218994,0.613098705083616,0.2603455048283149,1.135487750191167,0.5619282954444325,0.6050019120728558,0.2568663780796205,1.2498463926401502,0.5173831067859217,0.601301849236654,0.2515253994363696
19.900000000000002,1.3213241027097395,1.8541452480850469,0.6121498609744052,0.9460978817884109,0.6092737620695081,0.6093953859818529,1.1478982472447563,0.04836666080144479,1.2116590319707121,0.6029266329600005,0.6158668355887833,0.28217478362199117,1.3449972223191582,0.6425694970865188,0.6160402899470363,0.26083796873812237,1.1412128160897976,0.5645931277169837,0.606958913784281,0.2586214367022165,1.256259189496442,0.5199871300776732,0.6041079233644454,0.25195383276758265
20.0,1.3280384516243546,1.8628444222157172,0.615024222462449,0.9509063638797072,0.6122941134037698,0.6124440330739842,1.1537747731385868,0.04644754747622172,1.2176967763400268,0.6060054419359161,0.615970363085769,0.28204592534988815,1.3519448811625456,0.6458786944119809,0.6192266276745573,0.2622932716397163,1.1469394699932995,0.5672630059175116,0.6094009091563513,0.2603434303234201,1.2626518673584397,0.522597182689446,0.610267107698776,0.2539371285136418
20.1,1.3347596214009727,1.8715298141371042,0.6178277162583731,0.9559101819613058,0.6153219872070219,0.6154450937556719,1.1596555295397322,0.04489897775591927,1.2237568307795765,0.6090867442886843,0.6194906054621585,0.28161651810835453,1.358903116166989,0.6491961128704008,0.6218893856767308,0.26256913366319445,1.1526529012967068,0.5699345462436265,0.6133384830772259,0.26192513181152244,1.2690447065491024,0.5252056331391594,0.6115494557617105,0.2590876868389539
20.2,1.341483107167575,1.8802335403265702,0.6209506410421446,0.9611226445801783,0.6183442428623346,0.6184489742634387,1.1655411422413207,0.04636399219984337,1.2298160507478184,0.6121813472022807,0.6240025217604416,0.28291716226573205,1.365866812316144,0.6525143009903361,0.6251258983948201,0.26594234662363353,1.158359823495349,0.5726229256927877,0.6167010792529533,0.2636057344576077,1.2754412966007647,0.5278143641860216,0.6128225311182616,0.2579674502338659
20.3,1.3481985774574352,1.8889480170470192,0.6238448437913232,0.9667074121505049,0.6213629480448891,0.6214762036553979,1.1714192819153355,0.04521091833092118,1.23586135558258,0.6152759917028803,0.6280841874166206,0.2821620246546524,1.372823991892016,0.6558296797431702,0.6262052605326496,0.2684889128191719,1.1640702613033107,0.5753092278020743,0.6211411202107945,0.2663838092128724,1.2818332718517316,0.5304179064690661,0.6152546011710129,0.25900049642997985
20.400000000000002,1.354909839965902,1.897666365807797,0.6269039033093318,0.971224220869674,0.6243875740659302,0.6245022850766461,1.1772902446388744,0.04437236691526118,1.2419019506863844,0.6183561676562995,0.6317324625421541,0.28253079474217796,1.3797825657852143,0.6591589342689103,0.6286010409830283,0.26914856680445093,1.169768797210599,0.5779740229025961,0.6257888619518821,0.2692577058194001,1.2882282833424752,0.5330006046369442,0.6167511004108379,0.26041658085867997
20.5,1.3616171805983803,1.9063515810812286,0.6299005817345952,0.9760794345387419,0.6274120841610656,0.6274868544175172,1.1831566025302014,0.04494125237832483,1.247947521385298,0.6214251510008169,0.6339925287714756,0.28506865650471297,1.386736106669018,0.6624917424389704,0.6329931370721168,0.27170948405634204,1.1754551897815977,0.5806228064338258,0.6286732791423086,0.2694591140666785,1.2946268481107217,0.535583986783761,0.6191612308463442,0.2606425874031355
20.6,1.3683220979579178,1.9149757905962925,0.6326968569735019,0.9807103142793575,0.6304335514471564,0.630538631189568,1.1890224143587038,0.04272202336208301,1.2539897043031432,0.624493296724506,0.635153796380094,0.28490145168007514,1.3936856165300182,0.6658276128131273,0.6368206020828218,0.2749416030014596,1.1811327207345126,0.5832762848993768,0.6316869734340311,0.2698968261348528,1.3010324716002901,0.5381783723645226,0.6228837612669138,0.2616506585743215
20.7,1.3750218673105212,1.9235806241265851,0.635739878451289,0.9847835206457963,0.6334503070785771,0.6335677959262059,1.1948842537681823,0.042309967373260454,1.2600156040962853,0.6275492934482354,0.6363160307965552,0.2860715901420402,1.4006204671258817,0.6691837973910133,0.6420370717041066,0.2778436088258821,1.1868243888779448,0.5859500633145915,0.6335211670087304,0.2707073945325678,1.307422506291921,0.5407550534866697,0.6269644294461616,0.2612549738466056
20.8,1.3817202984335002,1.9321952909099644,0.638876376035775,0.9896838036327272,0.6364641351494085,0.6365755064161264,1.2007477659469652,0.04396150210574616,1.2660473185730976,0.6306084427153902,0.6363102126867112,0.2869378497949275,1.4075398657288956,0.6725719607754107,0.6479181457635735,0.2812412802365611,1.1925133373146592,0.5886433029848972,0.6364090838205472,0.27288192035046976,1.3137973546727495,0.5433433569338197,0.6304591208106698,0.26165411464763805
20.900000000000002,1.388415252075371,1.9408025829717002,0.6419740188548835,0.994608307794425,0.6394732868551516,0.6396665815396456,1.206609567211771,0.04230454726428102,1.2720720540656272,0.6336661576029426,0.637103551441421,0.28663544411105074,1.4144446159547184,0.6759843291752996,0.6501850844599186,0.28252137951948697,1.1981850361769764,0.5913658422672147,0.6389553542770212,0.27486522719262696,1.3201772706523396,0.5459372322021785,0.6373300642416937,0.2630067141546249
21.0,1.3951107805724112,1.9493690596818296,0.6447991052186748,0.999469204129899,0.6424829407564119,0.6426373453978471,1.2124726866423967,0.04162100094592903,1.2781097137368536,0.6367295079360951,0.639056802287825,0.2863342921245136,1.4213599593413764,0.6793809676913732,0.655146780851122,0.28413539282889366,1.203864124146658,0.5940645724843012,0.641748839113773,0.2758760963711131,1.3265496457350063,0.5485254462975234,0.6390267669459175,0.26664303442942666
21.1,1.4018066596805732,1.9579061823051993,0.6479235084809474,1.004505313523423,0.6454975724756535,0.6457119879829258,1.2183337164290484,0.04065309431769065,1.2841589763105916,0.6397780602769045,0.6400785657143414,0.2879343727799967,1.4282703432716306,0.682768343661811,0.6579093940527192,0.28269599937474,1.2095547616014164,0.5967325919166802,0.6457034125766723,0.2786574686714105,1.3329273042025374,0.5511022962089238,0.6438402094834141,0.2682741662874444
21.2,1.408510871034873,1.9664777390868515,0.650831453827531,1.0093536009416657,0.64851090682216,0.6486651157050259,1.2242033851525684,0.04110045918663384,1.290221342352597,0.6428316056864746,0.6472371802957013,0.28943946652664443,1.435179507172428,0.6861770780277323,0.660286017833884,0.28421948902654337,1.21526566202853,0.5993848907653088,0.6474651765301479,0.2792511278437815,1.3393073881540933,0.553663827508098,0.643951167075708,0.2713566785200604
21.3,1.4152137052932412,1.9750679578228645,0.6537903006182277,1.014378707707608,0.6515248391733952,0.651684882097004,1.2300719646477765,0.040645930585765364,1.2962880341765566,0.6458912728287348,0.647608262416848,0.2914443258155102,1.4420787191822424,0.6896034438580609,0.6644654520347375,0.2856046573758315,1.2209671728580005,0.6020306208665503,0.6508191392905408,0.280797700800734,1.345686508571028,0.5562343866088771,0.6478272789661087,0.27249930112609816
21.400000000000002,1.421911617726693,1.98372636944127,0.6566031714400812,1.0193580376989373,0.6545357223177477,0.6546832958934292,1.235937522710463,0.03921813802407082,1.3023508256005218,0.6489577548973864,0.6521484033121391,0.2918649523016596,1.448947965133997,0.69303628784889,0.666282469353005,0.2851179088847933,1.2266564311667087,0.60469568460083,0.6531695994944261,0.2819883029477519,1.3520808936112698,0.558824513315176,0.6506138884159022,0.27719616361576915
21.5,1.4286117706536126,1.9924242642034788,0.6598982076112403,1.024377450892359,0.6575485591786443,0.6577087937940148,1.241807009897633,0.03992650434850196,1.3084116215985078,0.6520232114796476,0.6536104309836391,0.29283388229876595,1.4557990254205768,0.6964676653283521,0.6697211296719934,0.28607218533354695,1.2323607797329836,0.6073618291408178,0.6572385737185541,0.2835927858660274,1.358489705539273,0.5614360586132122,0.6543749015897374,0.2787863250734931
21.6,1.4353098637528237,2.0011109727345153,0.6634531104011817,1.0294767839032901,0.6605538384192288,0.6607106847908396,1.2476787584333997,0.04428146991901994,1.3144745739364474,0.6550742666021088,0.6567385214846251,0.2945320528918848,1.4626440177004816,0.6998904075502578,0.6739805912180858,0.2889455890818477,1.2380649609841263,0.6100177789625699,0.6602674436768358,0.28501078381006245,1.3648997732237418,0.5640572680216758,0.6572859093580351,0.2779986758820348
21.7,1.442015983211561,2.0098692158888207,0.6662466247241414,1.0346054660890274,0.6635563626588367,0.6637165425024933,1.2535607197496372,0.04342323254418171,1.320537398775404,0.6581294716596338,0.65855367692532,0.29469476429432456,1.4695229982735432,0.7033204211493138,0.6765580981462093,0.29069886140330886,1.2437760802107518,0.6126592826962356,0.663271929214751,0.28713708025424606,1.3713029600416156,0.566699361024129,0.661500591678337,0.27944011194618146
21.8,1.4487181402589122,2.018651531101455,0.6693599130442922,1.0395480480500388,0.6665586152027589,0.6666942785105952,1.2594370332195868,0.04402394334682726,1.3266020276347184,0.6612009529450242,0.6630872222665716,0.29624502352684984,1.476391835976714,0.7067443779173356,0.679128653704274,0.29154079614641704,1.2494966600378452,0.615300384326189,0.6663659694744218,0.2887388612392349,1.3776890187925948,0.5693376782619,0.6634417448144587,0.28141733448987094
21.900000000000002,1.4554107567667804,2.027455406395937,0.6723869862281477,1.044695410147881,0.6695520270618592,0.6697787360918372,1.265306914615762,0.04239253314443332,1.3326714223394407,0.6642667331645897,0.660576513329058,0.2966741908468629,1.4832594732808824,0.7101646443887201,0.6832451194718299,0.2946669293257164,1.255204840475444,0.6179502883624705,0.6696883713682471,0.2890732499394224,1.3840490675017443,0.5719693873530957,0.6708051019027461,0.28223842958156636
22.0,1.4621057682454743,2.036242263807653,0.6752807227425758,1.0495425656283837,0.6725505418723864,0.6727769050974677,1.2711769312507635,0.04207150767347182,1.338728916971548,0.6673341502047656,0.6622286103098685,0.2963628090756744,1.49013690910804,0.7135811429637537,0.6879246828551231,0.29680681901420775,1.260919254157953,0.6206038552569075,0.6714570250929731,0.2911700618539473,1.390422367268975,0.5745819592184928,0.6743208947460225,0.28445790705699264
22.1,1.468792211052053,2.045038382430447,0.6781335850917102,1.054773094345263,0.6755490602306325,0.6757852101265684,1.2770370839962255,0.03992361715075135,1.344789675035622,0.670415268769798,0.6663728860751232,0.2956538312032769,1.4969878270732961,0.7169993509175804,0.6904867745069861,0.29802062913183164,1.2666309390071462,0.6232574913302058,0.6731214241782839,0.29340961007496563,1.3967883244545678,0.5771907952524479,0.677842639908784,0.28614723802793335
22.2,1.4754823016064385,2.0538163780275798,0.6813403032158057,1.0598300348395746,0.6785479232319112,0.6788276240309414,1.282902519513148,0.0406592852748537,1.3508655554176339,0.6734943959704754,0.6689331863789267,0.29756995815360987,1.503839682028332,0.7204326639521627,0.6934715790331479,0.3018258859054924,1.272328897350919,0.6259226594544192,0.6758059327722498,0.2941275690190193,1.4031568710207811,0.5798038983275166,0.6822830600191263,0.28450608320337806
22.3,1.4821808718920324,2.062626135051017,0.684327688283352,1.064917460902587,0.6815510290596842,0.6818628523335617,1.288774129269607,0.041194569932451686,1.3569474228018807,0.6765720347289239,0.6695375249554099,0.29835240281330916,1.5107053636803456,0.7238601295437787,0.6986866331633191,0.3026435791788245,1.2780260586919794,0.6286001663312272,0.6775222896688808,0.2958341154330166,1.4095379958559424,0.582411329608468,0.686644399644648,0.2873429873163283
22.400000000000002,1.488886555349781,2.071431889079953,0.6873819519512436,1.0698469130243191,0.6845526736255871,0.6849011256343733,1.2946541096983857,0.0417897878819488,1.3630417257679857,0.679632279296464,0.6728198423265893,0.30073550294372486,1.5175767353861782,0.7272751905151607,0.7007352158299226,0.30311802638200375,1.2837193671172376,0.6312853637809127,0.6814944964420366,0.2977991245469021,1.415943707781735,0.5850309858753446,0.6894870156738434,0.28818564007595016
22.5,1.4955909725201713,2.08021921505795,0.6903329873590351,1.0749718465728773,0.6875475048033224,0.6879433762950005,1.300536448590196,0.041124775509480474,1.3691480868482495,0.6826924547870507,0.6764564219582917,0.3046828828337915,1.5244544957355433,0.7306974668737846,0.7029443378974792,0.3040109608704286,1.2893943193583846,0.633943476860065,0.683690056216918,0.29928641274492396,1.422351452047682,0.5876622837059263,0.6934712214826899,0.28724140849678503
22.6,1.5023022045294594,2.0890286982644706,0.6931789733715095,1.0800440278356205,0.6905400739425496,0.6908605331934583,1.306428130938298,0.040498343473893805,1.3752647985476951,0.6857645115904698,0.6822667450238399,0.3046383129219717,1.5313342230093843,0.7341329205129531,0.7041885201144118,0.30675020822213334,1.2950746523621028,0.6365922194840643,0.6863408811305528,0.30093592601044017,1.4287648027620974,0.5902866141739787,0.695189485546594,0.28901248824173814
22.7,1.509022451107152,2.0978325259794053,0.6959988497125196,1.0852632656155743,0.6935257898001507,0.6937910058409616,1.3123346250953773,0.03907972139726095,1.3813914672457668,0.6888360644204319,0.6886314406840156,0.30628632799788663,1.538229561892501,0.7375643995103169,0.7068780444757845,0.30771956550062823,1.300761338041524,0.6392400180775999,0.6885356811358992,0.30270275423152465,1.435181142876259,0.59292337430605,0.695335483957524,0.29086374395458575
22.8,1.5157502261562228,2.1066318664744226,0.6991217452645485,1.0901712392665452,0.6965207906111399,0.6968311087399126,1.3182454669126575,0.03815456533794181,1.3875092650817826,0.6919061814523768,0.6896269138756608,0.3072454209903099,1.5451187867593252,0.7409971337623967,0.7110774775384485,0.3088842817561205,1.3064640472250009,0.6418974318094706,0.6905263554302504,0.30444952198199005,1.4416200207720462,0.5955751855093838,0.7006969087165911,0.2907796472041348
22.900000000000002,1.5224763317568122,2.1154291899114837,0.7020795268614709,1.0951782987654315,0.6995137797791635,0.699868195448705,1.3241564666854007,0.038088293634827755,1.3936292590495407,0.6949549770446608,0.69281414631709,0.3094353145785273,1.5520072231851436,0.7444244573069447,0.7137853911037452,0.3115288982652237,1.3121667371664436,0.644550497323724,0.6940724629144464,0.3036733396136194,1.4480598441792585,0.5982345780020312,0.7032947455588492,0.2920453164298194
23.0,1.529201813486763,2.124243232143176,0.7048982238355345,1.1003379286068593,0.7025056148959519,0.7028381941325976,1.3300686105304085,0.03736426851497585,1.3997478247610333,0.6980137915514538,0.6955901756006553,0.3116298078395456,1.5588991221123338,0.7478530180482306,0.7174883143332383,0.3136266303552086,1.3178573666802575,0.6472165795208344,0.6979016750063247,0.30407787994264524,1.4545028382261076,0.6008861891241097,0.7043221825872646,0.2936239085263958
23.1,1.5359211186015884,2.13304063151166,0.7082024927221633,1.1055464034681746,0.7054859639202211,0.7058574252405782,1.3359796288980519,0.04007864675469121,1.4058645211087524,0.7010610701961111,0.6957836099618991,0.31359439518744076,1.5657881257527997,0.7512818891952514,0.722594840510663,0.3150363812146611,1.3235384882951473,0.6498871745973868,0.7017698012717555,0.30526272212525285,1.4609344814460796,0.6035362954817624,0.7078627773626354,0.29463327671292794
23.2,1.5426432863389365,2.141865391828546,0.7110574092238147,1.1107087687392792,0.7084663313719375,0.7088438764843794,1.3418944936869208,0.04011458159680533,1.411982858850099,0.7041030547466408,0.6990762179744988,0.3150755866035738,1.5726642219910363,0.7547251438972089,0.7249817775043019,0.31652168438726125,1.3292312664141597,0.6525572738276233,0.7057273425679986,0.30772683016808133,1.4673744405604678,0.6061864035690816,0.7096632377481795,0.2962502113244429
23.3,1.5493616004086808,2.1506955709025752,0.7141001307070398,1.1156103086952918,0.711453855030544,0.7118220804491481,1.3478033040095743,0.04038953962758281,1.41808460482107,0.7071494166213045,0.7038877589645425,0.3177631071697082,1.579536520558417,0.7581906037822577,0.7286230474117502,0.31758673922387565,1.3349274485521,0.6552457589935385,0.7073451206805901,0.3081881162486517,1.4738067097126462,0.6088268270102307,0.7117699259693886,0.2970257814849373
23.400000000000002,1.5560855308952632,2.1595006563236225,0.7170956832756197,1.120750500213716,0.7144485105548931,0.7148758772088109,1.3537160027881543,0.040196279154431525,1.4241896428862948,0.710187711890277,0.7057468392936521,0.3196014892444977,1.5864197277454148,0.7616569867370123,0.7317222030882246,0.319949091100022,1.3406391216290872,0.6579473757969466,0.7100391525676384,0.30810357035689484,1.4802392656702803,0.6114575162683632,0.7161701314249427,0.29862327614273404
23.5,1.5628153527194648,2.1683494760948454,0.7198852504190972,1.1258828344360345,0.7174475581131275,0.7177916230977146,1.359634292839997,0.039018370942871174,1.4302974188404902,0.7132237852486404,0.7109323028754165,0.32008900970834486,1.5933118681647396,0.7651313818958633,0.7324229051935501,0.3214157576237553,1.3463590919421635,0.6606667063854091,0.7137744733917091,0.31006308501230534,1.4866725341553206,0.614094302122702,0.7179159572253045,0.3004231389308661
23.6,1.569539941753189,2.177188796551926,0.7227822605980639,1.1311801892799282,0.7204433867885036,0.7207487912420723,1.3655469070880195,0.03828932900783313,1.436396934513286,0.716239066240813,0.7140642021020804,0.31996867002671564,1.6001964367747636,0.7686192457705711,0.7346558053561095,0.32252946038143815,1.3520699675299936,0.663390108279885,0.7180029677278806,0.3123585779984157,1.4931009106920194,0.6167210128494782,0.7200868143888457,0.30215844653274637
23.7,1.5762744763577483,2.1860573534968615,0.7258706993409253,1.13629393150521,0.7234393012531533,0.7237239752862783,1.371469481091086,0.03900836035958903,1.4425148111406183,0.719264211646088,0.7153911182762435,0.3210916829938685,1.6070929200237707,0.7721111846056781,0.7372347418312495,0.32270837126372565,1.3577783878415748,0.6661211899357017,0.7222135374014029,0.3148955830952709,1.4995282326480996,0.6193662026885597,0.7240804562724533,0.304094785333936
23.8,1.583022512249362,2.1949723964790313,0.7288664749035946,1.141431025729689,0.7264333255010136,0.7267230357816062,1.3774054149922237,0.03876762748964043,1.4486530930896524,0.7223034624704207,0.7173122670646583,0.3225468841393801,1.6140144765788516,0.7755978750731245,0.740567988581559,0.3229321121692665,1.3634998835614054,0.668859481814199,0.724723160243932,0.31630727042602597,1.5059497176614767,0.6220025346493518,0.7284316057356689,0.30566659154379516
23.900000000000002,1.5897782841102626,2.203898999296142,0.7320826331772754,1.1464612340374187,0.7294241192118149,0.7296891476647642,1.3833496628118198,0.04064331749137736,1.4547943726973387,0.7253414639231457,0.7218655197825244,0.3242077803297198,1.6209538790051574,0.7790873520992995,0.742083621669633,0.3251352889388116,1.3692213319281739,0.6716072336455738,0.7269915544984931,0.31755179931393807,1.512376652040101,0.6246373232709187,0.7325913818509686,0.30588107574772766
24.0,1.596535053993808,2.212849211064736,0.7349264176388225,1.1515817484439064,0.7324020388193313,0.7326202464088779,1.3892998386770663,0.040373492996549895,1.460927783651695,0.7283761031892222,0.7257399434830162,0.3257990809257042,1.6278810163082817,0.7825652714978802,0.7451317262078192,0.32722917402046425,1.3749476660818922,0.6743719025292586,0.7304600490330435,0.3179065124232246,1.518824134386357,0.6272749315282216,0.7337670095759518,0.3077682243592156
24.1,1.603291346773315,2.221791072114594,0.7378299595219476,1.156854307718093,0.7353771695235263,0.7356001098593644,1.3952506862047278,0.04076866771407358,1.467041009345858,0.7313947258484043,0.7288146326885413,0.32733508287001145,1.634805542898393,0.7860518731109969,0.748225319880356,0.32922106027826537,1.3806805610181723,0.6771297242104107,0.7333303667024513,0.3186166855863263,1.5252969197283188,0.6299042107990536,0.7365818849785095,0.3086905173436446
24.2,1.6100438658020717,2.2307431003659173,0.7406199329122755,1.161789492821796,0.7383465313407314,0.738551496460597,1.401200544585059,0.039897905892586315,1.4731337825015793,0.7344109039438406,0.7315306646324424,0.33103710739732994,1.6417223489862927,0.7895397204802007,0.7516042318855256,0.32918499977368515,1.3864046608781697,0.6799121197501169,0.7358372598715106,0.3186839802736128,1.5317819367158152,0.6325443321229236,0.7394745152477947,0.31007883307462264
24.3,1.6167899961585426,2.23973265078918,0.7435498115417681,1.1669194619609677,0.7413156278318752,0.7415559654514821,1.4071458103700833,0.04067178248645254,1.4792251054418146,0.7374271042731269,0.7369938785040261,0.33336570041357105,1.6486342052518264,0.7930357161175032,0.7532056031856676,0.3306575332582404,1.392117629726189,0.6826863227661115,0.7383034340710509,0.3194869032468957,1.5382698470181098,0.6351784728052869,0.7417251462373633,0.3111062088842222
24.400000000000002,1.6235447196027812,2.2487117920842135,0.7466004040785157,1.1718585251258848,0.7442860371138937,0.7445143911836147,1.4131008294409564,0.04110348948692351,1.4853399466466628,0.7404482565139511,0.7396119154875113,0.33343876284627044,1.6555464785026843,0.7965447529983724,0.7564339713441915,0.3312508155494451,1.397824413648169,0.6854552047138212,0.7420746786799286,0.3226769874873101,1.5447643790869565,0.6378096722781316,0.744240781184161,0.312332057204791
24.5,1.6303009456529753,2.257685660415654,0.7495613545943338,1.17714519033585,0.7472606664883292,0.7475170661564959,1.4190542554972168,0.0415242943863762,1.4914593396943705,0.7434513808849755,0.7417421235615647,0.3359266568457931,1.6624547754363408,0.800055631088403,0.7593384379145395,0.33183355971644846,1.4035286191668563,0.6882271887710264,0.7450966952274892,0.3249746360842113,1.5512633296910483,0.6404503397838385,0.7479822188200373,0.31347854916427703
24.6,1.6370542946601734,2.266658846740284,0.7525894290063688,1.1823903648113843,0.7502397547424395,0.750469607329445,1.4250011995547394,0.04198058159006895,1.4975732246697226,0.7464551884660771,0.7437470026144356,0.33722759704722416,1.6693632802246554,0.8035463188810966,0.7617108010314515,0.3331156560946581,1.4092274226460244,0.6909828561105535,0.7493562968860805,0.3261899635399637,1.5577657485910112,0.6431054101968711,0.7512946407230805,0.3153214190728723
24.7,1.6438190503876022,2.2756687078834426,0.7554190039793547,1.1873208214365503,0.7532274323736097,0.7534669843121271,1.4309556026941668,0.04118164958652533,1.503694568002913,0.7494747313518213,0.7448610500908097,0.337614617734318,1.6762875183709856,0.8070269377569994,0.7653050338689273,0.3358047983573518,1.4149423799255518,0.6937304802372857,0.7525957829053829,0.32876456732491716,1.5642811266453895,0.6457621166287816,0.7549189770407169,0.3157607122466351
24.8,1.6505797521639873,2.284730829066263,0.7584482660576128,1.1923604533315244,0.7562191477028313,0.7564840167047241,1.4369027417303448,0.0411644885595793,1.5098345213690285,0.7525026639781076,0.7446445260351366,0.33964373964987654,1.6831934324383695,0.8105043254570478,0.7686161896443424,0.33608819711208543,1.42064805645461,0.6964557112372132,0.7559904185952616,0.330199033840351,1.5708020270254393,0.648425894540925,0.7604379076726622,0.3175008484414526
24.900000000000002,1.65733920775834,2.2937957008426113,0.7616127102689138,1.197566336581187,0.7592103270771117,0.7594225148596765,1.4428492551530958,0.04197485100108877,1.5159844800328046,0.7555455010443507,0.7452043293994934,0.3423745748504862,1.690095967730206,0.813986197668682,0.7720210435015676,0.3371046421820339,1.4263396097056351,0.6991904233591246,0.7604268450606518,0.3303236251697047,1.5773239598338356,0.6510943602219321,0.7642843357112097,0.31884915572240435
25.0,1.664093313700959,2.3028597287203056,0.7644864051995157,1.202671851183815,0.7622033854772647,0.7624117191110988,1.4487890611359178,0.04207352464150059,1.5221275629539535,0.758589456794481,0.7470203528497044,0.3439695954152341,1.6969899002750988,0.8174735345930293,0.7751109298466866,0.3373856836193088,1.43201741345375,0.7019330622803203,0.7631913212382949,0.3314250995505312,1.5838553492673955,0.6537437500848078,0.768117139534082,0.3219796210033239
25.1,1.6708389415932374,2.311913049381259,0.767395818825097,1.2081423052341402,0.7651971357092058,0.7654360835989562,1.4547188266604174,0.04206850015911718,1.5282418643635696,0.7616218446899884,0.7504860543915276,0.3475985554293699,1.7038651758081464,0.8209601700496872,0.7778561341445407,0.33699723083679534,1.43771178338405,0.7046844717602616,0.7656843060942735,0.33227592535567624,1.590384056948035,0.6563809868837042,0.7712243677780073,0.32379055878202234
25.2,1.6775770580256206,2.3209656240372794,0.7702800372244706,1.2132815586213566,0.7681885119231218,0.768425581273094,1.460642370105446,0.04135827993440604,1.534345183517301,0.7646557596433547,0.7528689746740019,0.3486886073836482,1.7107233882280355,0.8244489296288688,0.7788071829798919,0.33912326754194216,1.4434146600740974,0.7074250150003215,0.7707228442062508,0.33269834119661307,1.5969139388034435,0.6590034476934876,0.7746580398676417,0.32558830953580215
25.3,1.6843188149416863,2.3299884982849135,0.7730173337698456,1.2182380528037726,0.7711727232879853,0.7714059438226951,1.4665755268025011,0.040290749460171034,1.5404494816299135,0.767680442845636,0.7549859790639016,0.3491153458754733,1.7175963606471651,0.827934873141396,0.7821899523625636,0.34034081478463296,1.449115312980912,0.7101522976592267,0.773584682442078,0.33424226693651304,1.603453708126129,0.6616253134815487,0.7776254885564042,0.32838881876917025
25.400000000000002,1.6910576415985195,2.338969938382312,0.7760277145352124,1.2228476627160536,0.7741574538293118,0.7744353959608181,1.4725031853375687,0.03979531441253029,1.5465498979146062,0.7707065546655488,0.7590695452705016,0.34785206078752,1.7244677322543087,0.8314208530605461,0.7867367718180429,0.34219016827371546,1.4548048674056355,0.7128566755200707,0.7761828494683041,0.33689872736419224,1.6100029821894235,0.6642466500460401,0.7784333126615033,0.33066808971656536
25.5,1.6977926366680822,2.347918717108494,0.7789957534536184,1.2282066408957537,0.7771447248027684,0.7774064197199132,1.4784233306087917,0.040026842419839406,1.5526533396594657,0.7737148727870765,0.7609283593653451,0.3500229781458222,1.7313369824350808,0.8349159705142881,0.7904423834984565,0.3432697629211284,1.4604835430166858,0.7155407246750631,0.7793178789890367,0.3379865632507984,1.616553088428629,0.6668677436498347,0.7816291831412803,0.33154589043577715
25.6,1.70452579011572,2.3568970629571644,0.7820799012701701,1.233076823838401,0.7801322887977761,0.7804719075249165,1.4843404761176098,0.03986867491384351,1.5587569551336682,0.7767125208599714,0.7625704856944927,0.35083914095466423,1.7381936050851834,0.83841485558564,0.7936680514688822,0.34557744428541515,1.4661781166436656,0.7182222575472782,0.7831612954027413,0.3386465271821695,1.6230980396580734,0.669500891236866,0.785197159702476,0.332830877243211
25.7,1.7112564721844876,2.365872195949609,0.7851390442684073,1.238034302130576,0.7831208324547022,0.7834970533044914,1.4902546559375975,0.03996112339517253,1.5648694513712262,0.7797008098076381,0.7670514150525758,0.35213129449071506,1.7450459302467727,0.8419071593218282,0.7962221735716619,0.347851684755435,1.4718835248236508,0.7208946277950821,0.7855929095456363,0.3389098322707443,1.6296223701643862,0.6721227136359383,0.7880210805301525,0.33402917116143366
25.8,1.717986246741638,2.3748712026062604,0.7881038097842517,1.2430023007923992,0.7861121562434212,0.7865048954736737,1.496165837544615,0.04061070849103088,1.5709889160732604,0.7826947675984183,0.7683291059911405,0.3540359038775507,1.7518980004975653,0.8453819812310015,0.7987186085090169,0.34794136024458294,1.477584946959762,0.7235626758745067,0.7892701377416467,0.3407695130131449,1.6361448112436032,0.6747240371175885,0.7924014181464372,0.33626873271939917
25.900000000000002,1.7247199471031796,2.3838557591944993,0.7910131656970995,1.2478483010345547,0.7890987248335379,0.7894973449736346,1.5020838596192287,0.03949577112912901,1.5771027446823371,0.785685291070496,0.773900316106048,0.3540797857596149,1.7587604443760185,0.8488627720517239,0.8000279467241992,0.3505200161723564,1.4832819637820365,0.7262279590062446,0.7908661098803731,0.342271201384061,1.6426756759439656,0.6773247943383867,0.7957629463320338,0.3371024386340389
26.0,1.7314533488629453,2.3928084224911537,0.7940372833277001,1.252592200441017,0.7920819279979034,0.7925822544354529,1.5080032712054352,0.03896629992243914,1.5832121874953082,0.7886786365054105,0.7781981546403419,0.3541605161929721,1.7656365998430101,0.8523461300601772,0.8042929467402498,0.349828360297842,1.488967939110377,0.7288835071954661,0.7933593415591318,0.3458553395675725,1.649206544928403,0.679909333330204,0.7969142176749775,0.33919830882522356
26.1,1.7381876152370233,2.401780691741181,0.7969119067817657,1.2574693613909615,0.7950732024836092,0.7956144792015707,1.5139180946397317,0.03759180838678216,1.5893001275700875,0.7916939113398904,0.7824081254673121,0.357622572011705,1.7725112010310713,0.8558407571971437,0.8052806220532643,0.34882533617869715,1.49465410093519,0.7315401660120642,0.7956250054370736,0.3470532582622062,1.6557505649641435,0.6825075576150602,0.8012373234550374,0.3410211100648403
26.2,1.7449161511073978,2.4107614256284657,0.799884960397949,1.2625574886222302,0.7980673964427245,0.7985990250692192,1.519823816670271,0.037618929878081575,1.5953819719144673,0.7947062858880286,0.7865386164977174,0.35968876665729416,1.7794029421503115,0.8593232270304845,0.8072737752503508,0.35057593901399875,1.5003259300250864,0.734194388491234,0.798270311607963,0.34641011398155924,1.662274817617685,0.6851229038685427,0.8044218316176213,0.3429589304192591
26.3,1.7516366278045326,2.419786376501048,0.802794659609208,1.2675640309467757,0.8010606170050385,0.801558032596762,1.525720620226152,0.03736227192050505,1.6014770087926515,0.7977184871371535,0.7868936219584823,0.3607878918760807,1.786302397993055,0.862798164026181,0.8115961936120272,0.3524220799231103,1.5059632110197918,0.7368457709952014,0.801871205700303,0.346948282863417,1.6687856148344207,0.6877504975681836,0.807702621336845,0.3455927585732012
26.400000000000002,1.7583534242074,2.4288543810855434,0.8057229519870862,1.2727201672775796,0.8040488041281415,0.8045283837867944,1.531615531190048,0.0375840935819447,1.6075820382638084,0.8007298339293994,0.7903753474239033,0.3638537301235317,1.7931875890672824,0.8662695852964121,0.8142348501056105,0.3527025056212501,1.5116127900313132,0.7394844117888973,0.8049302167312911,0.3477588835438559,1.6752854252891833,0.6903785957525427,0.8102477863983844,0.3471180321509444
26.5,1.7650722268224939,2.4379384590554096,0.8087538561379413,1.2775948403020543,0.8070353433657091,0.8075389128135496,1.5375141438670838,0.037762503463980975,1.6136928045179737,0.8037454323987537,0.7936306709856787,0.3648524503685251,1.8000893100077988,0.8697203239326091,0.816649692231848,0.3529362202994548,1.5172633257452692,0.7421110054132041,0.8086570398056511,0.3500401521829156,1.6817827484457464,0.6930080087330658,0.8128833954726777,0.3493392359504282
26.6,1.771783146109214,2.4470232799677842,0.8117041911173539,1.2828602415267611,0.8100206457637953,0.8105421669397794,1.5434034043926674,0.037139287761621766,1.6198094898970417,0.8067743487831973,0.7972633364588672,0.36439208305257853,1.8069817319615815,0.8731555292851522,0.8184688335095286,0.3532160768409119,1.5228997106903754,0.7447271040350122,0.8129030938313269,0.3530599560585558,1.6882774255289317,0.6956239589551764,0.8149867464129226,0.3520198046811028
26.7,1.778483366557095,2.4561204429538317,0.8146231878769775,1.2878965243981924,0.8130010136744197,0.8134879094074277,1.549283489792793,0.03786677156598083,1.6259156887847461,0.809802771825519,0.7972980489816839,0.36675654773441124,1.8138502547581083,0.8765912919331178,0.8224687272306813,0.3527179152126667,1.528530789616323,0.7473407171833434,0.816761538776477,0.3544422312136117,1.6947672641294704,0.6982418815696846,0.8187678512775124,0.35406418910094556
26.8,1.7851833325837254,2.465238095502128,0.8176735042294986,1.293192238062149,0.8159812706060287,0.8164961749825224,1.5551619316721101,0.039086703894881454,1.6320199867703664,0.8128225442910311,0.8008017962066901,0.3695479287531072,1.8207111540649616,0.880016669780467,0.8261898168454944,0.3523826822705434,1.5341651432815855,0.7499636087250691,0.8195162000889255,0.3564397440520294,1.701274023288423,0.700845693348103,0.8208162595772472,0.356040209079062
26.900000000000002,1.791886707522916,2.474343365871293,0.8206290590858434,1.2986741121728003,0.8189630211962763,0.819395099850474,1.5610434164118678,0.039997364349511,1.638141512093726,0.8158312401641491,0.8033400772668303,0.3706993441109405,1.827566720575561,0.8834333557946589,0.8268403133456415,0.3521789910059747,1.5398028898979228,0.7525906102305998,0.8232482452904895,0.3580621522975622,1.7077989945892695,0.7034206387374256,0.8256160062951363,0.3582062087358267
27.0,1.7985907298466803,2.483439873964183,0.8236503613968823,1.3041162861959341,0.8219439362001726,0.822394081543999,1.5669280636657708,0.039666160500590894,1.644252187741112,0.8188376386002533,0.8084173511714026,0.3736071084415598,1.8344206131427037,0.886858426559948,0.8282764559626529,0.352181368615374,1.5454418335257194,0.7552272888282571,0.8262684470138517,0.3595620567862419,1.714336125419388,0.7059880897567594,0.828157417435432,0.35926204088920155
27.1,1.8052796020986306,2.492528384628468,0.8266832502688134,1.3093831966918128,0.8249159104554333,0.8253567271741474,1.572800686827392,0.039930371197108065,1.6503442132836217,0.8218294484523807,0.8129613236525686,0.3771462447544508,1.8412724981111612,0.8902575332152374,0.8286770964580553,0.35320446854999693,1.5510660982575462,0.7578566751103583,0.829289636739078,0.35962496945149386,1.720859049430787,0.7085616516924178,0.8322260781805413,0.36004444820473364
27.2,1.8119679980591314,2.501631280278981,0.8296659935987625,1.3139100149937115,0.8278861680545775,0.828364436028283,1.578672826602406,0.039013536096725775,1.6564471128169553,0.8248277171356331,0.8158255840003589,0.37905105634279485,1.8481286677432478,0.8936383633450633,0.8331434532001152,0.35326217243627206,1.5566750603243074,0.7604852484419256,0.8320205927877762,0.36094389343937383,1.727389066751487,0.7111346838654812,0.8342507391506814,0.3615134130858568
27.3,1.8186544769056883,2.5107376611087813,0.8327320340600073,1.3189589618587776,0.8308567588980186,0.8313675114481553,1.5845415935653666,0.04009794705339982,1.662572005030977,0.8278193405862257,0.8198648011675566,0.37975437911202364,1.8549901545735747,0.8970017120878813,0.8352511279070619,0.35425162331335847,1.5622773914660115,0.7631042008184471,0.8345512525639946,0.36366857028717847,1.7339095022915116,0.713696046429256,0.8377481294852818,0.3624306034909141
27.400000000000002,1.8253398763490385,2.519854537090445,0.8356945245681983,1.3241559188375305,0.8338275431091983,0.8343517776961866,1.5904081838617938,0.04021167927276829,1.668715222036194,0.8308163408463025,0.8258059605146848,0.3807395150696542,1.861860720678162,0.9003419412816476,0.8370960087840681,0.35767132962018144,1.5678686837104043,0.7657239389471514,0.8356177777578788,0.36391361944375344,1.7404239819271585,0.7162541779821345,0.8408697123903608,0.3632505563621733
27.5,1.8320265067126484,2.5289786266227,0.8387845633755008,1.32931588543396,0.836796658701647,0.8374248512986189,1.5962793234636279,0.04034133286222905,1.674848430506339,0.8337993449170612,0.8284607346608196,0.3823244560315,1.8687361712090556,0.903686933954607,0.8398649292580702,0.3573340390679869,1.573458266696016,0.7683405558504366,0.8381350068905457,0.36571302604175593,1.7469419731157185,0.7188213633913703,0.8451697585675783,0.3656966168944946
27.6,1.83871212187158,2.5380916883699185,0.8417302937937073,1.334141084352033,0.8397690708754085,0.8403755992165902,1.6021483620019055,0.039616130250118065,1.680968541200825,0.836757344692385,0.8297743063860251,0.38304091705784427,1.8756260963150027,0.9070278297665578,0.8443942538690289,0.3574558295520539,1.5790428774763892,0.770954646656566,0.8412961334038742,0.3679945049872312,1.7534659064612614,0.7213952674647035,0.8478357554420315,0.36728815434675477
27.7,1.8453910340287965,2.547209493724683,0.84470253266748,1.338733819141986,0.8427306569094866,0.8433649002437488,1.6080159689948215,0.0393364439928092,1.6870858553133747,0.8397209084002893,0.8357763024139295,0.382831518053691,1.882511711978729,0.9103335453058884,0.8455199894739417,0.3588741406454732,1.5846395480480298,0.7735608173453462,0.8431624704051561,0.36887220930309195,1.7599797708498166,0.7239754912985988,0.8508264570831081,0.3700009887647625
27.8,1.8520708947079327,2.556358288176595,0.8475431906918205,1.3438190512379746,0.8456873915597918,0.8463368749794549,1.6138871163122157,0.037347965051165076,1.693203968079813,0.8427098191093596,0.8366498189133296,0.3845963447451842,1.8894007130890238,0.9136587071221562,0.8491205671664821,0.36031038442451874,1.5902362147785178,0.7761779188719359,0.8479389734978471,0.3695349725578874,1.7664823231331614,0.726551579183163,0.8532635223567739,0.3710293937011948
27.900000000000002,1.8587556827460066,2.565530538183313,0.8503982323851643,1.3487670167607182,0.8486472413738287,0.8492337032763453,1.6197624358366955,0.03749166694529526,1.6993454292830203,0.845695677511386,0.8393154808743581,0.384629392568731,1.8962905982214675,0.9169950156559019,0.8533761041155223,0.3634286152602492,1.5958212153623168,0.7788247889604181,0.8497993742261853,0.3698741975536748,1.7729852328557183,0.7291232178810652,0.8560150360443884,0.3736281081943675
28.0,1.8654432170606003,2.5746782326780804,0.8535283459057869,1.3536814566489335,0.8516048791290347,0.852117827606057,1.6256416406432392,0.040337119012749875,1.7055083634960362,0.8486924103858396,0.839924597806128,0.38611760787357446,1.9031799399042533,0.9203347433100021,0.8564929248792934,0.3636807467873814,1.6014060300081308,0.781475871552076,0.8544985427409857,0.3713272820110519,1.7794768447273128,0.7316950509489456,0.8596382391930097,0.3756709220196066
28.1,1.8721308212989527,2.5838108963279223,0.8564150023938286,1.3589032637528293,0.8545630463646059,0.8550498029453186,1.6315216332229283,0.040372486040771816,1.7116732577588305,0.8517113427352707,0.842876248367382,0.38774078271427437,1.9100757986604755,0.9236831754395337,0.8603569743075106,0.3644432313010566,1.606996788862472,0.7841162843562447,0.8571826532164692,0.3727726046866624,1.7859392593161298,0.7342798004009993,0.8617478486236949,0.3767269114375973
28.2,1.8788219659221497,2.5929590363916795,0.8594292576141542,1.363645164671373,0.8575209464812472,0.858040397249946,1.637408383519921,0.0404937730434741,1.7178534136902037,0.8547325572893634,0.844029670444255,0.38754455875041127,1.9169884878552317,0.9270322634793229,0.864202029112843,0.36751912128423114,1.6125707282611088,0.7867652506078494,0.8619109341838778,0.3738082110687436,1.7923816132081143,0.7368687508080095,0.8641451722089265,0.3780417398611306
28.3,1.8855142990126512,2.602087408595563,0.8625023468569912,1.3687738753588288,0.8604802465359024,0.8610788885829377,1.6432968088218503,0.040465960179674444,1.7240488316292613,0.8577503260326902,0.8487188702423856,0.3902406595584978,1.9239147104988856,0.930372808699448,0.8676894742324309,0.36868333119295255,1.618125825223808,0.789411172418194,0.863389304966492,0.37501942749508377,1.7988223574293627,0.7394348749780836,0.8666966986348367,0.37857982548866015
28.400000000000002,1.8921974048836152,2.6112024539468246,0.8654538212812632,1.3736766549125894,0.8634410171838791,0.8639029601213123,1.649174118421172,0.04230596947902382,1.730237944119008,0.8607778319177674,0.8488327286971463,0.39215984838078877,1.9308375565969471,0.9337095998408372,0.87075455491811,0.3686161569050944,1.623658897673278,0.7920436706336856,0.8671675042240621,0.3764713115741966,1.8052591639743216,0.741985604100148,0.8712222409602669,0.38040336871448577
28.5,1.8988882149805275,2.6203231813303414,0.8683327367740027,1.3785433987803482,0.8664093448765187,0.8668705753461244,1.6550544664357347,0.041805791730676285,1.7364239874121068,0.8638132467666247,0.8514840509651448,0.39352296334375214,1.9377808992959054,0.9370590295156523,0.8745833706954229,0.3694148354620469,1.6291964088628688,0.7946634427824458,0.8699721497976597,0.3783245288236599,1.8117045563626857,0.7445351377394466,0.8736188003520423,0.38116337270423395
28.6,1.9055762493155501,2.6294856730426672,0.8716228548940904,1.3834683190577715,0.8693760768320598,0.8699171309872435,1.6609302470542704,0.044845547784869336,1.7426149928633063,0.8668186728056116,0.8561755941136846,0.3954295685625389,1.9447246655037163,0.9403912881911902,0.8770128813639362,0.36954711693523606,1.634739042301152,0.7972878432062191,0.8723506283104241,0.37826902749340735,1.8181534037741915,0.7470939855447251,0.8767323665716837,0.3854217997540835
28.7,1.9122515387653531,2.63866685614321,0.8745279849389436,1.3883823561521127,0.8723297378033139,0.8728610160622787,1.6668003157229028,0.04512012885868089,1.7488147476606961,0.869821453187853,0.8589851753160056,0.39830254063661336,1.9516546067240548,0.9437152925605797,0.8796990509669138,0.3701341092024462,1.6402472950199578,0.7999149597081036,0.8756777457676395,0.37929918971684284,1.8245961674922082,0.7496512422793027,0.8795053491316478,0.38662368996976626
28.8,1.918933592201843,2.647875991913118,0.8774047931867092,1.3931955750733436,0.8752894324733813,0.8758018247851551,1.6726756408663692,0.04443556045670695,1.7550339123637926,0.8728356884670861,0.8585328455124758,0.4008778044670239,1.95858519694058,0.9470163839449299,0.8858895224359875,0.3729003619793563,1.6457610731602301,0.8025501750187674,0.8797282987793714,0.3790838903173381,1.8310479343017494,0.7521878567089038,0.8813262249843608,0.3870165666777445
28.900000000000002,1.9256210400987235,2.6571506169840444,0.8804260244268185,1.3978661194451043,0.878254617075512,0.8787408807935018,1.6785529650497768,0.0447982260475537,1.7612551425784742,0.8758434578473951,0.8595924150678182,0.4009524856673695,1.9655254639101618,0.9503142669661016,0.8897889148658219,0.3742987406123583,1.6512870173001102,0.8052216097606062,0.8831373120849104,0.3828969138801859,1.8375051782612377,0.754696439806512,0.8847972018141126,0.38691734159582397
29.0,1.9323051563664517,2.666455207270898,0.8833505666579798,1.4027055431708386,0.8812119098335683,0.881625000786036,1.684428488086669,0.04638227949121611,1.7674579627958096,0.8788503958355757,0.8610018177480722,0.40266634734989987,1.9724665555880723,0.953613100837083,0.8925416356223728,0.377228756854029,1.6568148952536614,0.8078996176547624,0.8864152254337313,0.3832369571552647,1.8439684602828141,0.7572180197634887,0.8890372415559169,0.38819850853729027
29.1,1.9389911115710796,2.675774254657803,0.8863623195101995,1.407746395316422,0.8841688290758508,0.8846416280581838,1.6903062555450092,0.0457450818877448,1.7736694737469374,0.8818796540931002,0.8668481178797933,0.40526898197454875,1.9794098283091603,0.9568749364039575,0.8939818328755587,0.37692541875291385,1.6623374455279376,0.8105982826274312,0.888399143365165,0.38638480064472197,1.8504400243701489,0.7597211811357436,0.8918709938030611,0.3872924507127468
29.2,1.9456741575370375,2.685107391036029,0.8894461308629195,1.4127014902871564,0.8871216468122455,0.8876200300207934,1.696183686991341,0.046978689071889804,1.7798767548344938,0.8849209283443445,0.8671381994241371,0.4058016899740083,1.9863608422874859,0.9601407257870704,0.8991834842732697,0.37789134815703007,1.6678558507396652,0.8132895599465024,0.8917709321139725,0.39012958506640105,1.8569001037391506,0.7622225191516295,0.8950665352363097,0.3874015996054069
29.3,1.9523567487260323,2.6944594822235723,0.8922808823131158,1.417857561864341,0.8900747498825797,0.8905759373848868,1.7020613009968208,0.04508632268444891,1.786077917622535,0.8879607852916465,0.8692646184698946,0.4069906504774497,1.9933223044622774,0.9634102466966169,0.9020573596138048,0.3808186278385859,1.6733669408466152,0.8159856219308075,0.8949070166977572,0.3908874283994876,1.863363679299183,0.7647293791657837,0.8984895298868919,0.3877338331474394
29.400000000000002,1.9590336322230524,2.7037942978800977,0.8952196712525499,1.422901373042657,0.8930230734964646,0.8936189824664531,1.7079362628517436,0.04359360286763115,1.7922788599401627,0.8909958183673581,0.8721937908756227,0.4069665399305806,2.0002785004533474,0.9666840913623536,0.9063205996302937,0.381123308496076,1.678867597960108,0.8186857813947885,0.8967635006831435,0.3951304653761707,1.8698215612328979,0.7672544819384209,0.9014931365633844,0.387857102515948
29.5,1.9657032845765396,2.7131024726964452,0.8981039377543023,1.4279669231008436,0.8959652964930213,0.8965088993317849,1.7138067664185548,0.043828693537001376,1.7984709698101125,0.8940475217511087,0.8752671621441191,0.4089988748142695,2.0072424065679346,0.9699425616773159,0.9081613961532098,0.38242821690888434,1.6843518964848971,0.8213902551230012,0.8997923534248077,0.396120999400403,1.8762570958373508,0.7697883478317671,0.905082050275559,0.3891318607560617
29.6,1.9723689737805266,2.722366750062294,0.9011941713415823,1.4329325012539764,0.8989145388599337,0.8994860175180117,1.7196698224060873,0.04614402417432489,1.8046640255403337,0.8970938714615678,0.8792160725937954,0.4131611109320014,2.014197916244466,0.9732091454815702,0.9094451219951057,0.3829638506541257,1.6898440296888082,0.8240950500863535,0.9017540627858125,0.39816257604013144,1.8826780014244104,0.7723206594299645,0.9099976456601041,0.38864166474555795
29.7,1.9790411918321946,2.731660842157765,0.9040427590880388,1.4380007144009779,0.9018691172295925,0.9024444045489066,1.7255376663449495,0.045339687821768,1.8108642835091557,0.9001428690158394,0.8834614017170885,0.41426294334934866,2.0211440000705836,0.9764894001114165,0.9133662415164994,0.3840287864178604,1.6953468548879436,0.8268010271964918,0.9053271665614118,0.400159533096916,1.8891162503521162,0.7748671626279863,0.9099458115444087,0.3897650159044268
29.8,1.9857153614485306,2.740989945189978,0.9071428973794218,1.4432647469378896,0.9048176463309453,0.9054917778912855,1.7314115956046567,0.04677679060910893,1.8170609404115237,0.9031831857175295,0.8884293503228818,0.4162419600955561,2.028095028470771,0.9797656323326863,0.9159251691893973,0.3863876767249931,1.7008615283512352,0.8295240765637135,0.9072394483401964,0.3998425304728812,1.895553275957737,0.777415476695448,0.912814316337062,0.3924236812687856
29.900000000000002,1.9923910476497653,2.75035690755167,0.9100813991873384,1.4483573190985997,0.9077723432461372,0.9084825383568568,1.7372837739605018,0.04718052450419523,1.8232436371686347,0.9062380485713527,0.8932887845176751,0.4147237699044368,2.0350493844347146,0.9830391278724274,0.9175922761586783,0.38920669662127283,1.7064083448151262,0.8322521218523857,0.9086332392344325,0.4021618161034133,1.9019672201199564,0.7799645378585364,0.9167619261239291,0.39420056972223394
30.0,1.9990685850261751,2.7597735012157654,0.9130802396356694,1.453084480538287,0.9107260134175214,0.9114872835107928,1.7431580464521201,0.047137451791254684,1.8294298153978938,0.9093014998137527,0.8966595775787942,0.411662951582887,2.0420075904907464,0.9863073194656148,0.921887392210969,0.39336514067099493,1.7119728844046527,0.8349918450545607,0.9107553333321192,0.4045038416586199,1.9083643790637077,0.782517077505629,0.9191511924636974,0.3959144881553679
30.1,2.0057540432034324,2.769226006150242,0.9161665345237425,1.4580689851431907,0.9136789326718355,0.9144289605020175,1.7490424162438831,0.04976931523348831,1.8356323367144995,0.9123590468657827,0.899043356088756,0.4136509949488578,2.0489726803159054,0.9895708727557443,0.9245058884374379,0.39678062180716545,1.717558384644167,0.8377453021115173,0.9144666877932597,0.40463204642423584,1.9147566134866927,0.785058697469859,0.9225075775085715,0.3968919998190342
30.2,2.012451428504328,2.778670625155548,0.9193419496042754,1.4629619138772592,0.9166403477263882,0.9174639627813251,1.7549364666286666,0.05073521963365355,1.8418473304849836,0.9154116882824305,0.904219597352313,0.4131491088555229,2.055956007648839,0.9928422438854776,0.9264768025371467,0.3980458848022995,1.7231584185193705,0.8404856009553332,0.9165037063112675,0.40811764470882894,1.9211496401698018,0.7876032103052092,0.925794771909478,0.39641682197835665
30.3,2.0191505220294643,2.7881115403286687,0.9222984613291516,1.467760816308373,0.9196086093299762,0.9203891470186913,1.7608303499554219,0.051487562538360995,1.848061958429493,0.9184662254110979,0.9029735978838577,0.41549646629333375,2.0629392093552537,0.996137810484749,0.9316602130733397,0.3987451988157762,1.7287622135144622,0.8432050092457242,0.9212112272848889,0.41106210371301,1.9275384125060946,0.7901388711110546,0.9288117569095841,0.3959209486584957
30.400000000000002,2.0258675869699925,2.7975650829628926,0.9251140819990917,1.4726177678107315,0.922580611585234,0.9233285319024425,1.766743283450981,0.049794227272627486,1.8542972180836295,0.9215195630130382,0.9096899011096674,0.4142759154716835,2.069938741775824,0.9994300943226191,0.9317794589969977,0.4001095353591862,1.7343752057378012,0.8459337712110289,0.922838891528601,0.4131471994776146,1.9339467981153913,0.7926735804507338,0.9320367733125913,0.39766121262228743
30.5,2.0325849770586624,2.807018216330621,0.9277762508768632,1.477422602277622,0.9255534690627414,0.9261215888180603,1.7726558063495161,0.04902656637419481,1.86054596583996,0.9245737600909723,0.9142066052460283,0.4136263662564149,2.076933720760292,1.0027119811212484,0.931567192336989,0.40263198831241404,1.7399927162051025,0.8486745269748056,0.9262332989368838,0.4147890767206008,1.9403521733741207,0.7951891186240022,0.9351904919369727,0.3998731629000064
30.6,2.039307633843588,2.8164441602315495,0.930790482918149,1.4822901799905552,0.9285259495800421,0.9290381581398132,1.778574600317842,0.04919270368965581,1.8668000304681436,0.9276355408495821,0.9180685215079007,0.41576329752967844,2.083936888335819,1.0059794242011206,0.933791235107287,0.40407471442808957,1.745611109704167,0.8514168090416866,0.9283511688082182,0.4166493398447687,1.9467593212529255,0.7977017266942555,0.9388056014057783,0.39957075038120893
30.7,2.0460398509096067,2.8258758725940893,0.9336681161723324,1.4872706613331221,0.9315007994931952,0.9319705349456594,1.7845029981477318,0.04912549716159394,1.8730727497195279,0.9306893507952918,0.9220965054583103,0.4163110532013887,2.0909271347804697,1.0092456557046603,0.9364107766747815,0.4066051830520539,1.7512419369542165,0.8541648709471604,0.9309072438543172,0.4168827362601024,1.9531821083518697,0.8002402500216773,0.9411997708507623,0.40244386962191014
30.8,2.0527651881133835,2.835255928895299,0.9366578328726195,1.4919952061321669,0.9344683033534888,0.9350216457417211,1.7904270983007105,0.04770591356691119,1.8793396695327096,0.9337611420054414,0.9259461796456302,0.41374382576185403,2.0979097343715707,1.0124916549143117,0.9399254931568594,0.40903294008903557,1.756859198754856,0.8569205333602946,0.9327363933814423,0.4200116928816632,1.9596008765530697,0.8027614644481733,0.9441943692777919,0.40394613612282376
30.900000000000002,2.059488211355189,2.8446293212121927,0.9396214191188319,1.4968556132646864,0.9374360309982226,0.9377941782098593,1.7963493213291002,0.05024715468291411,1.885608754366371,0.9368410470411641,0.9260540028757684,0.41696936687515335,2.1048805728441224,1.0157380279797215,0.9435566880769095,0.4096915041398037,1.7624795196584455,0.859670457904923,0.938761997592717,0.4218484442715441,1.9660159551833387,0.8052790057869523,0.9456559784853364,0.4043924747498961
31.0,2.0662132128776247,2.854002525396513,0.9424841039777837,1.501982668324509,0.9404116689327392,0.9407189297561811,1.8022695499360382,0.05081409356154544,1.8918685976707805,0.9399169767422846,0.9303595470060702,0.42251567795348693,2.1118469117269183,1.018984162971069,0.9454378415512542,0.4111298835329442,1.7680979752836439,0.8624283793656605,0.9427614937778817,0.4213031838776889,1.972450498438977,0.8077882796651712,0.9470939549721995,0.40429769234307616
31.1,2.0729318827284673,2.8633749733477543,0.945224230316359,1.5068310824446678,0.9433790936264057,0.9435640221197591,1.808186831610572,0.049264608185062016,1.8980979817575008,0.942980377271807,0.9348598379025583,0.4250042816137174,2.1188187262420275,1.0222302373738121,0.9461237178707821,0.41188158934777214,1.773713784885468,0.8651791600374998,0.9454296516270067,0.42179463007574863,1.9788808160802467,0.8102996347209761,0.9503096917731064,0.40587317305076503
31.2,2.079647315801129,2.8727463097149544,0.9479833473740251,1.5117444564935438,0.9463416733714023,0.9465178373237089,1.8141044864750486,0.04531440653705942,1.9042961453821843,0.9460167476345003,0.9356908201154719,0.42387443954391507,2.125795825258041,1.025494499929648,0.9496428094132952,0.41405390987704394,1.7793296734357462,0.8679509691377619,0.9481328031710339,0.42348442240653655,1.985314777371634,0.8128132481961026,0.9547671133427107,0.4074536610442656
31.3,2.086362551496437,2.882136858155712,0.9508820374980435,1.516483574886802,0.9493066504495259,0.9493788223863856,1.8200206374830556,0.045013863517625693,1.9104858104813023,0.9490390416676784,0.9418598902921886,0.42302194245560487,2.1327900229935595,1.0287682124596775,0.9505540731408539,0.41682483889731914,1.7849462749867608,0.8707182485920469,0.9497857622979933,0.42648540878233104,1.991748214299618,0.8153398017976285,0.9575584423841453,0.4071502575614743
31.400000000000002,2.0930807999324843,2.8915216873913634,0.9541816542265578,1.521361115621946,0.952272978935316,0.9523845783960958,1.8259403340673406,0.04950125614704594,1.9166883402878465,0.9520634371298033,0.9439225164454832,0.42238833030168776,2.1397953166935593,1.0320474785001112,0.9544064455180822,0.42014294192396284,1.7905613818148933,0.8734992778769867,0.9542007952935754,0.42748616945685564,1.9981679227155085,0.8178749417985269,0.959676254967668,0.41071223827982206
31.5,2.099810214152921,2.9008910508237777,0.9569697109532666,1.5260958666257936,0.9552424470257408,0.9552526690512492,1.831873330042611,0.048970649651562975,1.9228934463197558,0.9550799569806239,0.9506949240598814,0.42910447459171674,2.1468147050061175,1.035313147343794,0.9538135563487321,0.41835225881160326,1.7961847172616685,0.8762673172152913,0.957435099667231,0.43094446545898013,2.004605644493236,0.8204115956628567,0.9613610658977043,0.4077232957766838
31.6,2.106553687345279,2.910266331455787,0.9597208210802286,1.5309750412647223,0.9582171171890653,0.958245614874565,1.837822304589037,0.04661968304144205,1.9291168541248798,0.9581102629678389,0.9488173766057599,0.4261683722539409,2.153841863532162,1.0385839992113832,0.9607516455063735,0.42195666561971146,1.801821954402918,0.8790238861447096,0.9601463820222473,0.43041692300015527,2.011049116983211,0.8229606653151602,0.965548981021915,0.411352899136566
31.7,2.113297475377739,2.919672388686397,0.9625210657638886,1.5364379885884747,0.9611967434631856,0.9610669675509328,1.843770207360737,0.04650501697029428,1.9353405703469329,0.9611537457225183,0.9566927702883152,0.42809292160941165,2.160869209304715,1.0418673707581088,0.960355290494085,0.4232883143240912,1.8074363768660242,0.8817642903857957,0.9626478504187993,0.43128617387349283,2.0175098300494314,0.8255259756578256,0.9669210064924127,0.4137973719374152
31.8,2.1200358706726727,2.929123262172171,0.9655646983191609,1.5410946135621342,0.9641682527479197,0.9640593846056026,1.8497182780548111,0.04724273356317432,1.9415767367131544,0.9641786533199853,0.9589939901456221,0.4316911332222329,2.1678847607765004,1.0451603395525153,0.963918470858046,0.42512774093670924,1.81304326009626,0.8845093357539906,0.9660980326112639,0.4328509021183745,2.023961279740356,0.8280976444476656,0.9694467148968776,0.4139744691183155
31.900000000000002,2.126768429332882,2.938615723994542,0.9683569793240941,1.545717969303968,0.9671382778759833,0.9670555371788698,1.855661023973426,0.04330353319330243,1.9478151575489178,0.967192338396385,0.9644842334795728,0.4306153010334174,2.1748885016961994,1.0484567561272071,0.965931555315899,0.4263529133785986,1.818651196982239,0.8872698784893497,0.9674130092218164,0.4336264595461725,2.030394386386969,0.8306795770759469,0.9722830978021169,0.41592284746889957
32.0,2.1334971719575684,2.948113149118043,0.9712743413777168,1.550632013480937,0.9701006632274274,0.9700160468046495,1.861602616992257,0.04211736629334362,1.9540357095283458,0.9702259253465269,0.9655938926430366,0.431569347053556,2.181893366325281,1.0517386609965715,0.9707644109478242,0.4276934601700568,1.8242748881990547,0.8900203716965354,0.9690653687642341,0.4364463373860187,2.0368164987826525,0.8332679424864787,0.9764695467023561,0.4152359662885254
32.1,2.1402329533917004,2.9575844523942436,0.9745496574889602,1.555644299936455,0.9730666871542001,0.9730809361257006,1.8675506172162497,0.044568871135881045,1.960267227448045,0.9732606604282855,0.9718313930337212,0.42955366054647837,2.188903922246376,1.0550296236562482,0.9737220518957047,0.43330653130572583,1.8299155459463896,0.8927623204385496,0.9723397109676146,0.43549132850498024,2.0432338815205386,0.8358451055537974,0.9766355962180382,0.41885060364670923
32.2,2.1469783328701975,2.967051576963173,0.9775609415437326,1.5605507946857409,0.9760317510777133,0.97610165554751,1.8735112612456941,0.04425324450247579,1.966505813374924,0.9762868127205853,0.9741816703400165,0.43035983975432096,2.1959272677143646,1.0583363805449288,0.977676033773861,0.43410954245770766,1.8355746775435762,0.8955104005084972,0.9753196866641025,0.4361312007922573,2.0496435391521954,0.8384268660901047,0.9797961045765797,0.42143061603613613
32.3,2.1537169435319234,2.9764975448938813,0.9805223959361642,1.5655873975257273,0.9789964819334152,0.9792462392131724,1.8794642027578292,0.04164593903568929,1.9727494684969593,0.9792932480734429,0.9811045919947732,0.43189710859614944,2.2029286282651754,1.0616608388099338,0.9799864009601714,0.43481380821493026,1.8412430961977428,0.8982666275482121,0.9768023393794211,0.43791043484794967,2.05603371256679,0.8409921922911853,0.9812314158601401,0.42230035078438527
32.4,2.1604586939472843,2.9859535721014363,0.9834089977598893,1.570472997371862,0.9819618408532493,0.9821626159390819,1.8854195375192653,0.04161463758311365,1.9789859928321658,0.9822997475563575,0.9836198104799744,0.4316780129356018,2.2099293901168116,1.065002049550576,0.983480465213755,0.4353766521023603,1.8469198685490824,0.9010450150879165,0.979963394143543,0.43938615193609265,2.0624184678430018,0.8435477366571413,0.9840377458875036,0.4248947791335512
32.5,2.167206609907384,2.995458489285767,0.9862792680090342,1.5754619955787825,0.984933440822965,0.9851133089486186,1.8913778080393597,0.04215887205440575,1.9852239446103443,0.9853175661053143,0.9862966594811076,0.4349607012338671,2.216924158313294,1.0683311038279153,0.9867239178829552,0.4356657458336601,1.8526235119570487,0.9038380048040389,0.9831745632525142,0.4388854866645585,2.068803666245558,0.8461080098606573,0.9864273043947562,0.42761208596392686
32.6,2.1739678385301127,3.0049817420270553,0.9894170787295288,1.580473043144289,0.9879130147743705,0.987954356603795,1.8973474344889305,0.04853915510679261,1.9914706164036917,0.9883356238537228,0.9872647247175521,0.43598122222395636,2.2239252373921463,1.0716537854042418,0.9899444018688195,0.4394627846325847,1.8583497961218995,0.9066404232621283,0.9879201606998322,0.4383291165177481,2.075204265003273,0.8486643223356622,0.989308316924394,0.43135016004236687
32.7,2.1807282388900986,3.014518393253486,0.9923806787903627,1.5853552803861106,0.9908959351715761,0.99086841288239,1.903314639895724,0.05044952082856656,1.997682447773886,0.9913766845276089,0.9967891795854186,0.4368341444513694,2.2309281601291167,1.0749761902227613,0.9880400810996564,0.4413139946904054,1.864073969733378,0.9094547014476464,0.9911572456759407,0.43963199157335087,2.081617374320085,0.8512186712047568,0.9903676576781443,0.4328790969454361
32.8,2.187484022568922,3.0240465683243616,0.9954473473812022,1.5902797317323134,0.9938841115038393,0.9936960509947175,1.9092723051174847,0.05311557439569249,2.0038637608598653,0.9944375299644684,1.0030135972141108,0.43634419052982726,2.237936702418696,1.0782897654891797,0.9890946847428894,0.4430142658727006,1.8697941654363,0.9122632929590686,0.9936613861648917,0.4423847280667698,2.0880315665565172,0.8537715025294229,0.9924464169719123,0.43424436264934324
32.9,2.1942457520679324,3.033555242091063,0.9985738019684861,1.595239400276636,0.9968816772359675,0.996932201480402,1.9152308234901212,0.051147756007808555,2.0100500578156533,0.9974892553472682,1.0024073982500314,0.44016746188514744,2.244959672566714,1.0815989278053473,0.9966605006812717,0.44328555166424133,1.8755300618085475,0.9150638752187942,0.996202048783891,0.44306966129904435,2.094447444304782,0.8563186048676191,0.995790841515477,0.43492260718371223
33.0,2.2010092984784424,3.043054693216147,1.0016014009036875,1.6004052513800153,0.9998829023103829,0.9999419482220941,1.9211873074072752,0.05123409780379642,2.016235504979406,1.000540950352495,1.000010376846752,0.44398695875319594,2.2519867918489758,1.0849025103769616,1.0039113872506076,0.441988716667675,1.8812555749488813,0.917850390694401,0.9990765268194082,0.44427893390469503,2.100885095480471,0.8588724196815973,1.000186982768791,0.43621788005906587
33.1,2.2077752822183663,3.052565087592633,1.0044726743691554,1.605341483744527,1.0028827031959175,1.0030501969436962,1.9271459004512106,0.04795951482580008,2.0224180945856682,1.0035898939308407,1.0034293704324804,0.44510358917206105,2.2590234434859164,1.0882117671486606,1.0076419424111553,0.4441145044137705,1.8869717646039583,0.9206521187260013,1.0015783601889656,0.44519019450946523,2.1073297416484,0.8614191163791199,1.002572939849506,0.43694803293534
33.2,2.2145417847225612,3.0620441899462847,1.0073510097535854,1.6100195444449628,1.00588424072145,1.0061372686622654,1.933104129393627,0.04413227455928749,2.028596506023777,1.0066448469448837,1.0032424661063764,0.4445819013102688,2.2660455212734587,1.0915223562661123,1.01351625067231,0.4454226566678416,1.8926950112705405,0.9234552692462772,1.003599408378789,0.4460715259975087,2.113777388557294,0.8639571948203791,1.0068522714946901,0.4394422555374453
33.3,2.2213073569286705,3.071541865812863,1.0103688704620044,1.6146644836881858,1.0088897950831737,1.009261601575061,1.9390570899799098,0.04166301683824579,2.0347816278436346,1.0097085745634673,0.9987696677541186,0.4407894135542764,2.2730590440268994,1.0948534180743839,1.0217773642071346,0.450261180347471,1.8984195506492945,0.9262571904814765,1.0054378872918923,0.4475663463971424,2.1202131602948624,0.866484368453289,1.0134732676304596,0.44284535156953625
33.4,2.2280767017736736,3.0810493743882765,1.013384931750964,1.6194604327347446,1.0119039446944516,1.0123128172566882,1.9450094678004697,0.04129971521979654,2.040978370493029,1.01277724507601,1.0039181284500431,0.44131363848447547,2.2800645559335324,1.0981981289938911,1.0234125634970461,0.45314400939592525,1.904139588367909,0.9290700827780978,1.0081455626542004,0.4478369536902544,2.126654297073423,0.8690096568121612,1.0160605979284782,0.44509611187762893
33.5,2.234838908178417,3.0905440446455046,1.0163366888710532,1.624318141552142,1.0149190396153003,1.0153024933323092,1.9509542638627415,0.03988340983338449,2.0471729755897075,1.015852699507825,1.0086629910470815,0.4444578453377594,2.287057153772438,1.1015463983075635,1.0263460456872324,0.45193579174106424,1.9098352922747437,0.931883957936636,1.0113807600093339,0.449909343095892,2.1330948338220765,0.8715262153687772,1.0170983187846485,0.4447193878041747
33.6,2.2416073021486618,3.100058592402753,1.0192277780257086,1.6290619753609175,1.0179407043111195,1.0182874582282992,1.9569013472607204,0.03914896147845996,2.0533676569911146,1.0189158096567286,1.0154431893398697,0.44413446881888247,2.294054536254133,1.1048837539105534,1.0252889101726517,0.4544387072408596,1.9155423617697902,0.9347037196358733,1.0150392936497399,0.4523511435668096,2.139550165844166,0.8740239610165331,1.0192674863737023,0.44584627138000843
33.7,2.248373977082279,3.109582975784543,1.0221832106276951,1.6340491279984481,1.0209639677820583,1.021253300662166,1.96284631848788,0.039141765485584464,2.0595645954042716,1.021976577011694,1.0182244339306084,0.44520504317367654,2.3010566823081495,1.1082138304539906,1.0278226773517356,0.4564665322908324,1.9212485669416037,0.9375232209108251,1.0183442040869548,0.4535611624400218,2.146002999141642,0.876502593418755,1.0224942552986858,0.44698049306582255
33.8,2.255143431155497,3.1191541199524098,1.0251769070349208,1.6387656236212313,1.0239885015733587,1.0242995058242834,1.968793143947861,0.03830917172994314,2.0657813830474936,1.0250512586857345,1.0210491749511004,0.4437077110724865,2.3080595049374315,1.111538426991691,1.0316067124789075,0.45659454958810725,1.9269481689766006,0.9403520010310913,1.0226720747454465,0.456915967210662,2.1524470213835665,0.8789921249108347,1.0234297187141905,0.44899460004441843
33.9,2.2619030842610135,3.1286916116557806,1.028124426863771,1.6434779564149333,1.0270117750271808,1.0272098326543735,1.9747291097841022,0.03894959564562246,2.072007416274642,1.0281369674947882,1.0220964146135665,0.44422417273740566,2.315048870159554,1.1148520974969813,1.035338281447356,0.4582838220000084,1.9326439282574703,0.9431616431868939,1.0263169163084096,0.4575956258184851,2.158864369784456,0.8814932498146286,1.0268113012024476,0.4512380369756051
34.0,2.2686624876348627,3.138236669814837,1.0311407276008937,1.6480102208857321,1.0300339475629239,1.0302497868638716,1.9806666584149688,0.03854037747232472,2.0782390846267838,1.0312222772970216,1.026793861125112,0.4440154867729155,2.3220304959454507,1.1181614864623828,1.0355941762556506,0.4575687083943288,1.938338350950716,0.9459683896736746,1.0285880313352727,0.4606047798285593,2.165285261041052,0.8840013709251892,1.031658414911354,0.4532219373040716
34.1,2.2754211291054767,3.147780898305905,1.0341442424226104,1.6530864679239818,1.0330614573365513,1.0333293276240172,1.9866004889108262,0.03744737738032411,2.084471958476614,1.0343079385349472,1.0334624459021762,0.4509648701072859,2.3289830418899,1.121474005564554,1.0340276764187846,0.45371195081114485,1.9440370811692023,0.9487645609479997,1.0308082986083045,0.4620933932220412,2.1717276114331545,0.8865094654310454,1.0365494613109205,0.4540613816567179
34.2,2.28218100890581,3.1573046876899324,1.0371335185230708,1.657646403508765,1.036096847157209,1.0363841356505241,1.9925297135862035,0.035729188814926136,2.0907189952695444,1.037380218244045,1.037975275409773,0.4538891462667363,2.3359293566478287,1.1247791340098008,1.0351322326333885,0.4539664574932968,1.94973319455468,0.9515564696711403,1.034508182786106,0.4644768356551571,2.178181837294537,0.8890076926476662,1.0393333752807543,0.4529254281095021
34.300000000000004,2.2889396928398615,3.1668169800999424,1.0401765286004827,1.6623690803101976,1.0391387365427238,1.0392864846708585,1.9984550169502668,0.0382605308998942,2.0969690559039615,1.040469206494848,1.0397468843314752,0.45376010123743266,2.3428850986604575,1.1280596918495305,1.039223529155809,0.4556305515371045,1.9553984492858987,0.9543578654525889,1.0368287559201048,0.46575146130981276,2.1846406650593884,0.8915205653705521,1.0430147252560462,0.45619420068089755
34.4,2.2956962365756306,3.1763350574407356,1.0431120884644995,1.667294601808824,1.0421742768454774,1.0422686734865843,2.0043818241720524,0.035341198247155065,2.103209264245109,1.043577459098075,1.0467241373812848,0.4529099676702158,2.349847569797899,1.131310374599242,1.0390188315545152,0.4597663079082254,1.9610463092473513,0.9571664882800243,1.0381950527609987,0.46620314592314216,2.1911036557523667,0.8940490734859855,1.0464247178676886,0.4574877910859002
34.5,2.3024450324076686,3.185853937630527,1.046040948490021,1.6725309490661038,1.0452043533387285,1.045326897267225,2.010303321325749,0.03366922738123283,2.109440052713554,1.046679694497464,1.0520098513766638,0.4580510008713363,2.3567915681004123,1.1345369573110398,1.041110039403303,0.45989266593578937,1.9666822353993552,0.9599788397724112,1.0413511620451301,0.4664334664677331,2.197579843164403,0.8965809717473361,1.0479385549115119,0.4567546154869741
34.6,2.3091908247759694,3.195372299627113,1.0489536198142226,1.6775977947094802,1.0482360679438008,1.048233994709133,2.0162206933708364,0.033159618367184764,2.1156623205880525,1.0497782609796507,1.0551371066301223,0.4578657170522748,2.3637325553433497,1.1377584406644465,1.041154428866228,0.46422471508516866,1.9723201522483884,0.962790715233815,1.0449178555080536,0.46717498934126866,2.2040599195918973,0.8991137896872664,1.0529114954321415,0.45751926700105644
34.7,2.315943843739475,3.204906330287355,1.0520631725395844,1.682200017378365,1.051274414642153,1.0513146058818923,2.022142131997219,0.03433386707632706,2.1218806999332336,1.052865541479658,1.0617683517768102,0.4591638316851021,2.370678642576009,1.1409910217598411,1.041910751706618,0.4630759057976371,1.9779784408515049,0.9655844561824756,1.0477460424592124,0.46854106742939267,2.2105481828061757,0.9016551058510229,1.05511402418735,0.46074691877679264
34.800000000000004,2.322694012477913,3.2144287479133373,1.0549119932103355,1.68670585978572,1.0543166662599626,1.0542040988326786,2.0280564511513988,0.03266266862091473,2.1280774917216414,1.0559446130723322,1.0586137694300575,0.4592881107199182,2.377615809347347,1.144236766661097,1.0464038051383626,0.4629947095136972,1.983653885032379,0.9683859938586898,1.0529110722936468,0.4724682323297274,2.2170420698701347,0.9041812855021295,1.0600844451104117,0.4614534072145417
34.9,2.3294452764904685,3.2239295491996534,1.0579749464029016,1.6916234116163549,1.057355024747228,1.057284778122718,2.0339739666145453,0.03285317954816565,2.1342635953609617,1.0590148605123695,1.058117740283591,0.4621106112557917,2.3845668096757238,1.1474885726317863,1.050596422049504,0.4611376090886107,1.9893231358950132,0.971196406155193,1.057346683859959,0.47636098701382995,2.2235438814361723,0.9067124926913718,1.0642870828057216,0.4622758088979782
35.0,2.3361979277631106,3.233442651031112,1.061094367949476,1.696357060212137,1.0604043155590133,1.0602581909921724,2.039888429677341,0.03473859721143134,2.140473998019609,1.0620714295520879,1.0615851543331902,0.4649268976736736,2.3914987680477324,1.1507534005752507,1.0527353568114497,0.46100325648633333,1.994971468535286,0.9740315823451834,1.0596055467878613,0.47713782933914145,2.2300596977171483,0.909229779905558,1.0686373328570613,0.4632928695497331
35.1,2.342953415095027,3.2429545311518035,1.0641235086264245,1.7012215261196106,1.063458030953673,1.0633220706728888,2.0458038165673544,0.03459897708432303,2.146692372700381,1.0651303098125253,1.0641886722756753,0.46602106554492634,2.398427504431301,1.1540312995011737,1.0561665583831745,0.4602920092259775,2.0006102679916817,0.9768677308518157,1.0645941074542422,0.4785757090777882,2.2365879637835415,0.9117398979845251,1.0699035506893348,0.46623253428206823
35.2,2.349709379971447,3.2524600410007145,1.0674416057435578,1.706597422460088,1.0665076230587753,1.066605832793912,2.0517210478696755,0.036178935660185915,2.152928358184148,1.0682020321364685,1.0688340862877463,0.4660354001832606,2.405345798090232,1.1573135559076664,1.0615357465576283,0.46169390324695636,2.0062457286776127,0.9796974352797244,1.0666559498003498,0.48160854076384463,2.2431118046283345,0.9142458536489796,1.0710092381967633,0.46775499526937864
35.300000000000004,2.3564713223642952,3.261933666822525,1.070376980145755,1.712119216526456,1.0695657671425676,1.0696055639433395,2.0576397533221,0.0352081293487949,2.159184357634481,1.0712865493587154,1.0681320619025063,0.4731759669299856,2.412252527887783,1.1605924883058971,1.0658029238657083,0.46329160069421454,2.0118832269430924,0.9825228520188788,1.0712424639601017,0.481361344744333,2.249651136577056,0.9167530992650507,1.0745327710990717,0.46537599027430365
35.4,2.363228350227379,3.271379495139953,1.073419196241371,1.7166272265476112,1.0726276148702178,1.072757846917562,2.0635517323334023,0.03354364884261818,2.1654362990014713,1.0743687285279624,1.0697236037809346,0.4716375068192558,2.41916823205987,1.163879931726581,1.0712281492009201,0.4677906205233879,2.017508910535598,0.9853344975127317,1.0744312708705808,0.4821658478166359,2.256167715436205,0.9192583754490907,1.0767269784716125,0.46707237074189584
35.5,2.369991178923493,3.2808273841376137,1.076362339326215,1.7207018276724524,1.0756982697997661,1.0756948998866354,2.06946351112101,0.03342813063638757,2.1716691374135815,1.0774403910808639,1.071882499740111,0.47154906408686514,2.4261149445653922,1.1671704337232265,1.0735422536734764,0.47130327001407807,2.0231541133872017,0.9881333703558629,1.0780735175867138,0.48268755404199487,2.2626839290270384,0.9217494594939188,1.0804298734528663,0.4681135570175054
35.6,2.3767561627545963,3.29024439239185,1.0796254178248221,1.7259800967497465,1.0787720595342556,1.0788959243055771,2.075374959016893,0.03540311893623783,2.177897550105973,1.0805130361204667,1.07707575735746,0.47844216957228836,2.4330498855004046,1.1704508942781393,1.0762493342799888,0.47090492507385867,2.0288294775748077,0.9909318115234819,1.081554965615448,0.48200674090005563,2.2692014364462434,0.9242239608834786,1.0818866682449988,0.46797781269824773
35.7,2.383520730745414,3.2996773490954374,1.0825632387093636,1.7303167920192197,1.081855513258197,1.0818584797503112,2.081281407090747,0.03400786505524676,2.1841257525184776,1.0835802995123764,1.0790523159086496,0.48108539538525485,2.4399670153122104,1.1737155400355828,1.0815498089553697,0.4698232773145137,2.03450892337319,0.9937280869804997,1.0822159122585346,0.48287926013607524,2.2757438514331954,0.9266933016236789,1.085828018763316,0.4695193590376485
35.800000000000004,2.3902765126066443,3.3091082006588617,1.0856497608447477,1.735057780138814,1.0849322851887953,1.0849339580628699,2.087181279458547,0.033650667161374416,2.190344787225446,1.086646408309005,1.0828746104577818,0.48214250375686113,2.446864531487664,1.1769558941534446,1.0835749253912195,0.47158998101239297,2.040183647801512,0.9965261834186436,1.0855610493124623,0.4820940812745668,2.2822952276772113,0.9291640031903282,1.0889976195104505,0.472329975522253
35.9,2.397028191977216,3.318485086478073,1.0888116336399283,1.7394553263610193,1.088002931900607,1.088030016735857,2.093079460579071,0.035306268469355584,2.1965706653266905,1.0897134802507051,1.084081259439086,0.48486718002017093,2.4537441796670953,1.180185267654421,1.0881621297235453,0.47243517237715243,2.045873231708348,0.9993160073158418,1.0881723492321873,0.4842746383629765,2.2888347536985085,0.9316374905823019,1.0931006011045736,0.47210362742621687
36.0,2.403783492181515,3.3278318158605202,1.0919423290023227,1.7444934927728157,1.0910696249464298,1.0911735437258279,2.098985020157005,0.03579172412879676,2.202816744771701,1.0927806647735487,1.0886524006365688,0.48466973610384856,2.460619369253754,1.1834125551250827,1.0908502654663719,0.4762820692356509,2.0515671182062936,1.0021029914586508,1.0918100196057936,0.48500712760069686,2.2953695689612803,0.9341176963565011,1.0947071533914172,0.4738601453203888
36.1,2.4105416513124034,3.337209873840519,1.0949444654043607,1.7488813367944047,1.094132210712835,1.0942889670107716,2.1048961342297225,0.03333462021469667,2.2090637836180074,1.0958577957122608,1.0928355498055822,0.4849897219595631,2.4675036644696173,1.1866330978176052,1.0948988447601462,0.47769942199557325,2.0572634137124144,1.0048791899228706,1.0938856421857919,0.4859489779335178,2.3019048614105846,0.9365934007883366,1.0966996616592097,0.4752013635737759
36.2,2.4173065458219734,3.3466193445830488,1.0977656315334605,1.7533312005085473,1.0971970510499471,1.097163923565487,2.1108149537300998,0.03166872142638957,2.2153117871150565,1.098944888365264,1.0950786783643813,0.48327211382669255,2.4744023836488127,1.189851472681044,1.0974053865612763,0.4809345575537323,2.062952632460304,1.0076466055275066,1.0968641892777933,0.48824969539515617,2.308461795170003,0.9390477211947115,1.1004012288591154,0.47649261309451607
36.300000000000004,2.4240706375284438,3.3560255990172942,1.1007666940204277,1.7580439195843238,1.1002561269245095,1.1002324926312943,2.1167372543886644,0.030191484677204873,2.221561659489967,1.1020264577678192,1.0986163590982125,0.4845736687880949,2.4812925844938998,1.1930593432926913,1.098855576855621,0.4816072427996104,2.068654384117539,1.0104082872426514,1.1005713645790998,0.49022851539262624,2.315025631229659,0.9414985541903105,1.1038527620016103,0.4775233001175858
36.4,2.430830151016111,3.365419745044352,1.103909681215817,1.76262065544497,1.1033118205661834,1.1033835579224234,2.1226584012094922,0.029840012977322118,2.2278123359930593,1.1050972816790536,1.1048996738940795,0.4842681437183192,2.488175682659933,1.1962562311149936,1.101588139159239,0.4838578849974205,2.0743440864904312,1.0131750623712639,1.1027700383859371,0.491597038835336,2.321582763044792,0.9439631504949576,1.1052187315734947,0.47937848684101914
36.5,2.4375839844256166,3.3748186508877023,1.106870653237415,1.767271098680628,1.1063591181570493,1.1063388395819014,2.1285781368974295,0.029833244844294643,2.2340504202939795,1.108162401956625,1.1065153890582722,0.4852273740952077,2.495056402606152,1.1994554368103496,1.104607879856404,0.4856750098630379,2.0800236472425118,1.015939752968756,1.1059606118531273,0.49315159334054887,2.328138982503192,0.9464321907046375,1.1092739268238296,0.48065335804198467
36.6,2.4443406045616274,3.3842341912266356,1.1099890976437343,1.7722352497972058,1.1094057557720158,1.109413000851085,2.1345022544663,0.030605548170760992,2.240270863564645,1.1112187058711431,1.1141224381189958,0.4873783127514025,2.501961682020285,1.2026696630653597,1.106112983503423,0.4865901359279938,2.0856884771767112,1.0187169697014873,1.108870664840385,0.4952860143625172,2.3347000944305245,0.9489118291930883,1.1096813355215773,0.48071776091836754
36.7,2.451089627489518,3.3936201601403626,1.113004054080024,1.7772646264357714,1.1124514155579754,1.1123882327286017,2.1404204586639564,0.0306660135246228,2.2464876187460527,1.1142742005973219,1.1154177203576483,0.4871252751310007,2.508850807511192,1.2058804671021113,1.1105007006823924,0.4878589196813705,2.091340816442554,1.0215026992425107,1.112322716474458,0.4973134205577307,2.341257828486055,0.9513802381420436,1.1125253039620282,0.4826960272189645
36.800000000000004,2.457837428010966,3.402986248665228,1.1159880065365357,1.7817286186567545,1.1155048508174195,1.1153545192249077,2.146334296283446,0.030986651658454968,2.2527021459275627,1.1173083699762323,1.1177362724091557,0.48803436104442965,2.5157319517868726,1.2091014905558497,1.1143861707345653,0.4894734435922497,2.096990282965206,1.0242938702675883,1.1146289687038067,0.4982042140703794,2.3478270736088276,0.953823192972542,1.1159495341518102,0.4843349610631073
36.9,2.4645925100464146,3.4123538603198678,1.1190003731778209,1.7862654378731793,1.1185633752488306,1.1183905696481018,2.152252994010967,0.03067220751735806,2.2589339549032394,1.1203395321273637,1.121696713976344,0.4904018069837288,2.522624084736938,1.2123342292549883,1.1163243294069813,0.49004771342148634,2.1026365910383342,1.0270978641207553,1.1178747557259943,0.49969560819277875,2.354391989845618,0.956240242582895,1.118889261084917,0.48505588579462533
37.0,2.4713461118512643,3.4217109107032666,1.1220631094905409,1.790446196831877,1.1216238278495028,1.1214463816117735,2.158169016638087,0.031162329936123844,2.265148206456199,1.1233635568619738,1.123326098068146,0.4878202372747264,2.5295294835608217,1.215585894039331,1.1202542654125405,0.4935989179134704,2.108272977214662,1.0299002819946033,1.1215739769974202,0.5013491936506,2.360954809624366,0.9586510863604208,1.1219197027567729,0.4872892683714803
37.1,2.478097322056326,3.4310190111943317,1.125199980761066,1.794857384315401,1.124676258246943,1.1245958891176795,2.164086200622291,0.03088842436125393,2.2713474882561324,1.1263918410602072,1.1278283340358959,0.4882043743522824,2.5364303113133397,1.2188351397178196,1.123651074909973,0.4938443661706427,2.113929870403535,1.0326880827771492,1.1247431180035314,0.5031339757662647,2.367512725087251,0.9610426369018753,1.123420149571094,0.4894889500680037
37.2,2.484849122221207,3.4403349430989474,1.128321326646645,1.7998071603382073,1.1277171294575328,1.1276397862211134,2.170011437072816,0.03300114500532027,2.277551272128444,1.1294206118568557,1.1279337170063584,0.48984895693259645,2.543324929027297,1.2220722871033545,1.1284641860868951,0.4948242111951443,2.1195897531217818,1.0354619928092708,1.1280302216188784,0.5050470043422425,2.3740804051785815,0.9634204608858375,1.1275553330397852,0.4905304013413964
37.300000000000004,2.4916081796353895,3.449660702786924,1.1313254497245349,1.8040583305759919,1.1307707429188831,1.1306053058515249,2.175937175909842,0.03336071888092435,2.2837693147653577,1.1324569849896435,1.1296316485920495,0.49152964202617255,2.550212023467552,1.2253125064324384,1.1324149449360745,0.49806167247661387,2.12526598864065,1.0382320212267047,1.1305528212783125,0.5050571984827313,2.3806534632016434,0.9657887820749954,1.1313516510114072,0.49141349344347934
37.4,2.4983718156418826,3.4590011844568296,1.1344068690902944,1.8090020147554982,1.1338282975205087,1.1336913670506683,2.181865289037318,0.033359589744398656,2.290002404955632,1.1354895605656308,1.1338823701872824,0.49492025410497087,2.557098835768075,1.2285622026371699,1.134813567528476,0.49712680071326065,2.1309527418489718,1.0410102759651625,1.1332664843784734,0.5070993412315472,2.38722234906147,0.9681501178991538,1.1342766456203595,0.4919537379564322
37.5,2.505133566451895,3.468353134635732,1.1375339211311017,1.8135344169236107,1.1368796149558082,1.1367960312326866,2.1877937687362086,0.033715480590257245,2.296237529330229,1.1385161747290067,1.1361773720735389,0.4971591199104529,2.5639799514412895,1.2318291185647954,1.1393445946811411,0.49707243057481343,2.136638208989859,1.0437905036565411,1.1359478350210062,0.5087042793197148,2.393784886408088,0.9705115775157496,1.13729137275874,0.4931438313633176
37.6,2.5118930185286565,3.477718673467347,1.1404526225291973,1.8183478664128006,1.1399265583312321,1.1397728910735485,2.193720963154053,0.03202015414294272,2.302472228756864,1.1415268446367786,1.1396873350451298,0.49834028152347837,2.5708656855187115,1.2350867459117847,1.1414964503699963,0.49847143414628986,2.142322640904549,1.0465766676402442,1.1384595493808738,0.5090807315371387,2.4003429139143675,0.9728667185205221,1.1409563222085712,0.49477093448480036
37.7,2.5186558858175174,3.487141723870359,1.1433613073849966,1.821987995204947,1.1429784244644288,1.1427630166069023,2.199650574020208,0.03087262141252195,2.308720949653319,1.144535515694251,1.1435941510303418,0.4973471084124844,2.5777584607200916,1.2383265885706658,1.143207915390869,0.4993544608932251,2.1479949229424675,1.0493717653782686,1.1409393994487569,0.511612777879489,2.406908356301698,0.97522160805922,1.1445713520042256,0.49698417869171113
37.800000000000004,2.525427597625659,3.4965944118276386,1.146387061597299,1.8260642662034443,1.1460348136382046,1.1457520717072016,2.205589252562017,0.03174577037973651,2.3149911118036477,1.1475659603820874,1.1444762219458606,0.4982220969170267,2.584645705188573,1.2415584926576382,1.1473038221757799,0.501147813569785,2.153673367958211,1.0521742113656443,1.143398975646682,0.5133329201280634,2.4134806338146086,0.9775889204146739,1.1491146709455544,0.49777562511134843
37.9,2.532201196119547,3.5060794804580353,1.149441798558939,1.8304663198177038,1.1490973305281242,1.148822670742299,2.211528006958676,0.03145854929108842,2.3212637387802157,1.1505908309161814,1.146731502388135,0.5008152512720553,2.591535088634718,1.2447828985556553,1.1503719196889701,0.5018260928964721,2.1593632166086962,1.0549865167489103,1.146732350651921,0.5144283016338277,2.42004690044982,0.9799545860531035,1.1526632666323173,0.49814070176581904
38.0,2.538977072522732,3.515576165123106,1.1525915202371386,1.8345444570757767,1.152167827775493,1.1520292167958317,2.2174642035348007,0.030070191739751517,2.3275264990785605,1.1536329246040002,1.1497119851884547,0.5004420473481901,2.598427995913655,1.2480073481520857,1.1533132003429665,0.5036787041909068,2.165059205501202,1.0577996937294059,1.1506108587398507,0.5149458484767999,2.4266174837699426,0.9823063789835021,1.1555509152395271,0.5006037677987657
38.1,2.5457563756469166,3.525067570585671,1.155539299502495,1.8389680719450008,1.1552382865499409,1.1549718884780131,2.2234054853532306,0.030199057144264945,2.3337798232575895,1.1566930157107216,1.1500565076635152,0.5007813303949201,2.6053257755111376,1.2512517064264101,1.1576849951733306,0.504607834564152,2.170775383344024,1.0606259374097073,1.1535356862818935,0.5176727754162826,2.4331661603580144,0.9846711795846722,1.1596474722072316,0.5020298946033062
38.2,2.552538419365972,3.534556182203755,1.1585733674082503,1.8430938323053947,1.1583102751624077,1.1580086440645099,2.2293486415151547,0.030187931205499802,2.3400372346508997,1.159761739868566,1.1524174108460534,0.5014785564514505,2.61222060166224,1.2545000815925529,1.1619175471350787,0.5077326443665479,2.1764980354362455,1.0634498932725167,1.1563747872229753,0.5182046664834034,2.439718610103948,0.9870314894387825,1.1623444056251677,0.5025916911853227
38.300000000000004,2.559323407622905,3.5440343051273433,1.1617052867069055,1.8479592668998055,1.1613853170501212,1.1611774519700055,2.23529243640204,0.029540508641754133,2.3462984017927435,1.1628202707912012,1.1552709683581068,0.5026909526903863,2.619135694522032,1.257749975715277,1.164423577657894,0.5074001645928523,2.1822204569927353,1.0662593222152887,1.1601305375306408,0.5193630727690776,2.44626405058795,0.989376145102578,1.1658235085461501,0.5049871528704214
38.4,2.566115270552555,3.5535374014490744,1.1648148233086038,1.8522535677448893,1.1644560383613822,1.1643234201335848,2.241244649462758,0.028844766476244604,2.3525607723840833,1.1658709183552307,1.1589053806967513,0.5038122121089987,2.6260590664747916,1.2610024489740437,1.1676531072760938,0.5071530932483072,2.1879409066564683,1.0690765431441904,1.1635141429455136,0.5204060459023739,2.452822173725326,0.9917202945237558,1.1680642859648562,0.5073722401898106
38.5,2.5729070573244086,3.5630481159372747,1.1677488200112958,1.8566860085548624,1.1675198639113769,1.1672993017675926,2.2472012015641134,0.028010718412725788,2.3588157731577524,1.1689167926462187,1.1617457049612219,0.5025341338700722,2.6329912917355944,1.264249362532393,1.1704469734624754,0.5093652391773607,2.193652099981885,1.0719115881940218,1.1652301828187839,0.5216322984843073,2.4593864054137504,0.9940415540842388,1.1725229074154053,0.5100571356395377
38.6,2.5796891505020088,3.572532869471969,1.1708325173489582,1.8611125093829897,1.1705813136455336,1.1703673490515005,2.253147206757018,0.02784552690677483,2.365032793258731,1.171969577096251,1.162778895433372,0.5049736582536618,2.63991731821941,1.2674883186117492,1.17477666936184,0.510204896216513,2.1993513813921495,1.0747293886036515,1.1683116659636437,0.5221061873795462,2.4659643424775894,0.9963586866381938,1.176399027300121,0.5107179937582218
38.7,2.586475278245411,3.5819982192042907,1.1737754813910901,1.8659902425648183,1.17364599467211,1.1733103840390502,2.2590958783305437,0.027764240628160713,2.3712593581132646,1.175025459773264,1.1666394672299594,0.5069201699425318,2.64682912720382,1.2707143523917828,1.176854373293081,0.5117730387117398,2.2050630861766973,1.077540722660791,1.170819698422131,0.5224119852697083,2.472556241281513,0.9986845888125848,1.1797120164556198,0.5116326654905813
38.800000000000004,2.593260800359472,3.591440061407541,1.1769481490668139,1.8705013348962432,1.1767076840468007,1.1765237785832985,2.265045670119598,0.026496581210758263,2.3774888918571824,1.178081834196352,1.1701895815065901,0.5101025966539293,2.6537238384337494,1.2739504593787419,1.1788996956983573,0.5139761587521856,2.2107858280169905,1.0803367014812633,1.1764512990883629,0.5222953172258485,2.47914974444633,1.001016078068491,1.1812823084353647,0.5113673686592124
38.9,2.6000553702090707,3.6008844523859302,1.179848520901811,1.8747590023702392,1.179774383399971,1.1794482616200024,2.2710027016520486,0.025810154811355828,2.3837160772070805,1.1811572229468883,1.1716102998258981,0.5114499670557708,2.6606308933347576,1.2771909230765246,1.1824873434535852,0.516195734989758,2.216511414617167,1.0831102144705582,1.1793766035141446,0.5244219502071206,2.4857687929012866,1.0033543094714779,1.1850382064109406,0.510627773450381
39.0,2.606851870002729,3.6102854210324926,1.1830712393362843,1.8793215786646218,1.1828404886643946,1.1826702976992967,2.276962112509333,0.026383267185457315,2.389934082635282,1.1842494087478976,1.1752217558862914,0.5113693665287948,2.667540529555,1.280452433625957,1.1858563994890026,0.5173732833434277,2.222236666807407,1.0858768283783768,1.1836216347675517,0.5273531743400044,2.4923983778395824,1.0056994106866965,1.186728036892896,0.5125132883149949
39.1,2.6136474646213204,3.6193998879062628,1.1861376327470976,1.8833913691988602,1.1859098321724857,1.1857468499439023,2.2829178664323826,0.025752243192676254,2.3961469570690648,1.1873291983123793,1.1795492220245596,0.5126975434798978,2.674446380873755,1.283727492393642,1.1880251355648141,0.5182566934226299,2.2279656698238597,1.0886704367298943,1.1864733024887826,0.5289679090115952,2.4990216284058553,1.0080503538656662,1.1896212657189296,0.5130373076767045
39.2,2.6204480020698915,3.6285144787610193,1.1891530566140178,1.8878534386726507,1.1889849462587396,1.1887449124556508,2.2888762202023383,0.026228719137249123,2.4023654439023554,1.1903943253435754,1.181950984949331,0.5126809403586312,2.6813722028711284,1.2869743767443436,1.19076380753885,0.5197156609868495,2.2337157661825993,1.09147380817773,1.1898961784355122,0.5307094420918451,2.505636478651791,1.0103867231480814,1.1930882510544287,0.5150841384382546
39.300000000000004,2.6272538619449057,3.637685981967656,1.1922900255326003,1.8923611710117252,1.1920667926284203,1.1918589458247557,2.294837932454783,0.02673387479769342,2.4085927045575533,1.1934715631790052,1.1852421805642923,0.5142657730164442,2.6883006529767997,1.290219847168637,1.1932042295732015,0.520055956208262,2.239462561726291,1.094298576392764,1.1945505599084416,0.5312879188390114,2.5122606737539313,1.0127038751603445,1.1952108838273439,0.5172867363957782
39.4,2.6340667056235203,3.646904522494088,1.1952369956092073,1.8967072455816976,1.1951493571924403,1.1948615341488316,2.3008061588506172,0.02483879259145351,2.4148255947828705,1.1965675455957159,1.1900185216507162,0.5155722898452021,2.6952259186809817,1.2934687528071709,1.1944649482850114,0.5210593657850445,2.2451985505069367,1.0971345955157694,1.1970933137951758,0.5324909850205446,2.518913383063619,1.015026398640636,1.1985490356009951,0.5185117708158328
39.5,2.6408732558770733,3.6561289510622967,1.1983246606708244,1.900807628490189,1.1982274286029748,1.1979305022387168,2.3067670285245967,0.0256442478342364,2.4210596823374244,1.1996629401782408,1.1918872624669947,0.5162925761404147,2.702159591682819,1.2967072483704667,1.1974059752790454,0.5222541594359644,2.250920726591792,1.0999670878204995,1.2004081686131136,0.5335257051364444,2.5255582651918327,1.0173552394012395,1.2027032970423333,0.520126092645319
39.6,2.647683549997313,3.6653414578699413,1.201428815335157,1.9053101493450482,1.2013064447104194,1.2010407969400883,2.3127307954188927,0.025625410623769267,2.427294434460068,1.2027592281408468,1.1961463075030172,0.5176398939818112,2.7091186516371435,1.2999250688579693,1.1994356687790328,0.5240197800327131,2.256647144463882,1.1028026415645746,1.2042899442570958,0.5327408546942866,2.5322021480513452,1.019680248551567,1.2049802072093756,0.5222878884163786
39.7,2.654499847260001,3.674597533061254,1.2045816122571313,1.9101166551269184,1.2043766286616244,1.2042017861225303,2.3187069248030716,0.02454347968489627,2.4335373577692367,1.205851952228043,1.2016077184703924,0.5212382973714812,2.7160830472053705,1.303145638625483,1.198796909793022,0.5232271127836721,2.2623800633066655,1.1056379292462402,1.2088132324819605,0.5335929491913535,2.538856689929619,1.0220012905236822,1.208247642833665,0.5230708672455328
39.800000000000004,2.66132080252586,3.6838640724437295,1.2078074765763596,1.9144204340009685,1.207443628207528,1.2074003813333056,2.3246894598752883,0.02489351346825486,2.4398021549210336,1.2089655358436542,1.204586581998916,0.5230397549930801,2.7230397866735094,1.3063736372480035,1.2018290793702906,0.5244292692852367,2.2681250133154918,1.1084828550839843,1.213239738565571,0.5341605327426114,2.5454950566916414,1.0243152750559152,1.2106287827832292,0.5245072257708533
39.9,2.6681307800429566,3.693099440529679,1.2107138416260559,1.9189546650271043,1.2105040053047964,1.2102949604189068,2.330664343123929,0.02540125827226917,2.4460642205967638,1.212088270187136,1.2079790411802607,0.5254022898460328,2.72998938165525,1.30960314345998,1.203897725079391,0.5249105143957414,2.2738589316957616,1.1113513783055795,1.2156573639441082,0.5341712096955309,2.552104311623531,1.026610861305215,1.2143629226052428,0.5263932048409959
40.0,2.6749337124478907,3.70231662706786,1.2138354113963192,1.9238307291819774,1.2135653208911594,1.2134209712682853,2.3366302845719686,0.02591710318366645,2.4523256329732,1.2152298687239513,1.2118781373054563,0.52626537160885,2.7369281975548763,1.312822935912336,1.2063289283596108,0.5261631669223632,2.2795835981100327,1.114215295407328,1.2196214607045248,0.5357012706021296,2.558712571251742,1.028899264455627,1.216578280064819,0.5277349337513183
40.1,2.681739364925567,3.7115125304499506,1.2167883861560547,1.9283107941284792,1.2166324778892912,1.2163824686377616,2.342595706756691,0.025391551121875973,2.458583145321281,1.2183815129710878,1.2154842905031202,0.5280955698769719,2.7438645328370215,1.3160499540279365,1.2099508353661639,0.5276768203951967,2.2853208169375567,1.117074809603012,1.2212671710527512,0.5375029825036202,2.5653246424407494,1.031191074702591,1.2195282954521127,0.5281537278040405
40.2,2.688546978214347,3.7207229368588903,1.2197634928860839,1.9326014309989412,1.2197122190164353,1.2193685570121495,2.3485572644099433,0.02501320176842144,2.4648528828854834,1.2215445589282965,1.2191187342122798,0.5306084928694672,2.750791300440064,1.3192792795011958,1.2127623319587115,0.5285743026163722,2.2910590423917405,1.1199452557888496,1.2241371055231263,0.5393055911379809,2.5719399477898284,1.0334906869350753,1.222130309129985,0.527871652315077
40.300000000000004,2.695346738022846,3.7299426777222524,1.2227592491689887,1.9369048344498125,1.2228028989506223,1.2223473481555405,2.3545052623292233,0.02538286390879223,2.471119618194308,1.2247143362246635,1.2224242292101744,0.5313655707491511,2.7577129617913854,1.3225055395957839,1.2138481129090244,0.5303320354274573,2.2967658856146653,1.1228154284599485,1.2270181346000544,0.5402731960962299,2.5785608629819805,1.0357928032200905,1.226814301922309,0.5290290248468366
40.4,2.7021462338479894,3.739146480022758,1.2258291535320958,1.941545718060284,1.22588764581826,1.2254163797237971,2.3604555553048563,0.02562098745480864,2.4773843757449288,1.22787142149751,1.2248611006819894,0.5321968307666288,2.764645300061741,1.3257366504771746,1.2189113532446483,0.5315748086271045,2.3024809636404813,1.1256842172178962,1.2296645107257869,0.5429985569774712,2.5851691467127136,1.0380899772008085,1.2289787025831385,0.5294989169621115
40.5,2.708950595209424,3.748349894407583,1.228920074770829,1.9460679301854515,1.2289619756985928,1.2285308031055477,2.3664144754175203,0.02544375451866916,2.483654164001558,1.2310173690656236,1.228741995759829,0.5321960910481875,2.771574924912332,1.3289692845030798,1.222101809429255,0.533582036964668,2.3081985169049286,1.128533671838668,1.2323396628257166,0.5441487591949765,2.591801766949076,1.0403875492735448,1.2316709743939165,0.5313599861849162
40.6,2.7157635720885556,3.7575466987363466,1.2319471223126484,1.9507040285913522,1.2320403453370896,1.2315574122403021,2.3723789750623374,0.02586702039226013,2.4899331025419427,1.2341675109362462,1.2321768799946389,0.5332663508272762,2.7785035944602026,1.332197578998214,1.2248633053116296,0.5355836840165048,2.313928291770317,1.1313762488971784,1.2354484429234351,0.5457702070438721,2.5984514792352957,1.0426671666992218,1.234464048817494,0.5320611647242565
40.7,2.722582934644474,3.7667468547799627,1.2349466527627793,1.9544961842613353,1.2351236187984045,1.2345699301169564,2.378346338912329,0.025656622214834668,2.4962133939527127,1.2373181762647845,1.235012029249972,0.5327527674757726,2.7854549010134653,1.3354334759812434,1.2286221763752028,0.5392291054688418,2.3196558280393917,1.1342192244823572,1.2379940193118784,0.5462928880196002,2.6051039288446747,1.0449337367036087,1.2373445019314933,0.5335258789542905
40.800000000000004,2.729387829845015,3.775919954500152,1.2380033948672018,1.959139519300204,1.2382044375997918,1.2376057085018122,2.384297917996247,0.026297286713252533,2.5024837602010104,1.2404864589724744,1.238352105163338,0.5340762970936483,2.7923895930690845,1.3386644213871932,1.23031069577318,0.5407709956017268,2.3253670083908,1.1370399039528272,1.2410091133874142,0.547494313120481,2.611748016172132,1.047194326431967,1.2414940554343328,0.5343574088696775
40.9,2.7362018667312036,3.7851178979004274,1.2411662347814594,1.963484362323535,1.2412916544613928,1.240742464360904,2.3902568193775777,0.02743623247153209,2.508779349512624,1.2436629059240618,1.24079972024452,0.5349038827061141,2.79932713917867,1.3418949823519464,1.2331961296187282,0.5434169053415069,2.3310980462164035,1.1398709391341824,1.2449137486561224,0.5491021599941285,2.618382957493625,1.0494558556719078,1.2448804007754626,0.5346880314933222
41.0,2.7430206803035913,3.7943269224962477,1.244236854415957,1.9676501380414466,1.2443786918216055,1.243793625492723,2.3962213149472285,0.02763441445030034,2.515073950647035,1.2468331701566755,1.2440742567584464,0.5363721856812741,2.8062668683885654,1.3451310360461053,1.2364562667968972,0.544625815019518,2.336842571210352,1.142694371379334,1.2475742047087566,0.549748893092798,2.625025971782706,1.0517102385775334,1.2479207101466745,0.5361425276746957
41.1,2.749828974724596,3.803557226749624,1.2473190481178664,1.9720884370356373,1.2474611033586562,1.2468942474411449,2.402177696520129,0.027886126623223033,2.5213578662021083,1.2499889942144926,1.247199437186334,0.5383324718804067,2.8132053889654234,1.3483762398925874,1.2383928143653211,0.5472929814996224,2.342567879024866,1.1454860316725042,1.2517259318777938,0.5497969944763742,2.6316659269100375,1.0539638131734805,1.2510651162210602,0.5362887376991162
41.2,2.7566322446388796,3.8127313564813066,1.2504812790971005,1.9760803609308377,1.2505474373784309,1.2500637822274518,2.408127173285009,0.027156292715596525,2.527633328209343,1.2531405698723455,1.2504196626083544,0.5385226081066358,2.820121391178303,1.35163111071488,1.2413004939449077,0.5491984957175312,2.34829977254855,1.1482813303990853,1.2552984300541437,0.5507236175257576,2.6383038410945003,1.056219544105328,1.2539791900114847,0.537838188827866
41.300000000000004,2.7634313964120647,3.8218884732921556,1.2536904154040838,1.9809412452043238,1.2536344739790448,1.2532623672554863,2.414071240609823,0.027586302686570745,2.5338963260042897,1.2562797951258862,1.2543079997665743,0.5405300115042123,2.827027613446208,1.3548878783750764,1.2452141188860257,0.5498852433926597,2.354041579783155,1.1510764097677655,1.2583839265636771,0.5526564587115391,2.6449330110645954,1.0584858461723516,1.2559146911206058,0.5380860659545059
41.4,2.7702408363813307,3.831046537918367,1.2566868183290887,1.9854990570592013,1.2567237340621173,1.2562906554159803,2.420023672141526,0.026945443579717905,2.5401702123545165,1.259439967057202,1.2572246402978722,0.5440232244809838,2.833944495324436,1.3581479983230653,1.249629904371654,0.5495872213501167,2.3597869212422413,1.1538914726521894,1.2591304674594437,0.5544703600426777,2.6515699064410736,1.060752131610587,1.2598572463355433,0.5385167589625804
41.5,2.7770580562785887,3.8402144122417172,1.2598734807523313,1.9902424718016605,1.2598176075993066,1.2594503994609947,2.4259822331256395,0.027825478078087707,2.546456293779694,1.2626225349817652,1.2604972281597875,0.545576091714499,2.840876185156872,1.3614133536055175,1.2522461883147895,0.549938676433449,2.365521806487682,1.1567281388296256,1.2629187418371788,0.5571505942082411,2.658210216606661,1.0630277522577345,1.2628406826051413,0.5396520552304094
41.6,2.783880077715481,3.849392910706125,1.2630037828273484,1.9956613455439711,1.2629108640362545,1.2625799711613415,2.4319468960657935,0.028444246124029838,2.552749578209963,1.2657883672505699,1.2644848473697345,0.5477983619587562,2.847817507178948,1.364682887622768,1.2544599142275117,0.5509921122063124,2.3712633737905104,1.159581345604889,1.26675073390767,0.5574183219132273,2.6648447860307263,1.0653166981558027,1.2653273422575415,0.5415467795155678
41.7,2.7907101510337404,3.858573470600158,1.2661267808792445,2.000310704399382,1.2660060865159255,1.2656890026297791,2.4379207564087846,0.02894321854412151,2.5590516159234906,1.268952480822534,1.2680089467338194,0.5494711755635281,2.8547697865815755,1.367948917046109,1.2576314859067756,0.5520912132767124,2.3770096863631025,1.16243365459999,1.2692056030525172,0.5581546625961513,2.6714892422357366,1.0676127344858202,1.2686341297944002,0.543015407893528
41.800000000000004,2.797545476593857,3.8677999092751914,1.2690786379464867,2.005203943653147,1.2691051077037112,1.2686367531895122,2.4438972897149394,0.028886062247343962,2.565367102762317,1.2721098172444694,1.2710683212923433,0.5506664967738774,2.8617379716919054,1.3712335267674596,1.2605562941616941,0.5532433727616844,2.3827397232609977,1.1652773629648157,1.2710056548693207,0.558964198686265,2.6781465301680765,1.069911020948667,1.2726106404971886,0.5450474050451618
41.9,2.8043783871159413,3.877031375580358,1.272124380617701,2.009743829803546,1.2721976585392514,1.2717012193975432,2.449876025984913,0.028305777961832517,2.5716809559999683,1.2752531273835432,1.272774252406607,0.5531222510244898,2.8687087685951367,1.374507434858318,1.264844539996415,0.5545115286039847,2.3884676860748497,1.1681301139815716,1.2746883499674906,0.5591303675181529,2.6848045797974014,1.0722007964582347,1.275161219708071,0.5460453211992033
42.0,2.8112081651642407,3.8862563446001555,1.2752961099835782,2.013769214578309,1.2752838992756856,1.2748630990473147,2.455856048137977,0.028050902988580022,2.5779899612666375,1.2784062350037968,1.2739234411230815,0.5548880479986004,2.875675914602981,1.3777703093726097,1.268922634011627,0.5557447365914988,2.394194230621311,1.1709928558469094,1.2788502457089737,0.5605375932391977,2.6914493093602636,1.0744764071674262,1.2784335428361533,0.5461991293636673
42.1,2.818035958940572,3.8954611814030256,1.2783596924834204,2.0182863785426477,1.2783731774559741,1.2779418792553354,2.4618309997478134,0.027827328384038452,2.584310352903724,1.2815672066225887,1.2774444479585774,0.5565967946060887,2.8826280668244992,1.3810324721886509,1.2725454763083248,0.5563558801907367,2.399916753626891,1.1738891878572923,1.2804095529379604,0.5633227776249602,2.6980815735832153,1.0767495616022722,1.2820084089855732,0.5464198828223591
42.2,2.824865489403389,3.904658789613741,1.2814123491441056,2.02272680207411,1.2814745152565195,1.2809704573434202,2.4678013312758322,0.02813546545464384,2.5906411383958807,1.284742215901894,1.279103861837597,0.5582711348180492,2.889580968123639,1.3842936433886686,1.2763665475238275,0.557831902565723,2.405620438856921,1.1767934291413709,1.283230350732074,0.5629510098458366,2.704710678461038,1.0790390189074486,1.28588632454492,0.5481820675650145
42.300000000000004,2.8316843360775668,3.9138731692122937,1.2844505196450586,2.0271555680683417,1.2845747869556141,1.2840221285253923,2.473761086745695,0.028188985138715532,2.5969746915926857,1.2879114687073079,1.2842244344927907,0.5586996284461164,2.896521430108952,1.387552537907911,1.2796994651527787,0.5591740964508395,2.4113032072188387,1.1796917619782588,1.2842212106767472,0.5652123766617746,2.7113301220019546,1.081329681240644,1.2886207381506358,0.5497012457574406
42.4,2.838505201844464,3.923107258059925,1.2873702575528194,2.0317677327398145,1.2876732644523734,1.2869603121432422,2.4797215991020187,0.027741016695849764,2.6033071175413522,1.2911023997946305,1.2875388390598694,0.5587967501369913,2.9034610584560245,1.3908006774332928,1.2828082146614257,0.5598188516570062,2.4169954378279526,1.1826117734056971,1.2856834537436523,0.56801113998973,2.717944394547523,1.0836045150323665,1.2924310734252598,0.5520424679044738
42.5,2.8453269301117685,3.9323565388812374,1.2903586681692525,2.0360793588988324,1.290774447141077,1.289960866843027,2.485682172761792,0.02830721391220874,2.6096421442847704,1.2942991401621429,1.2911609143577216,0.560351264794272,2.9103970396448537,1.3940679425966591,1.2854768399341008,0.5614140957130639,2.422697651102599,1.185528418308688,1.288657835336675,0.5697804681311026,2.7245519708052734,1.0858626065753998,1.295176648425183,0.5518177314867918
42.6,2.852141215737802,3.9416020951120845,1.2933589633687137,2.0400406065702112,1.2938773199143552,1.292979354552135,2.4916342944384917,0.02758245361646674,2.615974994191933,1.2975032742964163,1.2930203217139016,0.5614580800457034,2.917325600067853,1.397326391324753,1.288559013918732,0.5625446737748412,2.42838455584604,1.1884561439317194,1.291765880289671,0.5704764192917066,2.7311542032171605,1.0881174423343252,1.2991914468852719,0.5531323785688393
42.7,2.858940184368576,3.9508181576817663,1.2964566584194959,2.044391255589549,1.2969743456030502,1.2960883656640239,2.4975720587692214,0.027509848404918057,2.6222936562784547,1.300722036449941,1.2985043704771908,0.560880624005822,2.924231872792728,1.400579966154608,1.290619140892861,0.5654777269474319,2.434061034962094,1.191382459061795,1.2951488026874292,0.5718669196204147,2.7377501779959954,1.0903399338663138,1.3006161013133233,0.5546732229599726
42.800000000000004,2.865736267579305,3.9600333573069144,1.2995897580343378,2.0492543027505845,1.3000636892864896,1.2992273893411745,2.503511838006061,0.02697899505426756,2.628617103363048,1.3039471809179846,1.3006469158949021,0.5612293323622782,2.9311381157157643,1.4038405823402862,1.2950466394955953,0.567628028531794,2.4397237469124664,1.194317895755716,1.297303431887445,0.5730619610323218,2.74433757731915,1.092555239997088,1.304426908780784,0.5562835430980994
42.9,2.8725266674133634,3.969250735704286,1.3027673365501165,2.0537257231048205,1.3031514912210096,1.3023923328585834,2.509445448928437,0.027152377125107013,2.6349536936272457,1.307171481796405,1.3026582230008765,0.5611133974453288,2.9380258952257954,1.4071106638708017,1.2991198323613955,0.570503167019151,2.445381462519223,1.1972606014404874,1.300455912535013,0.574312464830192,2.7509127484378317,1.0947707109252471,1.3078761251160695,0.5571838617517813
43.0,2.879302909756887,3.978459372200123,1.3059095562724639,2.0587515398799017,1.3062375224389402,1.3055190432232955,2.515364608524168,0.027852131509039202,2.6412809210658805,1.3103925212485839,1.3063484157736673,0.564064920457038,2.9448870518369423,1.4104001536022392,1.302881375607784,0.5709864996963271,2.4510343910431738,1.2001895587536222,1.3024421537921687,0.5757866312755868,2.75746014804347,1.0969737744334969,1.310957984422939,0.5570664181228304
43.1,2.886083179544781,3.9877080088168717,1.3090713023512512,2.063458098716203,1.30932619322915,1.3086769861453882,2.521286272246828,0.02837404190311949,2.6476131995455647,1.313595517905773,1.3102886804957794,0.5640204516313582,2.9517377538814857,1.4137069687021389,1.3064026493324405,0.5724770119264814,2.456714488582379,1.203115429260136,1.3067372814682878,0.5780098930668832,2.7640096263205427,1.099165466112983,1.311870643898182,0.5586593374259826
43.2,2.8928668433321683,3.9969813837140578,1.3121126693723366,2.0675840640391234,1.312410882435573,1.3117308019390328,2.5272142181891994,0.027935815634903854,2.6539464589317974,1.3168053162051978,1.3130013079749956,0.5636715205523084,2.9585959850937984,1.4170402758271892,1.309403422424183,0.5749092447203641,2.462377628090914,1.2060231353663091,1.3107392270290898,0.5803870852404343,2.7705654416244636,1.1013619681126239,1.3143200069968424,0.5594263450176904
43.300000000000004,2.8996550674531116,4.006259293116867,1.3153315363048133,2.0728945675791985,1.315493857454951,1.3149562540673387,2.5331500512674885,0.028020006973997362,2.660282528494749,1.3200283637997772,1.315995207046912,0.5654900688693926,2.9654612737155546,1.4203652021348319,1.3134578657910363,0.5762278152334804,2.468032834935824,1.2089210230146825,1.3137207856112867,0.5815304691288516,2.7771355640011324,1.1035584206534055,1.3172059316971465,0.5598757616403991
43.4,2.9064445098834835,4.015591947965186,1.3182653304304401,2.0777351640315165,1.3185807980462783,1.317898489183151,2.5390875186527375,0.027992614867478754,2.666614195639437,1.3232568388549721,1.3196153046437635,0.5652778584678335,2.972321582258082,1.4236940339115582,1.3160604271346126,0.5781523118532407,2.4736907655994202,1.2117863406362583,1.3169901092336154,0.5825975086745644,2.783721922115667,1.105757091630517,1.3194414263258265,0.5627599180774849
43.5,2.913226991751034,4.024974464423452,1.3212060522286742,2.0820752115698906,1.3216568950809615,1.3208340702807226,2.545024304836629,0.028109933734835103,2.672950224937252,1.3265014022533743,1.3228671540915327,0.5661903825272504,2.9791664168828804,1.4270243328253653,1.3189500205502505,0.5783297691621975,2.4793395472637023,1.2146395232750966,1.3194406286026588,0.5845988852521432,2.790301981981292,1.1079544004730237,1.3225934076238104,0.5644986693887263
43.6,2.9200138677606473,4.034362491053734,1.3242335748784926,2.0866564942924963,1.3247252102786375,1.323841092553044,2.5509703133298953,0.028692729968972798,2.6792996289397313,1.3297565234790694,1.323682873544252,0.5688770556848912,2.9860250510325086,1.4303744387129322,1.3227979364031701,0.5786105402559274,2.484984001331523,1.2175110440915395,1.322391926592571,0.5840197047353345,2.796864109535335,1.110141546592792,1.3269812191177484,0.5672077648316995
43.7,2.9268101001064424,4.043768917032873,1.3272858681040653,2.0910201284921848,1.32778683187905,1.3268888000684584,2.5569296260706835,0.029332122181216325,2.6856584346081425,1.3330252099032227,1.3260312174168951,0.5702610348791517,2.9928955911053707,1.4337312386142134,1.3269039451519187,0.5807064590295676,2.490628388804285,1.2204095193983187,1.324876786776548,0.5832805556887538,2.80342268191062,1.1123155828282965,1.3302549128367827,0.5695389346822464
43.800000000000004,2.933609639994927,4.053252950398651,1.3303839579213796,2.0958021515620504,1.3308590911356533,1.3299382259564068,2.5628865526552005,0.030856484452019883,2.692009742498412,1.3362909818752824,1.329375612366271,0.5727732787424133,2.999777125916818,1.4371126460920347,1.3289790422044618,0.5818613019816001,2.496284906897912,1.2233064901159358,1.3287535452432586,0.5836102786632559,2.80997997003324,1.1144816646456936,1.333231956074764,0.5705062720611423
43.9,2.940412925571879,4.06277569580135,1.333482568668439,2.1002240860063743,1.3339407598256836,1.3330440551611562,2.568842757030322,0.031133164922224055,2.698378533587504,1.3395549622169822,1.3336571512820676,0.5740326940980875,3.0066554249716835,1.4405061931298955,1.3313726225267832,0.582498365809283,2.5019457571195733,1.226218166253809,1.3312043718131907,0.5863094717491227,2.8165345101157544,1.116645993927179,1.336519378279478,0.5710004572860772
44.0,2.9472174037947756,4.0723232281193065,1.3364975372599814,2.103953829228068,1.3370246357403548,1.3360791236895113,2.574798444837555,0.029926418479669193,2.704766893087675,1.342813899287425,1.3366627482903408,0.5756863730015662,3.013518087292808,1.4438974110796439,1.3355222856823787,0.5830122455475683,2.5076112570954363,1.2291398119042092,1.3329640666904659,0.5869136564144115,2.82309210717707,1.1188118643899083,1.33971709583943,0.5725825136003216
44.1,2.954031659322667,4.081862286940525,1.3396133618302526,2.1086141889444567,1.3401102836633065,1.3392098480577295,2.5807636552703577,0.02944443221309414,2.7111657953718504,1.3460769351534378,1.338281012744635,0.5761846900295414,3.020394654575263,1.4472918743715821,1.3396960067865908,0.5854091331268522,2.5132772402645824,1.2320420612163636,1.336617329299008,0.5876051919615117,2.8296631013721663,1.1209719403309153,1.3427450863981825,0.5741365324428463
44.2,2.960847297129473,4.091392833331886,1.3428820189556194,2.113407294251757,1.3432042902603256,1.3424366400919596,2.586725760057198,0.030915030181515663,2.717558106275849,1.349341045890629,1.3425089157263972,0.5776974874916726,3.027269829101363,1.4506929710212884,1.3428958973618934,0.5865394720932469,2.5189436991395078,1.2349553283153583,1.3386796298877155,0.5898174385947806,2.8362405760287386,1.123143434645598,1.3461854102326456,0.574843830150566
44.300000000000004,2.967669049951218,4.1009353663134345,1.3459451463214576,2.1172686884125205,1.3463098596682692,1.3454975950030015,2.592689185320389,0.03120124819075845,2.723959233498568,1.3526021600479587,1.343550386319294,0.5790213948478341,3.0341583502942373,1.4540917125226902,1.3452211782401682,0.5885548080496956,2.5246038791900274,1.2378742319334388,1.3448852914603715,0.5908845448421043,2.842834256676916,1.1252955922263785,1.3488840859081386,0.5754215816772464
44.4,2.974485641194436,4.110486876928639,1.3490486356922813,2.1217971644771936,1.3494136300057882,1.3485898726112706,2.598649178755742,0.03178944420607325,2.7303747033856043,1.3558660303984003,1.3463723715226148,0.5792368204515442,3.041030070291942,1.4574871682483432,1.3482821150364206,0.5890539151469358,2.5302544858450124,1.2407868169530538,1.3494901585001542,0.5929540134890784,2.849431479805355,1.1274350717064887,1.3508375488209952,0.5781486263457215
44.5,2.9812948663688665,4.120038086984157,1.3520511328021598,2.125680142345234,1.3525176165620798,1.3515974959253791,2.6046004972558174,0.032040357105159546,2.7367902311400534,1.35913316258779,1.3502288101971511,0.5803762064815288,3.0478854833419695,1.4608655292639927,1.3525264754405657,0.5907274753303875,2.5359188150596945,1.243705603556385,1.3513675873008264,0.5906649949087007,2.8560107992958303,1.1295914349223688,1.3529127478203833,0.5824764687360517
44.6,2.988110466128758,4.129606898261956,1.3553237083409067,2.1303999550863186,1.3556383336395712,1.354882991934837,2.6105494027017233,0.03193106561884838,2.7431981222834,1.3624062299564028,1.3516277567926487,0.582687012857388,3.054749056552466,1.464251549616717,1.3548525427688483,0.5912794030088775,2.5416056281331296,1.2466319161905004,1.3574776601036702,0.5921065778208436,2.8625855089000707,1.1317429280084885,1.35625741711671,0.5823624246106558
44.7,2.9949259119646,4.1391475666141595,1.3584347863921307,2.134945313332609,1.3587592627044016,1.3580174946377261,2.6164977936330347,0.03086770394243709,2.7495951500444753,1.365676668489729,1.3565656904166419,0.5841590042555319,3.0616238443871064,1.4676490555074528,1.3571736795348457,0.5913830053647412,2.5472871647817725,1.249553407487886,1.3581705750327113,0.5939856555161719,2.8691581154616363,1.1338848583647052,1.3608432627487042,0.5837963328677114
44.800000000000004,3.0017430460719714,4.1486750578701175,1.3617103831304618,2.13973514885894,1.3618815850163348,1.36128288906529,2.6224467332573544,0.031103961180104018,2.755994976879953,1.368931121010225,1.3597528868650597,0.5856111844101477,3.0685149056488306,1.47107253046218,1.361407005010647,0.5933363054282059,2.5529637370664378,1.2524939954743493,1.359949965099101,0.5951889677056857,2.875713882279922,1.1360193653971218,1.3647743386615996,0.5839785941185616
44.9,3.0085564134501452,4.158170031907945,1.364880535161604,2.144071447990196,1.364998540785935,1.3644583915755892,2.6283935825183717,0.031030073103026294,2.7624106423477084,1.3721659753142763,1.3619284850198399,0.5872409065614209,3.0754047246483616,1.474503317715092,1.3657027153585606,0.5950982149268035,2.5586277589361552,1.2554548013211737,1.3631376032184044,0.5955908926677388,2.8822470422124375,1.138149248360179,1.3678539487372288,0.5845187688523428
45.0,3.0153817596185917,4.167654945143272,1.3678007894420865,2.14825346247289,1.3681238969344895,1.3674005314244,2.6343496577941443,0.03025824926294842,2.7688503152007145,1.375416289420047,1.365386835869588,0.5883738097256247,3.082310769390083,1.4779171336427837,1.368219947446504,0.5965886851453122,2.5643084949737798,1.2583994123801168,1.366567654402612,0.5965198889811223,2.8887809263338418,1.1402711233233245,1.3701353143956472,0.5858919568580253
45.1,3.022216644664985,4.177145139390931,1.3707978359792339,2.152604264842879,1.3712519038150042,1.3704081221074973,2.6403156387406215,0.030206481517443373,2.77529695061582,1.3786598874391205,1.3690810693627506,0.5891173717985937,3.0892198334373524,1.4813344266678723,1.3706847295916975,0.5985386763605804,2.570002841005035,1.2613372492722448,1.3694322126002152,0.5995965117373439,2.8953376790010203,1.1423953808870924,1.3731565341196816,0.5851846595176908
45.2,3.0290498814070594,4.186622644404791,1.3739141161604242,2.156388546231848,1.3743736096600518,1.373515825096669,2.6462835171829666,0.0300348826259123,2.781756860856876,1.3819023426759356,1.3716561975781985,0.5910367337086471,3.096121641411484,1.4847582942477737,1.373062417347422,0.600110199754548,2.5756854782154237,1.2642709922487951,1.372515512812162,0.6000361833406078,2.901892731515495,1.1445070012303127,1.3775395664279482,0.5861659570378436
45.300000000000004,3.0358817667107107,4.196112988610075,1.3771103749810119,2.1607856047391394,1.3774870013432319,1.3766281910441507,2.6522537379819378,0.03347179702692932,2.7882576501692076,1.3851471711246146,1.374064815426054,0.5922585467040906,3.103013238402063,1.488167508859833,1.3775246509754624,0.6012007604747341,2.581353272796333,1.2672031129526364,1.3761610861929716,0.6025059211453495,2.9084403718237013,1.146628278276278,1.3796101325596566,0.5865231886542912
45.4,3.0427103599320935,4.205630421740595,1.380420783932905,2.1655827718578964,1.3806049662277544,1.3799443024844005,2.6582180073047468,0.0336856708230988,2.794764332569072,1.3883903253852856,1.376874767181705,0.5937735654300761,3.1098898313294008,1.4915924021483105,1.381012111318157,0.6029596467787341,2.5870132656994183,1.2701194417014903,1.3788304602502566,0.6035006711092864,2.914982744873276,1.1487406977193024,1.3838610160046656,0.5874459622316144
45.5,3.0495314821348254,4.215207073767573,1.3835780438360292,2.1698986642121,1.383718728294444,1.3831069041283859,2.6641764111460224,0.03337911687230286,2.8012453871877314,1.391636117486296,1.3799341698047802,0.5962745719156034,3.116767200330544,1.4950357107443804,1.3844068029355345,0.6026497825129521,2.5926674427649816,1.273024468970439,1.382614992671248,0.6042350225071415,2.9215118816306243,1.1508609186102947,1.3862868843024905,0.588948639149542
45.6,3.056350579751091,4.224769499751603,1.3865313442167841,2.1742638321636125,1.386830380364501,1.386104156762612,2.670134383770324,0.032109316909269624,2.807726883754992,1.3948839151867172,1.3827918268628139,0.5981693921471285,3.123620627311086,1.4984816680261295,1.3887668668957347,0.6026027804777965,2.598326527001106,1.2759291919408233,1.3836775156096723,0.6040797083366513,2.928051095454652,1.1529866359206042,1.389912652126138,0.5914847690053412
45.7,3.0631840239160963,4.234328100844086,1.389721149263957,2.1785816498891672,1.3899491756237026,1.389287000621323,2.6761039654195757,0.032702137568502446,2.8142106189931315,1.3981339720712926,1.3847546641425745,0.5979400878147698,3.130491603450971,1.5019371429502009,1.3912382948212136,0.6044946074730956,2.6039923920856074,1.2788272267409033,1.3898588633287354,0.6050444846132875,2.934611586113561,1.1551324441822117,1.3920896783646692,0.5942799375516905
45.800000000000004,3.0700250945307417,4.2439234559965335,1.3929111638830107,2.1832268763279576,1.393068371007729,1.3924613734251314,2.682080415214631,0.03351664154379951,2.8206971644404204,1.4014058229832493,1.38700088437743,0.5990778773473484,3.137370348735053,1.505397679431484,1.3944488988339956,0.6057014287114827,2.609667403224407,1.2817317573910074,1.3938362476766035,0.6059388165132672,2.941183812453411,1.15729740493092,1.3953610180658862,0.5960188592935574
45.9,3.076864988291081,4.253505196032375,1.3961696914069468,2.1880241246116827,1.3961944069095666,1.3957260133668252,2.688051909627118,0.033019976972609305,2.8271819094044917,1.4046398686801222,1.3898530588433524,0.6000163060213219,3.144256037881818,1.5088711589687003,1.3986407077601357,0.6077857038828101,2.615349694736716,1.2846237069531368,1.3968842648117632,0.6087045304490377,2.947750791924664,1.1594661096921095,1.3983180902517145,0.595213627715639
46.0,3.083703355288482,4.263056601691237,1.3993191912214455,2.1927233232362653,1.3993234575084321,1.3988854205731793,2.6940204106602037,0.03226790508707741,2.8336718655493662,1.407855626334262,1.3919982455206965,0.6002556322479266,3.151161012061691,1.5123356877463694,1.3999074960777984,0.6084690413315846,2.6210352576285523,1.2875025437420933,1.4031669306559935,0.6109102172033448,2.954296666244381,1.1616250550835745,1.4012521297367015,0.5971513014439256
46.1,3.09054415200516,4.2725811641018305,1.402409416761989,2.196846266726513,1.4024484301987754,1.4019746177139605,2.6999927578175282,0.03244134613021451,2.8401638566834277,1.411071303603737,1.3951535609954124,0.600227169589428,3.1580748117716277,1.5157918231074154,1.40386184190074,0.6106152556825051,2.626735925841363,1.2903674078017873,1.406175758419606,0.612735719796034,2.960838201508834,1.1637865125573676,1.403464537754629,0.5978472187524373
46.2,3.0973818951479437,4.282070805144725,1.405297401667906,2.200895961325009,1.405566271610552,1.404849780915245,2.705966239149176,0.03209645343887627,2.8466297081726792,1.4142853104600255,1.397864342465444,0.6012247925594935,3.1649874298561125,1.5192605703968993,1.4060514259324512,0.6128740071342887,2.6324509050579588,1.2932245865335632,1.4106037713693043,0.6127904234851191,2.967380465139666,1.1659457158088375,1.4056871056061888,0.5983209799808793
46.300000000000004,3.1042170612157243,4.29157261616585,1.408300614745309,2.205469900288535,1.4086785354437548,1.4078759109870584,2.711939073951756,0.0307002497984367,2.8530906992844107,1.4174871434669767,1.3992675786579905,0.6014161030607628,3.1718914185750906,1.522730538037721,1.410653488912318,0.6138451229513047,2.6381682122258563,1.2961045573148766,1.4120665970359227,0.6130757463535945,2.9739156605699515,1.1681082602493063,1.4103026901106697,0.601682971339246
46.4,3.111059604319639,4.301069201481783,1.4114732627285285,2.2100395826182977,1.4117956976129553,1.4110328293050667,2.717916335956447,0.03018333964832945,2.859553835460982,1.4206903726351636,1.4012288935210535,0.6035010126823132,3.178788213333564,1.526206837235153,1.4140733094935398,0.613735978407097,2.6438973139279334,1.2989751942158831,1.4152391122539467,0.6140015541694382,2.9804689229114283,1.1702746513607927,1.4143733967125782,0.6036298360677348
46.5,3.117899815769846,4.310516128785393,1.4145469730321956,2.214256770347575,1.4149082639162727,1.4141052847705708,2.7238947871446757,0.03030228215680152,2.8660046392941947,1.4238815799215438,1.4039199620722544,0.6045529563924935,3.1856855140690343,1.5296914136666664,1.4178259454835453,0.6155756597609853,2.6496128961875254,1.3018520320257758,1.4191105339116887,0.6163808346438431,2.9870309651698927,1.172442027767409,1.4163087054673973,0.6025540494048689
46.6,3.124739630868085,4.319943224930342,1.4175411934866076,2.2187757973786297,1.418017488995606,1.4170677608518778,2.7298746151948636,0.030884633844164233,2.8724549167494535,1.427086329154739,1.4068828893596155,0.6047539002695832,3.1925862704630545,1.5331592117035595,1.422149497915386,0.6173700518497347,2.655341788451157,1.304730076595168,1.4230369621129557,0.6209917424393847,2.993578493966977,1.1745910260625987,1.4170246740040027,0.6007475045431028
46.7,3.131575926894789,4.329376349349625,1.4207182203744904,2.223228923021786,1.4211170798671717,1.4202303086269066,2.7358556764007114,0.0319331156776316,2.878910404743105,1.4303024902298591,1.4098125756307502,0.6060842625355866,3.199475645508958,1.53664139076455,1.4250571350175227,0.6190063091299159,2.6610553257858696,1.307611407608373,1.426934324607488,0.6235960609830209,3.0001219123406275,1.1767420442141932,1.4199527106355343,0.6005959509189461
46.800000000000004,3.1384227586579136,4.3387992292042785,1.4240348595915744,2.2273348080844912,1.424221855882752,1.4235104098485496,2.741844456268438,0.03207389075709305,2.8853909965849196,1.433533341088429,1.4120521026116601,0.6062465845355515,3.2063866719039105,1.5400899914843755,1.430040455113272,0.6202863148545583,2.666771314972782,1.3104896468903593,1.4306852502443952,0.6262572197985578,3.0066594641593545,1.178908782968806,1.4221813703827444,0.6012449587960886
46.9,3.145277926959519,4.348226924882089,1.4270936099702032,2.2317210285230047,1.427330557730047,1.4265774486018108,2.7478400732048867,0.03171138986059618,2.891895525163491,1.4367734260292542,1.4158297502782373,0.6077464945283378,3.213320832778192,1.5435155323269831,1.4336983043209235,0.6199275839743098,2.672470338776099,1.3133755954806907,1.4336721423162213,0.62600841661239,3.01320688042672,1.181081325580505,1.4239951449638495,0.6048609840274818
47.0,3.1521425407736254,4.357648668626409,1.4302532723264376,2.235510927544018,1.4304422304106705,1.429747786314742,2.7538454187106804,0.031189992784154276,2.898425417537146,1.4400176261195665,1.419904422540651,0.6101618024710184,3.220253704591297,1.546942428134753,1.4361072045621743,0.6209207253280614,2.678187205743023,1.3162715762275214,1.4356292303259386,0.6255619545384167,3.019747284638886,1.1832452317304614,1.4281813906257477,0.606598172989885
47.1,3.159010793057411,4.367029075644626,1.4333869063765352,2.2396533426802168,1.4335606592710728,1.432859201542302,2.7598511640303434,0.03118421109980122,2.904960605396334,1.4432709851227938,1.4239783602231544,0.6109103852134079,3.2271924966919334,1.55036689459649,1.439312269028479,0.6224628379144842,2.683911416858379,1.3191676225020672,1.4375303234768642,0.6281109025900148,3.0262828281421337,1.1854130574018475,1.431528200460704,0.6065874302799668
47.2,3.1658801989370517,4.376397502480009,1.436262373676544,2.244002118894178,1.4366742873714518,1.4357599120754627,2.7658619426704405,0.030710217135955897,2.911507144741045,1.4465319293282064,1.4267544520250734,0.6130463392564582,3.234125979110263,1.5537738218635946,1.4426797224464487,0.6235697317541302,2.689641133234539,1.3220600885810323,1.441103308030624,0.6299413698938209,3.0328183092015455,1.1875813195147518,1.4333877128118997,0.6058683259975786
47.300000000000004,3.1727547510032132,4.38581128644372,1.439427709128869,2.248483329716666,1.4397842544264274,1.4388621624103561,2.771880887964385,0.031748130768539704,2.918066234905229,1.4498066366510927,1.429789355467395,0.6157665634095412,3.2410585445902536,1.5571767186322112,1.4464492939044473,0.6258028691550866,2.695362656763163,1.324968400645379,1.4444207103277846,0.6293116604482003,3.0393710761237207,1.1897442891649228,1.4357521305371634,0.6060948517734512
47.4,3.1796293802225497,4.39524069677689,1.442686696266445,2.2526607269477603,1.4428851082713299,1.4420113299572712,2.7779016044742244,0.03302264729691461,2.924624144749943,1.4530675820855645,1.432957798685919,0.6168111030171902,3.2480025109945045,1.5605703757555596,1.4507349408300372,0.6267573185900371,2.701075826748553,1.327871320921569,1.4466570713356917,0.63204434827656,3.045936809403034,1.1918991492479505,1.4388633191851092,0.6074399567367299
47.5,3.1865039501230643,4.40467859707804,1.4456479571874434,2.256082499612327,1.4459775208223442,1.4449977644723113,2.783927898567302,0.03290759097116032,2.9311787408436514,1.4563199185241078,1.4349198851646914,0.6177063923836046,3.254953271007325,1.5639614832787851,1.4535693894863493,0.6277863700240609,2.7067837801114,1.3307646610258415,1.451598525242665,0.632934607961857,3.052504054586372,1.1940729659826272,1.4410723896858744,0.6092316156588082
47.6,3.1933733823932573,4.414120959269649,1.4488293508826284,2.2597629978647675,1.4490701587012895,1.4481147172421178,2.7899481100925168,0.034725510383648406,2.9377438887485083,1.4595676494130805,1.4390243586760412,0.6187119881184329,3.2618820104258495,1.567349285189661,1.4551262996308316,0.6287316865038364,2.7124883069726207,1.333666158124934,1.4548749393788953,0.6355706539167715,3.0590700509667537,1.196254138702566,1.4447222373968893,0.6094229282501276
47.7,3.200239067784321,4.423534245052495,1.4520932337139654,2.263893974539898,1.452160336549143,1.4513045162014735,2.7959625002159196,0.03632394683140401,2.944324779258667,1.4628158756755119,1.4411573551874706,0.618218772818911,3.2687887263530038,1.5707490141048102,1.45740832277803,0.6304323825558186,2.7181934786943804,1.3365626769834253,1.4614244219085935,0.6377284768212096,3.0656273863358523,1.1984323106974155,1.4466154400363636,0.6120724758845514
47.800000000000004,3.207117171498743,4.432968782669632,1.4551108522702891,2.2677166291159936,1.455245153151346,1.454420724507693,2.8019926023918167,0.03539040243868769,2.950920178791808,1.466063986728646,1.4448055983037758,0.6212301995317735,3.275707378661788,1.5741658437766286,1.4596318653949116,0.6310263263904043,2.7239036894594983,1.3394563976890423,1.4652954227705814,0.635775544997163,3.072199312105439,1.2006009641144635,1.4491803879909955,0.6143941181418123
47.9,3.2140047213922167,4.442430862212556,1.458171774224612,2.2717650299734067,1.4583377948658383,1.457479288866374,2.8080294507844696,0.03519849483098246,2.9575205862844864,1.4693148322800462,1.4471343478433827,0.6216309278535113,3.282633365733355,1.577600158508967,1.4637996950757741,0.6336162592591322,2.729624369475106,1.3423438246979642,1.4697435781475496,0.637006978750804,3.0787867269155322,1.202747091700126,1.4504786559130862,0.6143529672168696
48.0,3.220899083072964,4.451903763545707,1.4610431217078597,2.276080603210957,1.461439469007098,1.460383295909058,2.814070558663032,0.03546324864440356,2.9641453858046134,1.4725579509952247,1.449519409501026,0.6242734739134199,3.289565621225452,1.5810513770537908,1.468640674947065,0.6338225118262397,2.7353334671098257,1.3452200941384653,1.4727127328266219,0.6369030667457233,3.0853904797242495,1.204880399530727,1.4519205560296613,0.6167150319508174
48.1,3.2277963225717095,4.4613563394793365,1.4643552441995091,2.2800357598768195,1.4645421704963015,1.4636756219638012,2.82011457055017,0.03524399213573746,2.9707839607171174,1.4757950611866957,1.4511385325357655,0.6256079841192766,3.296504778079354,1.5844991323603117,1.4716611531423052,0.6354029444695357,2.7410410210689458,1.3480845876886984,1.4754975652118996,0.6384009339794453,3.0919944043502765,1.2070051260831236,1.4577094256605503,0.6163001573395901
48.2,3.2346946777503662,4.47084600473664,1.4674490097331205,2.283469578085981,1.4676580249039,1.4667737900992157,2.8261530223886497,0.03489206549151626,2.9774191767588496,1.4790342468361553,1.4536940975977737,0.6275366154459173,3.30344552184184,1.5879667869702498,1.4766070828585751,0.6349750391375159,2.74675404000932,1.350947896591883,1.4776435840696265,0.6384738949024014,3.0985977035886165,1.2091351187554746,1.4604017526334099,0.6189115254895161
48.300000000000004,3.2415899727857274,4.480334224532992,1.4706675026733538,2.287692819351769,1.4707895507660693,1.4699712396648041,2.8321793582025125,0.03632278041377814,2.9840394087100295,1.4822776166312082,1.4556774596441837,0.6287065537785834,3.31038114727563,1.5914446379910074,1.4791195971623519,0.6368194443007457,2.752456069461235,1.353810509161548,1.482909155114554,0.6384355899472118,3.105213408262594,1.211281730481384,1.4634644986212941,0.6205424015811436
48.4,3.2484881654925446,4.4898377625927965,1.473809547793865,2.291650560231018,1.4739306318443393,1.473127007117673,2.8382037741334094,0.0358705580994161,2.990676843024045,1.4855084076761824,1.4590714087928423,0.6306082892257348,3.3173070649781367,1.5949343941942375,1.4833473248474047,0.6363521276843587,2.75815799177245,1.3566822298757397,1.486254631554029,0.6393324099175496,3.111827046447258,1.2134174614436968,1.4650782521296013,0.6226616707413901
48.5,3.255387857048549,4.499331695980392,1.4769415559930537,2.295157797166725,1.4770706279786394,1.476236906782407,2.844229017924758,0.03566267337276212,2.9973147570606473,1.48874408404479,1.4601587274191363,0.6329199655499824,3.324239603317312,1.5984166860735054,1.4874366222725057,0.6367161046878943,2.76385215792388,1.3595509306367517,1.491706841020457,0.6376568856332542,3.1184419840662554,1.2155471163742693,1.4669517397888596,0.6253100461437884
48.6,3.2622986037396755,4.508824276785237,1.4800176920698445,2.2994191777555777,1.4802161901840543,1.4792898420996743,2.8502652799336214,0.03726602883710199,3.0039600304116596,1.4919784644590217,1.463301087389943,0.6328273659029225,3.331193367053951,1.601910694184707,1.490753269313188,0.6387149262436465,2.7695539244971576,1.3624318544722491,1.4949447323464815,0.6390189580986118,3.1250573282994782,1.217686671381491,1.4695482474800214,0.6284168519361465
48.7,3.269215034597709,4.518345784223594,1.4832268941609268,2.3036354737294378,1.4833636221280748,1.4824935392208276,2.856307605378393,0.037889804039980345,3.010620061659766,1.4952161241584083,1.4682347284771078,0.6349754401533214,3.3381481603265337,1.605407482872655,1.4933340888113629,0.6388167811719586,2.775254923397931,1.3653400633342994,1.4962766570366939,0.6401991845725237,3.1316799909534514,1.2198119743066282,1.4735414915928688,0.6310179629701267
48.800000000000004,3.2761304199801757,4.527894183974366,1.4864731907558908,2.307108474336699,1.4865126664465442,1.4856911618749336,2.862345764997498,0.03801879005422508,3.0172808173477828,1.4984558682931846,1.4722118653816172,0.636740963715143,3.3450951267597953,1.6089130862339123,1.4969258819854179,0.6389930507928616,2.780965831369436,1.368232816535584,1.4990838879553223,0.641121679535536,3.1383065858799104,1.221924404234354,1.476023822938031,0.633502891728288
48.9,3.283034708135632,4.537415570387317,1.4895703341472486,2.310848363936814,1.489655556513779,1.4888170745444422,2.868374853897868,0.03704590378241618,3.0239379857151314,1.5016936054112628,1.477179777908634,0.6384466724078762,3.3520127995094398,1.6124106326784908,1.4975337711415386,0.6382382330039341,2.7866714941324724,1.3711361539735651,1.5001914723987722,0.642067771515187,3.144926841426863,1.2240361029668754,1.4818124406595374,0.6368854458485013
49.0,3.2899314380413487,4.54691360779121,1.4926815142570562,2.314857537440293,1.4927938238129443,1.4919531843787108,2.874397434216555,0.036535276639969916,3.030594827026026,1.5049368843210338,1.4829482281358501,0.6394725044877149,3.3589210549071913,1.6158919433409027,1.4996671705504365,0.6385034647392348,2.7923696046753212,1.3740529365748244,1.5002493580453922,0.6431830254370327,3.151534121145534,1.2261672303271607,1.4864376158992378,0.6398261881363777
49.1,3.2968166018822913,4.5564239674076426,1.4958523878527525,2.3190088758838967,1.495926091934495,1.4950919581793505,2.8804108992184427,0.036997357233441434,3.037259013024349,1.5081834790224806,1.486700753050354,0.6405987668138557,3.3658095077541446,1.6193583548519994,1.501980096453138,0.6396099111605826,2.798070531657789,1.3769677537808096,1.501805904309799,0.6447091854193541,3.158116445960082,1.2283190189613347,1.4914273379700327,0.6410748091469253
49.2,3.303690724214941,4.565939223527611,1.4990534459055656,2.3227959968532215,1.4990538577482158,1.4982841289755755,2.886414289765546,0.03710979340909252,3.043897638947759,1.5114320863042607,1.4909560091643963,0.6421902556701637,3.3727040360663123,1.6228078816186686,1.5042359264542822,0.6410752158113747,2.803762322518465,1.3798901846544995,1.5042877729740416,0.6461646203703285,3.164686681247937,1.2304817676454691,1.4952783146114415,0.6419112167973525
49.300000000000004,3.3105647816931096,4.575462695841303,1.50212493013276,2.326800804483005,1.5021826752153422,1.5013724748664372,2.8924172828369117,0.036706322744426784,3.0505252585664784,1.5146991694184935,1.4951382595856806,0.6441325448774625,3.379594639598718,1.6262682027178752,1.5086655908412372,0.640955211750715,2.8094460611292726,1.3828265229165666,1.5061859283492176,0.6473652756510084,3.1712695544189735,1.2326318289097362,1.4970767030301952,0.6435777193383733
49.4,3.3174353762287203,4.584989384182045,1.505050981578075,2.331571585173505,1.505305520535546,1.5043134247085532,2.8984199513732496,0.03657891629185966,3.0571501526775924,1.5179591808982122,1.501859241167767,0.6467322406527102,3.386480445306949,1.6297436445262494,1.509991568354471,0.6407579405357351,2.8151175586349906,1.3857673152068315,1.5061881221807254,0.6462772684665934,3.1778541560194045,1.2347795482327844,1.500827456918656,0.6461283727540419
49.5,3.324299499553125,4.594527133257552,1.5082060066029697,2.3362803589341254,1.5084293335233734,1.5074772827864953,2.9044160217813153,0.036865260395779045,3.0637582151297362,1.5212272214228215,1.504686160458112,0.6468409308227039,3.3933631359333374,1.6332285283779984,1.5133762693115487,0.6421751748884128,2.8207883077037765,1.3886952580237097,1.5091668853382973,0.6481238515733722,3.1844345076253475,1.2369228205689915,1.5042831179782552,0.6476195719170171
49.6,3.3311619095766725,4.604049248677046,1.5115422330942319,2.3404389221119013,1.5115621109650086,1.5108182781292265,2.9104060598077552,0.036983380289997925,3.0703415880426794,1.5244873607044271,1.5060460546564822,0.6479117002964339,3.40023356074825,1.6366982822539722,1.516181333146217,0.6423611888022626,2.82648205728585,1.3916252812988028,1.5139037082315419,0.6495278435572657,3.1910228662543294,1.2390904078203981,1.508664844797265,0.6500271282645299
49.7,3.3380107519760402,4.613589708888388,1.5145596814026714,2.3444360775134827,1.5146877914537762,1.5138447919704598,2.9163848299326185,0.03611610990390218,3.0769030123787533,1.527745832808774,1.5102218317077605,0.6479087328862064,3.4070757146083954,1.6401728565992422,1.519057982552002,0.6447096894621839,2.8321741968282343,1.3945442484891455,1.516328249418344,0.6520849651468801,3.197606647892849,1.2412747640459902,1.5113099613093905,0.6493923832472162
49.800000000000004,3.3448570579687114,4.623110672826809,1.5177710739124202,2.348021357872159,1.5178200276907425,1.5170423028468376,2.9223580364370805,0.035816760917458876,3.0834652330596524,1.5310053909791594,1.512856046919691,0.6490275457226132,3.413910323542776,1.6436531194406947,1.523272321724598,0.6462723244994579,2.837856748567166,1.3974558593370154,1.520034626858788,0.6531935340195087,3.2041850787719666,1.2434707657894093,1.5136154033102514,0.6504567911773218
49.9,3.3517106629241384,4.63268427148994,1.5207965859269235,2.3516464472617016,1.5209599749318425,1.52003310802016,2.9283347217005575,0.03536487075846922,3.090033003904183,1.534262083420525,1.5173169985420958,0.6496322405369794,3.4207490788825323,1.6471339012806832,1.5255388479056937,0.6489074901976036,2.8435416389180785,1.4003683175518393,1.5213874677883246,0.6562112436261894,3.2107860925951974,1.2456906894431865,1.5175310766686294,0.6486898654139057
50.0,3.358577117295532,4.642282193737573,1.5240805748626627,2.3558294418015695,1.5241089586231136,1.5232935146640683,2.934323185039806,0.03626369896960269,3.0966310121839835,1.5375325502440347,1.5193130107182082,0.6495579346780253,3.427592820793656,1.650633528838892,1.5289578880142565,0.6505607384808518,2.849234501867118,1.4032742066556998,1.526638800210274,0.6585799010833242,3.217393118232694,1.2479109958891894,1.5199874626497942,0.6500363054569649
50.1,3.3654465129366136,4.6518919165519135,1.52746505317679,2.3608860655099977,1.5272619100882054,1.5267047245808525,2.9403146594196596,0.03574849020217204,3.1032379484324735,1.5408044132668937,1.5208551950883986,0.6509657393541601,3.434443820167077,1.6541479117306905,1.533307123982284,0.6507109162344438,2.854911575739035,1.4061867768727165,1.5307043137137124,0.6591019649007669,3.2239988025133477,1.2501375537230228,1.5235635781097476,0.653285049475063
50.2,3.372313938862682,4.661514370310383,1.5305696492044327,2.364636577145703,1.5304078494023037,1.5298447135317006,2.946307123804141,0.035461298956430895,3.109852653549817,1.54407008452597,1.5249924254329907,0.6520789055020774,3.44127797738573,1.6576766969407886,1.5353241263793123,0.6521419825149574,2.860579508478077,1.409105573358357,1.533871436620807,0.6605306813253228,3.230612566427053,1.2523752553101801,1.5267826523691566,0.6541694762764246
50.300000000000004,3.3791851280954304,4.671155413200883,1.5341849097223907,2.3693330631857106,1.533564930094935,1.5333919186549765,2.9522983203982793,0.0365950587297779,3.116469806663185,1.547321807909852,1.5263620905525592,0.652531639236151,3.4481215364167825,1.6612046321017697,1.5399172181443714,0.6553042404236034,2.8662335690797716,1.412039021642846,1.5391796046460655,0.6621610907117514,3.2372359600143445,1.2546309312830186,1.5297736841835046,0.6532949206171343
50.4,3.3860502492253226,4.680807543302138,1.5372688646645054,2.373568079911141,1.536724715653845,1.5365258139473585,2.958281583291985,0.03544404095682867,3.1230757553406963,1.5505722909788122,1.528594105447702,0.6532148004589502,3.454959125711865,1.6647258192150352,1.5432565337866282,0.6578138030412666,2.8718886065885405,1.4149720235960435,1.5436610240415733,0.663015795712132,3.2438553453703656,1.2569220163015595,1.5321548663677802,0.6540782485148219
50.5,3.3929165693298273,4.690450519588891,1.540544407959402,2.377833368038072,1.5398879893618285,1.539750270383216,2.964264873078384,0.03700716272453354,3.1296911226866517,1.5538349131691358,1.5329803471565917,0.6536256017671528,3.4617707095802643,1.6682410020127163,1.5457391842430015,0.6594051145940361,2.8775500310738824,1.4179147325911943,1.5462033746917532,0.6646143177598564,3.250487925942315,1.2592138006707638,1.5357673157803593,0.6549213297197649
50.6,3.3997833871087835,4.700049699541093,1.5435971821335517,2.3819686395797595,1.5430593572080882,1.54279946446888,2.9702438657801165,0.037531497012615135,3.1363051479096913,1.5571052574945992,1.5358360412206895,0.6542712835378988,3.4685657512348897,1.6717588053866133,1.5492498304395024,0.6614231149748813,2.8832124369578103,1.420863262546869,1.5506588235213727,0.6657163386645405,3.2571293506130727,1.261509124281161,1.537112963468979,0.6562492816381328
50.7,3.406652152822134,4.709686223587504,1.5467400944293337,2.3866036854322,1.5462310402700754,1.5459220034017256,2.9762263196878087,0.039165168837259165,3.1429298750642647,1.5603672130796002,1.539325454813577,0.6544756516930077,3.475362526165603,1.675267001406877,1.5532190282139913,0.6635536807385067,2.888886332068487,1.4238000550815337,1.5528786008883317,0.6683610147631516,3.263761649598295,1.2638085523470342,1.5399599470404728,0.6559381947332038
50.800000000000004,3.413515783681839,4.719319195513285,1.549794821644943,2.3905348970963405,1.549404249458205,1.5490019468135157,2.9822028348000797,0.03868138019093376,3.149544962951407,1.5636270286626315,1.543187363458801,0.6554702052584533,3.48215775648233,1.6787553602020597,1.5554003799031908,0.6646788576087141,2.8945515964629456,1.42672632237168,1.5549339248914422,0.6697577510223258,3.270401178252122,1.2661216317208044,1.5441436005885285,0.656703141406931
50.9,3.420367808996371,4.728903834191193,1.5528101712223574,2.39461105751792,1.5525719162299345,1.5520024099340752,2.988169418910866,0.040093299285420075,3.1561476216610878,1.5668898727960363,1.546784945471676,0.6579859555596718,3.4889427495848375,1.6822405590957819,1.558689526386697,0.665506322157557,2.9001976640389415,1.4296614744288274,1.5585606850176994,0.6695858545077878,3.277028096440793,1.2684412966941183,1.545672834174225,0.6580824123938237
51.0,3.4272149426862257,4.7384808193080845,1.5559192295511965,2.3984211438067544,1.5557381129018226,1.5550763832442975,2.9941303682411218,0.03944118679508704,3.162730310908496,1.5701744488401193,1.549594747314432,0.6595678352489511,3.4957272316578583,1.685712838155364,1.5628843773368657,0.6667655258900645,2.9058483960811445,1.4325803146638252,1.5626068033663494,0.6700379506122625,3.283649052667621,1.270775983458238,1.5469210417186765,0.6592288267731742
51.1,3.434065781310416,4.748089938219709,1.5590402408061275,2.402680332883933,1.5589074371698708,1.558218139293915,3.0000918741708364,0.03824825269362943,3.169305959545416,1.573477137247086,1.5547242178993372,0.6610202119249466,3.502530634707945,1.6891631281336448,1.5643156932277134,0.6677695426854328,2.911513696683355,1.4354970866986903,1.5647567737920558,0.6725049243900003,3.290263818743888,1.2730994159828424,1.5507539340182641,0.6592375400423658
51.2,3.440910799073955,4.75770548045525,1.5623657202425023,2.406376843954246,1.5620738360667497,1.5615502925526898,3.0060480727339676,0.03765454965370033,3.175882995875272,1.5767825157155648,1.5579654839432735,0.6637412649670339,3.5093502898578826,1.6925905175630225,1.5669576520171848,0.6676002402880596,2.9171623102642936,1.4383968021514468,1.5680455071105737,0.6725936858894278,3.296867154748542,1.275417713690826,1.5548523703458972,0.6616911651375318
51.300000000000004,3.4477560208566835,4.767327545971313,1.5654754174259928,2.4104554956992055,1.5652425906317309,1.5647023531741955,3.0120041654085234,0.037809431734147816,3.1824650435076434,1.5800869080733713,1.56107744086162,0.6654862545603992,3.5161798963509554,1.696006151692662,1.5703232667923246,0.6681367506957137,2.922818847205406,1.4412917457100949,1.571413600940902,0.6732742778137346,3.3034563114338362,1.2777376405826872,1.5574494457072912,0.6647317545392161
51.4,3.4545976729497263,4.776959488693547,1.5687239559181239,2.4146867604345275,1.5684053249402583,1.5679737295392235,3.017958892019992,0.03782960720877256,3.189062111045773,1.5833918710484953,1.5645297463638463,0.6656531000499171,3.5230107793441277,1.6994165252961013,1.5736276863342167,0.669852389030495,2.9284680703410126,1.4441916349472526,1.5731949534750587,0.6756106329514702,3.3100316847806197,1.2800561427596913,1.561935521317056,0.665105528823473
51.5,3.4614439550996847,4.786593112423851,1.5718881475017084,2.4186774587861555,1.5715682688253687,1.5711536889297422,3.0239176274666537,0.0377108394644242,3.195666306670411,1.586693251216491,1.5694867136121995,0.667887242806254,3.5298435553338505,1.7028309245215312,1.574616769068924,0.6707208615315063,2.9341245933641162,1.447112228899738,1.5750272670028802,0.6749350687232644,3.316607725399364,1.282362012849539,1.5668593508569415,0.6661603349560069
51.6,3.46829099568441,4.79624372863711,1.575039405562199,2.4229147748537585,1.5747304716529809,1.5743428352436266,3.0298765849133518,0.037185231263960436,3.202274868640886,1.5899995299009264,1.5727322731584275,0.6699361182285664,3.5366742270528206,1.7062384100795644,1.577580997803063,0.6720882050630351,2.9397757280662242,1.4500096858248617,1.5787754553576736,0.6744931915001919,3.323200247496838,1.2846836669573372,1.5695791355655584,0.6681904415903931
51.7,3.4751408736967804,4.805896131483747,1.5782045449178528,2.4273449772222735,1.57789382685114,1.577463029901931,3.0358381344289063,0.037442252792937766,3.2088987494833274,1.5933124694511223,1.5762580922645948,0.6701472177986747,3.543490459243433,1.7096273674770601,1.5817747351534215,0.6755183572963394,2.9454400698528906,1.452898463896863,1.58139024517692,0.6761402261592643,3.3298000782553396,1.2870160581931034,1.571807573739585,0.6674915393174997
51.800000000000004,3.481998662041918,4.815569587702431,1.581263193006791,2.430970626643512,1.5810620996773792,1.5806017134625032,3.0418069947364192,0.03532141760480854,3.2155255663483024,1.5966398749592214,1.5811214139403234,0.6692394849235361,3.5502927607658004,1.7130240650613306,1.5830887123515027,0.6758050973865065,2.9511294660219263,1.4557940944276464,1.5829786089345173,0.6782569492800051,3.3364148816036865,1.2893360819541395,1.576443744187912,0.6721904968800498
51.9,3.4888641180701354,4.8252507117515036,1.5843677293521718,2.435338475235964,1.5842277434837402,1.5837003944902952,3.0477859676266084,0.03558592008796383,3.2221444252890565,1.5999581299897772,1.5853909370432768,0.6694623980237688,3.557094328455219,1.7164248395150423,1.585335208159504,0.6785303762401744,2.9568275353610343,1.4587136204308748,1.5848499315025255,0.6804630006779954,3.343053705857346,1.2916638954307456,1.5804090037512166,0.6723300175086132
52.0,3.4957371540580353,4.834922146491205,1.5875937226965242,2.4393528560284232,1.58739288464838,1.5869396805460865,3.053772159240804,0.03581034315085507,3.2287531734694754,1.603263864721014,1.5892222894457015,0.670275702553765,3.56390805313895,1.7198374372444474,1.5883777645374704,0.6794599917698627,2.9625334482298973,1.4616357586468303,1.5874709724685716,0.6822651098940409,3.349699917364771,1.2940182858180538,1.5838089378271474,0.6737590156910127
52.1,3.5026168730445493,4.844550557693988,1.5905186934889766,2.4430643070177385,1.5905558052523028,1.5898959399491646,3.0597653470378163,0.03530112997394262,3.235369340237355,1.606570540882885,1.5926666617272334,0.6728248339926732,3.57071876349879,1.7232530250865974,1.5927159753699698,0.6800831174062488,2.9682355515181484,1.464552249973872,1.5898474797617823,0.6831791058427147,3.356366584373359,1.2963842188709938,1.585445299922775,0.6743128094090288
52.2,3.5095011687579514,4.85415879912694,1.5936897019488578,2.4473057031116165,1.5937182124148854,1.5931009435970551,3.065765515376713,0.035205481568015985,3.2419916132901165,1.60987363514039,1.592745674451355,0.6722758538072442,3.577540043100403,1.7266795530517514,1.5973385400781552,0.6813597418501689,2.973916838474384,1.4674765898729518,1.5952827407165742,0.6849911921806263,3.363040198129763,1.2987459096639011,1.5881018562025715,0.6768617643574876
52.300000000000004,3.516388434906029,4.863773923100568,1.5969250051568087,2.4516414925651513,1.5968833755657037,1.5963242200150485,3.071767949260628,0.03475165063150493,3.2486058020520607,1.6131770042206404,1.5969685109799392,0.6744528293940041,3.5843787740386253,1.7301194277605296,1.5999826150500076,0.682626475656988,2.979584260124527,1.4703951876972066,1.5976588471475284,0.6866529425582105,3.3697206849637,1.3011106365925118,1.5917551106681933,0.6764041879414874
52.4,3.523273632891435,4.873396980464692,1.5999789653590757,2.456208354029009,1.600039211466488,1.5993962438058327,3.07777030593759,0.0353141115755395,3.2552161072148373,1.616475589029946,1.6017468111997584,0.6757142524450717,3.5912138521843424,1.733560614437205,1.6017451675253587,0.6828335123331578,2.9852618286629484,1.473300041441958,1.5999389161251967,0.6885425323201924,3.3763975090246396,1.3034638334443895,1.5951586726445082,0.6788626536448433
52.5,3.530157018823357,4.8830339036317785,1.6029980068864682,2.4599716046020825,1.6031946088167905,1.6023889602828483,3.083768388515731,0.03537487110286119,3.261812389712797,1.6197438209008266,1.6056844113441309,0.6765578409884543,3.598055072893112,1.7370193474435853,1.6035870955753733,0.6840471642847124,2.990932988541547,1.4761936179979618,1.6030600000453916,0.6899946511106475,3.383088803901374,1.305801187384685,1.5982796151293017,0.6805792708122558
52.6,3.537050633862543,4.892668264626984,1.6062737165858216,2.4642796841166237,1.606347171017924,1.6056437131538512,3.0897794749668237,0.03469760999664806,3.2684169082505177,1.6230071891928872,1.6077888616024585,0.6786786153465496,3.6049113054374273,1.7404955256268093,1.6062394539900162,0.6865886887151902,2.9965936119635517,1.4791065289778402,1.6063870268922973,0.6893295249269027,3.389800980265156,1.3081170145195795,1.6032304026620892,0.6808694724455591
52.7,3.5439441344349327,4.902268577487339,1.6093108516401196,2.468489336148591,1.6094988090545754,1.6086593044503226,3.095789648255983,0.03636960510300651,3.2750219042700053,1.6262683516193168,1.610999742046057,0.6797693415264716,3.611749751925801,1.7439807901245843,1.6094576601479058,0.6864200945888994,3.002259026342872,1.4820113198572678,1.609065150147805,0.6914975829619983,3.3965265359696817,1.3104452567243183,1.6062213687998828,0.6832855722895201
52.800000000000004,3.5508382751101815,4.911888558346677,1.6123181896737335,2.4727003104662217,1.6126551972477787,1.6116312704600493,3.1017980799325646,0.037169385325580576,3.2816424339137726,1.6295189780131727,1.6155799331599532,0.6802246761952776,3.618578743611623,1.7474533028952606,1.6109919757131839,0.6880655370738863,3.007909239811935,1.4849232226954545,1.6098523378092218,0.6931840655684401,3.4032743993140047,1.312779639532885,1.6113321420893492,0.6851288368573907
52.9,3.557722748719164,4.921548928527955,1.6159695552396613,2.4773826680609754,1.6158078320512863,1.6152170204361493,3.107797063202984,0.038820514928553984,3.288238140635432,1.6327644651744742,1.6154105785511343,0.6821356999823749,3.6253968900396565,1.7509205982992362,1.616396483814945,0.6893955761286251,3.013552581103804,1.487840821070615,1.6158412639086923,0.6944206932780015,3.4100270826282433,1.3151251689104557,1.6145639394024656,0.68644252921558
53.0,3.5645981985561774,4.931204230916432,1.6191767305265425,2.48147863665091,1.6189634739555463,1.6184878894195738,3.1137850889392373,0.03736018555484491,3.2948306493705566,1.6360022884457213,1.6188440946359541,0.6849837918970199,3.6321878947996113,1.754385216798899,1.6197352448934148,0.6886357416957914,3.0191856421841052,1.4907544766050813,1.6194407466780525,0.6947475252554813,3.416780432443428,1.3174871185292316,1.6171451968047463,0.6884302228299543
53.1,3.5714666147550296,4.9408041555235265,1.6223136357781751,2.485453965947624,1.62211557416341,1.6215637489246173,3.1197679902277393,0.039312801814800735,3.30142122402033,1.6392367481064296,1.6237135550506572,0.6849229541189894,3.6389554774043082,1.757861390074125,1.6222210294275008,0.6894019735167415,3.0248101413646484,1.493658196767911,1.6220574230148759,0.6974142928124741,3.4235294588147682,1.3198593939750138,1.6194926927126747,0.6903877493576065
53.2,3.5783314697086746,4.9503743598563545,1.6251364530269696,2.4892170089042485,1.6252736430187202,1.624383462028645,3.125743744539626,0.038890683126614686,3.3079938812223775,1.6424732352244091,1.6282030215056846,0.6860798938042559,3.645711442844648,1.7613514382452193,1.6260094355562722,0.689706620139509,3.0304419693512115,1.496564354920138,1.6231487887011358,0.6995091401796475,3.43027951486233,1.3222142235121603,1.6214230780485224,0.6906624366372618
53.300000000000004,3.585199602467559,4.959929258857244,1.6282607436442078,2.4936478074113153,1.6284316563036139,1.6274891742520547,3.131722348973622,0.03897730123383435,3.31455205943708,1.6457043758779077,1.6327598382462327,0.6884302238943075,3.652487215568879,1.764849905504712,1.6267247392565465,0.6908050816418544,3.0360781313151852,1.4994672756378338,1.6269558888721627,0.7011768562602033,3.437029616026426,1.3245672661525936,1.6247953424918922,0.689791129496506
53.4,3.5920745717997407,4.9695119073309,1.6312966140871552,2.4977860628174797,1.6315908972911726,1.6305274555947684,3.1377078617647243,0.03924826651462832,3.3211125024481234,1.6489205580711936,1.6359548248837659,0.6891678561431301,3.6592969579847527,1.7683642050394381,1.6281966326901949,0.6913013279383945,3.0416954959170157,1.5023863491472154,1.6310751799808856,0.7029690307193965,3.4437771790412257,1.326938032850138,1.6281254698884666,0.6928366278049636
53.5,3.598954694729084,4.979116678538498,1.634427033836263,2.50172685709393,1.634751094346047,1.6336935774515435,3.1436992881883183,0.03920766349593083,3.3276690209143225,1.6521226188508351,1.638207017090887,0.69110672351042,3.6661180451769155,1.7718745356304981,1.6320775242023509,0.6921557976248865,3.047325687686676,1.5053195044323802,1.6349035380145494,0.7041021628478148,3.4505171153493324,1.3293302567700858,1.6307178174895978,0.6941096242020578
53.6,3.6058284608871354,4.9887158425034706,1.6375805679190996,2.5060797331833764,1.6379116542825698,1.6368512637780217,3.149684172474939,0.039322566236015585,3.3342135250421676,1.6553202698727618,1.6412625592853545,0.6912940672292652,3.6729443142501794,1.775372459147442,1.6334003882466253,0.6943431909571411,3.05294276502431,1.5082461706964916,1.638882150417531,0.7062722373389972,3.4572514643183334,1.3317291041175485,1.635038505825539,0.6941430082872792
53.7,3.6126943352410654,4.998312195809207,1.6407844824280133,2.5105998329003545,1.6410680140679141,1.6400382164721445,3.1556622943084593,0.0409037312700659,3.340746143571684,1.6585375131663913,1.6434377976373031,0.6914329272967356,3.6797591350926226,1.7788590154191486,1.6358117107078083,0.697237274503515,3.058556879815933,1.511168221263805,1.6429921951320832,0.7085309028441236,3.4639789649169663,1.334138741233379,1.6391602196531543,0.6937381765115308
53.800000000000004,3.619555441025155,5.00787088564272,1.6437827302726482,2.51463320933371,1.6442174170701431,1.6430449068641118,3.1616389444937125,0.04087557266152798,3.3472634444121803,1.6617482906639778,1.6482966190736803,0.6937153829756214,3.6865746972951188,1.7823418381811535,1.6381212980960806,0.7004507796091127,3.06417941240256,1.514086618293194,1.6448887054299781,0.7082733019747577,3.4706945355827075,1.3365602906124394,1.642197113626216,0.6931239498708491
53.9,3.626416596087936,5.017428543065011,1.6468839929968442,2.518116471962035,1.6473655140989791,1.6461005678339269,3.167616207456478,0.0412967048797083,3.3537644634972716,1.6649431805602068,1.6530311198010632,0.6961335115738505,3.6934085703378927,1.7858174656694534,1.6411264809996335,0.7016797621108339,3.0698075149862833,1.5170082478159814,1.6458240393207764,0.708335607188028,3.477408307546169,1.338983322674892,1.6458279887492153,0.6946321123333584
54.0,3.633272635714173,5.0269747588231946,1.6500210243210414,2.5220841006529238,1.6505033397483344,1.6492394789507407,3.173593620712402,0.0410456594136709,3.360256651368753,1.6681331214739281,1.6565290625226095,0.6965641463254129,3.700246938502132,1.7892703181247893,1.643054297711437,0.7028865946165569,3.0754289546511044,1.5199460221793855,1.649609711920665,0.7095830890959114,3.48412427938557,1.3414143185317702,1.6492839798947236,0.6970714069844323
54.1,3.6401333348878446,5.036522525258028,1.6531998190972277,2.526180296379487,1.6536471769381724,1.6524168248236908,3.1795753943411595,0.04162343348126416,3.366765132370413,1.6713100369931553,1.6595578250843548,0.6987219904973171,3.7070842911849424,1.7927324162443796,1.644356641002096,0.7049539960016157,3.0810431779124428,1.5228837172986927,1.6529900806412918,0.7098404480662235,3.4908554012755055,1.3438332504252153,1.6543460911933796,0.6972819478339417
54.2,3.646995841112525,5.046087056033737,1.6563073665163077,2.5303479516954432,1.6567940297968917,1.6555340883517922,3.1855577791019645,0.04108023330506996,3.3732841897355073,1.674483772009503,1.6627492207354173,0.6996974307845976,3.7139241999233703,1.796195332018484,1.6480826365247605,0.7078848914386217,3.0866573065348346,1.525814705330734,1.6558472479044792,0.7094478603540959,3.497587265107556,1.3462218237273245,1.6570326753356994,0.698573582100071
54.300000000000004,3.653857913031453,5.055688137397978,1.659509868829837,2.5345066876289235,1.6599453743993364,1.6587646336408883,3.191537897712616,0.03917288846841905,3.379795483494881,1.677649779983568,1.665768670509609,0.6999482334136036,3.720774752827615,1.7996823585511346,1.6513633108167842,0.7095361328591536,3.0922502348049026,1.5287560595382153,1.6588322110544194,0.7110364397183725,3.5043244347667413,1.348611301965258,1.6606402467935806,0.6990958402191
54.4,3.6607137208391984,5.065307563419547,1.6627953588802793,2.5387122026220728,1.663102053415539,1.6621098951058897,3.197507397418516,0.03874125930191389,3.3863114490751114,1.6808032645853088,1.6683947590778168,0.7022393171442668,3.7276079193926357,1.8031657057334207,1.6559257194987762,0.710991971973381,3.097829204999922,1.5316930386659733,1.6617495434711675,0.7111241409026757,3.5110672042255002,1.3510293623458076,1.663745630090358,0.7004748955343317
54.5,3.667562485947709,5.074929860323594,1.6661143428963947,2.543582901742044,1.6662599451569058,1.6654806344995845,3.203467820887834,0.03784202233583452,3.3928210861370913,1.6839379637674365,1.6698529624330507,0.7036523206282866,3.7344197663512104,1.8066297210674471,1.6597695269622306,0.7115503376640413,3.1034141001866744,1.5346477958959703,1.6662774109404908,0.7119956967119082,3.517805917636847,1.3534573787343167,1.6673425327050342,0.7031931706855202
54.6,3.674410299860169,5.084541356217681,1.6692164485256515,2.5473361093926834,1.669408401387933,1.6685097303187313,3.209433284566571,0.03928109027123933,3.3993269424796937,1.6870535510440758,1.672450136355209,0.7049472724132694,3.741243841772788,1.810078031265524,1.6630215115284492,0.7152741526250744,3.1089983660913343,1.5376235146682697,1.6708726262214513,0.7120416671933789,3.524533767969829,1.3558946450984994,1.669172652143431,0.7024890570139906
54.7,3.68125786570977,5.09415553839738,1.672383230782808,2.5517913022244425,1.6725544682218842,1.6716743212427907,3.2153999822633486,0.03988448014957914,3.4058258012081857,1.6901509347309418,1.6758893818109661,0.70578904408858,3.7480764920005307,1.8135321337151402,1.666134964372518,0.7167920655912541,3.1145881374060105,1.5406122848893606,1.6740105595064212,0.7135055497669145,3.5312471964043617,1.358336130256865,1.6721201287565808,0.7043876746297126
54.800000000000004,3.6881063924866724,5.103746387191252,1.6757483747452153,2.5554374297119815,1.6757000864321623,1.6750297342032308,3.221367192974803,0.04048699536363565,3.4123239733901016,1.6932437984064237,1.677686840351146,0.7083864005799226,3.7549220734346553,1.8169671102047034,1.670228215482383,0.7172723150814126,3.1201971401032713,1.5436018616170477,1.677621956658804,0.7141287078653856,3.5379444197995724,1.3607570505985047,1.6760891445464128,0.7050056579587812
54.9,3.6949583873808374,5.11334636990221,1.6789533265644436,2.5598999041294794,1.678846612555948,1.6782423383133598,3.227339142146324,0.04001506864884056,3.4188355770209156,1.696342072739895,1.6799438445470223,0.707922412757852,3.7617663290350363,1.8204108413076492,1.6737306746776213,0.7187885585483599,3.1258128098049713,1.5465779450460746,1.6815138019652847,0.7163056283557392,3.5446356865330264,1.363175753668085,1.6793241886575836,0.7068975005525465
55.0,3.70180708299594,5.122934399128496,1.6822073624221048,2.5633262706578095,1.6819938097691882,1.681436642066425,3.2333064789814245,0.04073685829343711,3.4253361537531597,1.6994479264493343,1.684797013685858,0.7084136862634594,3.7686162899400353,1.8238550339349662,1.675803206851245,0.7199752887491668,3.1314195602994896,1.5495394940974838,1.6827300407126617,0.7174679982997466,3.5513327178213316,1.3655804705014785,1.684060572575817,0.7090682465656385
55.1,3.7086581335771145,5.132510403219439,1.68538376927719,2.5676254019952567,1.6851435277241058,1.6846119965454398,3.239273319814932,0.039951357236063835,3.431826453554687,1.702570344289332,1.687814507909189,0.7103061242343571,3.7754620715545095,1.8272897950952751,1.6813678448556064,0.7198893873763782,3.1370316819669557,1.5524899333096176,1.6861903283629018,0.7186320154854774,3.5580469080648527,1.3679834829372233,1.6847479642407197,0.7103303569570888
55.2,3.7155096300447625,5.142081037260237,1.6885788155070611,2.5718574980430398,1.6883008276618885,1.6877944635388427,3.2452362928831304,0.039939814290768,3.4383202350521658,1.7057009268108336,1.6911689767262406,0.7106224021559839,3.78231039399626,1.8307264326226396,1.6858776529585193,0.721007293652231,3.142636365312664,1.5554320948034224,1.6892320994590797,0.7208039751156111,3.5647555421822985,1.3703843052652998,1.6865341221394055,0.711950753866675
55.300000000000004,3.7223564345111635,5.151635591647759,1.6916798007168115,2.576071556269954,1.6914491997805654,1.690960687307479,3.2511975008392584,0.03826323239521951,3.444813950273891,1.7088147543608692,1.6934757183439313,0.7132459676308845,3.789143498189631,1.8341647032206043,1.68979154383783,0.7199868837148994,3.148236530186468,1.558386865676887,1.6936120180547207,0.7212410499287659,3.5714618113138386,1.3727758103087813,1.6884531656939115,0.7144160118705742
55.4,3.7292026891471353,5.161178088629189,1.6947683164065324,2.5803704383462787,1.6945843281912805,1.6940123791031734,3.2571645220628738,0.03940443742315678,3.4513044985215786,1.7119269478232524,1.6960919044308533,0.7142173913521245,3.7959661067502766,1.8375959436386113,1.6942886763621658,0.720355647294917,3.1538365720398622,1.5613546454191236,1.6980098283841698,0.7234702616438696,3.578185857832679,1.3751743944654453,1.689152180353878,0.7159529320146837
55.5,3.7360501833439015,5.17069811910989,1.6979249258060598,2.5843286632120948,1.6977180213611835,1.6972368017691362,3.263133478655012,0.03746343008738503,3.4577910914678975,1.7150403182029927,1.698742846730158,0.7170263890634055,3.8027903725577614,1.8410129766029477,1.6991656693625892,0.7230501962438551,3.159430430086616,1.5643391980318062,1.7005960196132073,0.722812284461253,3.58492530691611,1.3775789441276103,1.6918595468005049,0.7155210138585412
55.6,3.742898266897362,5.180241829168495,1.7011833318351441,2.5888529521118264,1.7008501327597088,1.7004415334172116,3.269103469937119,0.03831149160520393,3.4642707062515066,1.718158629698088,1.7018121764724679,0.7170623538078403,3.8096161549033196,1.8444339738530735,1.7037185718096324,0.725014384757054,3.165026884514335,1.5673209480957788,1.7038902708773331,0.7253734439628744,3.5916728014674235,1.3799897243880432,1.6939162054218062,0.7165319934076015
55.7,3.7497553094569893,5.189786964164508,1.7044576127147117,2.592876232513439,1.7039875656762888,1.7037576008804975,3.2750812287756643,0.03779299385089563,3.4707774632926855,1.7212822109591666,1.704300947668667,0.7182174991991572,3.816455835656535,1.8478762892538716,1.7064103863503497,0.726338837762172,3.1706186503272438,1.570284193848356,1.706934363400593,0.7261001441315647,3.598418343909214,1.3824056495007109,1.6988928178424558,0.718354097554041
55.800000000000004,3.756613783164261,5.199368286934734,1.707465162569033,2.596796685568212,1.7071219089054857,1.7067162399448068,3.281063829752329,0.03906860101576442,3.4773022001048517,1.7244129279718843,1.708367115575875,0.7192451401733537,3.823294166559914,1.8513338180372332,1.7077706503879528,0.7276705710265107,3.176207195668497,1.5732473987778717,1.7099637834993886,0.7273562849030822,3.6051505131783257,1.3848381297132029,1.7024230949227666,0.7197681142033258
55.9,3.763476030126742,5.208987956803628,1.710691737021327,2.6007451444188026,1.7102538104802245,1.7099625453516882,3.2870521531340486,0.039475270841929866,3.4838457722167826,1.7275505478219653,1.7112297659738733,0.7203957500876791,3.830129408432397,1.854791626255966,1.7114437845051227,0.7285011025010093,3.1817903402061005,1.5761992279693888,1.7139010827643362,0.7278872870773373,3.6118906290641037,1.3872776183456268,1.7048926373122817,0.7223822901046468
56.0,3.770346633908276,5.218621475158871,1.7139220589565312,2.605103031934774,1.713390435151931,1.7132145028375771,3.2930482175777067,0.038681065252233734,3.4904051405591074,1.7306991068340767,1.713883374955103,0.7205711296394887,3.8369619730564453,1.858272350383799,1.715045441856439,0.7307252184004961,3.187354785085847,1.5791497079225594,1.717680573519316,0.7296512667547586,3.6186531474464827,1.3897217214667696,1.7077882582967323,0.7229164714501882
56.1,3.7772128962742357,5.228254991939533,1.7170597027866854,2.6093993913929774,1.7165253296614125,1.716348175675878,3.2990386895661237,0.039113974822406486,3.4969741838907114,1.7338432715689998,1.7179722949778344,0.7218762934904189,3.8437744581205244,1.8617560880910877,1.7170101305171772,0.7308238383957999,3.192911495845946,1.5820834937867685,1.7207805396062574,0.7309874170695081,3.6254267674844174,1.3921599795669535,1.7112057987650395,0.7247342637994323
56.2,3.7840762206788803,5.237898931365829,1.7200855071512788,2.6134046242861837,1.7196509355000131,1.7193820878869084,3.305029215891671,0.03840496193999863,3.503526589508558,1.7369727876567156,1.7215101855903936,0.7235697193164615,3.8505952381603152,1.8652559760901837,1.720340873190589,0.7332123618566271,3.1984585154487286,1.5850135984190101,1.722281688936856,0.7310625099157922,3.6322074945735183,1.3946072020563252,1.7149234131513076,0.7261984313255782
56.300000000000004,3.7909346820957133,5.24757515452427,1.723297739819135,2.617465234699216,1.722765184565585,1.722572851242217,3.3110200805251515,0.038916951487676384,3.5100566159535114,1.7400872165438694,1.72449374046459,0.7241554201038615,3.8574163492961637,1.8687479182024014,1.7208250903323616,0.7347488839982387,3.203997376549915,1.5879596022499427,1.7241710659851788,0.7329438154210194,3.6390017442319773,1.3970705909686698,1.722340315210376,0.7269181618507657
56.4,3.7977892653985257,5.257266098043043,1.726361129475821,2.6213486647650623,1.725873270414891,1.7256491984988986,3.3170088663354114,0.038735593499204315,3.5165844055150517,1.7431883494400695,1.7286197708547513,0.7279085550262495,3.8642218322325292,1.8722392597768738,1.7229989428581896,0.7362884324193005,3.2095519561278616,1.590916530393544,1.7263258766693568,0.7318341727862514,3.6457863757536737,1.399534185090058,1.7261756197768978,0.7282719502844374
56.5,3.80465187616495,5.266962813157552,1.7294083429172953,2.6253161049305462,1.728985738422096,1.7286841111844684,3.323002416698724,0.03908215346183873,3.523128741338676,1.7462808441949647,1.7332968394456336,0.7297774376598034,3.8710233977999176,1.8757312943355071,1.7257297378699001,0.7387450006817059,3.2151363004850766,1.5938783304668693,1.7279999569166087,0.731943768426907,3.6525697051367416,1.4019853552090604,1.7292929342194476,0.7289268356530596
56.6,3.8115112738802766,5.276655307350327,1.7323974896791003,2.6294945520780413,1.7320948219251064,1.7317425409334024,3.3289944089239256,0.037769872828303144,3.5296706260695743,1.7493759742921289,1.7357707755767198,0.7311405885984403,3.877822372039988,1.8792220575038794,1.7290561235320037,0.7402855786505446,3.220734685385266,1.596825013171861,1.7317428767627878,0.732237735731122,3.6593362193130816,1.404444723940646,1.7318880012695097,0.7310280525785937
56.7,3.8183704948575623,5.286343033639286,1.7355901364097914,2.633678665664364,1.7352026593618723,1.7349564450031927,3.3349871482556765,0.03741281127599157,3.5362049857339235,1.752475678327403,1.7382837943766964,0.7312987603473377,3.884620351526899,1.88270750510643,1.732257204033179,0.7416094054141953,3.2263522196154106,1.5997705815579006,1.734834178583738,0.7349406156221924,3.666095532872157,1.4069184139645514,1.735875570770828,0.7317493277970508
56.800000000000004,3.8252356598039583,5.295989362051566,1.738437140700644,2.6379409628414066,1.7383179858529416,1.7378664647534372,3.340981663351285,0.035923036128217574,3.542741773788957,1.7555996146661375,1.741635607531507,0.7325877665035726,3.8914314110025012,1.8861655512847673,1.7343341059658628,0.7445822761373004,3.2319713326686,1.6027316091524997,1.7381577462195292,0.7351983684999978,3.672862119390975,1.409400022139563,1.738577195589923,0.7325353177057291
56.9,3.8321092204033094,5.3056905514734884,1.7416067192939484,2.6421180198113388,1.7414327912628071,1.7410080509571515,3.346985948738314,0.036958590154198626,3.5492933816041825,1.7587239254006828,1.7452167528994527,0.7347263065272701,3.8982676432897625,1.8896029852860683,1.7357453803757164,0.7446361248200478,3.237582886182081,1.6057123873867698,1.7408770864649896,0.7364990706301154,3.679638594001104,1.4118928790462606,1.7434923018230237,0.7344229692024093
57.0,3.8389870101506802,5.315469431729083,1.7446429872847122,2.645985373602198,1.7445465125354656,1.7439855540945453,3.352996922136284,0.03897253395140647,3.555850708488675,1.7618505524940566,1.7482290140685677,0.7363036036399282,3.9051167665625663,1.893056867553575,1.7369447372876785,0.7473856651807665,3.2432023436027366,1.6087040850712127,1.7440266315249637,0.7361816095039574,3.686399492063477,1.414388524445854,1.7481219150973026,0.7360648742573446
57.1,3.8458716803890853,5.3252830697632785,1.7477293726419767,2.650412025437832,1.7476581068207566,1.7470834585043213,3.359015119061317,0.03845222073887631,3.562388560622055,1.7649629245356864,1.7496348156679968,0.7365896631717423,3.9119878558402688,1.8965205922178512,1.739580157132956,0.7488816727424593,3.24882757714703,1.611699153789483,1.7476685976563335,0.7379427576194776,3.6931769564409285,1.41687235201622,1.752757364051567,0.7379427325873552
57.2,3.852750917466614,5.335118947069457,1.75076756720099,2.6548634974243446,1.7507634792736475,1.7500412496993278,3.3650284806948734,0.040315192172926825,3.56891668555148,1.7680661684310301,1.7531671705403546,0.7377851228770343,3.9188542216613462,1.8999646016009544,1.741868013987562,0.7513328719055703,3.2544519129627005,1.6146865861291264,1.749357735054025,0.7396673570470033,3.699959063596758,1.4193565821588137,1.7572365704366828,0.7380032354925665
57.300000000000004,3.859634686666997,5.345016546550937,1.7537947849295523,2.659280898894066,1.753874808915097,1.7530755255727748,3.371043876611025,0.041149753533036765,3.5754458326416367,1.7711715624468105,1.7557084099215665,0.7384048839164937,3.925734095577988,1.9034108056182397,1.7461508264089478,0.7527751459908814,3.2600800974877253,1.6176758506617985,1.7523486478216206,0.7416116310374593,3.7067447800856614,1.4218530323271532,1.7595524746787639,0.7393717006282221
57.4,3.8665169769151633,5.354955274199632,1.7569666572132783,2.664192218107363,1.7569912582413434,1.756276400026875,3.377055199337987,0.04141215400038306,3.581960520606141,1.7742679512619546,1.7579529538323837,0.7405367695985611,3.9326271435074283,1.9068677406610663,1.7508556343222381,0.7539281379022845,3.265695643803464,1.6206758186111834,1.7575700306546327,0.7418464232175995,3.7135415011853192,1.4243541689667722,1.760194262716885,0.7414621621432623
57.5,3.8733926204366527,5.364907018276239,1.7600107797914137,2.6685218015508356,1.7601053097873698,1.759347271275176,3.3830593373626305,0.04077114260733307,3.5884576552949374,1.7773722284323012,1.7620261517686966,0.7421538656579969,3.9394924913299376,1.9103313810068872,1.7547083756661135,0.7540687491617392,3.2713295660518433,1.623661176553726,1.759303904702962,0.7436720010953625,3.720345105827371,1.4268724662500083,1.7627501382767683,0.7431569394261359
57.6,3.8802647840673243,5.374879623081325,1.763173206663616,2.6724234415580335,1.7632175574103628,1.7625046014605619,3.389060043730918,0.04065176824969978,3.59494101644554,1.780485773498047,1.7641391540543814,0.7426828704063428,3.9463500983653104,1.9137884937902252,1.7594308543652641,0.7541682444361707,3.276983632132611,1.6266608675215468,1.763962889481763,0.7469431470443605,3.7271439465084226,1.4294034012697112,1.7638724479264234,0.7442809111338319
57.7,3.8871312518657843,5.384892385325469,1.7663721622753576,2.676676718430647,1.7663221054119973,1.7657006760288774,3.3950592602308283,0.04020020827683209,3.601416762599596,1.7836078177249686,1.7654566701007113,0.7448490634616207,3.9532073535697556,1.9172465151339932,1.7647821171552565,0.7556952997548149,3.28262947517051,1.6296570454524812,1.76813004750075,0.7476188501662787,3.7339291906570806,1.4319409793449667,1.765837537782597,0.7451784372368824
57.800000000000004,3.89399750681155,5.394925627879916,1.7694260014851655,2.6805867529701883,1.769434851797731,1.7688045809096047,3.401053922142105,0.038654406063736914,3.6078876283664094,1.7867186429704636,1.7707447796071718,0.7453939714340997,3.9600676347727637,1.920724649229191,1.765973929004564,0.7571789658690203,3.288257975922975,1.6326449451050364,1.7689896703159527,0.7507292283518168,3.740718329349388,1.4344774182711768,1.770800741342749,0.7447993235742547
57.9,3.9008674022140375,5.4049747328986015,1.7726189856662913,2.6847462499223655,1.7725509954206706,1.7719740469519554,3.407050479410388,0.0379394541347212,3.6143681255051674,1.7898407618519527,1.7740921180855918,0.7469124011545757,3.9669459213764875,1.9241948102409725,1.7705824466333389,0.7588470525400747,3.293867994317567,1.635638774466692,1.7722371998538236,0.7519871553263797,3.7475022045018007,1.4370217194898212,1.7723513646192586,0.7456077092642118
58.0,3.9077399787573923,5.415021157409152,1.7759043167227784,2.688835196103086,1.7756683169062484,1.7751967379300826,3.413050705652008,0.03901116512105712,3.6208517305669767,1.7929578467677216,1.7767859050148793,0.7482774840723817,3.973835793134872,1.927663998913479,1.7751151129981828,0.7611804239362623,3.2994693702118334,1.6386305607539964,1.7748410104489867,0.7534735752237738,3.7542918689563427,1.4395602595718984,1.7755048072259687,0.7460481334832023
58.1,3.914612986256171,5.425094484465601,1.7791526733930265,2.693063733580293,1.7787838273183685,1.7784481388496203,3.4190536471839024,0.03856428647572202,3.6273198250457277,1.7960739897237579,1.7814477507420183,0.7510217029435471,3.980731154894903,1.931136790568696,1.780471073560502,0.7638082266044919,3.305071844451583,1.6416223113226234,1.77504511191513,0.7519323682751874,3.761090094929588,1.4421191712965988,1.7782404132272913,0.7479849534730217
58.2,3.9214846371831555,5.43516935432032,1.7821133153333775,2.6968164901377505,1.7819015929374689,1.7815381479170926,3.4250537268622763,0.034779972613516605,3.6337921360827736,1.7991914614030364,1.784280057539806,0.7532299759348743,3.9876222493807645,1.934597738893914,1.78308643993838,0.7633799976923056,3.3106856144910175,1.6446286781008606,1.7793497931565239,0.7545964424694575,3.7678796905017435,1.4446808884715974,1.7806077875644946,0.7478589147462245
58.300000000000004,3.9283582556701573,5.445248367578042,1.7852295633813178,2.7009794590947056,1.7850221883805861,1.784656805683215,3.43105358974008,0.0341650169465284,3.640268635142081,1.8022971797329046,1.7876339450712766,0.755486896097402,3.9945151309922293,1.9380532198885487,1.7858684485996588,0.7648709698613154,3.3163078410405946,1.6476499393590913,1.782146441578924,0.7551481816018074,3.7746693385806416,1.4472280032441152,1.784107154329498,0.7487402040969177
58.4,3.9352357842961263,5.455388610596899,1.7882670657424398,2.705414170109273,1.7881437494138326,1.7877292990994238,3.437056560521957,0.03335669712512935,3.6467476252900375,1.80541795106936,1.7905249687681841,0.7578249129109089,4.001403954232464,1.941516763008494,1.789499491198939,0.7653125095405173,3.321955525690221,1.650686430109012,1.7850406597271262,0.7576441863917196,3.7814399918888277,1.4497787174931491,1.78690399033789,0.7493140780245376
58.5,3.9421047223793204,5.465527525770152,1.7912784237354789,2.7095640123562337,1.791259345400007,1.790787487004946,3.443054105035354,0.03183076567673556,3.6532259859338376,1.8085516677178044,1.79265823062463,0.7594292442284849,4.008262876947101,1.9449921883186723,1.792453426275109,0.7654021817410519,3.327613004950436,1.653731980660593,1.790137362466934,0.7589868754730318,3.7881930408221884,1.4523345766429236,1.7888836543057454,0.7508461842187134
58.6,3.9489754094604548,5.475627370969078,1.7943519730300324,2.7138372466218623,1.794383562887044,1.7938466025973887,3.4490503038573066,0.03123696420636534,3.6597173116763115,1.8116929627631775,1.796782729251666,0.7616960560219115,4.01510437366296,1.9484733179825227,1.795855013702789,0.7667780645255479,3.3332897703692828,1.6567802548559867,1.7914016167644076,0.7599866185509728,3.7949346194530085,1.4548784157116983,1.7923311956765478,0.7517749507941571
58.7,3.955848889704458,5.485743581339974,1.7975914532384283,2.7183363379524264,1.7975099898622457,1.797078890564863,3.4550476781807324,0.03160809582377684,3.666209694651428,1.8148313187417493,1.8009019716690247,0.7621648917072026,4.02192089849716,1.9519633012094804,1.8002305555325449,0.7661852109547392,3.338992782332378,1.6598340497201904,1.7929282472331853,0.7622957117130665,3.801687613311215,1.4574110674507923,1.7951984341276623,0.7544308878642049
58.800000000000004,3.962732277081521,5.4959147854093535,1.8008306868950341,2.7228582693859096,1.8006419909999127,1.8002588089704676,3.461052101436574,0.033599657950018826,3.672704933809854,1.8179689437107711,1.8045082069375997,0.7644383589409681,4.028729609702946,1.9554530163725257,1.8021185192736078,0.7686373528505475,3.3447181960626096,1.662883670515659,1.7962745478027955,0.7609211277104282,3.8084676581606756,1.4599438881539937,1.7992101859126124,0.7567655299303367
58.9,3.9696277614153104,5.506079938337277,1.8040393570751232,2.727102682424109,1.803783263275545,1.8033850785611982,3.4670653644223703,0.03407851880395002,3.679207673884727,1.8211002106391936,1.8085498691193664,0.7673005410177726,4.035542971335017,1.958961805095183,1.803737735720936,0.770488256503163,3.3504543219816236,1.6659394056240437,1.7996511749597435,0.7591419135388316,3.815257675035704,1.4624900441465025,1.8028828784836537,0.7591565470397245
59.0,3.9765259583283155,5.516231575687116,1.8074314408487904,2.7311989919097934,1.8069237479528908,1.8067716329547878,3.473082685651744,0.03426416574683722,3.685713497863925,1.8242323000254759,1.8123678651390063,0.7692018185513522,4.042365203600032,1.9624836980579219,1.807288879830682,0.7731581540591941,3.356198855469075,1.6689477268406456,1.8034694355064407,0.7614001060370371,3.822044965616641,1.4650263570991224,1.8052203777581206,0.7583044978307065
59.1,3.9834246652858845,5.5263649351306565,1.8103887119207163,2.7353151130932916,1.8100606132684305,1.809747903383529,3.4791036633779457,0.0345497710590829,3.6922295851269675,1.8273831097091864,1.8134648240237852,0.7707026378860138,4.0491951591243,1.9660008315097273,1.810530214699159,0.7734777276370108,3.3619177361535932,1.6719457022374247,1.8101119555428986,0.7613645247653439,3.8288356374623866,1.4675724989376473,1.8061902839995612,0.7612366536696269
59.2,3.990326273831383,5.53648332778285,1.813610938722146,2.7398394856154655,1.813199829903061,1.8128932913865063,3.4851255849248814,0.03485432627278976,3.698737527955376,1.8305434262691338,1.8161570448205526,0.7715191841371807,4.056036844762124,1.9694948162773254,1.8129976086699002,0.7738220926005324,3.3676378899214705,1.6749371746420252,1.815075739890295,0.7646884498603783,3.835623623726465,1.4701369671493194,1.8087731095026416,0.7621060812131014
59.300000000000004,3.9972339683041858,5.546606694468478,1.816792808099575,2.7440058216762173,1.816344632917121,1.8160544430321575,3.4911535171679766,0.036665864794712726,3.705259941824192,1.8337099998318562,1.8180731627447293,0.7721757663556004,4.0628766035107144,1.9729795179060758,1.8177265544242147,0.7720097227095234,3.373369840474416,1.6779317926823227,1.8191068679684235,0.77056798771344,3.842407769377972,1.4726963200985181,1.810741483511724,0.7627440318777621
59.4,4.004152030668976,5.556711928984068,1.8198247257577314,2.74844484281775,1.8194966979057638,1.819073616054854,3.4971899122670003,0.03700740928980286,3.7117830004372165,1.8368849197883959,1.8223651632860887,0.7744692767623285,4.069699712230756,1.976483423902165,1.819428383425647,0.773549088716395,3.379122942194693,1.680953705086986,1.8203214906368337,0.772320574627701,3.8492105834463537,1.4752417062874423,1.8155136390445663,0.7633351372242194
59.5,4.011083618730256,5.566867952161761,1.8228300753108826,2.75189866505273,1.8226536988988946,1.822112308666604,3.503237737507738,0.036970717463795794,3.718273046261474,1.8400583555863224,1.8258144116726336,0.7759069353255925,4.0765570691548625,1.9800202208628979,1.821981433869934,0.7735052414533207,3.3849046124387776,1.6839909841682612,1.8234132777590595,0.774956183344586,3.856020603669296,1.4777771979142666,1.8184927527091084,0.7642721873554035
59.6,4.018019574431735,5.577020371905296,1.8259572698201787,2.7561733690728403,1.8258119717358685,1.8252179783379059,3.509289575512345,0.035812485152416536,3.7247530793805645,1.8432147024423327,1.8287339275027972,0.7755771854349236,4.083432248193196,1.983566561719322,1.8243695914979206,0.7723423226784283,3.3906933032967084,1.687026558954228,1.8276694113778487,0.7809139716948587,3.8628266005664655,1.480312396566972,1.821351916344824,0.7642217442358333
59.7,4.0249592006426305,5.587186404397194,1.8290436975446223,2.7599148431408853,1.8289740721861818,1.828261867753902,3.5153439337487455,0.03797155824444222,3.731226274110393,1.8463580748320987,1.8310626196685864,0.7767691523156406,4.090316040624207,1.9871131875429369,1.8276389527358379,0.774421361942547,3.3964868364327714,1.690066733203162,1.832062558187097,0.7813603126469406,3.8696392894603173,1.482840134748076,1.8237093089764502,0.7653000796169136
59.800000000000004,4.031895775946788,5.597329174138095,1.832422172422005,2.7640084939604597,1.8321331714592362,1.831564576445782,3.5213953798165702,0.04006856821627253,3.737704057966826,1.8494804382538275,1.8347577855366062,0.7777927131312187,4.097187527300739,1.9906321290735727,1.8316681745504926,0.7766279178193382,3.4022812918264362,1.6931071465764773,1.835309878012104,0.7831777377751216,3.876465163163046,1.485355526655381,1.8260718811640733,0.7655907990496152
59.9,4.038838366622686,5.6074631210221595,1.835536870883238,2.7677826361153013,1.835292076091849,1.8346821388872119,3.5274526043722707,0.04060087832853715,3.7441785631170648,1.8525920379335061,1.836996141120292,0.7795387762915741,4.104075622251192,1.9941311774592962,1.8349918710282396,0.777236306214142,3.4080708302899714,1.6961376825761119,1.8389159689785721,0.7844898392879117,3.8833212731167635,1.4878723394532403,1.8293456238322823,0.766900814937999
60.0,4.045786355781162,5.617620055337674,1.8386678784801007,2.7722039397009515,1.8384489279338356,1.8378516043556044,3.53351488230384,0.04024698151230346,3.7506676096645846,1.8556915418858344,1.8395721614252643,0.7814652517135166,4.110963139672027,1.997632414394913,1.8390072879826231,0.7776096692586945,3.413858109278627,1.699167401070616,1.8417176000963633,0.7854573406191234,3.890193289607192,1.4904014704082174,1.8325750130889404,0.7691581315579848
