rate_hz,time_s,mean_fleet_rms_error_m,std_fleet_rms_error_m,p95_fleet_rms_error_m,mean_centroid_error_m,std_centroid_error_m,p95_centroid_error_m,mean_shape_rms_error_m,std_shape_rms_error_m,p95_shape_rms_error_m
0,0,0,0,0,0,0,0,0,0,0
0,0.1,0.006603416,0.001841394,0.009453056,0.003061288,0.001292978,0.004807382,0.005726573,0.001798528,0.008420172
0,0.2,0.01320232,0.003679382,0.01889378,0.006120173,0.00257171,0.009565574,0.01145037,0.003599965,0.01685188
0,0.3,0.01979888,0.005513816,0.02832992,0.009175484,0.003849227,0.01428115,0.01717115,0.00540604,0.02529928
0,0.4,0.0263828,0.00735358,0.03773169,0.01222409,0.005128676,0.01893072,0.02288114,0.007215493,0.03374032
0,0.5,0.0329652,0.009203608,0.04713858,0.01527247,0.006410404,0.02353669,0.02858988,0.009032506,0.04219474
0,0.6,0.03956013,0.01105389,0.05653553,0.01832625,0.007694621,0.02815343,0.03430995,0.0108488,0.05067126
0,0.7,0.04615407,0.01290575,0.06597087,0.02137509,0.008979753,0.03279323,0.04003081,0.01266839,0.05912604
0,0.8,0.05274777,0.01475824,0.07543579,0.02441772,0.01026603,0.03742916,0.04575478,0.0144876,0.06751977
0,0.9,0.05934679,0.01660673,0.08487995,0.02745871,0.01155732,0.04205329,0.05148485,0.01630217,0.07590256
0,1,0.06593836,0.01845881,0.09432963,0.03049939,0.01284285,0.04668551,0.05720753,0.018121,0.08428324
0,1.1,0.07252957,0.02030167,0.103754,0.03353849,0.01412964,0.05128135,0.06293088,0.01992877,0.09267393
0,1.2,0.07911771,0.02214284,0.1131453,0.03658062,0.01541535,0.05586628,0.06864874,0.02173666,0.101039
0,1.3,0.08571098,0.02396993,0.1225254,0.03962531,0.01670422,0.06047412,0.07437024,0.02353107,0.1093938
0,1.4,0.09230644,0.02578617,0.1319121,0.04267905,0.01799685,0.06512298,0.0800889,0.02531347,0.1177054
0,1.5,0.09889373,0.02759576,0.1412888,0.04574115,0.01927721,0.06976316,0.08579427,0.02709594,0.1259685
0,1.6,0.1054776,0.02940683,0.1506769,0.04880583,0.02055521,0.0743848,0.09149384,0.02888327,0.1341909
0,1.7,0.1120632,0.03122685,0.1600775,0.05186945,0.02183561,0.07900653,0.09719446,0.03068287,0.1424295
0,1.8,0.1186475,0.03305325,0.1694887,0.05492838,0.02310606,0.08364929,0.1028978,0.0324902,0.1506987
0,1.9,0.1252263,0.034885,0.178922,0.05798082,0.02437937,0.08834034,0.1085991,0.03429824,0.1589671
0,2,0.1318046,0.03672198,0.1883861,0.06102647,0.02565293,0.09304574,0.1143038,0.03611054,0.1672752
0,2.1,0.1383847,0.03856082,0.1978862,0.06407625,0.02692493,0.09776763,0.1200076,0.03792831,0.1756022
0,2.2,0.1449661,0.04039528,0.2073893,0.0671302,0.02820137,0.1025098,0.1257091,0.03974332,0.1839296
0,2.3,0.1515415,0.04222197,0.2168615,0.07017231,0.02947952,0.1072378,0.1314087,0.04155398,0.1922349
0,2.4,0.1581119,0.04404981,0.2263418,0.07321055,0.03075049,0.1119719,0.1371057,0.04336685,0.200534
0,2.5,0.1646773,0.04588327,0.2358238,0.0762484,0.03201154,0.1166987,0.1427993,0.04518567,0.2088138
0,2.6,0.1712378,0.0477266,0.2452924,0.07928395,0.03326022,0.1213932,0.1484904,0.04701661,0.2171001
0,2.7,0.1778057,0.04957262,0.2547392,0.08232326,0.03449855,0.1260679,0.1541894,0.04885313,0.2253778
0,2.8,0.1843816,0.05141993,0.264205,0.08536518,0.03574513,0.1307882,0.1598953,0.05068817,0.2336272
0,2.9,0.1909484,0.05327311,0.2736725,0.08839493,0.03699905,0.1354822,0.1655967,0.05252573,0.2418458
0,3,0.1975167,0.05512572,0.2831275,0.09143168,0.03825503,0.1401885,0.1712967,0.05435887,0.2500584
0,3.1,0.2040908,0.05698741,0.2926343,0.09447254,0.03951874,0.1449216,0.1770006,0.05619828,0.2582799
0,3.2,0.2106671,0.05885535,0.3021573,0.09751185,0.04078636,0.1496501,0.1827072,0.05804309,0.2665004
0,3.3,0.2172561,0.0607219,0.3116769,0.1005593,0.04205388,0.1543832,0.1884224,0.05989228,0.2747671
0,3.4,0.2238416,0.06259054,0.321207,0.103605,0.04332289,0.1591383,0.1941348,0.06174158,0.2830613
0,3.5,0.2304254,0.0644572,0.3307279,0.1066472,0.04459357,0.1639203,0.1998471,0.06358753,0.2913378
0,3.6,0.2370076,0.06632238,0.3402375,0.1096875,0.0458644,0.1687044,0.2055591,0.06543005,0.2995872
0,3.7,0.2435956,0.06818802,0.3497436,0.1127361,0.04714312,0.1734989,0.2112728,0.0672698,0.3078473
0,3.8,0.2501866,0.07004547,0.3592245,0.115786,0.04842759,0.1783046,0.2169893,0.06909707,0.3161256
0,3.9,0.2567732,0.07189962,0.3686689,0.1188455,0.04970827,0.1830866,0.2226961,0.07092137,0.3243845
0,4,0.2633583,0.07375803,0.3781128,0.121905,0.0509974,0.1878924,0.2284013,0.07274432,0.3326293
0,4.1,0.2699317,0.07562155,0.387565,0.1249693,0.05228433,0.1927197,0.2340912,0.07457135,0.3408715
0,4.2,0.276496,0.0774711,0.3969938,0.1280386,0.05356904,0.1975309,0.2397691,0.07638179,0.3490957
0,4.3,0.2830663,0.07931347,0.406408,0.1311142,0.05486345,0.2023504,0.2454501,0.07817956,0.3572995
0,4.4,0.2896429,0.08116352,0.4158232,0.1341918,0.05616412,0.2071913,0.2511355,0.07998686,0.3654926
0,4.5,0.2962153,0.08300919,0.4252338,0.1372687,0.05745762,0.2120492,0.256817,0.08179246,0.37367
0,4.6,0.3027873,0.08484735,0.4345988,0.1403524,0.05874871,0.2169011,0.2624954,0.08358936,0.381799
0,4.7,0.309365,0.08667692,0.4439451,0.1434464,0.06003286,0.2217424,0.2681751,0.08538123,0.3899115
0,4.8,0.3159477,0.08850287,0.4533183,0.1465446,0.06131979,0.2266182,0.2738582,0.08716793,0.3980363
0,4.9,0.3225288,0.09033367,0.4626835,0.1496332,0.06261395,0.2314573,0.2795424,0.08896164,0.4061729
0,5,0.3291107,0.09215873,0.4720112,0.1527141,0.06390555,0.2362562,0.2852307,0.09075464,0.4142893
0,5.1,0.3356857,0.09397694,0.4813363,0.1557918,0.06518659,0.2410454,0.2909143,0.0925425,0.4224068
0,5.2,0.3422667,0.09579872,0.4906686,0.1588671,0.0664649,0.2458297,0.2966082,0.09432944,0.4305354
0,5.3,0.3488569,0.09762874,0.5000417,0.1619372,0.06775339,0.2506186,0.3023135,0.09612409,0.4387091
0,5.4,0.3554533,0.09946177,0.509407,0.1650072,0.0690468,0.2553688,0.3080243,0.09792377,0.4468964
0,5.5,0.3620439,0.1012973,0.5187871,0.1680719,0.07033696,0.2601259,0.3137328,0.09972365,0.4550965
0,5.6,0.3686245,0.1031343,0.5281988,0.1711335,0.07162151,0.264922,0.3194326,0.1015243,0.463311
0,5.7,0.3752015,0.1049725,0.5376445,0.1741906,0.07290441,0.2697198,0.3251309,0.1033274,0.4715637
0,5.8,0.3817796,0.1068168,0.5471184,0.1772542,0.07418797,0.2745227,0.3308267,0.1051362,0.4798469
0,5.9,0.3883617,0.1086601,0.5565726,0.1803254,0.07548068,0.2793221,0.3365215,0.1069436,0.4881114
0,6,0.394947,0.1105043,0.5660637,0.1834039,0.07677273,0.2841437,0.3422163,0.108751,0.4964057
0,6.1,0.401534,0.1123446,0.5755508,0.1864889,0.07806432,0.2889667,0.3479101,0.1105529,0.5046944
0,6.2,0.4081353,0.1141742,0.5850317,0.1895798,0.07935993,0.2937417,0.3536156,0.1123471,0.5130027
0,6.3,0.4147368,0.116002,0.5944888,0.1926629,0.08065753,0.298474,0.3593241,0.1141423,0.5213083
0,6.4,0.42134,0.1178245,0.6039539,0.1957447,0.08196041,0.3032275,0.3650353,0.1159285,0.529612
0,6.5,0.4279542,0.1196421,0.6134267,0.1988344,0.08326273,0.3079918,0.370754,0.1177134,0.5379186
0,6.6,0.4345694,0.1214515,0.6228994,0.2019215,0.08456085,0.3127324,0.376476,0.1194902,0.5462376
0,6.7,0.4411905,0.1232519,0.6324085,0.2050065,0.08584641,0.3174629,0.3822087,0.1212578,0.5546027
0,6.8,0.4478101,0.1250431,0.6418806,0.2080844,0.08712231,0.3221931,0.3879435,0.1230224,0.5629244
0,6.9,0.4544326,0.1268374,0.6513456,0.211161,0.08839606,0.3269076,0.3936832,0.1247892,0.5712464
0,7,0.4610639,0.1286371,0.6608825,0.2142405,0.08967316,0.3316369,0.3994318,0.1265579,0.5796431
0,7.1,0.4676949,0.1304454,0.670484,0.2173131,0.09095189,0.3363798,0.4051843,0.1283324,0.5881063
0,7.2,0.4743214,0.1322545,0.6801159,0.2203883,0.09222479,0.3411259,0.410931,0.1301095,0.5966024
0,7.3,0.4809422,0.134053,0.6897264,0.2234615,0.09349539,0.3458661,0.4166731,0.1318741,0.605077
0,7.4,0.4875581,0.1358382,0.6992909,0.2265325,0.09476068,0.3505427,0.42241,0.1336314,0.6135351
0,7.5,0.4941743,0.1376259,0.7088178,0.2296001,0.09602698,0.3552012,0.4281478,0.135395,0.6219599
0,7.6,0.5007925,0.1394128,0.7183582,0.2326684,0.09728656,0.3598405,0.4338896,0.1371553,0.6304099
0,7.7,0.5074189,0.1412008,0.7279165,0.2357357,0.09854443,0.364492,0.4396436,0.1389111,0.6388734
0,7.8,0.5140462,0.1429871,0.7374407,0.2388036,0.09980004,0.3691295,0.4453982,0.1406667,0.6473057
0,7.9,0.520678,0.1447768,0.7469312,0.2418797,0.1010544,0.3737504,0.4511533,0.1424278,0.6557084
0,8,0.5273112,0.1465622,0.7563731,0.2449595,0.1023072,0.3783581,0.4569087,0.1441833,0.6640636
0,8.1,0.5339389,0.1483515,0.7658223,0.2480399,0.1035572,0.3829757,0.4626584,0.1459418,0.6724207
0,8.2,0.5405663,0.1501327,0.7752521,0.2511184,0.1048057,0.3875921,0.468409,0.147692,0.6807564
0,8.3,0.5471963,0.1519054,0.7846583,0.2542024,0.1060562,0.3922158,0.4741594,0.1494331,0.6890618
0,8.4,0.5538219,0.1536713,0.7940312,0.2572835,0.1073096,0.3968417,0.4799073,0.1511619,0.6973288
0,8.5,0.5604438,0.1554359,0.8034041,0.2603646,0.1085692,0.401489,0.4856513,0.1528835,0.7055852
0,8.6,0.5670613,0.1571994,0.8128138,0.263439,0.1098324,0.4061823,0.4913954,0.1545964,0.7138577
0,8.7,0.5736824,0.1589686,0.8222329,0.2665172,0.1110972,0.4108726,0.4971417,0.1563135,0.722143
0,8.8,0.5803012,0.1607333,0.8316408,0.2695892,0.1123613,0.4155658,0.5028879,0.1580291,0.7304136
0,8.9,0.5869121,0.1624864,0.8410231,0.2726619,0.1136252,0.4202801,0.5086242,0.1597347,0.7386425
0,9,0.593521,0.1642398,0.8504297,0.2757374,0.1148842,0.4250342,0.5143577,0.1614398,0.7468754
0,9.1,0.6001334,0.1659951,0.859843,0.2788093,0.1161471,0.4298076,0.5200977,0.1631433,0.7551053
0,9.2,0.6067554,0.1677499,0.8692423,0.2818809,0.1174067,0.4345757,0.5258481,0.1648507,0.7633211
0,9.3,0.6133799,0.1695089,0.878621,0.2849521,0.1186549,0.4393224,0.5316035,0.1665643,0.771524
0,9.4,0.6200093,0.1712661,0.8879692,0.2880258,0.1199037,0.4440562,0.5373637,0.1682741,0.7796994
0,9.5,0.6266402,0.1730288,0.8972793,0.2910998,0.1211574,0.4487861,0.5431235,0.1699926,0.787834
0,9.6,0.6332717,0.1747968,0.9065808,0.2941707,0.1224148,0.4534956,0.5488855,0.1717138,0.7959708
0,9.7,0.6398949,0.1765637,0.9159069,0.2972394,0.1236735,0.4582129,0.5546404,0.1734295,0.8041324
0,9.8,0.6465117,0.1783306,0.9252224,0.3003055,0.1249379,0.4629254,0.5603894,0.17514,0.8122858
0,9.9,0.6531412,0.1800992,0.9345532,0.3033814,0.1262051,0.4676615,0.5661484,0.176849,0.8204439
0,10,0.6597729,0.1818699,0.9439327,0.3064589,0.1274764,0.4724345,0.5719081,0.1785597,0.8286373
0,10.1,0.6664109,0.1836405,0.9533216,0.3095494,0.1287489,0.4772108,0.577668,0.1802706,0.8368395
0,10.2,0.67306,0.1854104,0.9627424,0.312657,0.1300176,0.48201,0.5834309,0.1819846,0.8450656
0,10.3,0.6797055,0.1871741,0.9721539,0.3157637,0.1312838,0.4867935,0.58919,0.1836953,0.8532901
0,10.4,0.6863528,0.188935,0.9815368,0.3188788,0.1325457,0.4915467,0.5949464,0.1854068,0.8614988
0,10.5,0.6930001,0.1906917,0.9909028,0.3219965,0.1338147,0.4963382,0.6006996,0.1871152,0.8696681
0,10.6,0.6996447,0.1924514,1.000239,0.3251154,0.1350844,0.5011288,0.6064497,0.1888239,0.8778031
0,10.7,0.7062838,0.1942103,1.009567,0.3282268,0.1363504,0.5059276,0.6121986,0.1905305,0.8859244
0,10.8,0.7129298,0.195967,1.018911,0.3313377,0.1376244,0.510747,0.6179548,0.1922324,0.8940533
0,10.9,0.7195848,0.1977235,1.028312,0.3344506,0.1388994,0.5156067,0.6237202,0.1939333,0.9022233
0,11,0.726241,0.1994795,1.037713,0.3375637,0.1401765,0.5204513,0.6294861,0.1956354,0.9104027
0,11.1,0.7329014,0.2012402,1.047128,0.3406771,0.1414572,0.525304,0.6352547,0.1973461,0.9185923
0,11.2,0.739554,0.2030011,1.056517,0.343786,0.142737,0.5301306,0.6410164,0.1990586,0.9267663
0,11.3,0.7462033,0.2047587,1.065913,0.3468887,0.1440294,0.5349515,0.6467756,0.2007656,0.9349531
0,11.4,0.752851,0.206506,1.07531,0.3499807,0.1453238,0.5397308,0.6525377,0.2024638,0.9431638
0,11.5,0.759494,0.2082481,1.084681,0.353065,0.1466166,0.5444856,0.6582992,0.204156,0.9513582
0,11.6,0.7661368,0.2099882,1.094039,0.3561509,0.14791,0.5492528,0.6640598,0.2058452,0.9595298
0,11.7,0.7727746,0.2117292,1.103372,0.3592312,0.1492073,0.5539932,0.6698163,0.2075364,0.9676893
0,11.8,0.779415,0.2134804,1.112675,0.3623091,0.1505061,0.5587068,0.6755777,0.2092353,0.9758299
0,11.9,0.7860515,0.2152327,1.121996,0.3653851,0.1518061,0.5634339,0.6813367,0.2109302,0.983984
0,12,0.7926945,0.2169969,1.131338,0.3684594,0.1531201,0.5681708,0.6871017,0.2126357,0.9921588
0,12.1,0.799336,0.2187716,1.140673,0.3715268,0.154438,0.5728697,0.6928677,0.2143526,1.000347
0,12.2,0.8059735,0.2205587,1.149997,0.3745936,0.1557624,0.5775611,0.6986297,0.216076,1.008527
0,12.3,0.8126099,0.2223565,1.159331,0.3776594,0.1570882,0.5822439,0.7043915,0.217808,1.016723
0,12.4,0.8192435,0.2241523,1.168687,0.3807283,0.1584103,0.5869347,0.7101498,0.2195356,1.024941
0,12.5,0.8258627,0.2259345,1.178015,0.3837848,0.1597303,0.5915849,0.715899,0.2212479,1.033149
0,12.6,0.8324831,0.2277145,1.187309,0.3868374,0.1610558,0.5962431,0.7216507,0.222957,1.041315
0,12.7,0.8391106,0.2294936,1.196611,0.3898981,0.1623835,0.600912,0.7274052,0.2246675,1.049484
0,12.8,0.8457468,0.2312693,1.205899,0.3929694,0.1637174,0.6055958,0.7331625,0.2263754,1.05763
0,12.9,0.852386,0.2330485,1.215173,0.3960386,0.1650602,0.6102845,0.7389237,0.2280822,1.065759
0,13,0.8590201,0.2348291,1.224512,0.3990968,0.1664016,0.6150194,0.7446852,0.2297909,1.073934
0,13.1,0.8656641,0.2366161,1.233887,0.4021533,0.1677373,0.6197552,0.7504583,0.2315126,1.08215
0,13.2,0.8723176,0.2384085,1.243277,0.4052067,0.1690748,0.6244627,0.7562433,0.2332412,1.090399
0,13.3,0.8789817,0.2402034,1.2527,0.4082585,0.1704176,0.629204,0.7620403,0.2349716,1.098669
0,13.4,0.8856529,0.2420003,1.262127,0.4113191,0.1717658,0.634002,0.7678408,0.2367005,1.106912
0,13.5,0.8923268,0.2438,1.27156,0.4143801,0.1731135,0.6387741,0.7736443,0.2384324,1.115175
0,13.6,0.8990017,0.2455918,1.280963,0.4174427,0.1744537,0.6434773,0.7794487,0.2401592,1.123444
0,13.7,0.9056789,0.2473783,1.29035,0.4205051,0.1757976,0.6481704,0.785255,0.2418806,1.1317
0,13.8,0.912355,0.2491499,1.299739,0.4235679,0.1771464,0.6529178,0.7910596,0.2435842,1.139929
0,13.9,0.9190337,0.2509207,1.309126,0.4266258,0.1784917,0.6576674,0.7968718,0.2452829,1.148153
0,14,0.9257164,0.2526834,1.318499,0.4296762,0.1798353,0.6623949,0.8026941,0.2469691,1.156374
0,14.1,0.9324032,0.2544277,1.327859,0.4327236,0.1811738,0.6671021,0.8085238,0.2486367,1.164592
0,14.2,0.939096,0.2561666,1.337244,0.4357745,0.182522,0.6718292,0.814359,0.2502905,1.172828
0,14.3,0.9458006,0.2579034,1.346656,0.4388294,0.1838672,0.6765784,0.8202056,0.2519443,1.181084
0,14.4,0.9525161,0.2596342,1.356046,0.4418899,0.1852097,0.6813336,0.8260626,0.2535904,1.189311
0,14.5,0.9592348,0.2613569,1.365403,0.4449515,0.1865582,0.6860539,0.8319215,0.2552283,1.197522
0,14.6,0.9659443,0.2630744,1.374731,0.4480127,0.1879012,0.6907483,0.837772,0.2568584,1.205713
0,14.7,0.9726446,0.2647881,1.384074,0.4510668,0.189248,0.6954282,0.8436161,0.2584795,1.213931
0,14.8,0.9793511,0.2664973,1.393423,0.4541194,0.1905897,0.7000985,0.8494684,0.2600993,1.22216
0,14.9,0.9860579,0.2682014,1.402731,0.4571629,0.1919307,0.7047507,0.8553256,0.2617156,1.230352
0,15,0.9927638,0.2699026,1.41203,0.4602068,0.1932667,0.709395,0.8611816,0.2633321,1.238538
0,15.1,0.999464,0.2716031,1.42133,0.4632475,0.1946005,0.714044,0.867032,0.2649516,1.24672
0,15.2,1.00617,0.2732976,1.430607,0.4662962,0.1959421,0.7187098,0.8728839,0.2665629,1.254867
0,15.3,1.012888,0.274979,1.439896,0.4693499,0.1972883,0.7233957,0.878746,0.2681614,1.263018
0,15.4,1.019604,0.276654,1.449151,0.4724067,0.1986334,0.7280756,0.8846049,0.2697512,1.271134
0,15.5,1.026323,0.2783434,1.458396,0.4754704,0.1999852,0.7327412,0.8904624,0.271353,1.279248
0,15.6,1.033036,0.2800331,1.467612,0.4785396,0.2013562,0.7374382,0.8963089,0.2729469,1.287314
0,15.7,1.039742,0.2817294,1.476844,0.481604,0.2027348,0.7421921,0.9021488,0.2745413,1.295366
0,15.8,1.046452,0.2834302,1.486061,0.4846633,0.2041249,0.7469489,0.9079963,0.2761352,1.303401
0,15.9,1.053161,0.2851147,1.495227,0.4877196,0.2055149,0.7516449,0.9138435,0.2777135,1.311412
0,16,1.059872,0.2868011,1.504426,0.4907749,0.2069071,0.756365,0.9196925,0.2792951,1.319447
0,16.1,1.066584,0.2884927,1.513659,0.4938292,0.2083037,0.7611173,0.9255433,0.2808799,1.327503
0,16.2,1.073291,0.2901689,1.522852,0.4968774,0.2097002,0.7658786,0.9313924,0.282447,1.33551
0,16.3,1.079997,0.2918348,1.532037,0.4999248,0.2111023,0.7706752,0.9372379,0.2840052,1.343488
0,16.4,1.086707,0.2934963,1.541244,0.5029734,0.2125042,0.7754859,0.9430879,0.2855616,1.351483
0,16.5,1.093419,0.2951603,1.550443,0.5060263,0.2139072,0.7802796,0.9489364,0.287124,1.359479
0,16.6,1.10013,0.2968326,1.559633,0.5090793,0.2153205,0.7850957,0.9547821,0.288688,1.367454
0,16.7,1.106841,0.2985103,1.568809,0.5121314,0.2167319,0.7899157,0.9606309,0.2902564,1.375411
0,16.8,1.113547,0.3001921,1.578008,0.5151873,0.2181441,0.7947629,0.9664724,0.2918237,1.383379
0,16.9,1.12025,0.3018851,1.587217,0.5182459,0.2195576,0.7995914,0.9723087,0.2933989,1.391368
0,17,1.126942,0.3035686,1.596437,0.5212998,0.2209613,0.8044439,0.9781368,0.2949678,1.399357
0,17.1,1.133628,0.3052518,1.605669,0.5243479,0.2223644,0.8093291,0.9839616,0.2965363,1.407339
0,17.2,1.140316,0.3069325,1.614886,0.527399,0.2237597,0.8142107,0.9897884,0.298102,1.415307
0,17.3,1.147,0.3086076,1.624097,0.5304466,0.2251524,0.8191186,0.995613,0.2996624,1.423252
0,17.4,1.15368,0.3102826,1.633292,0.5334885,0.2265485,0.823997,1.001435,0.3012213,1.431195
0,17.5,1.160366,0.3119618,1.642513,0.5365323,0.227949,0.8288978,1.007263,0.3027835,1.439157
0,17.6,1.167055,0.3136412,1.651748,0.5395725,0.2293512,0.8338059,1.013096,0.3043453,1.447131
0,17.7,1.173739,0.3153196,1.660929,0.5426037,0.2307475,0.8387209,1.018929,0.3059081,1.455101
0,17.8,1.18043,0.3170026,1.669782,0.5456345,0.232156,0.8436225,1.024768,0.3074701,1.463084
0,17.9,1.187121,0.3186799,1.678672,0.5486712,0.2335651,0.8484921,1.030606,0.3090242,1.471069
0,18,1.193815,0.3203522,1.687541,0.5516972,0.2349644,0.8533444,1.036454,0.3105745,1.479058
0,18.1,1.20052,0.3220209,1.69642,0.5547302,0.2363597,0.8582178,1.042312,0.3121197,1.487056
0,18.2,1.20723,0.3236887,1.705327,0.5577601,0.237758,0.8631178,1.048177,0.3136655,1.49504
0,18.3,1.21394,0.325352,1.714193,0.5607915,0.2391533,0.8680229,1.054042,0.3152037,1.50301
0,18.4,1.220643,0.3270226,1.722994,0.563824,0.2405503,0.8729397,1.0599,0.3167439,1.510984
0,18.5,1.22735,0.3286936,1.731745,0.5668443,0.2419498,0.8778257,1.065769,0.3182801,1.518963
0,18.6,1.23406,0.3303674,1.740502,0.5698722,0.2433541,0.8826744,1.071635,0.3198215,1.526948
0,18.7,1.240769,0.3320509,1.749259,0.5729005,0.2447627,0.8875039,1.077501,0.3213737,1.534949
0,18.8,1.247483,0.3337371,1.757985,0.5759292,0.2461725,0.8923485,1.083371,0.3229292,1.542964
0,18.9,1.254202,0.3354189,1.766715,0.5789608,0.2475865,0.8972151,1.089243,0.3244813,1.55097
0,19,1.260924,0.3370921,1.775465,0.5819972,0.2490047,0.9020595,1.095114,0.3260284,1.558957
0,19.1,1.267642,0.3387689,1.784214,0.5850358,0.2504257,0.9069109,1.10098,0.3275766,1.566956
0,19.2,1.274351,0.3404499,1.792963,0.5880685,0.2518388,0.9117531,1.10684,0.3291304,1.574965
0,19.3,1.281059,0.3421396,1.801699,0.5911007,0.253257,0.9166191,1.112699,0.3306894,1.582994
0,19.4,1.287766,0.3438213,1.810433,0.5941316,0.254673,0.921484,1.118558,0.3322384,1.591017
0,19.5,1.294475,0.3455052,1.819195,0.5971648,0.256079,0.9263613,1.124421,0.3337917,1.599056
0,19.6,1.301194,0.3471829,1.827961,0.6001974,0.2574844,0.9312621,1.130294,0.3353381,1.607072
0,19.7,1.307901,0.3488588,1.83671,0.6032283,0.258886,0.9361701,1.136157,0.3368832,1.61508
0,19.8,1.314608,0.350529,1.845434,0.6062519,0.2602915,0.9410647,1.142021,0.3384235,1.62309
0,19.9,1.321324,0.352207,1.854145,0.6092738,0.2617007,0.9459671,1.147898,0.3399642,1.631089
0,20,1.328038,0.3538837,1.862844,0.6122941,0.2631134,0.9508952,1.153775,0.3414991,1.639064
0,20.1,1.33476,0.3555581,1.87153,0.615322,0.2645286,0.9558259,1.159656,0.3430283,1.647043
0,20.2,1.341483,0.3572389,1.880234,0.6183442,0.2659517,0.9607523,1.165541,0.3445608,1.655019
0,20.3,1.348199,0.3589269,1.888948,0.6213629,0.2673834,0.9656771,1.171419,0.3460944,1.662979
0,20.4,1.35491,0.3606053,1.897666,0.6243876,0.2688077,0.9705614,1.17729,0.3476207,1.670943
0,20.5,1.361617,0.3622822,1.906352,0.6274121,0.2702281,0.9754404,1.183157,0.349149,1.678879
0,20.6,1.368322,0.3639677,1.914976,0.6304336,0.2716446,0.9803199,1.189022,0.3506869,1.686841
0,20.7,1.375022,0.3656472,1.923581,0.6334503,0.2730587,0.985188,1.194884,0.3522222,1.694788
0,20.8,1.38172,0.3673331,1.932195,0.6364641,0.274473,0.9900745,1.200748,0.353758,1.702743
0,20.9,1.388415,0.369026,1.940803,0.6394733,0.2758933,0.9949604,1.20661,0.3552969,1.710718
0,21,1.395111,0.3707219,1.949369,0.6424829,0.277321,0.9998742,1.212473,0.3568299,1.718708
0,21.1,1.401807,0.3724097,1.957906,0.6454976,0.2787451,1.004803,1.218334,0.3583565,1.726702
0,21.2,1.408511,0.3740948,1.966478,0.6485109,0.2801718,1.009771,1.224203,0.359884,1.73469
0,21.3,1.415214,0.3757817,1.975068,0.6515248,0.2815953,1.014742,1.230072,0.3614129,1.742683
0,21.4,1.421912,0.3774791,1.983726,0.6545357,0.2830133,1.019747,1.235938,0.3629533,1.750671
0,21.5,1.428612,0.3791813,1.992424,0.6575486,0.2844231,1.024766,1.241807,0.3644963,1.758639
0,21.6,1.43531,0.3808778,2.001111,0.6605538,0.2858306,1.029807,1.247679,0.3660329,1.766575
0,21.7,1.442016,0.3825834,2.009869,0.6635564,0.2872376,1.034884,1.253561,0.3675809,1.77457
0,21.8,1.448718,0.3842906,2.018652,0.6665586,0.2886457,1.039953,1.259437,0.3691341,1.782569
0,21.9,1.455411,0.3860007,2.027455,0.669552,0.2900555,1.045022,1.265307,0.3706894,1.79055
0,22,1.462106,0.3877115,2.036242,0.6725505,0.2914695,1.050102,1.271177,0.3722418,1.798562
0,22.1,1.468792,0.3894287,2.045038,0.6755491,0.2928829,1.055186,1.277037,0.3738011,1.80656
0,22.2,1.475482,0.391149,2.053816,0.6785479,0.2942928,1.06026,1.282903,0.3753618,1.814569
0,22.3,1.482181,0.3928658,2.062626,0.681551,0.2957027,1.065334,1.288774,0.3769237,1.822575
0,22.4,1.488887,0.3945858,2.071432,0.6845527,0.2971137,1.070376,1.294654,0.3784899,1.830575
0,22.5,1.495591,0.3963113,2.080219,0.6875475,0.2985296,1.075426,1.300536,0.3800572,1.838589
0,22.6,1.502302,0.3980359,2.089029,0.6905401,0.2999395,1.080498,1.306428,0.3816271,1.846598
0,22.7,1.509022,0.39976,2.097833,0.6935258,0.3013448,1.085559,1.312335,0.3831971,1.854622
0,22.8,1.51575,0.4014844,2.106632,0.6965208,0.3027408,1.090637,1.318245,0.3847723,1.862625
0,22.9,1.522476,0.4032069,2.115429,0.6995138,0.3041327,1.095722,1.324156,0.3863452,1.870609
0,23,1.529202,0.4049341,2.124243,0.7025056,0.3055226,1.100816,1.330069,0.3879199,1.878607
0,23.1,1.535921,0.4066587,2.133041,0.705486,0.3069164,1.105929,1.33598,0.389489,1.886566
0,23.2,1.542643,0.4083824,2.141865,0.7084663,0.3083038,1.111045,1.341894,0.3910601,1.894525
0,23.3,1.549362,0.4101141,2.150696,0.7114539,0.3096826,1.116187,1.347803,0.3926385,1.902492
0,23.4,1.556086,0.4118496,2.159501,0.7144485,0.3110555,1.121327,1.353716,0.3942212,1.910491
0,23.5,1.562815,0.4135932,2.168349,0.7174476,0.3124177,1.126479,1.359634,0.3958165,1.91849
0,23.6,1.56954,0.4153251,2.177189,0.7204434,0.3137794,1.131622,1.365547,0.3974049,1.926471
0,23.7,1.576274,0.4170593,2.186057,0.7234393,0.3151477,1.136786,1.371469,0.3989956,1.934476
0,23.8,1.583023,0.4187927,2.194972,0.7264333,0.3165241,1.141962,1.377405,0.4005904,1.942503
0,23.9,1.589778,0.4205252,2.203899,0.7294241,0.317902,1.147109,1.38335,0.4021913,1.950542
0,24,1.596535,0.4222588,2.212849,0.732402,0.3192869,1.152238,1.3893,0.403795,1.958555
0,24.1,1.603291,0.4239942,2.221791,0.7353772,0.3206717,1.15739,1.395251,0.4054014,1.966566
0,24.2,1.610044,0.4257356,2.230743,0.7383465,0.3220532,1.16252,1.401201,0.4070156,1.974569
0,24.3,1.61679,0.4274876,2.239733,0.7413156,0.3234218,1.167631,1.407146,0.4086416,1.982587
0,24.4,1.623545,0.4292332,2.248712,0.744286,0.3247875,1.172746,1.413101,0.410261,1.99065
0,24.5,1.630301,0.4309728,2.257686,0.7472607,0.3261576,1.177849,1.419054,0.4118745,1.998692
0,24.6,1.637054,0.4327075,2.266659,0.7502398,0.3275249,1.182928,1.425001,0.413488,2.00676
0,24.7,1.643819,0.4344452,2.275669,0.7532274,0.328895,1.188,1.430956,0.4151065,2.014854
0,24.8,1.65058,0.4361905,2.284731,0.7562191,0.3302622,1.193055,1.436903,0.416737,2.022914
0,24.9,1.657339,0.4379494,2.293796,0.7592103,0.3316287,1.198146,1.442849,0.4183803,2.030985
0,25,1.664093,0.4397109,2.30286,0.7622034,0.3329924,1.203244,1.448789,0.4200269,2.039026
0,25.1,1.670839,0.4414664,2.311913,0.7651971,0.3343543,1.208334,1.454719,0.4216685,2.046986
0,25.2,1.677577,0.4432248,2.320966,0.7681885,0.3357116,1.213441,1.460642,0.4233124,2.054934
0,25.3,1.684319,0.4449812,2.329988,0.7711727,0.3370588,1.218496,1.466576,0.4249562,2.062912
0,25.4,1.691058,0.446735,2.33897,0.7741575,0.3384081,1.223539,1.472503,0.4266023,2.070878
0,25.5,1.697793,0.4484845,2.347919,0.7771447,0.3397619,1.228554,1.478423,0.4282468,2.078869
0,25.6,1.704526,0.4502382,2.356897,0.7801323,0.3411165,1.233534,1.48434,0.4298976,2.086842
0,25.7,1.711256,0.4519802,2.365872,0.7831208,0.3424633,1.238441,1.490255,0.431541,2.094806
0,25.8,1.717986,0.4537117,2.374871,0.7861122,0.343808,1.243353,1.496166,0.4331768,2.102778
0,25.9,1.72472,0.4554372,2.383856,0.7890987,0.345154,1.248239,1.502084,0.4348059,2.110752
0,26,1.731453,0.4571569,2.392808,0.7920819,0.3464978,1.253108,1.508003,0.4364308,2.118697
0,26.1,1.738188,0.458885,2.401781,0.7950732,0.3478491,1.258025,1.513918,0.4380632,2.12661
0,26.2,1.744916,0.4606152,2.410761,0.7980674,0.349205,1.262976,1.519824,0.4396979,2.134507
0,26.3,1.751637,0.462355,2.419786,0.8010606,0.3505644,1.26796,1.525721,0.4413403,2.142397
0,26.4,1.758353,0.4640972,2.428854,0.8040488,0.3519235,1.272983,1.531616,0.4429868,2.150279
0,26.5,1.765072,0.4658399,2.437938,0.8070353,0.3532814,1.278029,1.537514,0.4446326,2.158182
0,26.6,1.771783,0.4675847,2.447023,0.8100206,0.3546475,1.283069,1.543403,0.4462776,2.16606
0,26.7,1.778483,0.469329,2.45612,0.813001,0.3560143,1.288145,1.549283,0.4479197,2.173911
0,26.8,1.785183,0.4710736,2.465238,0.8159813,0.357385,1.293247,1.555162,0.449564,2.181758
0,26.9,1.791887,0.4728172,2.474343,0.818963,0.358752,1.298347,1.561043,0.4512106,2.18964
0,27,1.798591,0.4745632,2.48344,0.8219439,0.3601037,1.303417,1.566928,0.4528646,2.197514
0,27.1,1.80528,0.4763056,2.492528,0.8249159,0.3614458,1.308463,1.572801,0.4545199,2.205385
0,27.2,1.811968,0.4780515,2.501631,0.8278862,0.3627901,1.3135,1.578673,0.4561803,2.213242
0,27.3,1.818654,0.4797966,2.510738,0.8308568,0.3641419,1.318588,1.584542,0.4578373,2.221071
0,27.4,1.82534,0.4815475,2.519855,0.8338275,0.3654954,1.323678,1.590408,0.4595022,2.22889
0,27.5,1.832027,0.4832896,2.528979,0.8367967,0.3668366,1.328748,1.596279,0.4611593,2.236658
0,27.6,1.838712,0.4850287,2.538092,0.8397691,0.3681715,1.333802,1.602148,0.4628155,2.244435
0,27.7,1.845391,0.4867736,2.547209,0.8427307,0.3695062,1.338835,1.608016,0.4644757,2.252222
0,27.8,1.852071,0.488531,2.556358,0.8456874,0.3708403,1.343856,1.613887,0.4661498,2.260073
0,27.9,1.858756,0.4902954,2.565531,0.8486472,0.3721705,1.348894,1.619762,0.4678337,2.267925
0,28,1.865443,0.492065,2.574678,0.8516049,0.3735056,1.353954,1.625642,0.4695208,2.275782
0,28.1,1.872131,0.4938343,2.583811,0.854563,0.3748396,1.358997,1.631522,0.4712048,2.283671
0,28.2,1.878822,0.4955934,2.592959,0.8575209,0.3761597,1.36399,1.637408,0.4728797,2.291568
0,28.3,1.885514,0.4973425,2.602087,0.8604802,0.3774758,1.368968,1.643297,0.4745436,2.299461
0,28.4,1.892197,0.4990882,2.611202,0.863441,0.3787875,1.373932,1.649174,0.4762065,2.307336
0,28.5,1.898888,0.500837,2.620323,0.8664093,0.3801034,1.378897,1.655054,0.477876,2.315248
0,28.6,1.905576,0.5025939,2.629486,0.8693761,0.3814285,1.383869,1.66093,0.4795547,2.323136
0,28.7,1.912252,0.5043559,2.638667,0.8723297,0.3827502,1.3888,1.6668,0.481234,2.331047
0,28.8,1.918934,0.5061124,2.647876,0.8752894,0.3840592,1.393708,1.672676,0.4829152,2.338955
0,28.9,1.925621,0.5078745,2.657151,0.8782546,0.3853654,1.398617,1.678553,0.4846091,2.346872
0,29,1.932305,0.5096489,2.666455,0.8812119,0.386681,1.403504,1.684428,0.4863161,2.354773
0,29.1,1.938991,0.5114231,2.675774,0.8841688,0.3879968,1.408392,1.690306,0.4880231,2.362654
0,29.2,1.945674,0.5132019,2.685107,0.8871216,0.3893128,1.413319,1.696184,0.4897315,2.370523
0,29.3,1.952357,0.5149898,2.694459,0.8900747,0.3906352,1.418261,1.702061,0.4914413,2.378353
0,29.4,1.959034,0.516789,2.703794,0.8930231,0.3919623,1.423218,1.707936,0.493154,2.38618
0,29.5,1.965703,0.5185865,2.713102,0.8959653,0.393294,1.428142,1.713807,0.4948591,2.394007
0,29.6,1.972369,0.5203861,2.722367,0.8989145,0.3946255,1.433072,1.71967,0.4965634,2.40188
0,29.7,1.979041,0.5221955,2.731661,0.9018691,0.3959652,1.438049,1.725538,0.4982713,2.409768
0,29.8,1.985715,0.5240097,2.74099,0.9048176,0.3973035,1.443042,1.731412,0.4999828,2.417647
0,29.9,1.992391,0.5258212,2.750357,0.9077723,0.3986423,1.448024,1.737284,0.5016921,2.425506
0,30,1.999069,0.5276388,2.759774,0.910726,0.39998,1.45298,1.743158,0.5034106,2.433374
0,30.1,2.005754,0.5294566,2.769226,0.9136789,0.4013105,1.457914,1.749042,0.5051328,2.441252
0,30.2,2.012451,0.5312674,2.778671,0.9166403,0.4026392,1.462813,1.754936,0.5068475,2.449151
0,30.3,2.019151,0.5330707,2.788112,0.9196086,0.4039581,1.467689,1.76083,0.5085567,2.457044
0,30.4,2.025868,0.5348656,2.797565,0.9225806,0.4052744,1.472532,1.766743,0.5102578,2.464914
0,30.5,2.032585,0.5366611,2.807018,0.9255535,0.406595,1.477374,1.772656,0.5119572,2.472784
0,30.6,2.039308,0.5384473,2.816444,0.9285259,0.4079156,1.482248,1.778575,0.5136468,2.480601
0,30.7,2.04604,0.5402326,2.825876,0.9315008,0.409243,1.487163,1.784503,0.5153305,2.48841
0,30.8,2.052765,0.5420118,2.835256,0.9344683,0.4105716,1.492019,1.790427,0.5170076,2.496201
0,30.9,2.059488,0.5437893,2.844629,0.937436,0.4118936,1.496833,1.796349,0.518685,2.504002
0,31,2.066213,0.5455612,2.854003,0.9404117,0.4132209,1.501677,1.80227,0.5203528,2.511786
0,31.1,2.072932,0.5473224,2.863375,0.9433791,0.4145477,1.506518,1.808187,0.5220096,2.519557
0,31.2,2.079647,0.549083,2.872746,0.9463417,0.415869,1.511333,1.814104,0.5236644,2.527344
0,31.3,2.086363,0.5508555,2.882137,0.9493067,0.417197,1.516126,1.820021,0.5253264,2.535128
0,31.4,2.093081,0.5526368,2.891522,0.952273,0.4185282,1.520923,1.82594,0.5269922,2.54296
0,31.5,2.09981,0.5544002,2.900891,0.9552424,0.4198505,1.525734,1.831873,0.5286385,2.550776
0,31.6,2.106554,0.5561579,2.910266,0.9582171,0.4211612,1.530532,1.837822,0.5302787,2.558602
0,31.7,2.113297,0.5579229,2.919672,0.9611967,0.4224705,1.535378,1.84377,0.5319234,2.566451
0,31.8,2.120036,0.5596943,2.929123,0.9641683,0.4237672,1.540183,1.849718,0.5335769,2.574287
0,31.9,2.126768,0.5614691,2.938616,0.9671383,0.425063,1.545006,1.855661,0.5352326,2.582103
0,32,2.133497,0.5632471,2.948113,0.9701007,0.4263647,1.549836,1.861603,0.5368897,2.589933
0,32.1,2.140233,0.5650201,2.957584,0.9730667,0.427674,1.554693,1.867551,0.5385346,2.597809
0,32.2,2.146978,0.5667905,2.967052,0.9760318,0.4289838,1.559557,1.873511,0.5401722,2.6057
0,32.3,2.153717,0.5685564,2.976498,0.9789965,0.430296,1.564406,1.879464,0.5418036,2.613613
0,32.4,2.160459,0.5703177,2.985954,0.9819618,0.4315995,1.569256,1.88542,0.5434401,2.621557
0,32.5,2.167207,0.5720796,2.995458,0.9849334,0.4329024,1.574141,1.891378,0.545081,2.629479
0,32.6,2.173968,0.5738361,3.004982,0.987913,0.4342062,1.578999,1.897347,0.5467145,2.637377
0,32.7,2.180728,0.5755899,3.014518,0.9908959,0.4355073,1.583861,1.903315,0.5483463,2.645261
0,32.8,2.187484,0.5773392,3.024047,0.9938841,0.4368088,1.588709,1.909272,0.5499786,2.653141
0,32.9,2.194246,0.5790877,3.033555,0.9968817,0.4381116,1.593569,1.915231,0.551613,2.660975
0,33,2.201009,0.5808387,3.043055,0.9998829,0.4394263,1.598457,1.921187,0.5532484,2.66881
0,33.1,2.207775,0.5825906,3.052565,1.002883,0.4407495,1.603342,1.927146,0.5548834,2.676658
0,33.2,2.214542,0.5843312,3.062044,1.005884,0.4420711,1.608234,1.933104,0.5565078,2.684485
0,33.3,2.221307,0.5860716,3.071542,1.00889,0.4434046,1.613128,1.939057,0.5581304,2.692333
0,33.4,2.228077,0.5878128,3.081049,1.011904,0.4447423,1.618015,1.945009,0.5597519,2.700181
0,33.5,2.234839,0.5895477,3.090544,1.014919,0.4460724,1.622907,1.950954,0.561369,2.70799
0,33.6,2.241607,0.5912717,3.100059,1.017941,0.447402,1.627789,1.956901,0.5629799,2.715774
0,33.7,2.248374,0.5929947,3.109583,1.020964,0.4487214,1.632657,1.962846,0.5645955,2.723566
0,33.8,2.255143,0.5947227,3.119154,1.023989,0.4500359,1.63748,1.968793,0.5662226,2.731339
0,33.9,2.261903,0.5964521,3.128692,1.027012,0.4513473,1.642286,1.974729,0.5678547,2.739111
0,34,2.268662,0.5981813,3.138237,1.030034,0.4526465,1.64708,1.980667,0.5694915,2.746885
0,34.1,2.275421,0.5999065,3.147781,1.033061,0.4539471,1.65187,1.9866,0.5711233,2.754645
0,34.2,2.282181,0.6016279,3.157305,1.036097,0.4552618,1.656673,1.99253,0.5727468,2.762411
0,34.3,2.28894,0.6033493,3.166817,1.039139,0.4565776,1.66151,1.998455,0.5743666,2.770158
0,34.4,2.295696,0.6050694,3.176335,1.042174,0.457889,1.666317,2.004382,0.5759859,2.777878
0,34.5,2.302445,0.6067841,3.185854,1.045204,0.4591987,1.671115,2.010303,0.5775983,2.785557
0,34.6,2.309191,0.6085016,3.195372,1.048236,0.4605088,1.675899,2.016221,0.5792128,2.793248
0,34.7,2.315944,0.6102133,3.204906,1.051274,0.4618216,1.680664,2.022142,0.5808217,2.800921
0,34.8,2.322694,0.6119276,3.214429,1.054317,0.4631424,1.685455,2.028056,0.5824338,2.808555
0,34.9,2.329445,0.6136486,3.22393,1.057355,0.464468,1.690283,2.033974,0.5840493,2.81619
0,35,2.336198,0.6153672,3.233443,1.060404,0.4657846,1.695155,2.039888,0.5856656,2.823802
0,35.1,2.342953,0.6170871,3.242955,1.063458,0.467099,1.700018,2.045804,0.5872852,2.831417
0,35.2,2.349709,0.6188069,3.25246,1.066508,0.4684146,1.704845,2.051721,0.5889068,2.839057
0,35.3,2.356471,0.6205286,3.261934,1.069566,0.4697362,1.709655,2.05764,0.590529,2.846746
0,35.4,2.363228,0.6222404,3.271379,1.072628,0.4710485,1.714436,2.063552,0.5921452,2.854475
0,35.5,2.369991,0.6239462,3.280827,1.075698,0.4723675,1.719243,2.069464,0.5937579,2.862861
0,35.6,2.376756,0.6256436,3.290244,1.078772,0.4736889,1.724045,2.075375,0.5953644,2.871239
0,35.7,2.383521,0.6273391,3.299677,1.081856,0.4750002,1.728828,2.081281,0.5969749,2.879591
0,35.8,2.390277,0.6290352,3.309108,1.084932,0.4763112,1.733557,2.087181,0.5985863,2.887959
0,35.9,2.397028,0.63073,3.318485,1.088003,0.4776175,1.738258,2.093079,0.6002007,2.896393
0,36,2.403783,0.6324239,3.327832,1.09107,0.4789188,1.742929,2.098985,0.6018139,2.904879
0,36.1,2.410542,0.6341144,3.33721,1.094132,0.4802113,1.747578,2.104896,0.6034299,2.913328
0,36.2,2.417307,0.6358,3.346619,1.097197,0.4814971,1.752196,2.110815,0.6050419,2.921744
0,36.3,2.424071,0.6374884,3.356026,1.100256,0.4827737,1.756799,2.116737,0.6066589,2.930159
0,36.4,2.43083,0.6391691,3.36542,1.103312,0.4840369,1.761383,2.122658,0.60827,2.938544
0,36.5,2.437584,0.6408485,3.374819,1.106359,0.4853007,1.765953,2.128578,0.6098765,2.946939
0,36.6,2.444341,0.64253,3.384234,1.109406,0.4865602,1.770533,2.134502,0.6114854,2.955324
0,36.7,2.45109,0.6442053,3.39362,1.112451,0.4878166,1.775109,2.14042,0.6130821,2.963684
0,36.8,2.457837,0.6458721,3.402986,1.115505,0.4890706,1.779699,2.146334,0.6146677,2.972032
0,36.9,2.464593,0.6475298,3.412354,1.118563,0.4903228,1.784301,2.152253,0.6162483,2.980376
0,37,2.471346,0.6491833,3.421711,1.121624,0.491571,1.788889,2.158169,0.6178274,2.988725
0,37.1,2.478097,0.6508286,3.431019,1.124676,0.4928208,1.793444,2.164086,0.6193977,2.997036
0,37.2,2.484849,0.6524651,3.440335,1.127717,0.4940607,1.797942,2.170011,0.6209616,3.005334
0,37.3,2.491608,0.6540968,3.449661,1.130771,0.4953024,1.802421,2.175937,0.6225233,3.013624
0,37.4,2.498372,0.6557321,3.459001,1.133828,0.4965474,1.806909,2.181865,0.6240892,3.021945
0,37.5,2.505134,0.6573701,3.468353,1.13688,0.4977976,1.811414,2.187794,0.6256565,3.0303
0,37.6,2.511893,0.6590053,3.477719,1.139927,0.4990493,1.815915,2.193721,0.627223,3.03865
0,37.7,2.518656,0.6606379,3.487142,1.142978,0.5002888,1.820407,2.199651,0.6287925,3.047052
0,37.8,2.525428,0.6622741,3.496594,1.146035,0.5015259,1.824867,2.205589,0.6303629,3.055475
0,37.9,2.532201,0.6639085,3.506079,1.149097,0.5027568,1.829316,2.211528,0.6319325,3.063881
0,38,2.538977,0.6655405,3.515576,1.152168,0.5039859,1.833796,2.217464,0.6335045,3.072254
0,38.1,2.545756,0.6671784,3.525068,1.155238,0.5052082,1.838266,2.223405,0.635084,3.080636
0,38.2,2.552538,0.6688182,3.534556,1.15831,0.506433,1.842739,2.229349,0.6366653,3.08899
0,38.3,2.559323,0.6704484,3.544034,1.161385,0.5076581,1.847236,2.235292,0.6382403,3.097329
0,38.4,2.566115,0.6720717,3.553537,1.164456,0.5088837,1.85172,2.241245,0.6398141,3.105667
0,38.5,2.572907,0.6736895,3.563048,1.16752,0.5101066,1.856201,2.247201,0.6413811,3.113984
0,38.6,2.579689,0.6752988,3.572533,1.170581,0.5113296,1.860686,2.253147,0.6429415,3.122267
0,38.7,2.586475,0.6769061,3.581998,1.173646,0.5125575,1.865216,2.259096,0.644497,3.13053
0,38.8,2.593261,0.6785128,3.59144,1.176708,0.5137795,1.869744,2.265046,0.6460556,3.138821
0,38.9,2.600055,0.6801245,3.600884,1.179774,0.5149992,1.874294,2.271003,0.6476231,3.147159
0,39,2.606852,0.6817495,3.610285,1.18284,0.5162199,1.878871,2.276962,0.6492044,3.155497
0,39.1,2.613647,0.6833804,3.6194,1.18591,0.5174445,1.883453,2.282918,0.6507922,3.163821
0,39.2,2.620448,0.6850062,3.628514,1.188985,0.5186747,1.888002,2.288876,0.6523703,3.172144
0,39.3,2.627254,0.6866335,3.637686,1.192067,0.5199041,1.892556,2.294838,0.653948,3.180475
0,39.4,2.634067,0.688269,3.646905,1.195149,0.5211403,1.897138,2.300806,0.6555329,3.188812
0,39.5,2.640873,0.6899161,3.656129,1.198227,0.5223837,1.901709,2.306767,0.6571333,3.19714
0,39.6,2.647684,0.691568,3.665341,1.201306,0.5236349,1.906254,2.312731,0.658736,3.20549
0,39.7,2.6545,0.6932229,3.674598,1.204377,0.5248872,1.910795,2.318707,0.6603375,3.213844
0,39.8,2.661321,0.6948798,3.683864,1.207444,0.526143,1.915308,2.324689,0.6619406,3.22222
0,39.9,2.668131,0.6965409,3.693099,1.210504,0.5273931,1.919762,2.330664,0.6635472,3.230598
0,40,2.674934,0.698209,3.702317,1.213565,0.528639,1.924201,2.33663,0.6651658,3.238989
0,40.1,2.681739,0.6998817,3.711513,1.216632,0.5298826,1.928642,2.342596,0.6667934,3.247415
0,40.2,2.688547,0.7015653,3.720723,1.219712,0.5311281,1.933091,2.348557,0.6684292,3.255895
0,40.3,2.695347,0.7032532,3.729943,1.222803,0.5323673,1.937557,2.354505,0.6700705,3.264371
0,40.4,2.702146,0.7049408,3.739146,1.225888,0.5336142,1.942059,2.360456,0.671707,3.272836
0,40.5,2.708951,0.7066244,3.74835,1.228962,0.534868,1.946574,2.366414,0.6733427,3.28131
0,40.6,2.715764,0.7082983,3.757547,1.23204,0.5361251,1.951099,2.372379,0.6749736,3.289798
0,40.7,2.722583,0.709971,3.766747,1.235124,0.5373886,1.95563,2.378346,0.6766052,3.29828
0,40.8,2.729388,0.7116478,3.77592,1.238204,0.5386531,1.960165,2.384298,0.6782421,3.306757
0,40.9,2.736202,0.7133302,3.785118,1.241292,0.5399118,1.9647,2.390257,0.6798889,3.31525
0,41,2.743021,0.7150083,3.794327,1.244379,0.5411647,1.969219,2.396221,0.6815356,3.32375
0,41.1,2.749829,0.7166833,3.803557,1.247461,0.5424161,1.973758,2.402178,0.6831747,3.332194
0,41.2,2.756632,0.7183562,3.812731,1.250547,0.5436685,1.978275,2.408127,0.6848074,3.340627
0,41.3,2.763431,0.7200235,3.821888,1.253634,0.5449197,1.982772,2.414071,0.6864365,3.349036
0,41.4,2.770241,0.7216996,3.831047,1.256724,0.5461808,1.987236,2.420024,0.6880752,3.357472
0,41.5,2.777058,0.7233895,3.840214,1.259818,0.5474491,1.9917,2.425982,0.6897242,3.365892
0,41.6,2.78388,0.725083,3.849393,1.262911,0.5487154,1.996144,2.431947,0.6913775,3.374287
0,41.7,2.79071,0.7267769,3.858573,1.266006,0.5499789,2.000565,2.437921,0.6930297,3.382675
0,41.8,2.797545,0.7284802,3.8678,1.269105,0.5512509,2.005012,2.443897,0.69469,3.39106
0,41.9,2.804378,0.7301826,3.877031,1.272198,0.552513,2.009451,2.449876,0.6963514,3.399424
0,42,2.811208,0.7318734,3.886256,1.275284,0.5537583,2.013872,2.455856,0.6980079,3.407789
0,42.1,2.818036,0.7335673,3.895461,1.278373,0.5550105,2.018283,2.461831,0.6996667,3.416177
0,42.2,2.824865,0.7352602,3.904659,1.281475,0.5562573,2.022682,2.467801,0.7013302,3.424531
0,42.3,2.831684,0.7369531,3.913873,1.284575,0.5574938,2.027074,2.473761,0.7029977,3.43287
0,42.4,2.838505,0.7386465,3.923107,1.287673,0.5587302,2.031473,2.479722,0.7046749,3.441216
0,42.5,2.845327,0.7403412,3.932357,1.290774,0.5599576,2.035885,2.485682,0.7063589,3.449577
0,42.6,2.852141,0.7420404,3.941602,1.293877,0.5611831,2.040337,2.491634,0.7080455,3.45796
0,42.7,2.85894,0.743742,3.950818,1.296974,0.562402,2.044782,2.497572,0.7097395,3.466351
0,42.8,2.865736,0.7454466,3.960033,1.300064,0.5636106,2.049213,2.503512,0.7114399,3.47475
0,42.9,2.872527,0.7471584,3.969251,1.303151,0.5648215,2.053628,2.509445,0.7131476,3.483174
0,43,2.879303,0.7488579,3.978459,1.306238,0.5660267,2.058042,2.515365,0.7148438,3.491576
0,43.1,2.886083,0.7505554,3.987708,1.309326,0.5672332,2.06249,2.521286,0.7165395,3.499964
0,43.2,2.892867,0.7522493,3.996981,1.312411,0.568438,2.066942,2.527214,0.7182317,3.508283
0,43.3,2.899655,0.7539396,4.006259,1.315494,0.5696323,2.071376,2.53315,0.7199218,3.516553
0,43.4,2.906445,0.7556259,4.015592,1.318581,0.5708194,2.075842,2.539088,0.7216049,3.524784
0,43.5,2.913227,0.7573169,4.024974,1.321657,0.5720093,2.080314,2.545024,0.7232845,3.533015
0,43.6,2.920014,0.7590133,4.034362,1.324725,0.5732021,2.08476,2.55097,0.7249669,3.541279
0,43.7,2.92681,0.7607046,4.043769,1.327787,0.5743905,2.089192,2.55693,0.7266506,3.549617
0,43.8,2.93361,0.762403,4.053253,1.330859,0.57558,2.093651,2.562887,0.7283434,3.557944
0,43.9,2.940413,0.7641105,4.062776,1.333941,0.576768,2.098122,2.568843,0.7300472,3.566276
0,44,2.947217,0.7658234,4.072323,1.337025,0.5779577,2.10259,2.574798,0.731758,3.574587
0,44.1,2.954032,0.7675278,4.081862,1.34011,0.5791542,2.107067,2.580764,0.7334574,3.582831
0,44.2,2.960847,0.769238,4.091393,1.343204,0.580364,2.111575,2.586726,0.7351536,3.591078
0,44.3,2.967669,0.7709487,4.100935,1.34631,0.5815722,2.116088,2.592689,0.7368503,3.599351
0,44.4,2.974486,0.7726639,4.110487,1.349414,0.5827731,2.120613,2.598649,0.7385519,3.607645
0,44.5,2.981295,0.7743888,4.120038,1.352518,0.5839752,2.125148,2.6046,0.7402629,3.615998
0,44.6,2.98811,0.7761116,4.129607,1.355638,0.5851854,2.129682,2.610549,0.7419693,3.624345
0,44.7,2.994926,0.7778288,4.139148,1.358759,0.5863943,2.134188,2.616498,0.7436717,3.63267
0,44.8,3.001743,0.7795484,4.148675,1.361882,0.5876,2.138673,2.622447,0.7453814,3.641004
0,44.9,3.008556,0.7812653,4.15817,1.364999,0.5888082,2.143145,2.628394,0.7470885,3.649349
0,45,3.015382,0.7829773,4.167655,1.368124,0.5900204,2.147582,2.63435,0.7487877,3.65769
0,45.1,3.022217,0.7846911,4.177145,1.371252,0.5912301,2.152015,2.640316,0.7504894,3.666051
0,45.2,3.02905,0.7864011,4.186623,1.374374,0.5924318,2.156417,2.646284,0.7521916,3.674417
0,45.3,3.035882,0.7881212,4.196113,1.377487,0.5936328,2.160792,2.652254,0.7539065,3.682814
0,45.4,3.04271,0.7898299,4.20563,1.380605,0.5948267,2.165167,2.658218,0.7556142,3.691178
0,45.5,3.049531,0.7915363,4.215207,1.383719,0.5960184,2.169531,2.664176,0.7573194,3.699508
0,45.6,3.056351,0.7932446,4.224769,1.38683,0.5972031,2.173869,2.670134,0.7590291,3.707856
0,45.7,3.063184,0.7949516,4.234328,1.389949,0.5983929,2.178204,2.676104,0.7607376,3.716199
0,45.8,3.070025,0.7966794,4.243923,1.393068,0.5995978,2.182533,2.68208,0.7624619,3.724576
0,45.9,3.076865,0.7984044,4.253505,1.396194,0.6008077,2.186864,2.688052,0.7641796,3.73296
0,46,3.083703,0.8001218,4.263057,1.399323,0.6020204,2.191174,2.69402,0.765886,3.741338
0,46.1,3.090544,0.8018406,4.272581,1.402448,0.6032361,2.195453,2.699993,0.7675953,3.749709
0,46.2,3.097382,0.8035606,4.282071,1.405566,0.6044452,2.1997,2.705966,0.7693077,3.758082
0,46.3,3.104217,0.8052784,4.291573,1.408679,0.6056554,2.203959,2.711939,0.771019,3.76646
0,46.4,3.11106,0.8069898,4.301069,1.411796,0.6068682,2.208206,2.717916,0.7727272,3.774812
0,46.5,3.1179,0.8086981,4.310516,1.414908,0.6080725,2.212428,2.723895,0.7744333,3.783178
0,46.6,3.12474,0.8104005,4.319943,1.418017,0.6092747,2.216602,2.729875,0.7761343,3.791566
0,46.7,3.131576,0.8121069,4.329376,1.421117,0.6104791,2.220747,2.735856,0.777837,3.799958
0,46.8,3.138423,0.8138079,4.338799,1.424222,0.6116897,2.224859,2.741844,0.7795353,3.808367
0,46.9,3.145278,0.8155147,4.348227,1.427331,0.6129067,2.228988,2.74784,0.7812371,3.816794
0,47,3.152143,0.8172176,4.357649,1.430442,0.6141117,2.233054,2.753845,0.7829424,3.825205
0,47.1,3.159011,0.8189228,4.367029,1.433561,0.6153155,2.237119,2.759851,0.784652,3.833616
0,47.2,3.16588,0.8206269,4.376398,1.436674,0.6165118,2.241204,2.765862,0.7863619,3.842035
0,47.3,3.172755,0.8223393,4.385811,1.439784,0.6177074,2.245282,2.771881,0.7880795,3.850485
0,47.4,3.179629,0.8240521,4.395241,1.442885,0.6189155,2.249352,2.777902,0.7897991,3.858924
0,47.5,3.186504,0.8257641,4.404679,1.445978,0.6201244,2.253405,2.783928,0.7915124,3.867375
0,47.6,3.193373,0.8274822,4.414121,1.44907,0.6213378,2.257437,2.789948,0.793229,3.875864
0,47.7,3.200239,0.8292024,4.423534,1.45216,0.6225549,2.261418,2.795963,0.7949552,3.884333
0,47.8,3.207117,0.8309202,4.432969,1.455245,0.6237684,2.26538,2.801993,0.7966864,3.89282
0,47.9,3.214005,0.8326349,4.442431,1.458338,0.6249751,2.269369,2.808029,0.7984198,3.901321
0,48,3.220899,0.8343527,4.451904,1.461439,0.6261713,2.273365,2.814071,0.8001603,3.90986
0,48.1,3.227796,0.8360656,4.461356,1.464542,0.627356,2.277337,2.820115,0.8019042,3.91843
0,48.2,3.234695,0.8377885,4.470846,1.467658,0.6285425,2.281337,2.826153,0.803657,3.926985
0,48.3,3.24159,0.8395196,4.480334,1.47079,0.629731,2.285374,2.832179,0.8054186,3.935518
0,48.4,3.248488,0.8412427,4.489838,1.473931,0.6309075,2.289368,2.838204,0.8071822,3.944036
0,48.5,3.255388,0.842957,4.499332,1.477071,0.6320889,2.293354,2.844229,0.8089381,3.952535
0,48.6,3.262299,0.8446757,4.508824,1.480216,0.633269,2.297314,2.850265,0.810695,3.961051
0,48.7,3.269215,0.8464014,4.518346,1.483364,0.6344507,2.301308,2.856308,0.8124559,3.969594
0,48.8,3.27613,0.8481306,4.527894,1.486513,0.6356403,2.305338,2.862346,0.8142222,3.97813
0,48.9,3.283035,0.8498599,4.537416,1.489656,0.6368255,2.30936,2.868375,0.8159904,3.986658
0,49,3.289931,0.8515979,4.546914,1.492794,0.638024,2.313403,2.874397,0.8177582,3.995177
0,49.1,3.296817,0.8533486,4.556424,1.495926,0.6392322,2.31748,2.880411,0.8195278,4.0037
0,49.2,3.303691,0.8551069,4.565939,1.499054,0.6404494,2.321583,2.886414,0.8212976,4.012227
0,49.3,3.310565,0.8568708,4.575463,1.502183,0.6416691,2.325701,2.892417,0.8230704,4.020787
0,49.4,3.317435,0.8586375,4.584989,1.505306,0.6428921,2.329822,2.89842,0.8248415,4.029333
0,49.5,3.324299,0.8604081,4.594527,1.508429,0.6441178,2.333933,2.904416,0.8266097,4.037838
0,49.6,3.331162,0.8621765,4.604049,1.511562,0.6453474,2.338035,2.910406,0.8283703,4.046366
0,49.7,3.338011,0.8639474,4.61359,1.514688,0.6465766,2.342128,2.916385,0.8301318,4.054881
0,49.8,3.344857,0.8657126,4.623111,1.51782,0.6478031,2.346229,2.922358,0.8318866,4.063367
0,49.9,3.351711,0.8674895,4.632684,1.52096,0.6490348,2.350338,2.928335,0.8336529,4.071834
0,50,3.358577,0.8692731,4.642282,1.524109,0.6502567,2.35444,2.934323,0.835427,4.080308
0,50.1,3.365447,0.8710583,4.651892,1.527262,0.6514716,2.358562,2.940315,0.8372021,4.088753
0,50.2,3.372314,0.872852,4.661514,1.530408,0.6526903,2.362689,2.946307,0.8389844,4.097191
0,50.3,3.379185,0.8746458,4.671155,1.533565,0.6539059,2.366813,2.952298,0.8407685,4.105624
0,50.4,3.38605,0.8764533,4.680808,1.536725,0.6551272,2.370982,2.958282,0.8425608,4.114043
0,50.5,3.392917,0.8782629,4.690451,1.539888,0.6563452,2.375166,2.964265,0.8443561,4.122466
0,50.6,3.399783,0.8800698,4.70005,1.543059,0.6575643,2.379343,2.970244,0.8461503,4.130834
0,50.7,3.406652,0.8818702,4.709686,1.546231,0.6587799,2.383554,2.976226,0.8479352,4.139197
0,50.8,3.413516,0.8836709,4.719319,1.549404,0.6599977,2.387764,2.982203,0.8497158,4.147544
0,50.9,3.420368,0.8854734,4.728904,1.552572,0.661219,2.391969,2.988169,0.851494,4.155841
0,51,3.427215,0.8872771,4.738481,1.555738,0.6624516,2.396162,2.99413,0.8532675,4.164103
0,51.1,3.434066,0.8890781,4.74809,1.558907,0.6636875,2.40034,3.000092,0.8550432,4.172383
0,51.2,3.440911,0.890877,4.757705,1.562074,0.6649303,2.404522,3.006048,0.8568121,4.180684
0,51.3,3.447756,0.8926758,4.767328,1.565243,0.6661736,2.408717,3.012004,0.858577,4.189003
0,51.4,3.454598,0.8944842,4.776959,1.568405,0.6674198,2.412895,3.017959,0.8603512,4.197349
0,51.5,3.461444,0.8962935,4.786593,1.571568,0.6686677,2.417068,3.023918,0.8621294,4.205702
0,51.6,3.468291,0.8981083,4.796244,1.57473,0.66992,2.421268,3.029877,0.8639137,4.214051
0,51.7,3.475141,0.899924,4.805896,1.577894,0.6711733,2.425467,3.035838,0.8656984,4.222411
0,51.8,3.481999,0.9017405,4.81557,1.581062,0.6724247,2.429648,3.041807,0.8674824,4.2308
0,51.9,3.488864,0.9035589,4.825251,1.584228,0.6736832,2.433821,3.047786,0.8692629,4.239194
0,52,3.495737,0.9053742,4.834922,1.587393,0.6749513,2.438002,3.053772,0.8710391,4.247584
0,52.1,3.502617,0.9071865,4.844551,1.590556,0.676231,2.442176,3.059765,0.8728099,4.255971
0,52.2,3.509501,0.9089911,4.854159,1.593718,0.6774996,2.446327,3.065766,0.8745757,4.264304
0,52.3,3.516388,0.9107941,4.863774,1.596883,0.6787729,2.450469,3.071768,0.8763353,4.27258
0,52.4,3.523274,0.9125921,4.873397,1.600039,0.6800539,2.454659,3.07777,0.8780931,4.280847
0,52.5,3.530157,0.9143841,4.883034,1.603195,0.6813356,2.458808,3.083768,0.8798529,4.289087
0,52.6,3.537051,0.9161752,4.892668,1.606347,0.6826184,2.462932,3.089779,0.8816118,4.297344
0,52.7,3.543944,0.9179706,4.902269,1.609499,0.6839035,2.467027,3.09579,0.883378,4.305624
0,52.8,3.550838,0.9197713,4.911889,1.612655,0.6851912,2.471174,3.101798,0.8851476,4.313887
0,52.9,3.557723,0.921577,4.921549,1.615808,0.6864824,2.475387,3.107797,0.886921,4.322169
0,53,3.564598,0.9233798,4.931204,1.618963,0.6877693,2.479621,3.113785,0.8886912,4.330423
0,53.1,3.571467,0.9251772,4.940804,1.622116,0.6890472,2.483809,3.119768,0.8904587,4.338679
0,53.2,3.578331,0.9269699,4.950374,1.625274,0.6903157,2.487971,3.125744,0.8922286,4.346973
0,53.3,3.5852,0.9287597,4.959929,1.628432,0.6915807,2.492105,3.131722,0.8940015,4.355275
0,53.4,3.592075,0.9305541,4.969512,1.631591,0.6928463,2.496219,3.137708,0.8957798,4.363579
0,53.5,3.598955,0.9323445,4.979117,1.634751,0.6941143,2.500345,3.143699,0.8975502,4.371853
0,53.6,3.605828,0.93413,4.988716,1.637912,0.6953765,2.504464,3.149684,0.8993166,4.380088
0,53.7,3.612694,0.9359207,4.998312,1.641068,0.6966349,2.508536,3.155662,0.9010909,4.388372
0,53.8,3.619555,0.9377109,5.007871,1.644217,0.6979008,2.512646,3.161639,0.9028576,4.396638
0,53.9,3.626417,0.939499,5.017429,1.647366,0.6991717,2.516799,3.167616,0.9046187,4.404908
0,54,3.633273,0.9412971,5.026975,1.650503,0.7004451,2.52097,3.173594,0.9063857,4.413223
0,54.1,3.640133,0.9430933,5.036523,1.653647,0.7017149,2.525157,3.179575,0.9081457,4.421521
0,54.2,3.646996,0.9448809,5.046087,1.656794,0.7029755,2.529327,3.185558,0.9099034,4.429793
0,54.3,3.653858,0.9466736,5.055688,1.659945,0.7042298,2.533493,3.191538,0.9116691,4.438564
0,54.4,3.660714,0.9484727,5.065308,1.663102,0.7054929,2.537675,3.197507,0.9134372,4.447363
0,54.5,3.667562,0.9502668,5.07493,1.66626,0.7067519,2.541863,3.203468,0.9152046,4.456161
0,54.6,3.67441,0.9520586,5.084541,1.669408,0.7080101,2.54603,3.209433,0.9169658,4.464957
0,54.7,3.681258,0.9538459,5.094156,1.672554,0.7092682,2.550239,3.2154,0.9187214,4.473733
0,54.8,3.688106,0.9556247,5.103746,1.6757,0.7105221,2.554416,3.221367,0.9204744,4.482498
0,54.9,3.694958,0.9574009,5.113346,1.678847,0.7117708,2.558583,3.227339,0.9222241,4.491278
0,55,3.701807,0.9591768,5.122934,1.681994,0.7130177,2.562724,3.233306,0.9239767,4.50006
0,55.1,3.708658,0.9609483,5.13251,1.685144,0.7142704,2.566853,3.239273,0.9257272,4.508835
0,55.2,3.71551,0.9627125,5.142081,1.688301,0.715525,2.570992,3.245236,0.9274702,4.517598
0,55.3,3.722356,0.9644689,5.151636,1.691449,0.7167898,2.575122,3.251198,0.9292011,4.52635
0,55.4,3.729203,0.9662347,5.161178,1.694584,0.7180638,2.579237,3.257165,0.9309362,4.535097
0,55.5,3.73605,0.9680059,5.170698,1.697718,0.7193437,2.583339,3.263133,0.9326732,4.543826
0,55.6,3.742898,0.9697849,5.180242,1.70085,0.7206294,2.58741,3.269103,0.9344157,4.552601
0,55.7,3.749755,0.9715684,5.189787,1.703988,0.7219155,2.591473,3.275081,0.9361614,4.561382
0,55.8,3.756614,0.973362,5.199368,1.707122,0.7232074,2.595582,3.281064,0.9379073,4.570178
0,55.9,3.763476,0.9751591,5.208988,1.710254,0.7244972,2.599717,3.287052,0.9396578,4.579004
0,56,3.770347,0.9769569,5.218621,1.71339,0.7257841,2.603865,3.293048,0.9414091,4.587837
0,56.1,3.777213,0.9787557,5.228255,1.716525,0.7270787,2.608013,3.299039,0.943161,4.596671
0,56.2,3.784076,0.9805608,5.237899,1.719651,0.7283712,2.612164,3.305029,0.9449264,4.605515
0,56.3,3.790935,0.982373,5.247575,1.722765,0.7296639,2.616359,3.31102,0.9466989,4.61437
0,56.4,3.797789,0.9841851,5.257266,1.725873,0.7309631,2.620567,3.317009,0.9484694,4.623235
0,56.5,3.804652,0.9859945,5.266963,1.728986,0.7322716,2.624794,3.323002,0.9502379,4.632097
0,56.6,3.811511,0.987805,5.276655,1.732095,0.7335835,2.629004,3.328994,0.9520036,4.640963
0,56.7,3.81837,0.9896218,5.286343,1.735203,0.7349005,2.633216,3.334987,0.9537707,4.649824
0,56.8,3.825236,0.9914454,5.295989,1.738318,0.7362236,2.637363,3.340982,0.9555444,4.658674
0,56.9,3.832109,0.9932804,5.305691,1.741433,0.7375434,2.641496,3.346986,0.9573329,4.667593
0,57,3.838987,0.9951228,5.315469,1.744547,0.7388571,2.645635,3.352997,0.959129,4.676597
0,57.1,3.845872,0.9969583,5.325283,1.747658,0.7401782,2.649801,3.359015,0.9609187,4.685625
0,57.2,3.852751,0.9987893,5.335119,1.750763,0.7415019,2.653962,3.365028,0.9627086,4.694682
0,57.3,3.859635,1.000631,5.345017,1.753875,0.7428318,2.658125,3.371044,0.9645047,4.703809
0,57.4,3.866517,1.002485,5.354955,1.756991,0.7441671,2.662281,3.377055,0.9663091,4.712987
0,57.5,3.873393,1.004351,5.364907,1.760105,0.74551,2.66645,3.383059,0.9681224,4.722173
0,57.6,3.880265,1.006234,5.37488,1.763218,0.7468591,2.670622,3.38906,0.96995,4.731382
0,57.7,3.887131,1.008117,5.384892,1.766322,0.7482012,2.674827,3.395059,0.9717798,4.740618
0,57.8,3.893998,1.009989,5.394926,1.769435,0.7495396,2.679042,3.401054,0.9736013,4.749872
0,57.9,3.900867,1.01186,5.404975,1.772551,0.7508821,2.683255,3.40705,0.9754198,4.759144
0,58,3.90774,1.013728,5.415021,1.775668,0.7522197,2.687488,3.413051,0.9772341,4.768402
0,58.1,3.914613,1.015602,5.425094,1.778784,0.7535597,2.691766,3.419054,0.9790494,4.777666
0,58.2,3.921485,1.017485,5.435169,1.781902,0.754899,2.696044,3.425054,0.9808741,4.786931
0,58.3,3.928358,1.019366,5.445248,1.785022,0.7562398,2.700329,3.431054,0.9826995,4.796197
0,58.4,3.935236,1.02125,5.455389,1.788144,0.7575863,2.704626,3.437057,0.9845274,4.805527
0,58.5,3.942105,1.023146,5.465528,1.791259,0.7589276,2.70891,3.443054,0.9863663,4.814862
0,58.6,3.948975,1.025038,5.475627,1.794384,0.7602661,2.713201,3.44905,0.9881985,4.824149
0,58.7,3.955849,1.026928,5.485744,1.79751,0.7616126,2.717488,3.455048,0.9900263,4.833458
0,58.8,3.962732,1.028816,5.495915,1.800642,0.7629726,2.721818,3.461052,0.9918467,4.842808
0,58.9,3.969628,1.030699,5.50608,1.803783,0.7643327,2.726174,3.467065,0.9936628,4.852137
0,59,3.976526,1.032572,5.516232,1.806924,0.765682,2.730496,3.473083,0.9954742,4.86147
0,59.1,3.983425,1.034447,5.526365,1.810061,0.767022,2.734789,3.479104,0.9972907,4.870798
0,59.2,3.990326,1.03631,5.536483,1.8132,0.7683604,2.73909,3.485126,0.9991005,4.880103
0,59.3,3.997234,1.038164,5.546607,1.816345,0.7696906,2.74339,3.491154,1.0009,4.889413
0,59.4,4.004152,1.040015,5.556712,1.819497,0.7710194,2.747701,3.49719,1.002696,4.898696
0,59.5,4.011084,1.041864,5.566868,1.822654,0.7723533,2.752023,3.503238,1.004492,4.908032
0,59.6,4.01802,1.043703,5.57702,1.825812,0.7736875,2.756368,3.50929,1.006278,4.917352
0,59.7,4.024959,1.045534,5.587186,1.828974,0.7750235,2.760719,3.515344,1.008054,4.926684
0,59.8,4.031896,1.047356,5.597329,1.832133,0.7763671,2.765058,3.521395,1.009817,4.935998
0,59.9,4.038838,1.049175,5.607463,1.835292,0.7777205,2.769411,3.527453,1.011575,4.945294
0,60,4.045786,1.050998,5.61762,1.838449,0.7790892,2.773805,3.533515,1.013333,4.954596
0.5,0,0,0,0,0,0,0,0,0,0
0.5,0.1,0.006603416,0.001841394,0.009453056,0.003061288,0.001292978,0.004807382,0.005726573,0.001798528,0.008420172
0.5,0.2,0.01320232,0.003679382,0.01889378,0.006120173,0.00257171,0.009565574,0.01145037,0.003599965,0.01685188
0.5,0.3,0.01979888,0.005513816,0.02832992,0.009175484,0.003849227,0.01428115,0.01717115,0.00540604,0.02529928
0.5,0.4,0.0263828,0.00735358,0.03773169,0.01222409,0.005128676,0.01893072,0.02288114,0.007215493,0.03374032
0.5,0.5,0.0329652,0.009203608,0.04713858,0.01527247,0.006410404,0.02353669,0.02858988,0.009032506,0.04219474
0.5,0.6,0.03956013,0.01105389,0.05653553,0.01832625,0.007694621,0.02815343,0.03430995,0.0108488,0.05067126
0.5,0.7,0.04615407,0.01290575,0.06597087,0.02137509,0.008979753,0.03279323,0.04003081,0.01266839,0.05912604
0.5,0.8,0.05274777,0.01475824,0.07543579,0.02441772,0.01026603,0.03742916,0.04575478,0.0144876,0.06751977
0.5,0.9,0.05934679,0.01660673,0.08487995,0.02745871,0.01155732,0.04205329,0.05148485,0.01630217,0.07590256
0.5,1,0.06593836,0.01845881,0.09432963,0.03049939,0.01284285,0.04668551,0.05720753,0.018121,0.08428324
0.5,1.1,0.07252957,0.02030167,0.103754,0.03353849,0.01412964,0.05128135,0.06293088,0.01992877,0.09267393
0.5,1.2,0.07911771,0.02214284,0.1131453,0.03658062,0.01541535,0.05586628,0.06864874,0.02173666,0.101039
0.5,1.3,0.08571098,0.02396993,0.1225254,0.03962531,0.01670422,0.06047412,0.07437024,0.02353107,0.1093938
0.5,1.4,0.09230644,0.02578617,0.1319121,0.04267905,0.01799685,0.06512298,0.0800889,0.02531347,0.1177054
0.5,1.5,0.09889373,0.02759576,0.1412888,0.04574115,0.01927721,0.06976316,0.08579427,0.02709594,0.1259685
0.5,1.6,0.1054776,0.02940683,0.1506769,0.04880583,0.02055521,0.0743848,0.09149384,0.02888327,0.1341909
0.5,1.7,0.1120632,0.03122685,0.1600775,0.05186945,0.02183561,0.07900653,0.09719446,0.03068287,0.1424295
0.5,1.8,0.1186475,0.03305325,0.1694887,0.05492838,0.02310606,0.08364929,0.1028978,0.0324902,0.1506987
0.5,1.9,0.1252263,0.034885,0.178922,0.05798082,0.02437937,0.08834034,0.1085991,0.03429824,0.1589671
0.5,2,0.1093907,0.03314367,0.1602638,0.06102646,0.0256531,0.09304717,0.08727776,0.03313576,0.1424477
0.5,2.1,0.1148579,0.03480261,0.1682736,0.06407624,0.02692512,0.09776921,0.09164051,0.03480085,0.1495574
0.5,2.2,0.1203279,0.03645405,0.1762823,0.06713019,0.02820157,0.1025116,0.09600293,0.03645707,0.1566643
0.5,2.3,0.1257937,0.03810273,0.1842862,0.07017229,0.02947974,0.1072397,0.1003662,0.03811576,0.1637868
0.5,2.4,0.1312556,0.03974864,0.1922779,0.07321054,0.03075073,0.111974,0.1047275,0.03977621,0.1709137
0.5,2.5,0.1367096,0.04140205,0.2002593,0.07624838,0.0320118,0.1167009,0.1090812,0.04144598,0.178033
0.5,2.6,0.1421628,0.04305652,0.2082612,0.07928394,0.0332605,0.1213956,0.1134375,0.04312119,0.1851617
0.5,2.7,0.147623,0.04470957,0.2162652,0.08232325,0.03449885,0.1260705,0.1178016,0.04479831,0.1923043
0.5,2.8,0.1530882,0.0463724,0.2242725,0.08536516,0.03574546,0.130791,0.1221692,0.04648141,0.1994487
0.5,2.9,0.1585463,0.04803667,0.2322403,0.08839492,0.03699939,0.1354851,0.1265337,0.04816799,0.2065594
0.5,3,0.1640125,0.04970374,0.2402058,0.09143167,0.0382554,0.1401917,0.130903,0.04985643,0.2136643
0.5,3.1,0.1694861,0.05137835,0.2481869,0.09447253,0.03951913,0.144925,0.1352778,0.05154938,0.2207494
0.5,3.2,0.1749648,0.05305329,0.2561721,0.09751184,0.04078677,0.1496537,0.1396598,0.05324028,0.2278139
0.5,3.3,0.1804533,0.0547219,0.2641272,0.1005593,0.04205432,0.154387,0.1440483,0.05492528,0.2348421
0.5,3.4,0.1859392,0.05638907,0.2720424,0.103605,0.04332335,0.1591424,0.1484358,0.05660451,0.2418359
0.5,3.5,0.1914208,0.05806001,0.2799748,0.1066472,0.04459406,0.1639246,0.1528207,0.05828562,0.2488322
0.5,3.6,0.196901,0.05973686,0.2879378,0.1096875,0.04586491,0.1687089,0.1572066,0.05996844,0.2558566
0.5,3.7,0.202394,0.06140914,0.2959169,0.1127361,0.04714366,0.1735037,0.1616024,0.06164167,0.2628879
0.5,3.8,0.2078937,0.06307875,0.3038898,0.115786,0.04842815,0.1783096,0.1660036,0.06331333,0.2699121
0.5,3.9,0.2133917,0.06474498,0.3118575,0.1188455,0.04970885,0.1830919,0.1703956,0.06498601,0.2769178
0.5,4,0.1828183,0.06611811,0.2963863,0.121905,0.05099626,0.1878891,0.1282221,0.06327254,0.2232479
0.5,4.1,0.1874252,0.06777069,0.3038081,0.1249693,0.05228313,0.1927162,0.1314738,0.06482265,0.2286567
0.5,4.2,0.192028,0.06940221,0.3111735,0.1280386,0.05356777,0.1975273,0.1347176,0.06634713,0.2339848
0.5,4.3,0.1966309,0.07103271,0.3184989,0.1311142,0.05486212,0.2023466,0.1379567,0.06786003,0.2392761
0.5,4.4,0.2012366,0.07266308,0.3257993,0.1341918,0.05616273,0.2071873,0.1411989,0.06936536,0.2445739
0.5,4.5,0.2058405,0.07428372,0.3330542,0.1372686,0.05745615,0.212045,0.1444395,0.07086575,0.2499054
0.5,4.6,0.210443,0.07589996,0.34027,0.1403524,0.05874717,0.2168966,0.1476733,0.07235967,0.2552244
0.5,4.7,0.2150533,0.07750737,0.3474731,0.1434464,0.06003125,0.2217377,0.1509088,0.07384951,0.2605305
0.5,4.8,0.2196704,0.07911605,0.3546789,0.1465446,0.0613181,0.2266133,0.154149,0.07534001,0.2658603
0.5,4.9,0.2242781,0.08073201,0.3618851,0.1496332,0.06261219,0.2314521,0.1573821,0.07683828,0.2712278
0.5,5,0.2288791,0.08234393,0.3690937,0.1527141,0.06390372,0.2362508,0.1606142,0.07833221,0.2765868
0.5,5.1,0.2334756,0.08394424,0.3763084,0.1557918,0.06518467,0.2410398,0.1638448,0.07981808,0.2819144
0.5,5.2,0.2380675,0.08554808,0.3835854,0.1588671,0.06646291,0.2458238,0.1670721,0.0813077,0.2872298
0.5,5.3,0.2426631,0.08715739,0.3908902,0.1619372,0.06775132,0.2506125,0.1703081,0.08279813,0.2925602
0.5,5.4,0.2472659,0.08876935,0.3982451,0.1650072,0.06904465,0.2553625,0.1735484,0.08430008,0.2978944
0.5,5.5,0.2518675,0.09038757,0.4056475,0.1680719,0.07033472,0.2601193,0.1767912,0.08581326,0.3032302
0.5,5.6,0.2564645,0.09200806,0.4130542,0.1711335,0.07161919,0.2649151,0.1800288,0.0873367,0.3085988
0.5,5.7,0.2610579,0.09361951,0.4204382,0.1741906,0.072902,0.2697126,0.1832665,0.08885032,0.3139593
0.5,5.8,0.2656593,0.0952287,0.4278365,0.1772543,0.07418547,0.2745152,0.1865091,0.09036133,0.3193199
0.5,5.9,0.2702686,0.09685057,0.4352556,0.1803254,0.07547809,0.2793143,0.1897543,0.0918814,0.3246817
0.5,6,0.235689,0.0750752,0.330779,0.1833989,0.07677039,0.2841101,0.1345318,0.06130878,0.251626
0.5,6.1,0.2396571,0.07630843,0.3364813,0.1864837,0.07806184,0.288932,0.1367972,0.06231252,0.2556867
0.5,6.2,0.2436362,0.07754371,0.3422335,0.1895745,0.07935732,0.2937059,0.1390707,0.06332148,0.2598018
0.5,6.3,0.2476132,0.07878126,0.3479963,0.1926574,0.08065477,0.298437,0.141349,0.06433537,0.2639391
0.5,6.4,0.2515915,0.08001903,0.3537612,0.195739,0.08195751,0.3031893,0.1436297,0.06534722,0.2680763
0.5,6.5,0.2555821,0.08126052,0.3595213,0.1988286,0.08325967,0.3079524,0.145921,0.06636396,0.2722324
0.5,6.6,0.2595665,0.08249515,0.3652844,0.2019155,0.08455763,0.3126919,0.1482107,0.06736505,0.2763416
0.5,6.7,0.2635439,0.08372086,0.3710244,0.2050004,0.08584302,0.3174211,0.1504968,0.06835735,0.2804448
0.5,6.8,0.2675151,0.08493858,0.3767364,0.2080781,0.08711876,0.3221501,0.1527795,0.06935726,0.284563
0.5,6.9,0.271491,0.08615793,0.3824461,0.2111546,0.08839233,0.3268634,0.1550711,0.0703639,0.2887083
0.5,7,0.2754761,0.0873804,0.3881976,0.2142339,0.08966925,0.3315914,0.1573772,0.07136513,0.2928496
0.5,7.1,0.2794586,0.08860642,0.3939647,0.2173064,0.0909478,0.336333,0.1596895,0.07236562,0.2969809
0.5,7.2,0.2834425,0.08982877,0.3997459,0.2203814,0.0922205,0.3410778,0.1620027,0.07336394,0.3011146
0.5,7.3,0.2874226,0.09105019,0.4055556,0.2234544,0.09349092,0.3458167,0.1643177,0.07435095,0.3052433
0.5,7.4,0.2913996,0.09226527,0.4113574,0.2265253,0.094756,0.3504919,0.1666279,0.07534201,0.3093812
0.5,7.5,0.2953791,0.0934814,0.4171756,0.2295928,0.0960221,0.3551491,0.1689453,0.07633734,0.3135407
0.5,7.6,0.299364,0.09468846,0.4229822,0.2326609,0.09728148,0.359787,0.1712727,0.07732696,0.3176906
0.5,7.7,0.3033553,0.09589572,0.428808,0.235728,0.09853914,0.3644372,0.1736138,0.07831621,0.3218327
0.5,7.8,0.307346,0.09710406,0.4346686,0.2387957,0.09979453,0.3690732,0.1759528,0.07930955,0.3259589
0.5,7.9,0.3113464,0.09831192,0.4405311,0.2418717,0.1010487,0.3736927,0.1782951,0.08030976,0.3301321
0.5,8,0.2855,0.09946222,0.4139116,0.244959,0.1022982,0.3782992,0.1293832,0.0666627,0.241525
0.5,8.1,0.2891015,0.1006767,0.4193163,0.2480395,0.103548,0.3829153,0.1310537,0.06746511,0.244345
0.5,8.2,0.292703,0.1018901,0.424709,0.2511179,0.1047961,0.3875302,0.1327293,0.06826546,0.2471711
0.5,8.3,0.2963119,0.1031043,0.4300977,0.254202,0.1060464,0.3921525,0.1344087,0.06906745,0.2499726
0.5,8.4,0.2999177,0.1043219,0.4354488,0.2572831,0.1072995,0.3967769,0.1360895,0.06986488,0.2527214
0.5,8.5,0.3035201,0.105547,0.4407843,0.2603642,0.1085588,0.4014227,0.1377641,0.07066109,0.255448
0.5,8.6,0.3071141,0.1067824,0.4460836,0.2634386,0.1098216,0.4061144,0.1394371,0.07145894,0.2581639
0.5,8.7,0.3107133,0.1080228,0.4514078,0.2665168,0.1110862,0.4108033,0.1411167,0.07225623,0.2608851
0.5,8.8,0.314309,0.1092587,0.4567455,0.2695889,0.1123499,0.4154949,0.1427962,0.07305678,0.263592
0.5,8.9,0.3179084,0.1104911,0.4621076,0.2726616,0.1136135,0.4202076,0.1444804,0.07385659,0.2663001
0.5,9,0.3215171,0.1117189,0.4674702,0.2757372,0.1148722,0.4249602,0.1461769,0.07466273,0.2690686
0.5,9.1,0.3251262,0.1129553,0.4728708,0.2788091,0.1161348,0.4297319,0.1478782,0.07548162,0.2718652
0.5,9.2,0.3287338,0.1141876,0.4782434,0.2818808,0.117394,0.4344984,0.149578,0.07629697,0.2746189
0.5,9.3,0.3323425,0.1154128,0.4836077,0.284952,0.1186419,0.4392435,0.1512838,0.07711332,0.2773815
0.5,9.4,0.3359538,0.1166405,0.4889503,0.2880257,0.1198903,0.4439757,0.1529933,0.07792699,0.2801551
0.5,9.5,0.3395658,0.1178706,0.4942863,0.2910997,0.1211436,0.448704,0.1547037,0.07873649,0.2829121
0.5,9.6,0.3431781,0.1191017,0.4996373,0.2941707,0.1224006,0.4534118,0.1564185,0.07954594,0.2856739
0.5,9.7,0.3467905,0.1203323,0.5050048,0.2972394,0.1236589,0.4581275,0.1581379,0.08035243,0.2884135
0.5,9.8,0.350404,0.1215725,0.5103576,0.3003056,0.124923,0.4628383,0.1598641,0.08116517,0.2911756
0.5,9.9,0.3540245,0.1228166,0.5156588,0.3033815,0.1261898,0.4675727,0.1615893,0.0819755,0.2939379
0.5,10,0.340245,0.1136901,0.4876453,0.3064861,0.1274814,0.4724626,0.1266494,0.05264656,0.2081227
0.5,10.1,0.3436739,0.1148319,0.4926286,0.3095772,0.1287538,0.4772392,0.1279419,0.05314305,0.2104022
0.5,10.2,0.3471134,0.1159727,0.4976265,0.3126855,0.1300224,0.4820388,0.1292246,0.0536376,0.212695
0.5,10.3,0.3505472,0.1171134,0.5026138,0.3157929,0.1312885,0.4868226,0.1304988,0.05412664,0.2149809
0.5,10.4,0.3539841,0.1182511,0.5075697,0.3189087,0.1325503,0.4915761,0.1317649,0.05460917,0.2172097
0.5,10.5,0.357424,0.1193968,0.5125701,0.322027,0.1338191,0.4963679,0.1330373,0.05508107,0.219425
0.5,10.6,0.3608669,0.1205467,0.5175835,0.3251466,0.1350886,0.5011589,0.1343184,0.05555081,0.221649
0.5,10.7,0.3643057,0.121689,0.5226055,0.3282587,0.1363544,0.505958,0.1356061,0.05601438,0.2238249
0.5,10.8,0.3677478,0.1228373,0.5276473,0.3313703,0.1376283,0.5107777,0.1369021,0.05647544,0.2260206
0.5,10.9,0.3711922,0.1239873,0.5327321,0.334484,0.1389032,0.5156376,0.138203,0.05692886,0.2282158
0.5,11,0.374635,0.125145,0.5378124,0.3375978,0.14018,0.5204825,0.1395053,0.05737854,0.2303884
0.5,11.1,0.378083,0.1263043,0.5429004,0.340712,0.1414605,0.5253355,0.140817,0.05783173,0.2325527
0.5,11.2,0.3815277,0.1274611,0.5479638,0.3438216,0.1427401,0.5301623,0.1421255,0.05829507,0.2347125
0.5,11.3,0.3849677,0.128631,0.5530263,0.3469251,0.1440323,0.5349835,0.1434358,0.05875795,0.2368487
0.5,11.4,0.3884006,0.1297942,0.5580452,0.3500179,0.1453265,0.539763,0.1447479,0.05921349,0.2389664
0.5,11.5,0.3918287,0.1309574,0.5630547,0.3531029,0.1466191,0.544518,0.1460654,0.05967439,0.2410718
0.5,11.6,0.3952595,0.1321217,0.5680804,0.3561895,0.1479123,0.5492854,0.1473857,0.06013816,0.2431925
0.5,11.7,0.3986863,0.1332866,0.5730795,0.3592706,0.1492093,0.554026,0.148705,0.06060282,0.2453257
0.5,11.8,0.4021116,0.1344541,0.5780606,0.3623493,0.1505078,0.5587399,0.1500284,0.06106262,0.2474418
0.5,11.9,0.4055347,0.1356257,0.5830497,0.365426,0.1518076,0.5634671,0.1513515,0.06152718,0.2495417
0.5,12,0.3995384,0.1459377,0.6185654,0.3684788,0.1531063,0.5678164,0.1326079,0.06675126,0.2483104
0.5,12.1,0.4028867,0.1471936,0.6238623,0.371547,0.1544236,0.5725103,0.1337807,0.06729026,0.2507953
0.5,12.2,0.4062332,0.1484563,0.6291437,0.3746146,0.1557475,0.5771966,0.1349565,0.06781506,0.253256
0.5,12.3,0.4095752,0.149722,0.6344121,0.3776813,0.1570726,0.5818744,0.1361272,0.06833148,0.2557017
0.5,12.4,0.4129211,0.1509823,0.6396726,0.3807512,0.1583941,0.5865601,0.1373005,0.06884434,0.2581117
0.5,12.5,0.4162552,0.1522393,0.6448869,0.3838085,0.1597136,0.5912052,0.1384697,0.06936192,0.2605009
0.5,12.6,0.4195864,0.1535009,0.6501191,0.386862,0.1610385,0.5958582,0.139635,0.06988948,0.2629187
0.5,12.7,0.4229263,0.154761,0.6553599,0.3899236,0.1623656,0.6005219,0.1407982,0.07042009,0.2653319
0.5,12.8,0.426277,0.1560307,0.6606217,0.3929959,0.163699,0.6052006,0.1419734,0.07093878,0.2676544
0.5,12.9,0.4296277,0.1573109,0.665904,0.396066,0.1650412,0.6098841,0.1431561,0.07145654,0.2694974
0.5,13,0.4329687,0.1585898,0.6712241,0.3991252,0.1663819,0.6146137,0.1443404,0.07197402,0.2713152
0.5,13.1,0.4363124,0.1598615,0.6765408,0.4021827,0.167717,0.6193444,0.1455399,0.07248301,0.2731532
0.5,13.2,0.4396614,0.1611273,0.681838,0.4052371,0.1690538,0.6240466,0.1467578,0.07298781,0.2749497
0.5,13.3,0.4430096,0.1623974,0.6871598,0.4082899,0.1703959,0.6287827,0.1479766,0.07349201,0.276725
0.5,13.4,0.446369,0.1636736,0.692542,0.4113516,0.1717434,0.6335755,0.1492029,0.07400044,0.278492
0.5,13.5,0.449731,0.1649454,0.6978768,0.4144136,0.1730904,0.6383424,0.150429,0.07451479,0.2802657
0.5,13.6,0.4530987,0.1662099,0.7031425,0.4174773,0.1744299,0.6430403,0.1516692,0.07502688,0.282045
0.5,13.7,0.4564696,0.1674759,0.70839,0.4205408,0.1757731,0.6477282,0.1529159,0.07554056,0.2838304
0.5,13.8,0.459842,0.168747,0.7136835,0.4236047,0.1771211,0.6524703,0.1541639,0.07605896,0.2856491
0.5,13.9,0.4632093,0.1700148,0.7189879,0.4266637,0.1784656,0.6572147,0.1554113,0.07657512,0.2874629
0.5,14,0.4489703,0.1753892,0.6886284,0.4298207,0.1798068,0.6617012,0.1149733,0.04722803,0.1936975
0.5,14.1,0.4521897,0.1766928,0.6935886,0.4328702,0.1811446,0.6664004,0.1159124,0.04757078,0.1952987
0.5,14.2,0.4554109,0.1780066,0.6985635,0.4359233,0.1824919,0.6711195,0.1168483,0.04790758,0.1968827
0.5,14.3,0.4586368,0.1793175,0.7035623,0.4389804,0.1838362,0.6758606,0.1177823,0.04825658,0.1984769
0.5,14.4,0.4618678,0.1806229,0.7085642,0.442043,0.1851778,0.6806078,0.1187117,0.04860645,0.200062
0.5,14.5,0.465103,0.1819317,0.7135377,0.4451069,0.1865254,0.6853199,0.1196495,0.04895416,0.2016666
0.5,14.6,0.4683409,0.1832364,0.7184963,0.4481703,0.1878675,0.6900063,0.120604,0.04929553,0.2033036
0.5,14.7,0.4715733,0.1845455,0.7234423,0.4512267,0.1892133,0.6946782,0.1215647,0.04963568,0.2049453
0.5,14.8,0.4748035,0.1858502,0.7283833,0.4542815,0.1905541,0.6993404,0.1225264,0.04996757,0.2065991
0.5,14.9,0.4780256,0.1871519,0.7332985,0.4573274,0.1918941,0.7039846,0.1234913,0.05028801,0.2082227
0.5,15,0.481251,0.1884442,0.7381984,0.4603736,0.1932291,0.7086208,0.1244599,0.05061186,0.2098214
0.5,15.1,0.4844763,0.189733,0.7431018,0.4634165,0.1945619,0.7132616,0.1254347,0.05094511,0.2114211
0.5,15.2,0.4877108,0.1910295,0.7480202,0.4664675,0.1959025,0.7179193,0.1264133,0.05128167,0.2130173
0.5,15.3,0.4909497,0.1923339,0.7529682,0.4695235,0.1972477,0.722597,0.1273938,0.0516214,0.2146496
0.5,15.4,0.4941894,0.1936397,0.7579113,0.4725826,0.1985917,0.7272689,0.12837,0.05195929,0.2162822
0.5,15.5,0.4974349,0.1949513,0.7628375,0.4756487,0.1999425,0.7319265,0.1293426,0.05229367,0.2179016
0.5,15.6,0.5006841,0.1962826,0.7677936,0.4787202,0.2013123,0.7366154,0.1303096,0.05262765,0.2195202
0.5,15.7,0.5039276,0.1976223,0.7728007,0.4817869,0.2026899,0.7413612,0.1312711,0.05296559,0.2211251
0.5,15.8,0.5071694,0.1989695,0.7778068,0.4848485,0.2040789,0.7461099,0.1322401,0.05330011,0.2227146
0.5,15.9,0.5104121,0.2003159,0.782754,0.4879073,0.2054677,0.7507978,0.1332196,0.05364142,0.2243019
0.5,16,0.5063936,0.2045655,0.7594252,0.4908772,0.2068973,0.7556976,0.111553,0.04722308,0.1882721
0.5,16.1,0.5095972,0.2059211,0.7642116,0.4939344,0.2082935,0.7604439,0.1124273,0.04751291,0.1898558
0.5,16.2,0.5127983,0.2072729,0.7690056,0.4969855,0.2096895,0.7651994,0.1133125,0.04779932,0.1914035
0.5,16.3,0.5160005,0.2086294,0.7738352,0.5000358,0.2110911,0.7699901,0.1142019,0.04809054,0.1929414
0.5,16.4,0.5192049,0.2099845,0.7786819,0.5030875,0.2124926,0.774795,0.1150926,0.04838157,0.194459
0.5,16.5,0.5224122,0.2113423,0.7835114,0.5061434,0.2138951,0.779583,0.1159791,0.04867639,0.1959554
0.5,16.6,0.5256214,0.2127119,0.7883626,0.5091994,0.215308,0.7843934,0.1168721,0.04897989,0.1975082
0.5,16.7,0.5288303,0.2140822,0.7932228,0.5122546,0.2167189,0.7892076,0.1177716,0.04928408,0.199081
0.5,16.8,0.5320415,0.2154553,0.7981128,0.5153136,0.2181306,0.7940492,0.1186698,0.04958341,0.2006645
0.5,16.9,0.5352543,0.216828,0.8029867,0.5183754,0.2195435,0.7988723,0.1195592,0.04988406,0.202254
0.5,17,0.5384635,0.2181875,0.8078837,0.5214323,0.2209468,0.8037192,0.1204486,0.05018089,0.2038399
0.5,17.1,0.5416681,0.2195447,0.8128197,0.5244836,0.2223494,0.808599,0.1213392,0.05047794,0.2054303
0.5,17.2,0.5448798,0.2208915,0.8177493,0.5275379,0.2237442,0.8134751,0.1222395,0.05078672,0.207051
0.5,17.3,0.5480906,0.2222358,0.8227035,0.5305887,0.2251364,0.8183776,0.123145,0.05110949,0.2086891
0.5,17.4,0.5512981,0.2235835,0.827627,0.5336337,0.2265321,0.8232505,0.1240571,0.05143892,0.2103054
0.5,17.5,0.554508,0.2249335,0.8325721,0.5366807,0.2279321,0.828146,0.1249664,0.05177068,0.2119363
0.5,17.6,0.5577173,0.2262822,0.8375266,0.5397241,0.2293338,0.8330487,0.1258852,0.0520978,0.2135583
0.5,17.7,0.5609174,0.227625,0.8424908,0.5427586,0.2307296,0.8379584,0.1268022,0.05242209,0.2151654
0.5,17.8,0.5641176,0.2289806,0.8474436,0.5457927,0.2321377,0.8428547,0.1277215,0.05274701,0.2167895
0.5,17.9,0.5673255,0.2303363,0.8523621,0.5488326,0.2335464,0.8477191,0.1286468,0.0530767,0.2184481
0.5,18,0.5629421,0.2340729,0.8561078,0.5520369,0.2349975,0.8532886,0.09809568,0.04728734,0.1746334
0.5,18.1,0.5660746,0.2354472,0.8610086,0.5550735,0.2363925,0.8581588,0.09877656,0.04760985,0.1757785
0.5,18.2,0.5692076,0.2368239,0.8659369,0.5581069,0.2377905,0.8630555,0.09947695,0.04793167,0.176917
0.5,18.3,0.5723444,0.2381966,0.8708727,0.5611419,0.2391856,0.8679573,0.1001896,0.04824731,0.1780897
0.5,18.4,0.575483,0.2395699,0.8758168,0.5641779,0.2405823,0.8728706,0.1009039,0.0485646,0.1792815
0.5,18.5,0.5786103,0.2409443,0.8807275,0.5672017,0.2419815,0.8777531,0.1016194,0.04887975,0.1804816
0.5,18.6,0.5817445,0.242325,0.8855994,0.5702331,0.2433855,0.8825983,0.1023293,0.04920751,0.1817261
0.5,18.7,0.5848793,0.2437123,0.8904473,0.5732648,0.2447938,0.8874242,0.1030422,0.04954243,0.1829734
0.5,18.8,0.5880152,0.2451017,0.8953099,0.576297,0.2462033,0.8922651,0.1037576,0.04988259,0.1841853
0.5,18.9,0.5911549,0.2464963,0.9001978,0.5793319,0.247617,0.8971281,0.1044774,0.05023084,0.1853629
0.5,19,0.5943001,0.247894,0.9050632,0.5823718,0.2490349,0.9019688,0.1051987,0.05057905,0.1865532
0.5,19.1,0.5974477,0.2492951,0.9099406,0.5854137,0.2504557,0.9068165,0.1059255,0.05092057,0.187768
0.5,19.2,0.6005897,0.2506884,0.9148107,0.5884498,0.2518685,0.9116549,0.1066572,0.05125536,0.1889788
0.5,19.3,0.6037332,0.2520872,0.9197027,0.5914853,0.2532863,0.9165171,0.1074006,0.05158804,0.1902126
0.5,19.4,0.6068773,0.253483,0.9245933,0.5945195,0.254702,0.9213781,0.108153,0.05192158,0.1914737
0.5,19.5,0.610025,0.2548701,0.9294968,0.597556,0.2561078,0.9262515,0.1089134,0.05225797,0.1927581
0.5,19.6,0.6131725,0.2562574,0.9344245,0.6005918,0.2575129,0.9311484,0.1096793,0.0525919,0.1940748
0.5,19.7,0.6163196,0.2576424,0.9393581,0.603626,0.2589143,0.9360524,0.1104495,0.05293759,0.1954312
0.5,19.8,0.6194618,0.25903,0.944278,0.6066527,0.2603194,0.940943,0.1112218,0.0533005,0.1968676
0.5,19.9,0.6226028,0.2604219,0.9492083,0.6096777,0.2617283,0.9458415,0.1119991,0.05366009,0.1982835
0.5,20,0.6254227,0.2603208,0.9548472,0.6125361,0.2631645,0.9508872,0.1087688,0.05339254,0.218746
0.5,20.1,0.6285713,0.2617005,0.9598294,0.6155655,0.2645794,0.9558153,0.1095574,0.05369263,0.2202443
0.5,20.2,0.6317151,0.2630882,0.9648102,0.6185893,0.2660021,0.9607391,0.1103463,0.05400135,0.2217772
0.5,20.3,0.6348554,0.2644853,0.9697917,0.6216095,0.2674335,0.9656613,0.1111371,0.05430664,0.2232988
0.5,20.4,0.6380008,0.2658743,0.9747331,0.6246356,0.2688574,0.9705429,0.1119256,0.05460489,0.2247914
0.5,20.5,0.6411463,0.2672585,0.9796689,0.6276615,0.2702774,0.9754191,0.1127178,0.05489361,0.2262385
0.5,20.6,0.6442893,0.2686375,0.9846048,0.6306844,0.2716934,0.9802959,0.1135109,0.05518015,0.2276855
0.5,20.7,0.6474312,0.2700121,0.9895273,0.6337025,0.2731071,0.9851611,0.1143179,0.05546721,0.2291754
0.5,20.8,0.6505721,0.2713856,0.9944693,0.6367176,0.2745211,0.9900447,0.1151328,0.05575503,0.2306633
0.5,20.9,0.6537106,0.2727637,0.9994114,0.639728,0.275941,0.9949277,0.1159529,0.05604801,0.2321523
0.5,21,0.6568519,0.2741491,1.004383,0.6427389,0.2773683,0.9998385,0.1167833,0.05634651,0.2336499
0.5,21.1,0.6600027,0.2755307,1.009373,0.6457546,0.278792,1.004764,0.1176379,0.05664605,0.2351622
0.5,21.2,0.6631541,0.276914,1.014401,0.6487691,0.2802183,1.00973,0.1184988,0.0569506,0.2367225
0.5,21.3,0.6663068,0.2782944,1.019433,0.6517841,0.2816415,1.014697,0.119363,0.05725575,0.2383076
0.5,21.4,0.6694557,0.2796719,1.024501,0.654796,0.2830591,1.019699,0.1202269,0.05756423,0.2399051
0.5,21.5,0.6726073,0.2810414,1.029582,0.6578098,0.2844687,1.024715,0.1210963,0.05786888,0.2415371
0.5,21.6,0.6757538,0.2824055,1.034685,0.6608159,0.285876,1.029753,0.1219718,0.05817159,0.2431633
0.5,21.7,0.6789009,0.2837666,1.039823,0.6638194,0.2872827,1.034827,0.1228588,0.05847664,0.2448005
0.5,21.8,0.6820496,0.2851292,1.044953,0.6668225,0.2886906,1.039893,0.1237566,0.05877966,0.2464482
0.5,21.9,0.6851909,0.2864945,1.050084,0.6698167,0.2901002,1.044958,0.124659,0.05909149,0.2480903
0.5,22,0.6817221,0.2905742,1.052795,0.6727219,0.2913592,1.049874,0.09853388,0.04642257,0.1856361
0.5,22.1,0.6848051,0.2919765,1.05792,0.6757191,0.292771,1.054954,0.09926188,0.04665006,0.1869907
0.5,22.2,0.6878881,0.293376,1.063037,0.6787166,0.2941793,1.060023,0.09999221,0.04687068,0.18837
0.5,22.3,0.690976,0.294776,1.068155,0.6817182,0.2955876,1.065092,0.1007317,0.04708343,0.1897433
0.5,22.4,0.6940637,0.2961778,1.073244,0.6847183,0.2969971,1.07013,0.1014801,0.04729948,0.1911244
0.5,22.5,0.6971467,0.2975832,1.078342,0.6877116,0.2984114,1.075174,0.1022373,0.04751633,0.1924979
0.5,22.6,0.7002284,0.2989822,1.083464,0.6907025,0.2998197,1.080241,0.1030005,0.04773159,0.1938782
0.5,22.7,0.7033043,0.3003776,1.088576,0.6936865,0.3012235,1.085298,0.1037728,0.04794454,0.1952811
0.5,22.8,0.7063901,0.3017631,1.093702,0.6966798,0.302618,1.090371,0.1045488,0.04815507,0.1967251
0.5,22.9,0.7094766,0.3031434,1.098835,0.699671,0.3040083,1.095452,0.1053403,0.04836542,0.1982068
0.5,23,0.7125635,0.3045205,1.103979,0.7026609,0.3053966,1.100541,0.1061385,0.04857347,0.1997083
0.5,23.1,0.7156411,0.3059004,1.109145,0.7056394,0.3067889,1.105649,0.1069484,0.04877672,0.2012422
0.5,23.2,0.7187196,0.307273,1.114316,0.7086178,0.3081748,1.110761,0.1077593,0.04898367,0.20282
0.5,23.3,0.721805,0.3086372,1.119512,0.7116032,0.3095521,1.115897,0.1085663,0.04919726,0.2044224
0.5,23.4,0.7248965,0.3099951,1.124703,0.7145958,0.3109234,1.121033,0.1093635,0.04941587,0.2060271
0.5,23.5,0.7279911,0.3113434,1.129906,0.7175927,0.3122843,1.12618,0.1101545,0.04963467,0.2076238
0.5,23.6,0.731084,0.3126929,1.135105,0.7205863,0.3136445,1.131318,0.1109564,0.04985981,0.20922
0.5,23.7,0.7341788,0.314049,1.140324,0.7235799,0.3150113,1.136477,0.1117653,0.05009565,0.2108763
0.5,23.8,0.7372727,0.3154129,1.145555,0.7265716,0.3163863,1.141647,0.1125816,0.0503243,0.2125112
0.5,23.9,0.7403649,0.3167765,1.15076,0.72956,0.3177628,1.14679,0.1134015,0.05055424,0.2141229
0.5,24,0.7418918,0.3172809,1.157703,0.7324807,0.3192673,1.151323,0.1042126,0.04369795,0.1872866
0.5,24.1,0.7449532,0.3186415,1.162915,0.7354545,0.3206505,1.156466,0.1049242,0.04392231,0.188454
0.5,24.2,0.7480092,0.3199988,1.168106,0.7384226,0.3220305,1.161588,0.1056399,0.04414032,0.1895795
0.5,24.3,0.7510652,0.3213441,1.173278,0.7413903,0.3233976,1.16669,0.106359,0.0443587,0.1906856
0.5,24.4,0.7541244,0.3226851,1.178455,0.7443593,0.3247619,1.171797,0.1070837,0.04458481,0.1918349
0.5,24.5,0.7571897,0.3240306,1.183623,0.7473325,0.3261306,1.176892,0.1078171,0.0448231,0.193015
0.5,24.6,0.7602595,0.3253741,1.188768,0.7503101,0.3274965,1.181962,0.1085517,0.04506643,0.1941989
0.5,24.7,0.7633379,0.3267209,1.193908,0.7532963,0.3288652,1.187025,0.1092876,0.04530935,0.1953762
0.5,24.8,0.7664199,0.3280665,1.199036,0.7562864,0.330231,1.192071,0.1100275,0.04554554,0.1965343
0.5,24.9,0.7695035,0.3294103,1.2042,0.7592759,0.3315962,1.197154,0.1107807,0.04577689,0.1977085
0.5,25,0.7725887,0.3307505,1.209371,0.7622674,0.3329585,1.202244,0.1115332,0.04599628,0.1988677
0.5,25.1,0.7756732,0.332089,1.214528,0.7652595,0.334319,1.207326,0.1122813,0.04620211,0.1999889
0.5,25.2,0.7787541,0.3334251,1.219701,0.7682492,0.3356749,1.212424,0.1130271,0.04640663,0.2010861
0.5,25.3,0.7818287,0.3347519,1.224818,0.7712317,0.3370207,1.217471,0.1137775,0.04661844,0.2021809
0.5,25.4,0.7849052,0.3360788,1.22993,0.7742147,0.3383688,1.222506,0.1145338,0.04682171,0.2032748
0.5,25.5,0.7879855,0.3374079,1.235016,0.7772001,0.3397212,1.227512,0.1152941,0.04701991,0.2043834
0.5,25.6,0.7910666,0.3387379,1.240068,0.7801859,0.3410745,1.232483,0.116056,0.04722075,0.2054883
0.5,25.7,0.7941495,0.3400606,1.245048,0.7831725,0.34242,1.237382,0.1168227,0.04742785,0.206581
0.5,25.8,0.7972373,0.3413791,1.250031,0.786162,0.3437635,1.242286,0.1175941,0.04764262,0.2077213
0.5,25.9,0.800322,0.3426981,1.254984,0.7891466,0.3451082,1.247163,0.1183738,0.0478569,0.2088635
0.5,26,0.8008566,0.3433317,1.259252,0.792451,0.3464786,1.253078,0.09976679,0.03807254,0.1663232
0.5,26.1,0.8039336,0.3446519,1.264246,0.7954429,0.3478289,1.257997,0.1004856,0.03828587,0.1672377
0.5,26.2,0.807016,0.3459751,1.269276,0.7984376,0.3491837,1.26295,0.101218,0.03849972,0.1681674
0.5,26.3,0.8100982,0.3473019,1.274338,0.8014312,0.3505422,1.267936,0.1019566,0.03871367,0.1690681
0.5,26.4,0.813175,0.3486292,1.279441,0.8044198,0.3519003,1.272961,0.102692,0.03893135,0.1699536
0.5,26.5,0.8162486,0.3499573,1.284571,0.8074067,0.3532572,1.278009,0.1034202,0.03914843,0.1708224
0.5,26.6,0.8193204,0.3512935,1.289696,0.8103923,0.3546223,1.283052,0.1041446,0.03936025,0.1716612
0.5,26.7,0.8223881,0.3526307,1.294863,0.813373,0.355988,1.28813,0.104877,0.03956903,0.1724174
0.5,26.8,0.8254564,0.3539725,1.300058,0.8163534,0.3573577,1.293233,0.1056151,0.03977914,0.1731118
0.5,26.9,0.8285259,0.355311,1.305251,0.8193354,0.3587235,1.298336,0.1063511,0.03999122,0.1738009
0.5,27,0.8315942,0.3566345,1.310413,0.8223164,0.3600741,1.303408,0.1070867,0.04019785,0.1744725
0.5,27.1,0.8346544,0.3579481,1.315551,0.8252885,0.361415,1.308457,0.1078275,0.04040347,0.1751717
0.5,27.2,0.8377139,0.3592632,1.320679,0.8282589,0.3627581,1.313495,0.1085749,0.04060215,0.1758667
0.5,27.3,0.8407733,0.3605875,1.325857,0.8312295,0.3641088,1.318586,0.1093254,0.0407945,0.1766036
0.5,27.4,0.8438331,0.3619124,1.331032,0.8342003,0.3654611,1.323678,0.1100708,0.04099226,0.1773435
0.5,27.5,0.8468903,0.363227,1.336188,0.8371694,0.3668011,1.328751,0.110814,0.0411944,0.1780996
0.5,27.6,0.8499507,0.3645358,1.341321,0.8401417,0.3681347,1.333807,0.1115592,0.04139104,0.1788668
0.5,27.7,0.8529998,0.3658438,1.346433,0.8431032,0.3694682,1.338843,0.112302,0.04157602,0.1796059
0.5,27.8,0.8560438,0.3671512,1.351529,0.8460597,0.370801,1.343866,0.1130398,0.04176598,0.1803581
0.5,27.9,0.8590928,0.3684523,1.356637,0.8490194,0.37213,1.348906,0.1137831,0.04195829,0.181093
0.5,28,0.862245,0.3677984,1.361742,0.8520214,0.3735124,1.35423,0.1058916,0.04908389,0.169838
0.5,28.1,0.8652982,0.3690884,1.366864,0.8549773,0.3748452,1.359281,0.1066694,0.04928922,0.1708062
0.5,28.2,0.8683537,0.3703612,1.371937,0.8579328,0.3761642,1.36428,0.1074558,0.0494952,0.1718091
0.5,28.3,0.8714119,0.3716287,1.376997,0.8608897,0.3774791,1.369265,0.1082474,0.04970232,0.1728358
0.5,28.4,0.8744713,0.3728914,1.38204,0.8638478,0.3787897,1.374236,0.109037,0.0499044,0.1738459
0.5,28.5,0.877539,0.3741569,1.387081,0.8668135,0.3801047,1.379208,0.1098322,0.05009574,0.1748329
0.5,28.6,0.8806078,0.375429,1.392126,0.8697774,0.3814288,1.384187,0.110641,0.05028286,0.1758919
0.5,28.7,0.8836668,0.3766962,1.397131,0.8727283,0.3827495,1.389125,0.1114677,0.05047156,0.1769783
0.5,28.8,0.8867324,0.3779512,1.402112,0.875685,0.3840576,1.39404,0.1123027,0.05065531,0.1780808
0.5,28.9,0.889804,0.3792036,1.407093,0.8786473,0.3853629,1.398955,0.1131416,0.05083768,0.1791519
0.5,29,0.8928686,0.3804643,1.412051,0.8816016,0.3866776,1.40385,0.1139843,0.0510148,0.180223
0.5,29.1,0.8959346,0.381724,1.417009,0.8845555,0.3879923,1.408745,0.1148352,0.051193,0.1812949
0.5,29.2,0.8989986,0.3829817,1.422005,0.8875051,0.3893075,1.413679,0.1156929,0.05137279,0.1823805
0.5,29.3,0.9020646,0.3842431,1.427016,0.890455,0.3906289,1.418628,0.1165602,0.05153796,0.1834895
0.5,29.4,0.905127,0.385509,1.432044,0.8934,0.391955,1.423592,0.1174384,0.0516937,0.184617
0.5,29.5,0.9081845,0.3867797,1.43704,0.8963389,0.3932856,1.428523,0.1183261,0.05184321,0.1857247
0.5,29.6,0.9112506,0.388049,1.442041,0.8992847,0.3946162,1.433461,0.1192191,0.051999,0.186864
0.5,29.7,0.9143245,0.3893229,1.447088,0.9022357,0.3959549,1.438445,0.1201149,0.05216186,0.1880204
0.5,29.8,0.917396,0.3905911,1.452151,0.9051806,0.3972924,1.443445,0.1210186,0.05233601,0.1892132
0.5,29.9,0.9204756,0.3918574,1.457205,0.9081316,0.3986304,1.448435,0.1219314,0.05250243,0.1904437
0.5,30,0.9199793,0.3963244,1.460583,0.9111759,0.3999725,1.454354,0.1094025,0.03827539,0.1850659
0.5,30.1,0.9230278,0.3976029,1.465585,0.9141249,0.4013034,1.4593,0.1102134,0.03839507,0.1859584
0.5,30.2,0.9260847,0.3988794,1.470549,0.9170822,0.4026324,1.464212,0.1110245,0.0385123,0.1868477
0.5,30.3,0.9291484,0.4001456,1.475487,0.9200462,0.4039518,1.469101,0.111833,0.03862819,0.187751
0.5,30.4,0.9322182,0.4014071,1.480393,0.923014,0.4052687,1.473956,0.1126486,0.0387562,0.1886801
0.5,30.5,0.9352892,0.4026719,1.485298,0.9259826,0.4065898,1.478812,0.1134619,0.0388849,0.1895851
0.5,30.6,0.9383614,0.4039354,1.490237,0.9289506,0.407911,1.483698,0.1142826,0.03901412,0.1904924
0.5,30.7,0.941438,0.4052038,1.495219,0.931921,0.4092391,1.488626,0.1151102,0.03915198,0.19141
0.5,30.8,0.9445081,0.406474,1.500145,0.934884,0.4105684,1.493495,0.1159402,0.03930072,0.1923366
0.5,30.9,0.9475806,0.4077356,1.50503,0.9378471,0.4118911,1.498321,0.1167811,0.03944501,0.1932851
0.5,31,0.9506612,0.4090019,1.509946,0.9408182,0.4132191,1.503178,0.1176241,0.03958128,0.1942425
0.5,31.1,0.9537349,0.4102664,1.514862,0.943781,0.4145465,1.508031,0.1184722,0.0397127,0.1952026
0.5,31.2,0.9568043,0.4115255,1.519751,0.9467389,0.4158685,1.512859,0.1193219,0.03984978,0.1961678
0.5,31.3,0.9598774,0.41279,1.524616,0.9496991,0.4171972,1.517666,0.1201777,0.03998111,0.1971262
0.5,31.4,0.9629521,0.4140567,1.529478,0.9526607,0.4185291,1.522475,0.1210286,0.0401189,0.198087
0.5,31.5,0.9660304,0.4153156,1.534355,0.9556254,0.4198519,1.527298,0.1218826,0.04026557,0.1990693
0.5,31.6,0.9691128,0.4165641,1.539217,0.9585952,0.4211633,1.532109,0.1227313,0.04041513,0.2000579
0.5,31.7,0.9722019,0.4178098,1.544123,0.9615699,0.4224734,1.536968,0.1235866,0.04056566,0.2010654
0.5,31.8,0.9752836,0.4190424,1.548986,0.9645364,0.423771,1.541785,0.1244463,0.04071287,0.2020282
0.5,31.9,0.978366,0.4202706,1.553871,0.9675014,0.4250676,1.546622,0.1253091,0.04086489,0.2030361
0.5,32,0.9783873,0.4235735,1.558587,0.9704757,0.4262096,1.55159,0.1085637,0.03979505,0.1605053
0.5,32.1,0.9814334,0.4248446,1.563497,0.9734354,0.4275207,1.556468,0.1093303,0.0399327,0.1619066
0.5,32.2,0.9844801,0.4261162,1.568412,0.9763942,0.4288322,1.561353,0.1101072,0.04007786,0.1633372
0.5,32.3,0.987527,0.4273897,1.57331,0.9793526,0.4301461,1.566223,0.1108822,0.04023117,0.164787
0.5,32.4,0.9905744,0.4286542,1.578209,0.9823117,0.4314515,1.571095,0.111654,0.04038188,0.1662038
0.5,32.5,0.9936284,0.4299163,1.58314,0.9852768,0.4327563,1.576,0.1124231,0.04052898,0.1675774
0.5,32.6,0.996692,0.4311772,1.588042,0.9882499,0.4340621,1.58088,0.1131995,0.04067324,0.168959
0.5,32.7,0.9997579,0.4324361,1.592946,0.9912263,0.4353651,1.585763,0.1139695,0.04081299,0.1703789
0.5,32.8,1.00283,0.4336933,1.597834,0.994208,0.4366684,1.590632,0.1147425,0.04095321,0.1718193
0.5,32.9,1.005914,0.4349504,1.602735,0.9971991,0.4379729,1.595514,0.1155207,0.0410999,0.1732382
0.5,33,1.009001,0.4362191,1.607662,1.000194,0.4392894,1.600424,0.1163004,0.04124202,0.1746304
0.5,33.1,1.012088,0.4374958,1.612586,1.003187,0.4406144,1.605329,0.117084,0.04139187,0.1759928
0.5,33.2,1.015178,0.4387709,1.617522,1.006182,0.4419379,1.610243,0.1178752,0.04154847,0.1773843
0.5,33.3,1.018274,0.440056,1.622459,1.009181,0.4432732,1.615159,0.1186718,0.04170957,0.1788283
0.5,33.4,1.02138,0.4413449,1.627389,1.012188,0.4446128,1.620067,0.1194824,0.04187674,0.1803108
0.5,33.5,1.024489,0.4426266,1.632326,1.015197,0.4459447,1.62498,0.1203045,0.04204068,0.1817792
0.5,33.6,1.027605,0.4439083,1.637253,1.018212,0.4472761,1.629884,0.1211278,0.0422102,0.1832583
0.5,33.7,1.030723,0.445179,1.642167,1.021229,0.4485973,1.634774,0.1219555,0.04238336,0.1847096
0.5,33.8,1.033845,0.4464435,1.647036,1.024247,0.4499135,1.639619,0.1227934,0.04256688,0.186198
0.5,33.9,1.036968,0.4477038,1.651886,1.027263,0.4512266,1.644447,0.1236448,0.04275643,0.187717
0.5,34,1.036169,0.4501013,1.65251,1.02998,0.4523256,1.649816,0.09953447,0.03200361,0.1435278
0.5,34.1,1.039258,0.4513694,1.657322,1.032999,0.4536266,1.654627,0.1002267,0.0322013,0.1444726
0.5,34.2,1.042356,0.4526509,1.662147,1.036025,0.4549419,1.659449,0.1009212,0.03239629,0.1454361
0.5,34.3,1.04546,0.4539339,1.667008,1.039058,0.4562581,1.664306,0.1016189,0.03259053,0.1464283
0.5,34.4,1.04856,0.4552113,1.671838,1.042085,0.4575702,1.669134,0.1023239,0.03278908,0.1474253
0.5,34.5,1.051655,0.4564866,1.676656,1.045106,0.4588806,1.673951,0.103037,0.03298501,0.1483959
0.5,34.6,1.054753,0.4577617,1.681461,1.048129,0.4601913,1.678756,0.1037601,0.03318221,0.1493395
0.5,34.7,1.057859,0.4590405,1.686248,1.051158,0.4615047,1.68354,0.1044933,0.03338282,0.1502792
0.5,34.8,1.06097,0.460327,1.691065,1.054191,0.4628262,1.688352,0.1052318,0.03358059,0.1512275
0.5,34.9,1.064077,0.4616188,1.695917,1.057221,0.4641524,1.693199,0.1059792,0.03377538,0.1521709
0.5,35,1.067197,0.4629003,1.700812,1.060261,0.4654697,1.698091,0.1067333,0.03397548,0.1531281
0.5,35.1,1.070322,0.4641785,1.705699,1.063306,0.4667847,1.702975,0.1074914,0.03417969,0.1540989
0.5,35.2,1.073444,0.465457,1.71055,1.066347,0.4681009,1.707822,0.1082544,0.03438751,0.1551135
0.5,35.3,1.076576,0.4667414,1.715382,1.069396,0.469423,1.712652,0.1090189,0.03460443,0.1561643
0.5,35.4,1.079713,0.4680162,1.720184,1.072449,0.4707357,1.717453,0.109794,0.03483054,0.1572572
0.5,35.5,1.082859,0.4692972,1.725013,1.075511,0.4720553,1.722279,0.1105726,0.03505021,0.1583114
0.5,35.6,1.086009,0.4705808,1.72984,1.078576,0.4733773,1.727102,0.1113489,0.03526996,0.1593168
0.5,35.7,1.089168,0.4718541,1.734644,1.081651,0.4746892,1.731905,0.112121,0.03548943,0.1602866
0.5,35.8,1.092321,0.4731262,1.739397,1.084719,0.4760007,1.736654,0.1128959,0.03570602,0.1612138
0.5,35.9,1.095469,0.4743943,1.744125,1.087781,0.4773075,1.741375,0.1136829,0.03593294,0.1621781
0.5,36,1.094363,0.4778147,1.750042,1.090578,0.478963,1.745589,0.08140047,0.02512277,0.1206327
0.5,36.1,1.097464,0.4790798,1.754692,1.09363,0.4802564,1.750263,0.08201744,0.02517391,0.1215234
0.5,36.2,1.100567,0.4803389,1.759312,1.096683,0.481543,1.754906,0.08263516,0.02522136,0.1224164
0.5,36.3,1.103664,0.4815896,1.763916,1.099731,0.4828205,1.759534,0.08326043,0.02526705,0.1232645
0.5,36.4,1.10676,0.4828266,1.768508,1.102776,0.4840845,1.764142,0.083897,0.02532967,0.1238568
0.5,36.5,1.109848,0.4840638,1.773086,1.105812,0.4853492,1.768738,0.08453638,0.0254057,0.123801
0.5,36.6,1.112936,0.4852966,1.777673,1.108848,0.4866096,1.773342,0.08517271,0.02547898,0.1237311
0.5,36.7,1.116023,0.4865255,1.782254,1.111882,0.4878668,1.777943,0.08581126,0.02554773,0.1242948
0.5,36.8,1.119119,0.4877513,1.786846,1.114925,0.4891216,1.782558,0.08645573,0.02561791,0.1251078
0.5,36.9,1.122221,0.4889739,1.791447,1.117973,0.4903745,1.787185,0.08710792,0.02568441,0.1259322
0.5,37,1.125327,0.4901929,1.796036,1.121023,0.4916234,1.791798,0.08777404,0.02576132,0.1268105
0.5,37.1,1.128425,0.4914139,1.800592,1.124065,0.4928738,1.796378,0.08844389,0.02584141,0.1277438
0.5,37.2,1.131512,0.4926258,1.805094,1.127095,0.4941143,1.800901,0.08911789,0.02592394,0.128687
0.5,37.3,1.134612,0.4938393,1.809574,1.130138,0.4953567,1.805405,0.0897935,0.02600231,0.1296188
0.5,37.4,1.137717,0.4950551,1.814061,1.133186,0.4966023,1.809918,0.09047302,0.02607899,0.1305435
0.5,37.5,1.140816,0.4962753,1.818564,1.136227,0.4978533,1.814448,0.09115193,0.02615873,0.1314824
0.5,37.6,1.143911,0.4974966,1.82306,1.139264,0.4991055,1.818974,0.09182813,0.02623886,0.1324407
0.5,37.7,1.147012,0.4987058,1.827549,1.142306,0.5003456,1.823491,0.09252217,0.02631897,0.1334476
0.5,37.8,1.15012,0.4999115,1.832007,1.145353,0.5015831,1.827977,0.09322256,0.02639924,0.1344414
0.5,37.9,1.153234,0.5011101,1.836452,1.148405,0.5028144,1.83245,0.0939309,0.02648078,0.1354691
0.5,38,1.153178,0.5025154,1.836404,1.151227,0.5034058,1.836002,0.05832024,0.01603016,0.07839624
0.5,38.1,1.156264,0.5037243,1.84088,1.154288,0.5046283,1.840484,0.05877212,0.01614862,0.07907217
0.5,38.2,1.159352,0.5049362,1.84536,1.15735,0.5058533,1.844969,0.05922332,0.01625866,0.07969635
0.5,38.3,1.162443,0.5061485,1.849865,1.160415,0.5070786,1.849478,0.05967894,0.01635667,0.08028526
0.5,38.4,1.16553,0.5073614,1.854358,1.163476,0.5083044,1.853974,0.06014535,0.01645364,0.08087629
0.5,38.5,1.168611,0.508572,1.858849,1.16653,0.5095274,1.858467,0.06060873,0.01655589,0.08146853
0.5,38.6,1.171688,0.5097835,1.863343,1.169582,0.5107506,1.862963,0.06106632,0.01665713,0.08203537
0.5,38.7,1.174769,0.5110004,1.867884,1.172638,0.5119786,1.867506,0.06153073,0.01675763,0.08255631
0.5,38.8,1.177848,0.5122116,1.872424,1.17569,0.5132007,1.872046,0.06200781,0.01684914,0.08311943
0.5,38.9,1.180932,0.5134207,1.876986,1.178748,0.5144204,1.876608,0.06249407,0.01693223,0.08370501
0.5,39,1.184015,0.5146311,1.881575,1.181805,0.5156411,1.881197,0.06297865,0.01701762,0.08428412
0.5,39.1,1.187103,0.5158451,1.886168,1.184865,0.5168658,1.88579,0.06346297,0.01710849,0.08492701
0.5,39.2,1.190196,0.5170647,1.89073,1.187932,0.5180959,1.890351,0.06394727,0.01720473,0.08558824
0.5,39.3,1.193296,0.5182839,1.895297,1.191005,0.5193253,1.894917,0.0644375,0.01730825,0.08624894
0.5,39.4,1.196398,0.5195101,1.899893,1.194079,0.5205616,1.89951,0.06494135,0.0174005,0.08685877
0.5,39.5,1.199496,0.5207425,1.904478,1.197148,0.521805,1.904093,0.06545207,0.017497,0.0874878
0.5,39.6,1.202597,0.5219819,1.909037,1.200219,0.5230562,1.90865,0.06597864,0.01759892,0.08811086
0.5,39.7,1.20569,0.5232226,1.913593,1.203281,0.5243086,1.913203,0.06651182,0.01769451,0.08870885
0.5,39.8,1.208779,0.5244668,1.91812,1.20634,0.5255643,1.917727,0.06704246,0.01778241,0.089313
0.5,39.9,1.211863,0.5257049,1.922591,1.209393,0.5268144,1.922194,0.06757597,0.01786529,0.08993928
0.5,40,1.214772,0.5268467,1.927984,1.212555,0.5280279,1.927211,0.06216833,0.01869675,0.0935142
0.5,40.1,1.21786,0.5280783,1.932447,1.215616,0.5292716,1.931671,0.06264443,0.01891209,0.09431501
0.5,40.2,1.220961,0.5293116,1.936919,1.218688,0.5305171,1.936138,0.06311595,0.01911855,0.09508553
0.5,40.3,1.224073,0.5305391,1.941409,1.221772,0.5317562,1.940623,0.06359069,0.01932651,0.0958933
0.5,40.4,1.227179,0.5317749,1.945936,1.224851,0.5330028,1.945143,0.06406984,0.01953719,0.09672445
0.5,40.5,1.230276,0.5330175,1.950476,1.227919,0.5342564,1.949677,0.06455886,0.01974779,0.09756258
0.5,40.6,1.233377,0.5342641,1.955027,1.230991,0.5355133,1.954221,0.06505257,0.01995766,0.09838982
0.5,40.7,1.236483,0.5355171,1.959583,1.234068,0.5367765,1.95877,0.06555347,0.02017092,0.09921445
0.5,40.8,1.239587,0.5367722,1.964142,1.237143,0.5380409,1.963323,0.06605711,0.02038549,0.1000558
0.5,40.9,1.242699,0.5380203,1.968704,1.240225,0.5392993,1.967877,0.06656498,0.02060958,0.1009239
0.5,41,1.24581,0.5392623,1.973249,1.243306,0.5405519,1.972414,0.06707161,0.02083043,0.1017908
0.5,41.1,1.248917,0.5405032,1.977815,1.246383,0.5418028,1.976971,0.06757181,0.02104858,0.1026531
0.5,41.2,1.252027,0.5417459,1.98236,1.249464,0.5430549,1.981506,0.06807222,0.02125411,0.1035014
0.5,41.3,1.255139,0.5429875,1.986887,1.252546,0.5443056,1.986021,0.06858074,0.02145525,0.104355
0.5,41.4,1.258254,0.5442391,1.991382,1.255631,0.5455663,1.990504,0.06909506,0.0216505,0.1052088
0.5,41.5,1.261373,0.5454975,1.995878,1.25872,0.5468342,1.994986,0.0696117,0.02184408,0.1060394
0.5,41.6,1.264493,0.5467528,2.000354,1.261809,0.5481,1.999447,0.07013504,0.02204981,0.106871
0.5,41.7,1.267616,0.5480047,2.004809,1.2649,0.549363,2.003887,0.07066566,0.02226373,0.1077298
0.5,41.8,1.270744,0.5492656,2.009288,1.267994,0.5506347,2.008351,0.07120074,0.02247981,0.1085855
0.5,41.9,1.273866,0.5505159,2.01376,1.271083,0.5518967,2.012808,0.07174183,0.02269188,0.1094084
0.5,42,1.276586,0.5512364,2.016552,1.273965,0.5531789,2.016066,0.06181309,0.02949769,0.1068046
0.5,42.1,1.279703,0.5524697,2.020977,1.27705,0.5544321,2.020488,0.06228459,0.02974583,0.1077283
0.5,42.2,1.282832,0.5536974,2.02539,1.280147,0.5556797,2.024898,0.0627652,0.02999452,0.1086572
0.5,42.3,1.285961,0.5549149,2.029795,1.283243,0.5569169,2.0293,0.06324627,0.03023769,0.1095824
0.5,42.4,1.289089,0.5561306,2.034208,1.286338,0.5581539,2.03371,0.06373579,0.03048019,0.1104899
0.5,42.5,1.292221,0.5573365,2.038635,1.289435,0.5593818,2.038133,0.06423733,0.030722,0.1113481
0.5,42.6,1.295356,0.5585398,2.043103,1.292534,0.5606079,2.042596,0.06474874,0.03097137,0.1121865
0.5,42.7,1.298486,0.5597359,2.047564,1.295628,0.5618271,2.047052,0.06527213,0.03122473,0.1130055
0.5,42.8,1.30161,0.5609215,2.052011,1.298714,0.563036,2.051493,0.06580446,0.03147421,0.1138534
0.5,42.9,1.304732,0.5621091,2.056442,1.301799,0.5642471,2.055919,0.06634331,0.03172365,0.1147451
0.5,43,1.307854,0.5632907,2.060871,1.304883,0.5654524,2.060343,0.06688549,0.03197111,0.1156184
0.5,43.1,1.310978,0.5644732,2.065335,1.307969,0.566659,2.064803,0.06743048,0.03221649,0.1165139
0.5,43.2,1.314099,0.565654,2.069803,1.311051,0.5678639,2.069265,0.06797445,0.03246376,0.1174552
0.5,43.3,1.317219,0.5668241,2.074254,1.314132,0.5690584,2.07371,0.06852559,0.03271439,0.1184116
0.5,43.4,1.320343,0.5679876,2.078736,1.317216,0.5702458,2.078185,0.06907705,0.03296673,0.11939
0.5,43.5,1.323456,0.5691537,2.083224,1.32029,0.5714357,2.082668,0.06962954,0.03321778,0.1203595
0.5,43.6,1.326564,0.5703212,2.087687,1.323357,0.5726286,2.087125,0.07020804,0.03348231,0.1214169
0.5,43.7,1.329666,0.5714844,2.092133,1.326417,0.5738169,2.091567,0.07079602,0.03374514,0.1225494
0.5,43.8,1.33278,0.5726484,2.096608,1.329487,0.575006,2.096037,0.07139729,0.03400464,0.1237579
0.5,43.9,1.335904,0.5738108,2.101094,1.332568,0.5761936,2.100517,0.07200835,0.03427189,0.1250097
0.5,44,1.338111,0.5750972,2.104042,1.335317,0.5773133,2.102821,0.06476254,0.0298848,0.1247565
0.5,44.1,1.341227,0.5762724,2.108552,1.3384,0.5785094,2.107295,0.0652679,0.03009786,0.1255147
0.5,44.2,1.344351,0.5774628,2.113093,1.341492,0.5797186,2.111801,0.06577032,0.03030064,0.126205
0.5,44.3,1.347487,0.5786516,2.11764,1.344596,0.5809262,2.116311,0.06628102,0.0304994,0.126883
0.5,44.4,1.350622,0.579833,2.1222,1.347698,0.5821265,2.120833,0.06679419,0.03070039,0.1275657
0.5,44.5,1.353758,0.5810148,2.12677,1.350801,0.5833281,2.125366,0.06731226,0.03090433,0.1282726
0.5,44.6,1.35691,0.5822043,2.131339,1.35392,0.5845375,2.129897,0.06783198,0.03110479,0.1289763
0.5,44.7,1.360064,0.5833922,2.135883,1.35704,0.5857457,2.134401,0.0683577,0.03130901,0.1296809
0.5,44.8,1.36322,0.5845767,2.140405,1.360161,0.5869507,2.138883,0.06889042,0.03151508,0.130397
0.5,44.9,1.366371,0.5857634,2.144914,1.363277,0.5881582,2.143352,0.06942646,0.03172136,0.1311283
0.5,45,1.369531,0.5869551,2.14939,1.366402,0.5893699,2.147787,0.06996813,0.03192526,0.1318264
0.5,45.1,1.372693,0.5881454,2.153861,1.369529,0.5905789,2.152218,0.07050812,0.03212402,0.1324872
0.5,45.2,1.375848,0.5893283,2.1583,1.37265,0.5917799,2.156617,0.07104833,0.03231448,0.1331194
0.5,45.3,1.378996,0.5905096,2.162715,1.375763,0.5929801,2.16099,0.07159014,0.03251333,0.1337914
0.5,45.4,1.382149,0.5916847,2.167131,1.378881,0.5941734,2.165362,0.07214132,0.0327122,0.1344386
0.5,45.5,1.385299,0.5928571,2.17154,1.381994,0.5953644,2.169724,0.07270018,0.03290701,0.1350999
0.5,45.6,1.388447,0.5940219,2.175922,1.385106,0.5965483,2.174059,0.07327076,0.03309456,0.1357879
0.5,45.7,1.391603,0.5951916,2.180302,1.388225,0.5977373,2.178392,0.07385015,0.03327786,0.1364941
0.5,45.8,1.394761,0.5963762,2.184676,1.391344,0.5989415,2.182718,0.07443645,0.03346616,0.1372252
0.5,45.9,1.397925,0.5975659,2.189053,1.394471,0.6001507,2.187047,0.07502874,0.03365754,0.1379273
0.5,46,1.400839,0.5998338,2.195854,1.397927,0.6019072,2.193669,0.07290339,0.02218707,0.1069338
0.5,46.1,1.403999,0.6010337,2.200178,1.401053,0.6031241,2.197957,0.0734998,0.02226858,0.1081348
0.5,46.2,1.407154,0.6022263,2.204471,1.404172,0.6043344,2.202212,0.07410218,0.02235971,0.10935
0.5,46.3,1.410304,0.6034189,2.208776,1.407286,0.6055459,2.206479,0.07470823,0.02245926,0.1105885
0.5,46.4,1.413459,0.6046148,2.213068,1.410405,0.6067599,2.210733,0.07532282,0.02256385,0.1119014
0.5,46.5,1.416611,0.6058025,2.217336,1.413519,0.6079655,2.214963,0.0759483,0.0226716,0.1132583
0.5,46.6,1.41976,0.6069885,2.221558,1.41663,0.6091689,2.219145,0.07657397,0.02277836,0.1146008
0.5,46.7,1.422899,0.6081769,2.225751,1.419732,0.6103744,2.223298,0.07720537,0.02287179,0.1159201
0.5,46.8,1.426043,0.6093718,2.229911,1.422839,0.6115861,2.227417,0.07784456,0.02294935,0.117205
0.5,46.9,1.429192,0.6105736,2.234089,1.42595,0.6128043,2.231554,0.07848638,0.02302276,0.1184725
0.5,47,1.432345,0.6117626,2.238204,1.429064,0.6140105,2.235628,0.07913896,0.02309854,0.1197396
0.5,47.1,1.435506,0.6129495,2.242318,1.432185,0.6152155,2.2397,0.07980196,0.02317945,0.1210414
0.5,47.2,1.438664,0.6141279,2.246455,1.435302,0.6164128,2.243792,0.08048435,0.02326743,0.1223724
0.5,47.3,1.441819,0.6153051,2.250585,1.438415,0.6176094,2.247878,0.08117785,0.02334885,0.1236784
0.5,47.4,1.444967,0.6164944,2.254708,1.441518,0.6188185,2.251954,0.08188604,0.02342502,0.124994
0.5,47.5,1.448107,0.6176842,2.258817,1.444614,0.6200286,2.256014,0.08259762,0.02350134,0.1262974
0.5,47.6,1.451247,0.6188783,2.262907,1.447709,0.621243,2.260054,0.08331816,0.02358296,0.1276274
0.5,47.7,1.454387,0.6200752,2.266949,1.450803,0.6224611,2.264042,0.08404815,0.02367564,0.1289618
0.5,47.8,1.457523,0.6212682,2.270973,1.453891,0.6236756,2.26801,0.08478894,0.02377124,0.1302855
0.5,47.9,1.460667,0.622454,2.275029,1.456987,0.6248832,2.272005,0.08554136,0.02388055,0.1316094
0.5,48,1.462191,0.6246632,2.2795,1.45984,0.6266733,2.277972,0.06300238,0.02322527,0.1007909
0.5,48.1,1.465333,0.6258244,2.283525,1.462946,0.6278608,2.281957,0.06362196,0.0233436,0.1011791
0.5,48.2,1.46849,0.6269863,2.287578,1.466066,0.62905,2.28597,0.06424844,0.02347287,0.1015997
0.5,48.3,1.471663,0.6281488,2.291669,1.469201,0.6302411,2.29002,0.06487735,0.02361261,0.102013
0.5,48.4,1.474847,0.6292987,2.295717,1.472347,0.6314201,2.294027,0.06550166,0.02376131,0.1024198
0.5,48.5,1.478029,0.6304541,2.299756,1.475491,0.6326042,2.298025,0.06612024,0.02391063,0.1028445
0.5,48.6,1.481216,0.6316075,2.303769,1.478641,0.6337869,2.301998,0.06673157,0.02407025,0.1032445
0.5,48.7,1.484407,0.6327619,2.307817,1.481793,0.6349712,2.306004,0.06734145,0.02424403,0.103687
0.5,48.8,1.487599,0.6339238,2.311902,1.484946,0.6361633,2.310046,0.06794722,0.02442688,0.1041296
0.5,48.9,1.490787,0.6350801,2.315981,1.488094,0.637351,2.314081,0.0685553,0.02462263,0.1045664
0.5,49,1.49397,0.6362491,2.32008,1.491237,0.638552,2.318136,0.06917241,0.02481903,0.1050264
0.5,49.1,1.49715,0.6374264,2.324214,1.494374,0.6397627,2.322224,0.06980616,0.02502116,0.1054977
0.5,49.2,1.500325,0.638612,2.328375,1.497507,0.6409824,2.326338,0.07044744,0.02522147,0.1059643
0.5,49.3,1.503503,0.6397991,2.332551,1.500641,0.6422044,2.330468,0.07109126,0.02542854,0.1064325
0.5,49.4,1.506675,0.6409889,2.336731,1.503769,0.6434296,2.3346,0.07174119,0.0256357,0.1069255
0.5,49.5,1.509849,0.6421807,2.340899,1.506898,0.6446576,2.338722,0.07239632,0.02584295,0.107407
0.5,49.6,1.513033,0.643375,2.345059,1.510035,0.6458894,2.342835,0.07305036,0.02605844,0.1078725
0.5,49.7,1.516211,0.6445678,2.34921,1.513166,0.6471209,2.346939,0.07371361,0.02627871,0.1083372
0.5,49.8,1.519396,0.6457578,2.353369,1.516304,0.6483497,2.351051,0.07438665,0.0265038,0.1088333
0.5,49.9,1.522591,0.6469511,2.357537,1.519449,0.6495837,2.355169,0.07506611,0.0267453,0.1093396
0.5,50,1.525648,0.6483708,2.361732,1.522926,0.6509754,2.360644,0.06565084,0.02849201,0.09437644
0.5,50.1,1.528841,0.6495644,2.365885,1.526085,0.6521942,2.364777,0.06620133,0.02870781,0.09550617
0.5,50.2,1.532027,0.6507611,2.370044,1.529237,0.6534168,2.368915,0.06675386,0.0289351,0.09665527
0.5,50.3,1.535226,0.6519542,2.374199,1.5324,0.654636,2.373049,0.06732291,0.02916565,0.09783274
0.5,50.4,1.538429,0.6531513,2.3784,1.535566,0.655861,2.377228,0.06790573,0.02941125,0.09902901
0.5,50.5,1.541637,0.6543442,2.382615,1.538735,0.6570825,2.381421,0.06849757,0.02966334,0.10023
0.5,50.6,1.544854,0.6555375,2.386823,1.541913,0.6583051,2.385607,0.06910011,0.02992686,0.10151
0.5,50.7,1.548072,0.6567276,2.391065,1.545091,0.6595241,2.389828,0.06971183,0.03018284,0.1027931
0.5,50.8,1.551292,0.6579201,2.395309,1.54827,0.6607456,2.394047,0.07033069,0.03044712,0.1040863
0.5,50.9,1.554507,0.6591152,2.399546,1.551444,0.6619704,2.398261,0.07095484,0.03071825,0.1053997
0.5,51,1.557722,0.6603212,2.403772,1.554617,0.6632065,2.402463,0.07158785,0.03098845,0.1066986
0.5,51.1,1.560941,0.6615298,2.407983,1.557792,0.664446,2.40665,0.0722259,0.0312681,0.1079742
0.5,51.2,1.564156,0.6627466,2.412198,1.560965,0.6656921,2.410839,0.07287138,0.0315331,0.1092112
0.5,51.3,1.567375,0.663964,2.416427,1.56414,0.6669389,2.415043,0.07353008,0.03179263,0.1104163
0.5,51.4,1.570588,0.6651832,2.420639,1.567309,0.6681885,2.419229,0.0741988,0.03205143,0.1116156
0.5,51.5,1.573803,0.6664026,2.424848,1.570479,0.6694399,2.423409,0.07487151,0.03231936,0.1127957
0.5,51.6,1.577018,0.6676254,2.429083,1.573647,0.6706956,2.427616,0.07555009,0.03258889,0.1139514
0.5,51.7,1.580235,0.6688481,2.433316,1.576817,0.6719523,2.431823,0.07622987,0.03286198,0.1150973
0.5,51.8,1.583457,0.6700691,2.437531,1.579992,0.673207,2.43601,0.07691479,0.03313363,0.116244
0.5,51.9,1.586677,0.6712969,2.441738,1.583164,0.6744686,2.44019,0.07760434,0.03341113,0.117396
0.5,52,1.5891,0.6729667,2.444774,1.586685,0.675112,2.444402,0.06348456,0.03063535,0.1138393
0.5,52.1,1.592302,0.6742258,2.448965,1.589855,0.6763923,2.448583,0.06404861,0.03087021,0.1146675
0.5,52.2,1.595503,0.6754735,2.453132,1.593023,0.6776617,2.452742,0.06461536,0.0311097,0.115538
0.5,52.3,1.598707,0.6767263,2.457289,1.596195,0.6789356,2.456891,0.06518127,0.03133884,0.1163895
0.5,52.4,1.601902,0.6779859,2.461495,1.599357,0.6802172,2.461089,0.0657407,0.03157163,0.1172389
0.5,52.5,1.605097,0.6792456,2.46566,1.602519,0.6814994,2.465245,0.06630674,0.03180512,0.1181283
0.5,52.6,1.60829,0.6805053,2.469798,1.605678,0.6827826,2.469375,0.06687253,0.03203811,0.1190315
0.5,52.7,1.611482,0.6817671,2.473909,1.608835,0.6840681,2.473477,0.06743837,0.03227257,0.1199548
0.5,52.8,1.614679,0.6830315,2.478071,1.611998,0.6853562,2.477631,0.0680089,0.03249998,0.1208487
0.5,52.9,1.617873,0.6842985,2.482299,1.615157,0.6866476,2.48185,0.06859718,0.03271893,0.1217339
0.5,53,1.621071,0.685561,2.486549,1.618319,0.6879348,2.48609,0.06919756,0.03293742,0.1226229
0.5,53.1,1.624266,0.6868144,2.490752,1.621477,0.6892131,2.490283,0.06979605,0.03316169,0.1234928
0.5,53.2,1.627467,0.6880578,2.494929,1.624641,0.6904818,2.494451,0.07039335,0.03338465,0.124328
0.5,53.3,1.630668,0.6892971,2.499077,1.627805,0.691747,2.49859,0.0709908,0.03361498,0.1251584
0.5,53.4,1.633871,0.690536,2.503206,1.630971,0.6930127,2.502709,0.071587,0.03385225,0.1260042
0.5,53.5,1.637076,0.6917756,2.507346,1.634137,0.6942807,2.50684,0.07219094,0.03410276,0.1268863
0.5,53.6,1.640282,0.6930094,2.511478,1.637303,0.6955429,2.510963,0.07279837,0.03435613,0.1277506
0.5,53.7,1.643485,0.6942375,2.515564,1.640466,0.6968012,2.515039,0.0734162,0.03461663,0.1285836
0.5,53.8,1.646683,0.6954716,2.519687,1.643621,0.698067,2.519153,0.07405066,0.03488585,0.1294006
0.5,53.9,1.649881,0.69671,2.523853,1.646775,0.6993378,2.52331,0.07469919,0.03515218,0.1302322
0.5,54,1.652385,0.6979697,2.526717,1.64931,0.7008599,2.526427,0.07092414,0.03675498,0.1144416
0.5,54.1,1.655574,0.6992047,2.530909,1.652457,0.7021313,2.530614,0.07150014,0.03703837,0.1153971
0.5,54.2,1.658767,0.70043,2.535083,1.655607,0.7033934,2.534785,0.07208589,0.0373278,0.1163836
0.5,54.3,1.661965,0.7016482,2.539253,1.658762,0.7046491,2.538951,0.07268314,0.03762315,0.1173909
0.5,54.4,1.665169,0.7028747,2.543439,1.661922,0.7059136,2.543133,0.07328367,0.03791573,0.118405
0.5,54.5,1.668376,0.7040955,2.547632,1.665084,0.707174,2.547321,0.07389548,0.03822065,0.1194358
0.5,54.6,1.671575,0.7053136,2.551803,1.668235,0.7084335,2.551488,0.07451883,0.03853879,0.1204896
0.5,54.7,1.674772,0.7065302,2.556017,1.671384,0.7096927,2.555697,0.07515155,0.03885716,0.1215312
0.5,54.8,1.677971,0.7077415,2.560198,1.674533,0.7109476,2.559873,0.07580061,0.0391775,0.1226242
0.5,54.9,1.681171,0.7089461,2.56437,1.677683,0.7121973,2.56404,0.07645449,0.03950397,0.1237205
0.5,55,1.684373,0.7101482,2.568516,1.680833,0.713445,2.56818,0.0771134,0.03982917,0.1248218
0.5,55.1,1.687577,0.7113553,2.572651,1.683985,0.7146986,2.572309,0.07777982,0.0401491,0.1259367
0.5,55.2,1.69079,0.7125639,2.576795,1.687145,0.7159541,2.576446,0.07845023,0.04047294,0.1270896
0.5,55.3,1.693994,0.713782,2.58093,1.690296,0.7172196,2.580575,0.07911579,0.04079833,0.128225
0.5,55.4,1.697186,0.7150085,2.58505,1.693434,0.7184944,2.584689,0.07979074,0.04112579,0.1293379
0.5,55.5,1.700377,0.7162403,2.589155,1.69657,0.7197751,2.588788,0.08047524,0.04145464,0.130403
0.5,55.6,1.703567,0.7174775,2.59323,1.699704,0.7210614,2.592859,0.08116982,0.04178197,0.131467
0.5,55.7,1.706763,0.718715,2.597297,1.702844,0.7223482,2.596919,0.08187053,0.04210382,0.1325143
0.5,55.8,1.709955,0.719959,2.601411,1.705981,0.7236408,2.601027,0.08257944,0.04241935,0.1335479
0.5,55.9,1.713147,0.7212003,2.60555,1.709115,0.7249314,2.605159,0.08329378,0.042738,0.1345878
0.5,56,1.715409,0.7229775,2.611099,1.712836,0.7251818,2.610592,0.0706196,0.02903946,0.1128179
0.5,56.1,1.718584,0.7242391,2.615252,1.715974,0.726473,2.614737,0.07124476,0.0292373,0.1137179
0.5,56.2,1.721751,0.7254985,2.619409,1.719102,0.7277622,2.618885,0.07187567,0.02943509,0.1146643
0.5,56.3,1.724907,0.7267579,2.623608,1.722219,0.7290517,2.623077,0.07251563,0.02963617,0.1156747
0.5,56.4,1.728058,0.7280226,2.627821,1.72533,0.7303477,2.627283,0.07316587,0.02984564,0.1167192
0.5,56.5,1.731214,0.7292963,2.632052,1.728445,0.7316529,2.631506,0.07382565,0.03005135,0.1177423
0.5,56.6,1.734366,0.7305743,2.636266,1.731557,0.7329615,2.635713,0.07448147,0.03024974,0.1187529
0.5,56.7,1.737517,0.7318576,2.640483,1.734668,0.7342751,2.639921,0.07513455,0.03044392,0.1197709
0.5,56.8,1.740675,0.7331466,2.644633,1.737785,0.7355948,2.644064,0.07578881,0.03063712,0.1207745
0.5,56.9,1.743833,0.7344322,2.648771,1.740903,0.7369111,2.648194,0.07644283,0.03082978,0.1217729
0.5,57,1.74699,0.7357113,2.652913,1.744019,0.7382215,2.652329,0.07709686,0.03103008,0.1228141
0.5,57.1,1.750146,0.7369976,2.657081,1.747132,0.7395391,2.65649,0.0777544,0.03122965,0.1238623
0.5,57.2,1.753296,0.738286,2.661244,1.75024,0.7408595,2.660647,0.07842893,0.03143061,0.1249279
0.5,57.3,1.756452,0.7395806,2.665409,1.753353,0.742186,2.664805,0.07910237,0.03162964,0.1259867
0.5,57.4,1.759613,0.740881,2.669566,1.756472,0.7435181,2.668956,0.0797788,0.0318311,0.1270605
0.5,57.5,1.762773,0.7421878,2.673738,1.759587,0.7448577,2.673121,0.08046614,0.03204177,0.1281559
0.5,57.6,1.765933,0.7435003,2.677913,1.762701,0.7462036,2.677288,0.08116446,0.03225909,0.1292337
0.5,57.7,1.769085,0.7448057,2.682121,1.765808,0.7475423,2.681488,0.08187063,0.0324795,0.1303114
0.5,57.8,1.772245,0.7461074,2.686341,1.768922,0.7488774,2.685697,0.08257584,0.03269824,0.1313514
0.5,57.9,1.775409,0.747413,2.69056,1.77204,0.7502167,2.689905,0.0832814,0.03291725,0.1323483
0.5,58,1.777782,0.7493076,2.693921,1.775423,0.7512722,2.69368,0.06898329,0.02939225,0.1094244
0.5,58.1,1.780931,0.75062,2.698205,1.77854,0.7526083,2.697953,0.06958141,0.02955949,0.1103285
0.5,58.2,1.784083,0.7519306,2.702489,1.781658,0.7539435,2.702226,0.07018056,0.02973289,0.1112442
0.5,58.3,1.787238,0.7532422,2.706781,1.78478,0.7552803,2.706507,0.07078801,0.02991854,0.1122204
0.5,58.4,1.790396,0.7545588,2.711085,1.787902,0.7566226,2.710799,0.0714086,0.03010622,0.1131836
0.5,58.5,1.793548,0.7558691,2.715377,1.791018,0.7579599,2.715078,0.07204159,0.03029958,0.114154
0.5,58.6,1.79671,0.7571754,2.719675,1.794143,0.7592942,2.719363,0.07268197,0.03049522,0.1151017
0.5,58.7,1.799875,0.7584897,2.72397,1.79727,0.7606366,2.723645,0.07333279,0.03068109,0.1160202
0.5,58.8,1.803045,0.7598178,2.728309,1.800402,0.7619925,2.72797,0.07398295,0.03086004,0.1169357
0.5,58.9,1.806225,0.7611459,2.732674,1.803544,0.7633484,2.73232,0.07463734,0.03103795,0.1178621
0.5,59,1.809403,0.7624637,2.737004,1.806685,0.7646937,2.736637,0.07529075,0.03121152,0.1188083
0.5,59.1,1.812578,0.7637722,2.741306,1.809822,0.7660295,2.740924,0.07594896,0.03138108,0.1197514
0.5,59.2,1.815757,0.7650785,2.745617,1.812961,0.7673637,2.745219,0.0766178,0.03155589,0.1207145
0.5,59.3,1.818941,0.7663766,2.749928,1.816106,0.7686896,2.749513,0.07728935,0.03172442,0.1216988
0.5,59.4,1.822132,0.767673,2.75425,1.819258,0.7700142,2.753818,0.07796131,0.03189618,0.1227117
0.5,59.5,1.825329,0.7689743,2.758583,1.822415,0.771344,2.758134,0.07863638,0.03207088,0.1237519
0.5,59.6,1.828528,0.7702751,2.76294,1.825574,0.7726742,2.762473,0.07931675,0.03225264,0.1248239
0.5,59.7,1.831731,0.7715784,2.767303,1.828735,0.7740062,2.766817,0.08000552,0.03242504,0.1259075
0.5,59.8,1.834931,0.7728893,2.771653,1.831894,0.7753458,2.771149,0.08070626,0.03259899,0.1270227
0.5,59.9,1.838132,0.77421,2.776019,1.835053,0.7766952,2.775496,0.08142058,0.03277241,0.1281717
0.5,60,1.839841,0.7771145,2.780525,1.837739,0.7781657,2.77997,0.07173816,0.03290629,0.1344463
1,0,0,0,0,0,0,0,0,0,0
1,0.1,0.006603416,0.001841394,0.009453056,0.003061288,0.001292978,0.004807382,0.005726573,0.001798528,0.008420172
1,0.2,0.01320232,0.003679382,0.01889378,0.006120173,0.00257171,0.009565574,0.01145037,0.003599965,0.01685188
1,0.3,0.01979888,0.005513816,0.02832992,0.009175484,0.003849227,0.01428115,0.01717115,0.00540604,0.02529928
1,0.4,0.0263828,0.00735358,0.03773169,0.01222409,0.005128676,0.01893072,0.02288114,0.007215493,0.03374032
1,0.5,0.0329652,0.009203608,0.04713858,0.01527247,0.006410404,0.02353669,0.02858988,0.009032506,0.04219474
1,0.6,0.03956013,0.01105389,0.05653553,0.01832625,0.007694621,0.02815343,0.03430995,0.0108488,0.05067126
1,0.7,0.04615407,0.01290575,0.06597087,0.02137509,0.008979753,0.03279323,0.04003081,0.01266839,0.05912604
1,0.8,0.05274777,0.01475824,0.07543579,0.02441772,0.01026603,0.03742916,0.04575478,0.0144876,0.06751977
1,0.9,0.05934679,0.01660673,0.08487995,0.02745871,0.01155732,0.04205329,0.05148485,0.01630217,0.07590256
1,1,0.06316448,0.01873036,0.08676614,0.03049939,0.01284283,0.04668552,0.05440688,0.01704557,0.08522489
1,1.1,0.06946795,0.02058278,0.09544117,0.03353849,0.01412962,0.05128136,0.0598361,0.0187339,0.09375135
1,1.2,0.07576903,0.0224318,0.104126,0.03658063,0.01541533,0.05586629,0.06526,0.02042217,0.1022884
1,1.3,0.08207542,0.02426911,0.1127994,0.03962531,0.01670419,0.06047413,0.07068746,0.02209916,0.1108124
1,1.4,0.08838339,0.02610221,0.1214429,0.04267905,0.01799682,0.06512299,0.07611117,0.02377038,0.1193066
1,1.5,0.0946875,0.02793201,0.1300506,0.04574116,0.01927717,0.06976318,0.08152644,0.02544482,0.1277574
1,1.6,0.1009908,0.02976586,0.1386924,0.04880584,0.02055517,0.07438481,0.08693863,0.02712779,0.1362449
1,1.7,0.107299,0.03159989,0.1473953,0.05186946,0.02183556,0.07900654,0.09235508,0.0288162,0.1447996
1,1.8,0.1136058,0.03343287,0.1561321,0.05492839,0.02310601,0.08364931,0.09777382,0.03050641,0.1533858
1,1.9,0.1199082,0.03527732,0.1648529,0.05798083,0.02437931,0.08834036,0.103192,0.0322037,0.1619559
1,2,0.1069754,0.033213,0.1616549,0.06102645,0.02565313,0.09304726,0.08457182,0.03227988,0.1432388
1,2.1,0.1123254,0.03487618,0.169823,0.06407624,0.02692515,0.09776931,0.08880122,0.03390977,0.1503857
1,2.2,0.1176762,0.03653499,0.1780117,0.06713018,0.0282016,0.1025117,0.09302807,0.03553367,0.1575244
1,2.3,0.1230229,0.03819021,0.186176,0.07017229,0.02947978,0.1072398,0.09725659,0.03715693,0.1646784
1,2.4,0.1283658,0.03984285,0.1943481,0.07321053,0.03075077,0.1119741,0.1014836,0.03878169,0.1718397
1,2.5,0.1337019,0.0415011,0.202517,0.07624838,0.03201184,0.116701,0.1057042,0.04041502,0.1789985
1,2.6,0.1390357,0.04316119,0.2106726,0.07928394,0.03326055,0.1213957,0.1099253,0.04205508,0.186162
1,2.7,0.1443758,0.04481938,0.2188037,0.08232324,0.0344989,0.1260707,0.1141531,0.04369767,0.1933359
1,2.8,0.1497229,0.04648704,0.2269726,0.08536516,0.03574551,0.1307911,0.1183871,0.04534498,0.2005101
1,2.9,0.1550642,0.04815636,0.2351418,0.08839491,0.03699945,0.1354853,0.1226202,0.04699492,0.2076459
1,3,0.140127,0.05189401,0.2281059,0.09143153,0.03825517,0.1401894,0.1005153,0.04963619,0.1763588
1,3.1,0.1448336,0.05362843,0.2357345,0.09447239,0.03951888,0.1449226,0.1039209,0.05130655,0.1822611
1,3.2,0.1495449,0.05536392,0.2433627,0.09751169,0.04078651,0.1496511,0.1073353,0.05297285,0.1881478
1,3.3,0.1542655,0.05710005,0.2510137,0.1005591,0.04205404,0.1543843,0.1107539,0.05464296,0.1939955
1,3.4,0.1589835,0.0588357,0.2586478,0.1036048,0.04332305,0.1591395,0.1141706,0.05631087,0.1998001
1,3.5,0.1636959,0.06057324,0.2662763,0.106647,0.04459374,0.1639215,0.1175824,0.0579803,0.2055965
1,3.6,0.1684079,0.06231691,0.2739109,0.1096873,0.04586457,0.1687056,0.1209961,0.0596543,0.2114257
1,3.7,0.1731313,0.06405977,0.2815619,0.1127359,0.0471433,0.1735002,0.1244196,0.06131836,0.2172498
1,3.8,0.1778621,0.06580467,0.2892286,0.1157858,0.04842776,0.1783059,0.1278516,0.06298108,0.2230662
1,3.9,0.1825917,0.06754869,0.2969044,0.1188452,0.04970845,0.183088,0.131272,0.06464872,0.2288682
1,4,0.1755514,0.0664501,0.28046,0.1219048,0.05099694,0.1878912,0.1175718,0.0637311,0.2141656
1,4.1,0.1799882,0.06811884,0.2875056,0.1249691,0.05228384,0.1927183,0.1205762,0.06530181,0.2193631
1,4.2,0.1844226,0.06976926,0.2944959,0.1280384,0.05356852,0.1975295,0.1235754,0.0668481,0.224477
1,4.3,0.1888583,0.07142105,0.3014493,0.131114,0.05486291,0.2023489,0.1265716,0.06838504,0.2295604
1,4.4,0.1932964,0.07307479,0.3083809,0.1341915,0.05616354,0.2071897,0.1295688,0.06992011,0.2346553
1,4.5,0.1977338,0.07471628,0.31527,0.1372684,0.057457,0.2120475,0.1325664,0.07144641,0.2397856
1,4.6,0.2021702,0.07635307,0.3221204,0.1403522,0.05874806,0.2168993,0.1355563,0.07296796,0.2448978
1,4.7,0.2066147,0.077984,0.3289574,0.1434461,0.06003218,0.2217405,0.1385479,0.07448849,0.2499965
1,4.8,0.2110648,0.07961679,0.3357908,0.1465444,0.06131907,0.2266162,0.1415428,0.07600971,0.2551158
1,4.9,0.2155061,0.08125687,0.3426229,0.1496329,0.06261319,0.2314552,0.1445319,0.077538,0.260273
1,5,0.2014905,0.0694466,0.2730792,0.1527135,0.06390524,0.2362386,0.1190429,0.06331051,0.2308108
1,5.1,0.2055494,0.0708306,0.2784737,0.1557911,0.06518622,0.2410271,0.1214554,0.06454392,0.2353979
1,5.2,0.2096054,0.07221443,0.2840229,0.1588665,0.0664645,0.2458106,0.1238644,0.06578266,0.239966
1,5.3,0.21366,0.07360798,0.2895499,0.1619365,0.06775293,0.2505987,0.1262791,0.06701952,0.2445052
1,5.4,0.2177195,0.07500121,0.2950614,0.1650066,0.06904629,0.2553482,0.1286951,0.06826497,0.2490594
1,5.5,0.2217787,0.07639334,0.3005476,0.1680712,0.0703364,0.2601046,0.1311158,0.06951564,0.2536414
1,5.6,0.2258355,0.07778,0.3059868,0.1711329,0.07162089,0.2648999,0.1335358,0.0707671,0.2582064
1,5.7,0.2298869,0.07915808,0.311384,0.1741899,0.07290373,0.2696968,0.1359497,0.07201629,0.2627652
1,5.8,0.2339425,0.08053645,0.3167828,0.1772536,0.07418722,0.2744989,0.1383624,0.07326499,0.267315
1,5.9,0.2380068,0.08192783,0.3222366,0.1803247,0.07547986,0.2792975,0.1407801,0.07451884,0.2718683
1,6,0.2174492,0.07585697,0.3063718,0.1833986,0.07677393,0.2841124,0.1034192,0.05448924,0.2309279
1,6.1,0.2211197,0.07711618,0.3115914,0.1864834,0.07806547,0.2889344,0.1051899,0.05537436,0.234812
1,6.2,0.2247997,0.07837882,0.3167723,0.1895742,0.07936104,0.2937084,0.1069675,0.0562635,0.2387099
1,6.3,0.2284745,0.07964278,0.3219147,0.1926571,0.08065859,0.2984396,0.108746,0.0571558,0.2426215
1,6.4,0.2321489,0.08090883,0.3270706,0.1957387,0.08196142,0.303192,0.1105255,0.05804483,0.246505
1,6.5,0.235835,0.08217776,0.3322414,0.1988283,0.08326368,0.3079552,0.1123144,0.0589406,0.2503975
1,6.6,0.239514,0.08344252,0.3373998,0.2019152,0.08456174,0.3126948,0.1141006,0.05982114,0.2542215
1,6.7,0.2431867,0.08470144,0.3425542,0.205,0.08584723,0.3174241,0.1158828,0.06070004,0.2580069
1,6.8,0.2468569,0.08594539,0.3477003,0.2080778,0.08712307,0.3221532,0.1176665,0.06158381,0.2618349
1,6.9,0.2505327,0.08718702,0.3528315,0.2111542,0.08839673,0.3268666,0.11946,0.0624757,0.2656968
1,7,0.2455898,0.09050709,0.3618091,0.2142318,0.08967515,0.3316115,0.09943091,0.07015022,0.1978107
1,7.1,0.2491469,0.09178437,0.3669967,0.2173041,0.0909538,0.3363536,0.1009258,0.07116538,0.2006485
1,7.2,0.2527081,0.09305845,0.3722014,0.2203791,0.0922266,0.3410989,0.102424,0.0721853,0.2034922
1,7.3,0.2562639,0.09433201,0.3773678,0.223452,0.09349712,0.3458383,0.1039174,0.0732015,0.2063305
1,7.4,0.2598191,0.09559815,0.3825218,0.2265229,0.0947623,0.3505141,0.1054114,0.07421843,0.2091757
1,7.5,0.2633719,0.0968708,0.3876795,0.2295902,0.09602851,0.3551719,0.1069084,0.07524025,0.2120511
1,7.6,0.2669227,0.09814146,0.3928322,0.2326582,0.09728798,0.3598103,0.1084021,0.07626334,0.2149215
1,7.7,0.2704735,0.09941624,0.3979969,0.2357253,0.09854574,0.364461,0.1099001,0.07729117,0.2177846
1,7.8,0.2740249,0.1006898,0.4031632,0.2387929,0.09980123,0.3690976,0.1113996,0.07831765,0.2206357
1,7.9,0.2775883,0.1019604,0.4083411,0.2418688,0.1010555,0.3737176,0.1129088,0.07934521,0.2235394
1,8,0.2684937,0.09988821,0.3874899,0.2449514,0.1023035,0.378318,0.09593152,0.05048079,0.1933872
1,8.1,0.2718806,0.1011183,0.3922547,0.2480316,0.1035533,0.3829346,0.09719338,0.05108712,0.1959894
1,8.2,0.2752666,0.1023482,0.3970119,0.2511098,0.1048015,0.38755,0.09845923,0.05169283,0.1985832
1,8.3,0.2786611,0.1035786,0.4017668,0.2541937,0.1060518,0.3921727,0.09973248,0.05229946,0.2012123
1,8.4,0.2820534,0.1048151,0.4065216,0.2572746,0.107305,0.3967976,0.1010092,0.05290795,0.2038997
1,8.5,0.2854423,0.1060588,0.4112945,0.2603555,0.1085644,0.4014438,0.1022793,0.05351216,0.2065812
1,8.6,0.2888218,0.1073132,0.4161169,0.2634297,0.1098273,0.406136,0.1035452,0.05412067,0.2092821
1,8.7,0.2922079,0.1085719,0.4209453,0.2665077,0.1110919,0.4108253,0.1048228,0.05472825,0.2120061
1,8.8,0.2955901,0.109825,0.4257745,0.2695795,0.1123556,0.4155174,0.106101,0.05533431,0.2147086
1,8.9,0.2989748,0.1110715,0.4306124,0.272652,0.1136193,0.4202306,0.10738,0.05593714,0.2173928
1,9,0.2916213,0.1067368,0.4419185,0.2757141,0.114905,0.4250347,0.07733858,0.03732646,0.1263659
1,9.1,0.2948727,0.107914,0.4469083,0.2787855,0.1161681,0.4298081,0.07824049,0.03769517,0.1278719
1,9.2,0.2981251,0.1090838,0.4518971,0.2818567,0.1174279,0.4345761,0.07914548,0.03805609,0.1293914
1,9.3,0.30138,0.1102427,0.4568713,0.2849274,0.1186763,0.4393228,0.0800595,0.0384255,0.1309336
1,9.4,0.3046378,0.1114054,0.4618397,0.2880006,0.1199252,0.4440566,0.08098172,0.03879052,0.1324975
1,9.5,0.3078976,0.1125727,0.4668048,0.2910742,0.1211791,0.4487865,0.08191126,0.03915066,0.134062
1,9.6,0.3111569,0.1137395,0.4717416,0.2941447,0.1224367,0.4534959,0.08284251,0.03951433,0.1355976
1,9.7,0.3144174,0.1149046,0.4766818,0.2972129,0.1236955,0.4582132,0.08378182,0.03987849,0.1371181
1,9.8,0.3176774,0.116074,0.4816169,0.3002786,0.1249601,0.4629256,0.08472891,0.04023574,0.1386363
1,9.9,0.3209464,0.1172464,0.4865767,0.303354,0.1262274,0.4676617,0.08567582,0.04059139,0.140161
1,10,0.3217984,0.1217161,0.4851136,0.3064639,0.1274995,0.4725307,0.07814034,0.04767138,0.1553742
1,10.1,0.3250471,0.1229267,0.4900614,0.3095545,0.1287721,0.4773085,0.0789646,0.04810649,0.1566264
1,10.2,0.3283104,0.124131,0.4950242,0.3126623,0.1300411,0.4821092,0.07978181,0.04853382,0.1578695
1,10.3,0.331568,0.1253351,0.4999753,0.3157692,0.1313075,0.4868942,0.0805867,0.04895489,0.1590547
1,10.4,0.3348302,0.1265366,0.5048959,0.3188845,0.1325696,0.4916489,0.08138691,0.04936489,0.1601988
1,10.5,0.338095,0.1277459,0.5098631,0.3220024,0.1338388,0.4964419,0.0821922,0.04976796,0.1613292
1,10.6,0.3413619,0.1289584,0.5148423,0.3251215,0.1351086,0.501234,0.08300753,0.05016709,0.1624311
1,10.7,0.3446226,0.1301656,0.5198316,0.328233,0.1363747,0.5060343,0.08382626,0.05056246,0.1635156
1,10.8,0.3478831,0.1313826,0.5248425,0.3313442,0.1376489,0.5108551,0.08464824,0.05095753,0.1646056
1,10.9,0.3511462,0.1326017,0.529896,0.3344573,0.1389241,0.5157163,0.08547824,0.05134593,0.1656754
1,11,0.3543276,0.136043,0.5262312,0.3375499,0.1401887,0.5203882,0.08786605,0.05428733,0.1535325
1,11.1,0.3575961,0.137286,0.5311741,0.3406633,0.1414693,0.5252396,0.08871777,0.05472227,0.1545289
1,11.2,0.3608639,0.1385254,0.5360934,0.3437722,0.1427492,0.5300649,0.08957867,0.05516018,0.1555356
1,11.3,0.3641276,0.1397786,0.5410116,0.3468748,0.1440417,0.5348845,0.09043979,0.05561057,0.1565601
1,11.4,0.3673805,0.1410308,0.5458876,0.3499668,0.1453361,0.5396625,0.09129185,0.05606561,0.1575998
1,11.5,0.3706296,0.1422795,0.5507489,0.3530511,0.1466289,0.544416,0.09215992,0.0565128,0.158652
1,11.6,0.3738812,0.1435274,0.5556261,0.3561369,0.1479223,0.5491818,0.09303276,0.05695523,0.1596986
1,11.7,0.3771292,0.1447781,0.5604759,0.3592171,0.1492196,0.5539209,0.09390879,0.0574007,0.1607565
1,11.8,0.3803753,0.1460313,0.5653018,0.3622951,0.1505183,0.5586331,0.09478525,0.05785004,0.1618229
1,11.9,0.3836215,0.1472871,0.5701385,0.365371,0.1518184,0.5633588,0.09566477,0.05831132,0.1628975
1,12,0.3853453,0.150017,0.5842105,0.3684465,0.1531045,0.5677572,0.09041787,0.06218511,0.1874294
1,12.1,0.388574,0.1512945,0.5891431,0.371514,0.1544221,0.57245,0.09125895,0.06266474,0.1893188
1,12.2,0.3918011,0.152579,0.5940627,0.374581,0.1557463,0.5771353,0.09209643,0.06314316,0.1912079
1,12.3,0.3950248,0.1538664,0.5989715,0.3776469,0.1570718,0.5818121,0.09293107,0.06361366,0.193109
1,12.4,0.398252,0.1551514,0.603879,0.3807161,0.1583936,0.5864967,0.09377105,0.06408194,0.195008
1,12.5,0.4014688,0.1564363,0.608743,0.3837727,0.1597134,0.5911407,0.09461256,0.06456304,0.1969315
1,12.6,0.4046835,0.1577264,0.6136214,0.3868255,0.1610386,0.5957926,0.09545239,0.06505522,0.1988368
1,12.7,0.4079075,0.1590152,0.6185092,0.3898864,0.1623661,0.6004552,0.09629517,0.06554478,0.2007431
1,12.8,0.4111419,0.1603116,0.623416,0.392958,0.1636997,0.6051328,0.09715229,0.06601645,0.2026709
1,12.9,0.4143752,0.1616186,0.6283353,0.3960274,0.1650423,0.6098152,0.09802121,0.06647903,0.2045997
1,13,0.411808,0.1636071,0.6221013,0.3990485,0.1663929,0.6143666,0.08545804,0.04778985,0.1860694
1,13.1,0.414983,0.164914,0.626939,0.402105,0.1677288,0.6190931,0.08619755,0.04815535,0.1878242
1,13.2,0.4181561,0.1662199,0.6317501,0.4051585,0.1690664,0.6237911,0.08694045,0.04851219,0.1895778
1,13.3,0.4213266,0.1675323,0.6365926,0.4082103,0.1704094,0.628523,0.08767956,0.04887286,0.1913645
1,13.4,0.4245057,0.1688507,0.6414947,0.411271,0.1717577,0.6333115,0.08842138,0.04922891,0.1931432
1,13.5,0.4276855,0.1701656,0.6463637,0.414332,0.1731055,0.6380742,0.08915909,0.0495855,0.1949243
1,13.6,0.4308698,0.1714723,0.6511628,0.4173948,0.1744458,0.6427678,0.08990782,0.04994549,0.1967315
1,13.7,0.4340567,0.1727811,0.6559489,0.4204573,0.1757898,0.6474514,0.09066908,0.05030122,0.1985429
1,13.8,0.4372451,0.1740958,0.6607869,0.4235202,0.1771387,0.6521891,0.09144064,0.0506503,0.200335
1,13.9,0.4404307,0.1754068,0.6656312,0.4265783,0.1784841,0.6569291,0.09222023,0.05099998,0.2021558
1,14,0.4414584,0.1795296,0.6668656,0.4297736,0.1798047,0.6614332,0.08600582,0.05320555,0.2011364
1,14.1,0.4446159,0.180863,0.6716328,0.4328222,0.1811434,0.6661283,0.08671947,0.05362178,0.2023953
1,14.2,0.4477761,0.1822051,0.6764171,0.4358744,0.1824917,0.6708434,0.08743064,0.05403203,0.2036339
1,14.3,0.4509401,0.183545,0.6812248,0.4389307,0.1838371,0.6755804,0.08814227,0.05444303,0.204885
1,14.4,0.4541074,0.1848823,0.6860382,0.4419925,0.1851797,0.6803235,0.08884484,0.05485127,0.2061573
1,14.5,0.457277,0.1862245,0.6908191,0.4450555,0.1865282,0.6850315,0.08955488,0.05525285,0.2074529
1,14.6,0.4604474,0.1875629,0.6955799,0.448118,0.1878714,0.6897138,0.09027251,0.05565848,0.2087467
1,14.7,0.463612,0.188906,0.7003278,0.4511734,0.1892183,0.6943815,0.09099464,0.05606789,0.2100579
1,14.8,0.4667736,0.1902444,0.7050677,0.4542274,0.1905602,0.6990396,0.09171456,0.0564687,0.2113399
1,14.9,0.4699253,0.1915808,0.7097859,0.4572723,0.1919014,0.7036795,0.09243104,0.05686162,0.2125992
1,15,0.4714435,0.1911455,0.7156994,0.4603623,0.1931711,0.708334,0.0874769,0.0451168,0.177277
1,15.1,0.4745712,0.192465,0.720428,0.4634044,0.1945037,0.7129724,0.08810594,0.04544596,0.1783929
1,15.2,0.4777092,0.1937912,0.7251738,0.4664545,0.1958441,0.7176277,0.0887441,0.04577858,0.1795336
1,15.3,0.4808521,0.1951242,0.7299443,0.4695096,0.1971891,0.7223031,0.08938349,0.04611761,0.1806907
1,15.4,0.4839974,0.1964583,0.7347109,0.4725678,0.1985329,0.7269726,0.0900296,0.04644584,0.181827
1,15.5,0.4871497,0.1977981,0.7394627,0.475633,0.1998835,0.7316278,0.09068115,0.04676033,0.1829328
1,15.6,0.4903071,0.1991563,0.7442461,0.4787035,0.2012533,0.7363144,0.09133143,0.04707112,0.1840197
1,15.7,0.4934601,0.200522,0.7490844,0.4817693,0.2026307,0.7410579,0.09198205,0.04738296,0.1850804
1,15.8,0.4966097,0.2018966,0.7539243,0.48483,0.2040196,0.7458043,0.09263421,0.0476971,0.1861029
1,15.9,0.4997601,0.2032707,0.7587045,0.4878878,0.2054084,0.7504899,0.09329847,0.0480249,0.187161
1,16,0.4996477,0.2060944,0.7560028,0.4909071,0.2068427,0.7553113,0.08017586,0.04514723,0.1481926
1,16.1,0.5027844,0.207474,0.7607613,0.4939636,0.2082394,0.7600541,0.08081744,0.04540307,0.1495033
1,16.2,0.505918,0.2088514,0.7655284,0.497014,0.2096359,0.764806,0.08147285,0.04565801,0.1507827
1,16.3,0.5090518,0.2102339,0.770331,0.5000636,0.211038,0.7695933,0.08213434,0.0459087,0.1520526
1,16.4,0.5121879,0.2116154,0.7751498,0.5031146,0.2124401,0.7743948,0.08280294,0.04615342,0.1533049
1,16.5,0.515328,0.2129975,0.7799517,0.5061698,0.2138432,0.7791794,0.08347033,0.0463956,0.1545339
1,16.6,0.5184707,0.2143898,0.7847759,0.5092251,0.2152567,0.7839864,0.08414648,0.04664748,0.1558147
1,16.7,0.5216123,0.2157813,0.7896057,0.5122795,0.2166684,0.7887972,0.08482788,0.04689259,0.1571087
1,16.8,0.5247585,0.2171732,0.7944644,0.5153378,0.2180808,0.7936355,0.08551377,0.04713393,0.1584175
1,16.9,0.5279076,0.2185643,0.7993058,0.5183988,0.2194944,0.7984552,0.08620026,0.04736768,0.1597527
1,17,0.5288176,0.2204015,0.8055598,0.5214456,0.2209926,0.8035685,0.07994426,0.03408301,0.1333405
1,17.1,0.5319368,0.2217847,0.8104667,0.5244955,0.2223979,0.8084521,0.08053146,0.03429255,0.1345129
1,17.2,0.5350599,0.22316,0.8153723,0.5275483,0.2237954,0.8133322,0.08112225,0.03450828,0.1357194
1,17.3,0.5381812,0.2245322,0.8203068,0.5305976,0.2251903,0.8182387,0.08172163,0.03472523,0.1369392
1,17.4,0.5412983,0.2259081,0.825216,0.5336412,0.2265888,0.8231159,0.08232838,0.03494892,0.1381467
1,17.5,0.5444189,0.2272865,0.8301477,0.5366868,0.2279916,0.8280156,0.08294162,0.03516796,0.1393616
1,17.6,0.5475368,0.2286655,0.8350864,0.5397286,0.2293961,0.8329227,0.08356006,0.03538288,0.1405651
1,17.7,0.5506456,0.230039,0.8400319,0.5427616,0.2307948,0.8378369,0.08417648,0.03559689,0.1417564
1,17.8,0.5537545,0.2314247,0.8449629,0.5457942,0.2322058,0.8427377,0.08479573,0.03581307,0.142954
1,17.9,0.5568703,0.2328119,0.8498637,0.5488326,0.2336173,0.8476068,0.08542257,0.03603288,0.1441828
1,18,0.5579704,0.2347142,0.8543916,0.5520352,0.235071,0.8528958,0.07382572,0.03209643,0.1140933
1,18.1,0.5610645,0.2360982,0.8592787,0.5550706,0.2364693,0.8577664,0.07438365,0.03228946,0.114827
1,18.2,0.5641574,0.2374848,0.8641935,0.5581029,0.2378705,0.8626635,0.07495226,0.03248869,0.1156204
1,18.3,0.5672539,0.2388666,0.8691128,0.5611367,0.2392689,0.8675658,0.07553356,0.03267864,0.1164175
1,18.4,0.5703525,0.2402492,0.8740438,0.5641715,0.2406688,0.8724797,0.0761221,0.03286563,0.1171822
1,18.5,0.573441,0.2416327,0.8789456,0.5671942,0.2420714,0.8773629,0.07672104,0.03304785,0.1179018
1,18.6,0.576537,0.2430217,0.8838099,0.5702244,0.2434788,0.8822088,0.07731949,0.03323763,0.1185991
1,18.7,0.5796341,0.2444158,0.8886558,0.573255,0.2448904,0.8870355,0.07792301,0.03343176,0.11933
1,18.8,0.582733,0.2458109,0.8935173,0.5762861,0.2463033,0.8918773,0.07853236,0.03363159,0.1200579
1,18.9,0.5858356,0.2472106,0.8983998,0.5793199,0.2477205,0.8967413,0.07914364,0.0338471,0.1208463
1,19,0.5890958,0.2481188,0.9029182,0.5822524,0.2489951,0.901105,0.07885989,0.03815977,0.1377032
1,19.1,0.5922227,0.2495097,0.907784,0.5852917,0.2504164,0.9059434,0.07954141,0.03844215,0.1387739
1,19.2,0.5953444,0.2508925,0.9126429,0.5883251,0.2518297,0.9107725,0.08022545,0.0387266,0.1398454
1,19.3,0.5984677,0.2522799,0.9175255,0.591358,0.2532482,0.9156253,0.08092123,0.03901451,0.1409403
1,19.4,0.6015913,0.2536649,0.922406,0.5943896,0.2546645,0.9204769,0.08162582,0.03930584,0.1420616
1,19.5,0.6047183,0.2550404,0.9272982,0.5974234,0.2560708,0.925341,0.08233624,0.03960311,0.1432076
1,19.6,0.6078446,0.2564159,0.9322147,0.6004565,0.2574766,0.9302285,0.08304998,0.03989252,0.1443896
1,19.7,0.6109697,0.2577882,0.9371375,0.6034879,0.2588786,0.9351231,0.08376803,0.04018314,0.1456136
1,19.8,0.6140889,0.2591642,0.942047,0.606512,0.2602845,0.9400043,0.08448909,0.04048572,0.1469158
1,19.9,0.6172081,0.260543,0.9469655,0.6095342,0.261694,0.9448933,0.08521936,0.04078716,0.1481952
1,20,0.6199159,0.2620892,0.9517069,0.6125279,0.2632081,0.9500871,0.08432038,0.03889349,0.1703735
1,20.1,0.6230399,0.2634739,0.9566586,0.6155563,0.2646248,0.9550057,0.08507519,0.03912121,0.1717752
1,20.2,0.6261593,0.2648666,0.9616071,0.6185791,0.2660492,0.9599199,0.08583309,0.03935759,0.1732154
1,20.3,0.6292755,0.2662678,0.9665548,0.6215982,0.2674824,0.9648326,0.08659188,0.03959331,0.1746439
1,20.4,0.6323971,0.2676609,0.9714609,0.6246233,0.2689082,0.9697045,0.08734728,0.03982254,0.1760452
1,20.5,0.635519,0.2690493,0.9763611,0.6276481,0.27033,0.9745711,0.08810545,0.04004502,0.1773996
1,20.6,0.6386388,0.2704318,0.9812614,0.63067,0.2717479,0.9794381,0.08886447,0.04026449,0.1787536
1,20.7,0.6417563,0.2718106,0.9861487,0.633687,0.2731635,0.9842936,0.089632,0.04049158,0.1801532
1,20.8,0.6448725,0.2731886,0.9910548,0.6367011,0.2745794,0.9891673,0.09040654,0.04071906,0.1815517
1,20.9,0.6479857,0.274571,0.9959605,0.6397104,0.2760014,0.9940405,0.09118788,0.04094572,0.1829553
1,21,0.6478099,0.277012,1.000015,0.6426343,0.2774523,0.9990156,0.0743064,0.03121219,0.1223323
1,21.1,0.6508979,0.2784059,1.004961,0.6456473,0.2788771,1.003934,0.07498482,0.03137968,0.1231841
1,21.2,0.653986,0.2798016,1.009947,0.648659,0.2803046,1.008893,0.07566908,0.03155102,0.1240302
1,21.3,0.6570747,0.2811936,1.014936,0.6516712,0.2817289,1.013854,0.07635105,0.0317215,0.1248788
1,21.4,0.6601594,0.2825804,1.01996,0.6546803,0.2831477,1.018848,0.07702317,0.03189777,0.1257218
1,21.5,0.6632466,0.2839591,1.024998,0.6576914,0.2845584,1.023857,0.0776996,0.03207188,0.1265409
1,21.6,0.6663281,0.285334,1.030059,0.6606948,0.2859668,1.028889,0.07838526,0.03224483,0.1273306
1,21.7,0.6694082,0.2867083,1.035153,0.6636955,0.2873747,1.033955,0.07907956,0.03242171,0.1281451
1,21.8,0.6724891,0.2880841,1.04024,0.6666958,0.2887837,1.039015,0.07978272,0.03259836,0.1289813
1,21.9,0.6755616,0.2894625,1.045328,0.6696873,0.2901945,1.044074,0.08048734,0.03278469,0.129881
1,22,0.678593,0.2911,1.050346,0.6727292,0.291499,1.049008,0.08179848,0.03264072,0.1520701
1,22.1,0.6816626,0.2924947,1.055444,0.6757256,0.2929124,1.05408,0.08249016,0.03279593,0.1530871
1,22.2,0.6847329,0.2938851,1.060532,0.6787223,0.2943225,1.059141,0.08318375,0.03294514,0.1540831
1,22.3,0.6878088,0.2952754,1.065621,0.6817232,0.2957325,1.064203,0.08388882,0.03309272,0.155079
1,22.4,0.6908845,0.2966671,1.070679,0.6847226,0.2971437,1.069232,0.08460321,0.03324359,0.1560703
1,22.5,0.6939543,0.2980631,1.075745,0.687715,0.2985597,1.074269,0.08532209,0.03339088,0.1570658
1,22.6,0.697022,0.2994532,1.080833,0.6907052,0.2999698,1.079328,0.08604158,0.03354062,0.1580399
1,22.7,0.7000838,0.30084,1.085911,0.6936884,0.3013754,1.084377,0.08676934,0.0336927,0.1590036
1,22.8,0.7031559,0.302217,1.091005,0.6966809,0.3027718,1.089443,0.08750156,0.03385026,0.1599352
1,22.9,0.7062285,0.3035898,1.096105,0.6996713,0.304164,1.094515,0.08824847,0.0340187,0.1608986
1,23,0.7074899,0.3049016,1.100878,0.7027358,0.3054646,1.099655,0.0747455,0.0288573,0.1309465
1,23.1,0.7105262,0.3062806,1.106011,0.7057139,0.3068586,1.104757,0.07536875,0.02898633,0.1319169
1,23.2,0.7135633,0.3076524,1.111148,0.708692,0.3082463,1.109862,0.0759979,0.02911168,0.1328936
1,23.3,0.7166076,0.3090154,1.116312,0.7116772,0.3096253,1.114992,0.07662568,0.02923795,0.1338752
1,23.4,0.7196586,0.3103718,1.121471,0.7146694,0.3109985,1.120121,0.07724626,0.02936591,0.1348264
1,23.5,0.7227134,0.3117181,1.126643,0.717666,0.3123611,1.125261,0.07786427,0.02948812,0.1357553
1,23.6,0.7257661,0.313065,1.131808,0.7206594,0.3137232,1.130393,0.07849558,0.02961315,0.1366971
1,23.7,0.7288201,0.3144194,1.136994,0.7236528,0.3150919,1.135545,0.07913749,0.02974481,0.1376697
1,23.8,0.7318729,0.3157816,1.142191,0.7266442,0.3164688,1.140709,0.07978262,0.02987793,0.1386691
1,23.9,0.734924,0.3171438,1.147361,0.7296324,0.3178473,1.145845,0.08043495,0.03001181,0.1396997
1,24,0.7379379,0.3185621,1.152498,0.7325753,0.3193682,1.150455,0.07963085,0.03334263,0.1619441
1,24.1,0.7409769,0.3199289,1.157672,0.7355489,0.3207539,1.155592,0.08029263,0.03349055,0.1626881
1,24.2,0.7440108,0.3212928,1.162824,0.7385168,0.3221364,1.160706,0.08095994,0.03363585,0.1634402
1,24.3,0.747044,0.3226448,1.167957,0.7414843,0.323506,1.165803,0.08162585,0.03378519,0.164209
1,24.4,0.7500802,0.3239926,1.173095,0.7444531,0.3248728,1.170903,0.08229816,0.03393882,0.164973
1,24.5,0.7531221,0.3253448,1.178223,0.7474261,0.3262441,1.175991,0.08298232,0.03409555,0.1657739
1,24.6,0.7561686,0.3266946,1.183327,0.7504035,0.3276125,1.181055,0.0836694,0.03424972,0.1666006
1,24.7,0.7592236,0.3280486,1.188425,0.7533895,0.3289838,1.186112,0.08435637,0.03441154,0.1674502
1,24.8,0.7622825,0.3294013,1.193509,0.7563795,0.3303522,1.191152,0.08505169,0.03456289,0.1682835
1,24.9,0.7653422,0.3307536,1.198629,0.7593689,0.33172,1.196228,0.08575695,0.03471661,0.1691228
1,25,0.7674996,0.3317487,1.204099,0.7624707,0.3329549,1.200931,0.07525857,0.03654101,0.124894
1,25.1,0.7705532,0.3330936,1.209216,0.7654631,0.3343178,1.206003,0.07591376,0.03669741,0.1254048
1,25.2,0.7736043,0.3344349,1.214348,0.7684531,0.3356762,1.211092,0.0765711,0.03685163,0.1259313
1,25.3,0.776649,0.3357668,1.219426,0.7714358,0.3370246,1.216129,0.07723492,0.03701008,0.1264885
1,25.4,0.7796954,0.3370995,1.224496,0.774419,0.3383753,1.221155,0.07790777,0.03716155,0.1270107
1,25.5,0.7827458,0.3384348,1.229541,0.7774047,0.3397304,1.226151,0.07858765,0.0373058,0.1275332
1,25.6,0.7857967,0.3397711,1.234551,0.7803906,0.3410865,1.231113,0.0792681,0.03745517,0.1280525
1,25.7,0.7888493,0.3411003,1.239489,0.7833775,0.3424347,1.236003,0.07995651,0.03760557,0.1285887
1,25.8,0.7919071,0.3424253,1.24443,0.786367,0.3437809,1.240897,0.08066084,0.03775005,0.1291378
1,25.9,0.7949622,0.3437503,1.249342,0.7893518,0.3451284,1.245765,0.08137924,0.03789458,0.1296789
1,26,0.7975536,0.3445008,1.253823,0.7925526,0.3465342,1.251362,0.07639317,0.02867625,0.1172001
1,26.1,0.8006109,0.3458262,1.258769,0.795544,0.347887,1.256268,0.07705749,0.02886365,0.1180823
1,26.2,0.8036726,0.3471552,1.263751,0.7985383,0.3492444,1.261208,0.07773405,0.02904662,0.1189605
1,26.3,0.8067335,0.3484886,1.268766,0.8015314,0.3506054,1.266181,0.07841304,0.02923459,0.1198151
1,26.4,0.8097894,0.3498227,1.273822,0.8045195,0.351966,1.271193,0.07909062,0.02943181,0.1206461
1,26.5,0.8128425,0.3511565,1.278903,0.8075059,0.3533256,1.276229,0.07975924,0.02963029,0.1214906
1,26.6,0.8158936,0.3524988,1.283979,0.8104909,0.3546934,1.281258,0.08041863,0.02982862,0.1223331
1,26.7,0.81894,0.3538422,1.289095,0.813471,0.3560618,1.286323,0.08108221,0.03002498,0.1231869
1,26.8,0.8219864,0.35519,1.294238,0.8164508,0.3574342,1.291414,0.08174625,0.03022697,0.1240918
1,26.9,0.8250343,0.3565339,1.299379,0.8194321,0.3588029,1.296504,0.08240742,0.03043104,0.1250081
1,27,0.8277958,0.3570489,1.307101,0.8224317,0.3602848,1.30122,0.07577567,0.030863,0.1256251
1,27.1,0.8308246,0.3583656,1.312217,0.8254025,0.3616297,1.306258,0.07636114,0.03106337,0.1266983
1,27.2,0.8338526,0.3596833,1.317322,0.8283715,0.3629768,1.311286,0.07695198,0.03125703,0.1277589
1,27.3,0.8368802,0.3610098,1.322476,0.8313407,0.3643314,1.316366,0.07754684,0.0314343,0.1287829
1,27.4,0.8399082,0.3623371,1.327628,0.8343101,0.3656877,1.321448,0.07813847,0.03161538,0.1297715
1,27.5,0.8429339,0.3636536,1.332759,0.8372777,0.3670318,1.32651,0.07873211,0.03178781,0.1307419
1,27.6,0.8459633,0.3649637,1.337869,0.8402486,0.3683695,1.331556,0.07933084,0.03195476,0.1316579
1,27.7,0.8489813,0.3662734,1.342957,0.8432085,0.369707,1.336581,0.0799246,0.03211816,0.1325688
1,27.8,0.8519941,0.3675827,1.348032,0.8461636,0.371044,1.341594,0.08051354,0.03228318,0.1334612
1,27.9,0.8550114,0.368886,1.35312,0.8491216,0.372377,1.346624,0.08110762,0.03244684,0.1343163
1,28,0.8585982,0.3691729,1.356821,0.8520965,0.3737378,1.35198,0.08070109,0.03822429,0.1717872
1,28.1,0.8616233,0.3704721,1.361908,0.8550525,0.3750742,1.357019,0.08134521,0.03843554,0.17289
1,28.2,0.8646499,0.3717553,1.366944,0.8580082,0.3763967,1.362007,0.08199555,0.03865219,0.1740267
1,28.3,0.8676789,0.3730334,1.371969,0.8609652,0.3777151,1.366981,0.08264847,0.0388767,0.1751902
1,28.4,0.8707092,0.3743068,1.376977,0.8639236,0.3790291,1.371939,0.08329638,0.0391036,0.1763357
1,28.5,0.8737482,0.3755832,1.381985,0.8668895,0.3803475,1.3769,0.08395606,0.0393171,0.1774595
1,28.6,0.8767883,0.376866,1.386997,0.8698537,0.3816751,1.381868,0.08462877,0.03953276,0.1786548
1,28.7,0.8798177,0.3781444,1.391969,0.8728048,0.3829993,1.386794,0.08531867,0.03975251,0.1798826
1,28.8,0.8828533,0.3794108,1.396918,0.8757618,0.3843108,1.391698,0.08601374,0.0399704,0.1811084
1,28.9,0.8858948,0.3806749,1.401867,0.8787243,0.3856196,1.396602,0.08671529,0.04018331,0.182027
1,29,0.8874875,0.3838196,1.405501,0.8816137,0.3870758,1.401735,0.08233742,0.03594144,0.1487524
1,29.1,0.8905019,0.3851113,1.410412,0.8845671,0.3883955,1.406616,0.08296758,0.03609683,0.1497062
1,29.2,0.8935129,0.3864021,1.415361,0.8875163,0.3897155,1.411535,0.08359608,0.03625793,0.1506819
1,29.3,0.8965249,0.3876982,1.420325,0.8904656,0.3910417,1.416469,0.08422905,0.03641431,0.1516832
1,29.4,0.8995328,0.3889991,1.425306,0.8934101,0.3923728,1.42142,0.08487068,0.03656658,0.1527008
1,29.5,0.9025352,0.3903049,1.430254,0.8963485,0.3937083,1.426337,0.08552291,0.03670729,0.1536932
1,29.6,0.9055464,0.3916092,1.435207,0.8992938,0.3950438,1.43126,0.08618524,0.03685439,0.1547175
1,29.7,0.9085653,0.3929191,1.440208,0.9022444,0.3963874,1.43623,0.08685484,0.03701307,0.1557638
1,29.8,0.9115805,0.3942244,1.445224,0.9051889,0.3977297,1.441216,0.0875337,0.03717361,0.1568433
1,29.9,0.9146037,0.3955284,1.450229,0.9081394,0.3990726,1.446191,0.08822411,0.03733024,0.1579663
1,30,0.9168183,0.397613,1.454476,0.9112256,0.4003081,1.45204,0.08479312,0.03229731,0.1441021
1,30.1,0.9198367,0.3989101,1.459437,0.9141747,0.4016435,1.456973,0.08550146,0.03236045,0.1446736
1,30.2,0.9228639,0.4002054,1.464362,0.9171322,0.4029771,1.461872,0.08621269,0.03242368,0.1452348
1,30.3,0.9258975,0.4014903,1.469262,0.9200965,0.404301,1.466747,0.08691652,0.03248562,0.1458022
1,30.4,0.9289365,0.4027709,1.47413,0.9230645,0.4056224,1.471589,0.08762854,0.03254751,0.146387
1,30.5,0.9319769,0.4040551,1.478997,0.9260333,0.4069481,1.476432,0.08834376,0.03260204,0.1470116
1,30.6,0.9350178,0.4053385,1.483896,0.9290016,0.4082738,1.481304,0.08906585,0.03265157,0.1476424
1,30.7,0.938063,0.4066266,1.488838,0.9319722,0.4096064,1.48622,0.08979378,0.03270967,0.1483002
1,30.8,0.9411012,0.4079159,1.493722,0.9349354,0.4109402,1.491075,0.09052,0.03277661,0.1489461
1,30.9,0.9441411,0.4091966,1.498565,0.9378988,0.4122675,1.495888,0.09125261,0.0328413,0.149591
1,31,0.9465718,0.4115692,1.505926,0.9407822,0.413597,1.49987,0.0899103,0.03632519,0.1362291
1,31.1,0.9496056,0.412853,1.510804,0.9437444,0.4149277,1.504706,0.09059168,0.03640283,0.136915
1,31.2,0.9526356,0.4141311,1.515655,0.9467018,0.416253,1.509515,0.09128015,0.03648149,0.1375833
1,31.3,0.9556682,0.415415,1.520481,0.9496616,0.4175851,1.514303,0.09196886,0.03655079,0.1382276
1,31.4,0.958702,0.4167013,1.525306,0.9526226,0.4189204,1.519095,0.09265145,0.03661681,0.1388138
1,31.5,0.9617391,0.4179795,1.530144,0.9555868,0.4202466,1.5239,0.09333666,0.03669005,0.1393869
1,31.6,0.9647811,0.4192471,1.534967,0.9585561,0.4215613,1.528693,0.09402177,0.03676831,0.139944
1,31.7,0.9678295,0.4205117,1.539835,0.9615301,0.4228747,1.533534,0.09471307,0.03684719,0.1404578
1,31.8,0.9708707,0.4217631,1.544659,0.964496,0.4241756,1.538333,0.09541109,0.03692414,0.1409621
1,31.9,0.9739124,0.4230108,1.549504,0.9674604,0.4254753,1.543152,0.0961166,0.0370031,0.1414762
1,32,0.9761728,0.4234161,1.552474,0.9705009,0.4265337,1.548714,0.08616693,0.03401406,0.1473706
1,32.1,0.9792029,0.4246786,1.557348,0.9734607,0.4278481,1.553576,0.08683617,0.03410327,0.1481797
1,32.2,0.9822339,0.4259413,1.562226,0.9764195,0.429163,1.558445,0.08752078,0.03420075,0.1490124
1,32.3,0.9852654,0.4272056,1.567088,0.979378,0.4304803,1.563299,0.0882076,0.03430297,0.1498586
1,32.4,0.9882983,0.4284602,1.571951,0.982337,0.431789,1.568154,0.08889779,0.03440243,0.1506893
1,32.5,0.991339,0.4297122,1.576846,0.9853021,0.4330973,1.573043,0.08959061,0.03451261,0.151505
1,32.6,0.9943894,0.4309632,1.581714,0.9882752,0.4344064,1.577906,0.09029101,0.03462964,0.1523232
1,32.7,0.9974421,0.4322125,1.586583,0.9912516,0.4357128,1.582773,0.09098666,0.03473747,0.1531195
1,32.8,1.000501,0.4334605,1.591437,0.9942332,0.4370196,1.587626,0.09168619,0.03484503,0.1539272
1,32.9,1.003571,0.434709,1.596303,0.9972241,0.4383276,1.592492,0.09238818,0.03496028,0.1547439
1,33,1.005591,0.4365901,1.601211,1.000187,0.4395715,1.597377,0.08289199,0.03955732,0.1282762
1,33.1,1.008647,0.4378758,1.6061,1.00318,0.4408998,1.602265,0.083521,0.0397025,0.1292252
1,33.2,1.011705,0.4391596,1.611,1.006175,0.4422266,1.607162,0.08415329,0.03985509,0.1302164
1,33.3,1.014768,0.4404538,1.615901,1.009173,0.4435652,1.61206,0.08479235,0.04001048,0.1312172
1,33.4,1.017842,0.441752,1.620796,1.01218,0.4449081,1.61695,0.08544769,0.04016884,0.1322232
1,33.5,1.020917,0.4430427,1.625697,1.015188,0.4462433,1.621846,0.08611072,0.04031833,0.1332231
1,33.6,1.023998,0.4443338,1.630588,1.018203,0.4475781,1.626732,0.08677349,0.04047397,0.1342119
1,33.7,1.027082,0.4456138,1.635467,1.021219,0.4489025,1.631605,0.087445,0.04063026,0.1352012
1,33.8,1.030169,0.4468884,1.640301,1.024237,0.4502221,1.636432,0.08812996,0.04078092,0.1361903
1,33.9,1.033256,0.4481592,1.645116,1.027253,0.4515386,1.641242,0.08882608,0.04092211,0.137168
1,34,1.03473,0.4501848,1.648191,1.03022,0.4525887,1.646738,0.08012217,0.02961687,0.1250039
1,34.1,1.037806,0.4514576,1.652988,1.033239,0.4538932,1.651531,0.08074511,0.02978504,0.1260302
1,34.2,1.040889,0.4527441,1.657798,1.036266,0.455212,1.656337,0.08136787,0.02995602,0.1270371
1,34.3,1.043979,0.4540316,1.662643,1.0393,0.4565317,1.661177,0.081989,0.03012816,0.128033
1,34.4,1.047063,0.455314,1.667458,1.042327,0.4578472,1.665988,0.08261636,0.03030829,0.1290292
1,34.5,1.050144,0.4565944,1.672263,1.045349,0.4591611,1.670788,0.08325436,0.03049222,0.1300561
1,34.6,1.053227,0.4578751,1.677055,1.048372,0.4604752,1.675576,0.08390141,0.03067803,0.1311116
1,34.7,1.056317,0.4591595,1.681828,1.051402,0.4617922,1.680344,0.0845559,0.03085361,0.1321919
1,34.8,1.059411,0.4604513,1.68663,1.054436,0.4631171,1.685138,0.08521673,0.03102312,0.1332578
1,34.9,1.062502,0.4617483,1.691468,1.057466,0.4644468,1.689969,0.08588401,0.03119056,0.134306
1,35,1.063898,0.4632057,1.695502,1.060085,0.4653503,1.694595,0.07227081,0.03216947,0.1055512
1,35.1,1.066982,0.4645063,1.70037,1.063129,0.4666696,1.699462,0.072797,0.03237463,0.1063486
1,35.2,1.070064,0.4658069,1.705202,1.066168,0.46799,1.704293,0.07333039,0.0325895,0.1071639
1,35.3,1.073156,0.4671127,1.710016,1.069216,0.4693163,1.709108,0.07387722,0.03280808,0.1079852
1,35.4,1.076252,0.4684085,1.714802,1.072267,0.4706334,1.713892,0.07443396,0.03303196,0.1087938
1,35.5,1.079358,0.469711,1.719615,1.075328,0.4719572,1.718703,0.07498997,0.03325464,0.1096018
1,35.6,1.082467,0.4710155,1.724424,1.078391,0.4732834,1.72351,0.07554819,0.03347765,0.110386
1,35.7,1.085587,0.4723095,1.729214,1.081465,0.4745995,1.728297,0.07611245,0.03370657,0.1112079
1,35.8,1.088701,0.4736026,1.733951,1.084531,0.4759153,1.73303,0.07668678,0.0339365,0.112027
1,35.9,1.09181,0.4748904,1.738664,1.087592,0.4772263,1.737736,0.0772774,0.03416619,0.1128777
1,36,1.093317,0.4780351,1.74424,1.090773,0.4791163,1.742816,0.06503047,0.0190637,0.09322339
1,36.1,1.096404,0.4793144,1.748885,1.093824,0.4804143,1.74748,0.065564,0.01914377,0.09379118
1,36.2,1.099492,0.4805876,1.7535,1.096878,0.4817054,1.752114,0.06609293,0.01922745,0.09436071
1,36.3,1.102575,0.4818519,1.758099,1.099927,0.4829874,1.756733,0.06662627,0.01931213,0.09496249
1,36.4,1.105657,0.4831021,1.762684,1.102972,0.484256,1.761333,0.06716935,0.01941492,0.0959616
1,36.5,1.10873,0.4843524,1.767255,1.106008,0.4855252,1.765919,0.06771776,0.01953035,0.09700124
1,36.6,1.111803,0.485598,1.771836,1.109044,0.4867901,1.770515,0.06826692,0.0196514,0.09807431
1,36.7,1.114876,0.4868399,1.776411,1.112079,0.4880517,1.775107,0.06881565,0.01977358,0.09918772
1,36.8,1.117957,0.488079,1.781,1.115122,0.489311,1.779712,0.06936762,0.01988982,0.1003106
1,36.9,1.121044,0.4893154,1.7856,1.11817,0.4905684,1.78433,0.06992282,0.02000062,0.101418
1,37,1.12293,0.4912285,1.788748,1.121005,0.4918673,1.788462,0.05735852,0.02134819,0.08078215
1,37.1,1.125996,0.4924765,1.793306,1.124046,0.4931215,1.793025,0.05783406,0.02150742,0.08131209
1,37.2,1.129051,0.4937153,1.797806,1.127075,0.4943657,1.79753,0.05831449,0.02167577,0.08183177
1,37.3,1.132119,0.494956,1.802288,1.130117,0.4956119,1.802017,0.05879873,0.02184976,0.08233363
1,37.4,1.135191,0.496199,1.806779,1.133163,0.4968612,1.806512,0.05929415,0.02202046,0.08285041
1,37.5,1.138259,0.4974467,1.811287,1.136203,0.4981158,1.811024,0.0597922,0.02219281,0.08337892
1,37.6,1.141322,0.4986955,1.815791,1.139238,0.4993716,1.815533,0.06028885,0.02237317,0.08393392
1,37.7,1.14439,0.4999326,1.820287,1.142279,0.5006153,1.820032,0.06079738,0.02255289,0.08449084
1,37.8,1.147464,0.5011669,1.824752,1.145324,0.5018564,1.824501,0.06131547,0.02271776,0.08510855
1,37.9,1.150544,0.5023949,1.829205,1.148375,0.5030912,1.828957,0.0618415,0.02287404,0.08606593
1,38,1.152838,0.5036163,1.833289,1.151486,0.5040248,1.833068,0.04983567,0.0159309,0.07259283
1,38.1,1.155917,0.5048404,1.837775,1.154547,0.5052515,1.837541,0.05031515,0.01590962,0.07256494
1,38.2,1.158998,0.5060672,1.842265,1.157609,0.5064807,1.842019,0.05079945,0.01588892,0.07251157
1,38.3,1.162083,0.5072943,1.846779,1.160674,0.5077101,1.846519,0.05129196,0.01586874,0.07245726
1,38.4,1.165163,0.508522,1.851281,1.163736,0.50894,1.851006,0.05179339,0.01584949,0.07244065
1,38.5,1.168237,0.5097474,1.855781,1.16679,0.5101671,1.855492,0.05229057,0.0158405,0.07244838
1,38.6,1.171309,0.5109734,1.860285,1.169842,0.5113943,1.859979,0.05278801,0.01583585,0.07240628
1,38.7,1.174384,0.5122041,1.864837,1.172897,0.5126263,1.864514,0.0532918,0.01585007,0.07338738
1,38.8,1.177457,0.5134291,1.869386,1.17595,0.5138524,1.869045,0.05380497,0.01586328,0.07445682
1,38.9,1.180536,0.514652,1.873958,1.179007,0.5150759,1.873599,0.05433235,0.01588215,0.07553022
1,39,1.183571,0.5163538,1.878904,1.182343,0.5167409,1.878607,0.04750581,0.01678638,0.07095915
1,39.1,1.18665,0.5175834,1.883502,1.185404,0.5179704,1.883193,0.04798385,0.01692788,0.07142419
1,39.2,1.189735,0.5188184,1.888069,1.188471,0.5192053,1.887747,0.0484683,0.01708009,0.07192192
1,39.3,1.192828,0.5200526,1.89264,1.191544,0.5204392,1.892306,0.04896275,0.01723624,0.07240347
1,39.4,1.195922,0.5212932,1.897241,1.194618,0.5216799,1.896892,0.04946434,0.01739881,0.07290987
1,39.5,1.199013,0.52254,1.901831,1.197688,0.5229277,1.901469,0.04996812,0.01757003,0.07345764
1,39.6,1.202105,0.5237942,1.906394,1.200759,0.5241832,1.906018,0.05047914,0.0177439,0.07400463
1,39.7,1.205189,0.5250493,1.910955,1.203821,0.5254398,1.910564,0.05100141,0.01790718,0.07453779
1,39.8,1.20827,0.5263074,1.915487,1.20688,0.5266996,1.915081,0.05152172,0.0180698,0.0750966
1,39.9,1.211345,0.5275591,1.919962,1.209933,0.5279537,1.91954,0.05203766,0.01823743,0.07571708
1,40,1.214396,0.5285447,1.925577,1.213068,0.5290046,1.925012,0.05084129,0.01356618,0.07525838
1,40.1,1.217477,0.5297881,1.930045,1.216129,0.5302526,1.929469,0.05131903,0.0137726,0.0761033
1,40.2,1.220572,0.5310335,1.934521,1.219202,0.5315025,1.933933,0.05179139,0.01397145,0.07692051
1,40.3,1.223677,0.5322725,1.939015,1.222286,0.5327458,1.938414,0.05226546,0.01417813,0.07777498
1,40.4,1.226777,0.5335194,1.943546,1.225365,0.5339966,1.942931,0.05274332,0.01439346,0.078654
1,40.5,1.229867,0.534773,1.948091,1.228433,0.5352542,1.947462,0.05322784,0.01460958,0.07952313
1,40.6,1.232962,0.5360302,1.952646,1.231505,0.5365151,1.952002,0.05371941,0.01482837,0.08038186
1,40.7,1.236061,0.5372939,1.957208,1.234583,0.5377822,1.956548,0.05421631,0.01505482,0.08124458
1,40.8,1.239159,0.5385592,1.961772,1.237658,0.5390504,1.961098,0.05471571,0.01528299,0.08212283
1,40.9,1.242263,0.539818,1.966339,1.240739,0.5403126,1.965648,0.05522104,0.01550629,0.0830079
1,41,1.244801,0.5409244,1.969821,1.243408,0.5414855,1.96922,0.05186479,0.01444658,0.0739572
1,41.1,1.2479,0.5421748,1.974388,1.246485,0.5427416,1.973768,0.05237326,0.01461364,0.07478354
1,41.2,1.251003,0.5434268,1.978934,1.249565,0.5439986,1.978294,0.0528805,0.01477179,0.07561886
1,41.3,1.254107,0.5446774,1.98346,1.252647,0.5452543,1.982801,0.05339511,0.01491831,0.07641723
1,41.4,1.257213,0.5459385,1.987956,1.25573,0.5465198,1.987275,0.05391653,0.01505412,0.07717849
1,41.5,1.260324,0.5472067,1.99245,1.258819,0.5477925,1.991748,0.05444264,0.01517189,0.07790413
1,41.6,1.263436,0.5484724,1.996926,1.261907,0.5490629,1.996201,0.05497803,0.015288,0.07861098
1,41.7,1.26655,0.5497346,2.001381,1.264997,0.5503305,2.000632,0.05552483,0.0154206,0.07933411
1,41.8,1.269669,0.5510056,2.005862,1.268091,0.5516066,2.005087,0.05608031,0.01556525,0.0800895
1,41.9,1.272782,0.5522664,2.010335,1.271179,0.5528729,2.009536,0.05664123,0.01570325,0.08083411
1,42,1.275728,0.5532228,2.014015,1.274272,0.5539942,2.013453,0.05156507,0.01598025,0.07948262
1,42.1,1.278836,0.5544707,2.018447,1.277357,0.5552509,2.01787,0.05207373,0.01610431,0.08013113
1,42.2,1.281956,0.5557124,2.022867,1.280453,0.5565019,2.022275,0.05258945,0.01623211,0.08077212
1,42.3,1.285075,0.5569437,2.02728,1.283549,0.5577426,2.026673,0.05310144,0.01635998,0.08139287
1,42.4,1.288194,0.5581739,2.0317,1.286643,0.5589829,2.031079,0.05362533,0.01647851,0.08199819
1,42.5,1.291316,0.5593948,2.036135,1.28974,0.5602141,2.035497,0.05415986,0.01659688,0.08265695
1,42.6,1.294441,0.5606131,2.040609,1.292839,0.5614433,2.039956,0.05470393,0.01671939,0.08336596
1,42.7,1.29756,0.5618243,2.045077,1.295932,0.5626657,2.044407,0.05525991,0.01684948,0.08411747
1,42.8,1.300673,0.5630251,2.04953,1.299018,0.5638776,2.048844,0.0558245,0.01697168,0.08490192
1,42.9,1.303785,0.5642276,2.053966,1.302102,0.5650918,2.053265,0.05639315,0.01708437,0.0856463
1,43,1.306719,0.5656548,2.0595,1.305155,0.5664638,2.059131,0.05460883,0.01563822,0.08259302
1,43.1,1.30983,0.5668542,2.063969,1.30824,0.5676733,2.063593,0.05518084,0.01572089,0.08347464
1,43.2,1.312937,0.5680519,2.068441,1.311321,0.5688812,2.068058,0.05574949,0.01579869,0.08428851
1,43.3,1.316042,0.5692392,2.072897,1.3144,0.5700786,2.072506,0.05631924,0.01587371,0.08497922
1,43.4,1.319152,0.5704195,2.077385,1.317484,0.5712687,2.076985,0.05689207,0.01594379,0.08568543
1,43.5,1.322251,0.5716027,2.081879,1.320556,0.5724613,2.08147,0.05746918,0.01601131,0.08641226
1,43.6,1.325344,0.5727881,2.086346,1.323621,0.5736569,2.08593,0.05806232,0.01609201,0.0871793
1,43.7,1.328431,0.5739693,2.090799,1.32668,0.5748478,2.090374,0.05866795,0.01617209,0.08794267
1,43.8,1.331529,0.5751512,2.09528,1.329749,0.5760394,2.094847,0.05928807,0.01624608,0.08872897
1,43.9,1.334638,0.5763316,2.099772,1.332828,0.5772294,2.09933,0.05992176,0.0163233,0.08950604
1,44,1.337212,0.5772745,2.102329,1.335678,0.5782358,2.101839,0.05223336,0.01831122,0.07510643
1,44.1,1.340319,0.5784607,2.106828,1.33876,0.5794337,2.106317,0.05276281,0.01844403,0.07582874
1,44.2,1.343434,0.579661,2.111359,1.34185,0.5806446,2.110826,0.0532902,0.01857393,0.07648821
1,44.3,1.346561,0.5808597,2.115896,1.344953,0.581854,2.11534,0.05382602,0.01870271,0.07713149
1,44.4,1.349686,0.5820505,2.120445,1.348053,0.583056,2.119867,0.05436858,0.0188352,0.07778955
1,44.5,1.352814,0.5832415,2.125005,1.351154,0.5842591,2.124403,0.05491779,0.01897235,0.07848905
1,44.6,1.355958,0.5844401,2.129563,1.354272,0.5854701,2.128937,0.05546797,0.01910887,0.07919108
1,44.7,1.359103,0.585637,2.134095,1.357391,0.5866796,2.133445,0.05602121,0.01925374,0.07989409
1,44.8,1.36225,0.5868307,2.138606,1.36051,0.5878859,2.137931,0.05657702,0.01939712,0.08059881
1,44.9,1.365391,0.5880269,2.143103,1.363625,0.5890947,2.142403,0.05713357,0.01953723,0.0813081
1,45,1.367997,0.589621,2.148236,1.366584,0.5903132,2.147501,0.05223192,0.01945908,0.08185969
1,45.1,1.371141,0.5908263,2.152692,1.369709,0.5915237,2.151936,0.05270442,0.01957825,0.08280306
1,45.2,1.37428,0.5920235,2.157117,1.372828,0.5927261,2.15634,0.05318534,0.01968694,0.08371549
1,45.3,1.377411,0.5932188,2.161516,1.375939,0.5939278,2.160717,0.05367827,0.0198004,0.08463562
1,45.4,1.380548,0.5944072,2.165916,1.379054,0.5951224,2.165094,0.05418482,0.01991701,0.08558399
1,45.5,1.383681,0.5955929,2.170307,1.382166,0.5963146,2.169461,0.05469878,0.02003917,0.08657927
1,45.6,1.386813,0.596771,2.174672,1.385275,0.5974996,2.1738,0.05522572,0.02015372,0.08760351
1,45.7,1.389952,0.5979541,2.179035,1.388392,0.5986895,2.178137,0.05575801,0.02027433,0.08866796
1,45.8,1.393093,0.5991521,2.183392,1.391509,0.5998945,2.182468,0.05630587,0.0203981,0.08977947
1,45.9,1.396242,0.6003553,2.187752,1.394633,0.6011045,2.1868,0.05686589,0.02052092,0.09090708
1,46,1.399575,0.6020585,2.193642,1.398045,0.6026781,2.192162,0.0569506,0.0185994,0.08676991
1,46.1,1.402724,0.6032676,2.197954,1.401169,0.6038949,2.196447,0.05751762,0.0187009,0.08727585
1,46.2,1.405867,0.6044693,2.202235,1.404287,0.605105,2.2007,0.05809218,0.01880603,0.08780251
1,46.3,1.409005,0.605671,2.206526,1.407399,0.6063161,2.204964,0.05867176,0.01891161,0.08837059
1,46.4,1.412149,0.6068754,2.210804,1.410516,0.6075297,2.209216,0.05925789,0.01902199,0.08894821
1,46.5,1.415289,0.6080712,2.215058,1.413628,0.6087348,2.213443,0.05985564,0.01913096,0.08953806
1,46.6,1.418425,0.6092648,2.219264,1.416738,0.6099375,2.217621,0.0604521,0.01923477,0.09012591
1,46.7,1.421553,0.6104605,2.223441,1.419838,0.6111423,2.221771,0.06105001,0.01931931,0.0906741
1,46.8,1.424685,0.6116623,2.227584,1.422943,0.6123531,2.225886,0.06165514,0.01939145,0.09117919
1,46.9,1.427822,0.612871,2.231745,1.426052,0.6135703,2.23002,0.06225818,0.01946612,0.09166597
1,47,1.43089,0.6141503,2.235935,1.429292,0.614939,2.235015,0.05798294,0.017434,0.08845517
1,47.1,1.434033,0.6153467,2.240019,1.432411,0.6161434,2.239086,0.05852366,0.01750957,0.08878705
1,47.2,1.437172,0.6165348,2.244126,1.435526,0.6173402,2.243177,0.05907866,0.01758325,0.08913946
1,47.3,1.440308,0.6177221,2.248225,1.438638,0.6185361,2.247261,0.05963436,0.01765813,0.08946936
1,47.4,1.443435,0.618922,2.252314,1.44174,0.6197444,2.251336,0.06019077,0.01774589,0.0898007
1,47.5,1.446554,0.6201227,2.256388,1.444834,0.6209535,2.255394,0.06074671,0.01783785,0.09011551
1,47.6,1.449673,0.6213278,2.260441,1.447928,0.622167,2.259431,0.06131282,0.01793328,0.09043279
1,47.7,1.452792,0.6225355,2.264444,1.45102,0.6233841,2.263417,0.06189232,0.01803949,0.09078671
1,47.8,1.455906,0.6237391,2.268428,1.454107,0.6245976,2.267383,0.06248957,0.01815254,0.09117149
1,47.9,1.45903,0.6249353,2.272442,1.457202,0.6258039,2.271376,0.06310366,0.0182775,0.09157979
1,48,1.461396,0.6265385,2.277413,1.46001,0.6274401,2.276708,0.05304029,0.01297944,0.07302604
1,48.1,1.464527,0.6277069,2.281412,1.463116,0.6286259,2.280689,0.05359942,0.01307442,0.07340615
1,48.2,1.467672,0.6288762,2.28544,1.466234,0.6298133,2.284698,0.05416219,0.01317622,0.07380834
1,48.3,1.470834,0.6300464,2.289504,1.469369,0.6310026,2.288744,0.05472352,0.01328922,0.07422579
1,48.4,1.474006,0.6312041,2.293525,1.472513,0.6321797,2.292746,0.05528866,0.01340581,0.0746317
1,48.5,1.477176,0.632367,2.297537,1.475656,0.6333617,2.29674,0.05585308,0.01351942,0.07505996
1,48.6,1.480353,0.6335279,2.301524,1.478805,0.6345423,2.300708,0.05641157,0.01363707,0.07546695
1,48.7,1.483532,0.6346896,2.305545,1.481955,0.6357244,2.304709,0.05697318,0.01376986,0.07592139
1,48.8,1.486713,0.6358587,2.309603,1.485108,0.6369142,2.308745,0.05753349,0.01390886,0.07638367
1,48.9,1.489889,0.6370225,2.313653,1.488254,0.6380996,2.312775,0.05808974,0.01405452,0.07716249
1,49,1.493324,0.6384396,2.318095,1.491865,0.6394097,2.31745,0.05427216,0.01563171,0.0844784
1,49.1,1.496485,0.6396313,2.322195,1.495,0.6406179,2.321534,0.05479573,0.01585064,0.08565117
1,49.2,1.499642,0.6408313,2.326321,1.498132,0.641835,2.325645,0.05531484,0.01606107,0.08679801
1,49.3,1.502801,0.6420332,2.330463,1.501264,0.6430543,2.32977,0.05583331,0.01627765,0.0879447
1,49.4,1.505954,0.6432378,2.334608,1.504391,0.6442768,2.333898,0.05635649,0.01649146,0.08911211
1,49.5,1.509109,0.6444447,2.338741,1.507518,0.645502,2.338015,0.0568948,0.0167018,0.08997797
1,49.6,1.512273,0.6456543,2.342867,1.510655,0.646731,2.342124,0.05743302,0.01691649,0.09075299
1,49.7,1.515431,0.6468628,2.346984,1.513785,0.6479595,2.346224,0.0579712,0.0171307,0.09155664
1,49.8,1.518596,0.6480684,2.351109,1.516921,0.6491852,2.350331,0.05851177,0.01734833,0.09235543
1,49.9,1.52177,0.6492781,2.355242,1.520065,0.650416,2.354444,0.05905515,0.01757663,0.09320569
1,50,1.525055,0.6506186,2.359786,1.523385,0.6518502,2.359173,0.05618415,0.02075356,0.08911946
1,50.1,1.528238,0.6518187,2.363926,1.526543,0.6530663,2.3633,0.0566555,0.02104018,0.09012839
1,50.2,1.531415,0.6530221,2.368069,1.529694,0.6542861,2.367432,0.05713581,0.02133211,0.0911515
1,50.3,1.534604,0.6542218,2.37221,1.532857,0.6555025,2.37156,0.05763239,0.02162577,0.09220719
1,50.4,1.537797,0.655426,2.376396,1.536022,0.6567246,2.375733,0.05813741,0.021932,0.093293
1,50.5,1.540994,0.656626,2.380596,1.53919,0.6579431,2.37992,0.05865366,0.02223842,0.09436638
1,50.6,1.5442,0.6578265,2.384788,1.542367,0.6591626,2.3841,0.05917908,0.02255683,0.09545311
1,50.7,1.547407,0.6590236,2.389015,1.545545,0.6603785,2.388315,0.05971752,0.02287583,0.09656031
1,50.8,1.550617,0.6602227,2.393243,1.548723,0.6615967,2.392528,0.06027141,0.02319687,0.09768828
1,50.9,1.553822,0.6614244,2.397464,1.551897,0.6628183,2.396735,0.06083394,0.02351751,0.09881414
1,51,1.556921,0.6618233,2.401534,1.554912,0.6634996,2.400636,0.05957435,0.02490992,0.0987444
1,51.1,1.560124,0.6630374,2.40573,1.558087,0.6647331,2.404813,0.0600987,0.02517253,0.09978141
1,51.2,1.563324,0.6642591,2.40993,1.561258,0.6659733,2.408994,0.06061514,0.02542393,0.1008037
1,51.3,1.566526,0.6654813,2.414144,1.564432,0.6672141,2.413189,0.06113941,0.02567423,0.101853
1,51.4,1.569723,0.6667058,2.41834,1.567599,0.6684577,2.417366,0.06166793,0.02593001,0.1028852
1,51.5,1.572922,0.6679311,2.422533,1.570767,0.6697031,2.421537,0.06220473,0.02619643,0.103917
1,51.6,1.57612,0.6691602,2.426753,1.573935,0.6709528,2.425735,0.06275265,0.02646366,0.1049439
1,51.7,1.579321,0.6703893,2.430972,1.577103,0.6722032,2.429933,0.06330356,0.0267369,0.1059694
1,51.8,1.582527,0.6716166,2.435174,1.580277,0.6734516,2.434112,0.06386307,0.02701419,0.1070026
1,51.9,1.58573,0.6728507,2.439368,1.583448,0.6747071,2.438282,0.06442341,0.02729436,0.108034
1,52,1.588655,0.6744307,2.442974,1.58697,0.6756643,2.442362,0.05760087,0.0218105,0.09469671
1,52.1,1.591848,0.6756937,2.44716,1.590139,0.6769403,2.446535,0.05812803,0.02198298,0.09541108
1,52.2,1.595042,0.6769455,2.451323,1.593307,0.6782054,2.450685,0.05866424,0.02214987,0.09610711
1,52.3,1.598238,0.6782022,2.455477,1.596479,0.679475,2.454826,0.05920396,0.02230458,0.0967849
1,52.4,1.601425,0.6794657,2.459679,1.599641,0.6807523,2.459015,0.0597407,0.02246186,0.09746241
1,52.5,1.604612,0.6807292,2.463841,1.602802,0.6820302,2.463163,0.06028386,0.02262148,0.09818274
1,52.6,1.607797,0.6819928,2.467976,1.605961,0.6833091,2.467284,0.06082691,0.0227692,0.09886418
1,52.7,1.610981,0.6832581,2.472082,1.609119,0.6845902,2.471377,0.0613692,0.02291656,0.09957864
1,52.8,1.61417,0.6845259,2.47624,1.612281,0.6858739,2.475522,0.06190988,0.02306228,0.1002978
1,52.9,1.617356,0.6857963,2.480463,1.61544,0.6871608,2.479733,0.06246281,0.02320502,0.1010269
1,53,1.620089,0.687231,2.484855,1.618682,0.68815,2.4842,0.05454342,0.02009374,0.08576992
1,53.1,1.623266,0.6884924,2.489051,1.62184,0.6894219,2.488386,0.05498229,0.02025269,0.08645733
1,53.2,1.626449,0.689744,2.493221,1.625004,0.6906842,2.492546,0.05542076,0.0204073,0.08712562
1,53.3,1.629632,0.6909921,2.497362,1.628168,0.691943,2.496677,0.05586282,0.02055695,0.0878249
1,53.4,1.632817,0.6922406,2.501483,1.631333,0.6932023,2.500788,0.05631035,0.02070005,0.0885465
1,53.5,1.636003,0.6934903,2.505616,1.634499,0.6944639,2.504911,0.05676955,0.02084804,0.08933059
1,53.6,1.63919,0.6947342,2.50974,1.637665,0.6957197,2.509026,0.05723527,0.02099558,0.09012496
1,53.7,1.642373,0.6959734,2.513818,1.640827,0.6969716,2.513095,0.05770519,0.02115135,0.09096126
1,53.8,1.645551,0.697219,2.517933,1.643982,0.6982308,2.517201,0.05818895,0.02131022,0.09183876
1,53.9,1.648728,0.698469,2.52209,1.647136,0.6994951,2.521349,0.05868065,0.02147508,0.09271372
1,54,1.651655,0.6999205,2.525515,1.649943,0.7012541,2.524796,0.05817255,0.02272065,0.1021555
1,54.1,1.654827,0.7011689,2.529705,1.653092,0.70252,2.528978,0.05862574,0.02296573,0.1030794
1,54.2,1.658003,0.702408,2.533878,1.656244,0.7037765,2.533141,0.05908764,0.02321907,0.1040447
1,54.3,1.661185,0.7036404,2.538046,1.6594,0.7050269,2.537301,0.0595649,0.02347677,0.1050488
1,54.4,1.664372,0.7048812,2.54223,1.662561,0.706286,2.541476,0.06004901,0.02373099,0.1060646
1,54.5,1.667561,0.7061168,2.54642,1.665724,0.7075409,2.545658,0.06054417,0.02399754,0.1071035
1,54.6,1.670743,0.70735,2.550589,1.668877,0.708795,2.549819,0.06105531,0.02427314,0.108168
1,54.7,1.673922,0.7085821,2.554799,1.672027,0.7100486,2.55402,0.06157618,0.02455119,0.109227
1,54.8,1.677102,0.7098096,2.558978,1.675177,0.7112981,2.55819,0.06211001,0.02483761,0.110328
1,54.9,1.680284,0.7110309,2.563147,1.678328,0.7125423,2.562349,0.06264948,0.02512861,0.1114323
1,55,1.683443,0.7120834,2.565926,1.681597,0.713704,2.565486,0.05946699,0.02253226,0.08771756
1,55.1,1.686623,0.7133136,2.570053,1.684751,0.7149525,2.569607,0.05996252,0.02276111,0.08818025
1,55.2,1.689811,0.7145451,2.574189,1.687913,0.7162028,2.573736,0.06045959,0.02299224,0.08867479
1,55.3,1.69299,0.7157861,2.578316,1.691066,0.7174632,2.577857,0.06095258,0.02322512,0.08923242
1,55.4,1.696157,0.7170355,2.582428,1.694206,0.7187328,2.581962,0.06145321,0.02346561,0.08985453
1,55.5,1.699322,0.7182905,2.586526,1.697344,0.7200083,2.586054,0.06195623,0.02371177,0.09049601
1,55.6,1.702487,0.7195509,2.590595,1.70048,0.7212895,2.590116,0.0624721,0.02396427,0.09112908
1,55.7,1.705656,0.7208122,2.594656,1.703622,0.7225712,2.594169,0.06299695,0.02421328,0.09173444
1,55.8,1.708823,0.7220808,2.598764,1.70676,0.7238586,2.598268,0.06353306,0.02444933,0.09228285
1,55.9,1.711988,0.7233475,2.602898,1.709896,0.7251441,2.602392,0.06407593,0.0246903,0.09299445
1,56,1.715366,0.7243201,2.608572,1.713513,0.7258616,2.608138,0.06096333,0.02326636,0.09323647
1,56.1,1.718531,0.7255904,2.612717,1.716652,0.7271491,2.612274,0.06147648,0.02349157,0.09374542
1,56.2,1.721687,0.7268585,2.616864,1.719782,0.7284346,2.616414,0.06199174,0.02372162,0.0942737
1,56.3,1.724832,0.7281268,2.621054,1.7229,0.7297206,2.620597,0.06251536,0.02395232,0.09481495
1,56.4,1.727972,0.729401,2.625258,1.726013,0.7310131,2.624795,0.06305248,0.02418492,0.09534441
1,56.5,1.731117,0.7306839,2.62948,1.729129,0.7323147,2.62901,0.06359278,0.02442392,0.09589923
1,56.6,1.734258,0.7319706,2.633685,1.732242,0.7336197,2.633208,0.06413293,0.02466071,0.09640436
1,56.7,1.737398,0.7332626,2.637893,1.735354,0.7349298,2.637408,0.06467247,0.02488636,0.09684551
1,56.8,1.740545,0.7345605,2.642035,1.738473,0.736246,2.641542,0.06521925,0.02510411,0.0972715
1,56.9,1.743692,0.7358552,2.646164,1.741592,0.7375589,2.645663,0.06576924,0.02531804,0.09768965
1,57,1.746035,0.7376698,2.649901,1.744181,0.739178,2.649532,0.0621322,0.02282013,0.09514389
1,57.1,1.749178,0.7389635,2.654067,1.747296,0.7404933,2.653686,0.06267833,0.0230022,0.09626293
1,57.2,1.752315,0.7402596,2.658228,1.750404,0.7418114,2.657836,0.06323436,0.02319286,0.09740495
1,57.3,1.755458,0.7415618,2.66239,1.753517,0.7431357,2.661986,0.06379152,0.02338894,0.09855959
1,57.4,1.758606,0.7428694,2.666546,1.756636,0.7444656,2.666131,0.06435799,0.02358704,0.09974461
1,57.5,1.761754,0.7441836,2.670716,1.759752,0.745803,2.670288,0.06493716,0.02379178,0.1009144
1,57.6,1.7649,0.7455031,2.674888,1.762867,0.7471466,2.674447,0.06552216,0.02400742,0.102115
1,57.7,1.768039,0.746815,2.679095,1.765974,0.748483,2.67864,0.06612236,0.02422345,0.1033183
1,57.8,1.771187,0.7481229,2.683312,1.769088,0.7498159,2.682842,0.06672656,0.02443764,0.1045071
1,57.9,1.774338,0.7494351,2.687528,1.772207,0.751153,2.687043,0.06733232,0.024647,0.1056496
1,58,1.777703,0.7506944,2.691923,1.775751,0.752295,2.691477,0.06377125,0.0248189,0.09240231
1,58.1,1.78085,0.7520061,2.696202,1.778868,0.7536286,2.695742,0.06435374,0.02496352,0.09288325
1,58.2,1.783999,0.7533165,2.700482,1.781988,0.7549613,2.700007,0.06493929,0.02511598,0.09340467
1,58.3,1.787152,0.7546284,2.704769,1.78511,0.7562956,2.704278,0.06553532,0.02526638,0.0938877
1,58.4,1.790307,0.755945,2.709069,1.788233,0.7576354,2.708562,0.0661398,0.02541963,0.09435092
1,58.5,1.793456,0.7572551,2.713355,1.791351,0.7589702,2.712833,0.06675452,0.02558826,0.09497569
1,58.6,1.796615,0.7585614,2.717649,1.794476,0.7603021,2.717109,0.06737838,0.02576526,0.09588773
1,58.7,1.799777,0.7598753,2.721939,1.797604,0.7616421,2.721383,0.06801269,0.02594128,0.09682346
1,58.8,1.802945,0.7612028,2.726274,1.800737,0.7629956,2.725699,0.06864857,0.02611603,0.0977394
1,58.9,1.806122,0.7625307,2.730635,1.803879,0.7643492,2.730041,0.0692919,0.02627915,0.09861319
1,59,1.808808,0.7639081,2.734651,1.807067,0.7652814,2.734262,0.06218121,0.02135057,0.08956428
1,59.1,1.81197,0.7652215,2.738928,1.810205,0.7666138,2.738535,0.06268005,0.02152436,0.09069386
1,59.2,1.815135,0.7665332,2.743212,1.813344,0.7679448,2.742816,0.06317845,0.02170825,0.09183356
1,59.3,1.818305,0.7678369,2.747496,1.81649,0.7692675,2.747097,0.06368078,0.0218883,0.0929599
1,59.4,1.821483,0.7691388,2.75179,1.819642,0.770589,2.751388,0.06418519,0.02206016,0.09409086
1,59.5,1.824666,0.7704459,2.756095,1.822799,0.7719157,2.75569,0.06469767,0.02222676,0.09525464
1,59.6,1.82785,0.7717531,2.760424,1.825957,0.773243,2.760015,0.06521601,0.02239587,0.0964381
1,59.7,1.831039,0.7730625,2.764758,1.829119,0.7745722,2.764346,0.06574108,0.0225566,0.09762603
1,59.8,1.834224,0.7743796,2.76908,1.832278,0.775909,2.768665,0.06627718,0.02271158,0.0988084
1,59.9,1.83741,0.7757062,2.773417,1.835437,0.7772557,2.772998,0.06683053,0.02286311,0.1000269
1,60,1.839821,0.7778532,2.777971,1.838285,0.7785955,2.77773,0.0630322,0.02466189,0.1103848
2,0,0,0,0,0,0,0,0,0,0
2,0.1,0.006603416,0.001841394,0.009453056,0.003061288,0.001292978,0.004807382,0.005726573,0.001798528,0.008420172
2,0.2,0.01320232,0.003679382,0.01889378,0.006120173,0.00257171,0.009565574,0.01145037,0.003599965,0.01685188
2,0.3,0.01979888,0.005513816,0.02832992,0.009175484,0.003849227,0.01428115,0.01717115,0.00540604,0.02529928
2,0.4,0.0263828,0.00735358,0.03773169,0.01222409,0.005128676,0.01893072,0.02288114,0.007215493,0.03374032
2,0.5,0.03234805,0.009734109,0.04733899,0.01527247,0.006410404,0.0235367,0.02789655,0.009509387,0.04163279
2,0.6,0.03881264,0.01166908,0.05672394,0.01832625,0.007694621,0.02815344,0.03346893,0.01140234,0.04991594
2,0.7,0.04527783,0.01360573,0.06615164,0.02137509,0.008979752,0.03279324,0.03904347,0.01330021,0.05823529
2,0.8,0.05174223,0.01554326,0.07561284,0.02441772,0.01026603,0.03742918,0.04461943,0.01520149,0.0665947
2,0.9,0.05821131,0.01747842,0.08505713,0.02745871,0.01155732,0.04205331,0.05020053,0.01710066,0.07494198
2,1,0.06258854,0.01904813,0.08595174,0.03049939,0.01284283,0.04668553,0.0536373,0.0177156,0.08439953
2,1.1,0.06883174,0.02092975,0.09456376,0.03353849,0.01412962,0.05128137,0.05898688,0.01946696,0.0928621
2,1.2,0.07507273,0.02280773,0.1031864,0.03658062,0.01541533,0.0558663,0.06433112,0.02121845,0.1013361
2,1.3,0.08132079,0.02467427,0.1117962,0.03962531,0.01670419,0.06047414,0.06968141,0.02295781,0.1097956
2,1.4,0.08757048,0.02653754,0.1203733,0.04267905,0.01799682,0.06512301,0.07502815,0.02469186,0.1182226
2,1.5,0.08674271,0.02425216,0.1245542,0.04574114,0.01927721,0.06976313,0.07117102,0.0245477,0.1051384
2,1.6,0.09250777,0.02588255,0.1328612,0.04880582,0.02055522,0.07438476,0.07588262,0.02620823,0.1121714
2,1.7,0.09827824,0.02752448,0.1411744,0.05186943,0.02183561,0.07900649,0.08059776,0.0278896,0.1192119
2,1.8,0.1040471,0.02917012,0.1494939,0.05492836,0.02310606,0.08364925,0.08531657,0.02957425,0.1262452
2,1.9,0.1098112,0.03082528,0.1578424,0.0579808,0.02437937,0.0883403,0.09003529,0.03126162,0.1332813
2,2,0.1061834,0.0318517,0.1609603,0.06102646,0.02565313,0.09304698,0.083138,0.03207545,0.1432738
2,2.1,0.1114814,0.03346004,0.1690159,0.06407624,0.02692515,0.097769,0.08728143,0.03370425,0.1504372
2,2.2,0.1167784,0.03506323,0.1770657,0.06713019,0.02820161,0.1025113,0.0914207,0.03532382,0.1575924
2,2.3,0.1220709,0.03666301,0.1851125,0.0701723,0.02947978,0.1072394,0.09556123,0.03694322,0.1647651
2,2.4,0.1273603,0.03825723,0.1931498,0.07321054,0.03075078,0.1119737,0.09970071,0.03856284,0.1719452
2,2.5,0.1203972,0.03670442,0.180156,0.07624832,0.03201192,0.1166988,0.08755603,0.03730305,0.1543275
2,2.6,0.1251879,0.03816744,0.1871972,0.07928388,0.03326063,0.1213934,0.09104394,0.03879818,0.1605319
2,2.7,0.1299796,0.03963172,0.1942456,0.08232318,0.03449898,0.1260681,0.09453294,0.04029609,0.1667617
2,2.8,0.1347781,0.04110717,0.2013248,0.0853651,0.03574559,0.1307884,0.09802817,0.04179968,0.1730042
2,2.9,0.139573,0.04258594,0.2084442,0.08839485,0.03699954,0.1354824,0.1015279,0.04330331,0.1792201
2,3,0.1348035,0.04786962,0.2160928,0.09143159,0.03825527,0.1401888,0.0919547,0.04749748,0.1742148
2,3.1,0.1393125,0.04948604,0.2232956,0.09447245,0.03951898,0.1449219,0.0950555,0.04909864,0.1800588
2,3.2,0.143824,0.05110467,0.2305042,0.09751176,0.04078662,0.1496504,0.09816397,0.05069372,0.1858867
2,3.3,0.1483471,0.05272085,0.2377383,0.1005592,0.04205415,0.1543836,0.1012796,0.05229017,0.191679
2,3.4,0.1528698,0.05433497,0.244954,0.1036049,0.04332316,0.1591387,0.1043967,0.05388241,0.1974295
2,3.5,0.154233,0.0564101,0.2462206,0.1066467,0.04459392,0.1639193,0.1020362,0.05746116,0.1976475
2,3.6,0.1586551,0.0580426,0.2532668,0.109687,0.04586476,0.1687033,0.1049892,0.05911229,0.2032614
2,3.7,0.1630885,0.05967412,0.2603369,0.1127355,0.04714349,0.1734978,0.1079527,0.06075263,0.208864
2,3.8,0.1675282,0.0613098,0.2674247,0.1157854,0.04842797,0.1783034,0.1109242,0.06239256,0.2144538
2,3.9,0.1719712,0.0629445,0.2745218,0.1188449,0.04970866,0.1830853,0.11389,0.06403579,0.2200275
2,4,0.1703522,0.0639632,0.2714684,0.1219048,0.05099691,0.1878928,0.1090762,0.06221808,0.227457
2,4.1,0.174648,0.06558568,0.2782504,0.1249691,0.0522838,0.1927201,0.1118513,0.06377136,0.2329897
2,4.2,0.1789413,0.06719161,0.2849727,0.1280384,0.05356848,0.1975314,0.1146226,0.06529853,0.238442
2,4.3,0.1832363,0.06879908,0.2916816,0.131114,0.05486286,0.2023508,0.1173913,0.06681614,0.2438636
2,4.4,0.1875335,0.07040784,0.2984148,0.1341915,0.05616349,0.2071918,0.1201588,0.06833422,0.2492968
2,4.5,0.1811745,0.06576351,0.2875185,0.137269,0.05745723,0.212049,0.1056519,0.06317405,0.2319693
2,4.6,0.1852324,0.06721388,0.2938744,0.1403528,0.05874827,0.2169009,0.1080309,0.06451843,0.2368929
2,4.7,0.189301,0.06865447,0.3002235,0.1434468,0.06003237,0.2217421,0.1104177,0.06585384,0.2418016
2,4.8,0.1933736,0.07009579,0.3065889,0.1465451,0.06131925,0.2266179,0.1128068,0.06718574,0.246729
2,4.9,0.1974359,0.07154401,0.3129777,0.1496337,0.06261335,0.2314569,0.1151864,0.06852601,0.2516899
2,5,0.1935041,0.0595505,0.2665895,0.1527148,0.06390428,0.236244,0.1085263,0.04393099,0.18381
2,5.1,0.1974011,0.06073058,0.2719995,0.1557926,0.06518521,0.2410328,0.1107264,0.04475275,0.1874416
2,5.2,0.2012921,0.06191041,0.2773994,0.158868,0.06646343,0.2458165,0.1129195,0.04557714,0.1910512
2,5.3,0.2051798,0.06310227,0.2828166,0.1619381,0.0677518,0.2506049,0.1151131,0.0464056,0.1946262
2,5.4,0.209073,0.06429402,0.2882002,0.1650082,0.0690451,0.2553546,0.1173087,0.04724699,0.1982179
2,5.5,0.2137238,0.07421343,0.2996564,0.1680707,0.07033337,0.2600926,0.1149761,0.07066153,0.2430712
2,5.6,0.2176324,0.07555579,0.3051471,0.1711323,0.07161776,0.2648874,0.1171138,0.07191023,0.2474208
2,5.7,0.2215367,0.07689196,0.3106199,0.1741894,0.0729005,0.269684,0.1192504,0.07315401,0.2517608
2,5.8,0.2254442,0.07823286,0.3161144,0.177253,0.07418388,0.2744856,0.121384,0.07440054,0.256088
2,5.9,0.229362,0.07958401,0.321632,0.1803241,0.07547642,0.2792837,0.1235239,0.07565206,0.2604216
2,6,0.213079,0.07458297,0.3177094,0.1833988,0.07676913,0.2840984,0.09404675,0.05239933,0.185138
2,6.1,0.216682,0.07582161,0.3231258,0.1864837,0.07806053,0.2889199,0.09567337,0.0532544,0.1882565
2,6.2,0.2202943,0.07706246,0.3285093,0.1895745,0.07935595,0.2936934,0.09730565,0.0541138,0.1913847
2,6.3,0.2239006,0.0783031,0.3338536,0.1926574,0.08065334,0.2984241,0.09893608,0.05497683,0.1945388
2,6.4,0.2275057,0.07954662,0.3392076,0.195739,0.08195602,0.303176,0.1005658,0.05583732,0.1976722
2,6.5,0.22363,0.07913969,0.3288446,0.1988296,0.08325926,0.3079672,0.08900818,0.04494615,0.1577087
2,6.6,0.227107,0.08038209,0.3339391,0.2019166,0.08455718,0.3127071,0.09039622,0.04567187,0.1604374
2,6.7,0.2305793,0.08161811,0.3391499,0.2050015,0.08584255,0.3174368,0.09178485,0.0463931,0.1631276
2,6.8,0.2340484,0.08283732,0.3443416,0.2080792,0.08711826,0.3221662,0.093177,0.04711163,0.1658158
2,6.9,0.2375222,0.08405169,0.349546,0.2111557,0.08839179,0.3268799,0.09457759,0.04783888,0.1685192
2,7,0.2363019,0.08675448,0.3682291,0.2142333,0.08966865,0.3316238,0.08485638,0.04870601,0.183181
2,7.1,0.2397176,0.08799097,0.3737183,0.2173057,0.09094711,0.3363662,0.08612407,0.04944824,0.1858034
2,7.2,0.2431377,0.08922345,0.3792185,0.2203807,0.09221973,0.3411118,0.08739155,0.050205,0.188428
2,7.3,0.246552,0.09045835,0.3847503,0.2234537,0.09349006,0.3458515,0.08865328,0.05096052,0.1910514
2,7.4,0.2499656,0.0916854,0.3902832,0.2265245,0.09475506,0.3505276,0.0899153,0.05171749,0.1936854
2,7.5,0.245852,0.09239966,0.3681058,0.2295952,0.09601461,0.3551811,0.07678431,0.0353381,0.1315217
2,7.6,0.2491524,0.09361639,0.3729317,0.2326634,0.09727368,0.3598198,0.07785818,0.03582945,0.1336831
2,7.7,0.2524527,0.09483436,0.3777821,0.2357306,0.09853104,0.3644706,0.07893751,0.03632108,0.1358571
2,7.8,0.2557554,0.096049,0.3826184,0.2387984,0.09978611,0.3691074,0.08002263,0.03681086,0.1380506
2,7.9,0.2590684,0.09726132,0.3874325,0.2418745,0.1010399,0.3737276,0.08111148,0.03730752,0.1402446
2,8,0.2591408,0.1028488,0.3956298,0.2449554,0.1022887,0.3783409,0.07644276,0.03861393,0.1438434
2,8.1,0.2624125,0.1041156,0.400478,0.2480357,0.1035381,0.3829579,0.07746144,0.03909816,0.1458327
2,8.2,0.265683,0.105382,0.4053096,0.2511141,0.1047859,0.3875737,0.07848538,0.03957989,0.1478176
2,8.3,0.26896,0.1066517,0.4101339,0.2541981,0.1060358,0.3921969,0.07951128,0.04006814,0.1498363
2,8.4,0.2722337,0.1079267,0.4149569,0.2572792,0.1072885,0.3968222,0.08053774,0.04055916,0.1519088
2,8.5,0.2712775,0.1116147,0.4142894,0.2603645,0.1085562,0.4013588,0.0678092,0.04405007,0.1614572
2,8.6,0.2744856,0.1129419,0.4192598,0.263439,0.109819,0.406049,0.06864402,0.04461676,0.1637793
2,8.7,0.2776992,0.1142726,0.4242553,0.2665172,0.1110835,0.4107363,0.06948823,0.04518468,0.1661133
2,8.8,0.280907,0.1156006,0.4292641,0.2695894,0.1123471,0.4154264,0.07033185,0.04574902,0.1684565
2,8.9,0.2841159,0.1169274,0.4342928,0.2726621,0.1136106,0.4201375,0.07117329,0.04631706,0.1708194
2,9,0.2830419,0.1138886,0.4282723,0.2757212,0.1148937,0.4249913,0.0577043,0.02389235,0.08946704
2,9.1,0.2861986,0.1151594,0.433063,0.2787928,0.1161565,0.4297635,0.0583892,0.02418829,0.09058364
2,9.2,0.2893552,0.1164263,0.4378501,0.2818642,0.117416,0.4345304,0.0590787,0.02447008,0.09169054
2,9.3,0.2925137,0.1176828,0.4426134,0.2849351,0.1186642,0.439276,0.05978359,0.02474783,0.09281102
2,9.4,0.2956759,0.1189404,0.4473612,0.2880086,0.1199128,0.4440086,0.0604965,0.02502226,0.0939644
2,9.5,0.3003886,0.1178905,0.4512083,0.291091,0.1211767,0.4487446,0.06541646,0.02232959,0.1014119
2,9.6,0.3035638,0.1191314,0.4559269,0.2941619,0.1224341,0.4534528,0.06617238,0.02254925,0.1023992
2,9.7,0.306739,0.1203715,0.4606571,0.2972307,0.1236928,0.458169,0.06693745,0.0227584,0.1033836
2,9.8,0.3099128,0.1216167,0.4653824,0.3002968,0.1249571,0.4628802,0.06770603,0.02296828,0.1043569
2,9.9,0.313095,0.1228647,0.4701305,0.3033727,0.1262242,0.4676151,0.06846883,0.0231814,0.1053318
2,10,0.3163796,0.1234226,0.4741549,0.3064732,0.1274954,0.4725556,0.06549186,0.03095334,0.1297772
2,10.1,0.3195663,0.12467,0.4789521,0.3095641,0.1287678,0.4773334,0.06618006,0.03122566,0.1310864
2,10.2,0.3227694,0.1259142,0.4837729,0.3126722,0.1300364,0.482134,0.06687301,0.03148681,0.1323187
2,10.3,0.3259689,0.1271568,0.4885783,0.3157794,0.1313025,0.4869189,0.06755596,0.03174561,0.1335485
2,10.4,0.3291754,0.1283955,0.4933526,0.318895,0.1325642,0.4916734,0.06823956,0.0319914,0.134748
2,10.5,0.3312374,0.1303014,0.4992896,0.3219821,0.1338412,0.4965206,0.06373102,0.03396281,0.122864
2,10.6,0.3344358,0.1315572,0.504122,0.3251011,0.1351108,0.5013136,0.06435953,0.03424706,0.1239409
2,10.7,0.3376248,0.1328116,0.5089654,0.3282125,0.1363767,0.5061146,0.06498042,0.03453289,0.1250307
2,10.8,0.3408146,0.1340758,0.5138317,0.3313236,0.1376506,0.5109362,0.06560976,0.03482031,0.1261221
2,10.9,0.3440061,0.1353426,0.518742,0.3344366,0.1389255,0.5157981,0.0662441,0.03510207,0.1272172
2,11,0.3466933,0.1368796,0.5220171,0.337531,0.1401858,0.5205676,0.06624302,0.03261724,0.1366253
2,11.1,0.3498837,0.1381521,0.5268927,0.3406443,0.141466,0.525421,0.06688915,0.03285646,0.1377325
2,11.2,0.3530727,0.1394211,0.5317448,0.3437531,0.1427454,0.5302482,0.06754468,0.03309819,0.1388518
2,11.3,0.3562568,0.1407031,0.5365933,0.3468557,0.1440374,0.5350698,0.06820484,0.03334347,0.1399978
2,11.4,0.3594298,0.1419855,0.5413988,0.3499477,0.1453313,0.5398497,0.06885959,0.03358442,0.1411194
2,11.5,0.3616725,0.1449803,0.5463221,0.3530447,0.1466404,0.5447214,0.06837575,0.03294839,0.1226416
2,11.6,0.3648382,0.1462794,0.5511077,0.3561308,0.1479336,0.5494907,0.06904398,0.03321965,0.1237295
2,11.7,0.3679998,0.1475819,0.5558671,0.3592114,0.1492307,0.5542332,0.06971577,0.03349572,0.1248392
2,11.8,0.3711578,0.1488879,0.560599,0.3622897,0.1505293,0.5589488,0.07038005,0.03378006,0.1259334
2,11.9,0.3743166,0.1501939,0.5653438,0.3653659,0.1518292,0.5636779,0.07105264,0.03407438,0.127082
2,12,0.3756158,0.1520729,0.5706375,0.3684382,0.153105,0.5681516,0.06419948,0.03111413,0.1124851
2,12.1,0.3787517,0.1533949,0.5753863,0.371506,0.1544222,0.5728486,0.06482919,0.03133805,0.113354
2,12.2,0.3818874,0.154723,0.5801269,0.3745732,0.1557459,0.5775379,0.06545928,0.0315606,0.1141908
2,12.3,0.3850223,0.1560524,0.584859,0.3776394,0.1570709,0.5822186,0.06609261,0.03177956,0.1150035
2,12.4,0.3881624,0.1573775,0.5895966,0.3807088,0.1583922,0.5869072,0.06673544,0.03200088,0.1158394
2,12.5,0.3895669,0.1588013,0.593455,0.383782,0.1597177,0.5913368,0.05701285,0.03155612,0.121195
2,12.6,0.3926807,0.1601266,0.5981472,0.3868353,0.161043,0.59599,0.0575998,0.03177509,0.1220576
2,12.7,0.3958024,0.1614533,0.6028486,0.3898968,0.1623705,0.6006538,0.05818791,0.03198768,0.1228889
2,12.8,0.3989355,0.1627861,0.6075657,0.3929689,0.1637042,0.6053326,0.05879063,0.03218067,0.1236533
2,12.9,0.4020681,0.1641274,0.6122899,0.3960389,0.1650469,0.6100162,0.05940701,0.03236647,0.1243896
2,13,0.4036178,0.1654135,0.6155168,0.3990551,0.166375,0.614627,0.05208785,0.02607879,0.1054332
2,13.1,0.4067279,0.1667408,0.6202605,0.4021121,0.1677103,0.6193549,0.05265565,0.02621326,0.1061218
2,13.2,0.4098344,0.1680709,0.6249761,0.405166,0.1690475,0.6240543,0.05322437,0.02633999,0.1068108
2,13.3,0.4129391,0.1694076,0.6297246,0.4082183,0.1703899,0.6287875,0.05379393,0.02647046,0.1075253
2,13.4,0.4160539,0.1707493,0.6345315,0.4112796,0.1717377,0.6335773,0.05437424,0.02659274,0.1082737
2,13.5,0.4189321,0.1714343,0.6391258,0.4143141,0.1731112,0.6384373,0.05265446,0.02354137,0.1016278
2,13.6,0.4220529,0.1727584,0.64383,0.4173766,0.1744516,0.6431337,0.05324432,0.02366279,0.1027975
2,13.7,0.4251755,0.1740858,0.648523,0.4204389,0.1757958,0.6478199,0.05384682,0.02378723,0.1039744
2,13.8,0.4283002,0.1754181,0.6532708,0.4235015,0.1771448,0.6525603,0.0544632,0.02390653,0.1051226
2,13.9,0.4314211,0.1767469,0.6580208,0.4265594,0.1784903,0.6573029,0.05508474,0.02403031,0.1062934
2,14,0.4347906,0.1785119,0.6623819,0.4297352,0.1797833,0.6618291,0.05778493,0.02510312,0.09205096
2,14.1,0.4379041,0.1798376,0.667087,0.4327835,0.1811215,0.6665264,0.05841747,0.02524926,0.0928252
2,14.2,0.4410233,0.1811709,0.6718121,0.4358353,0.1824692,0.6712434,0.05905869,0.02539583,0.09362431
2,14.3,0.4441483,0.1825001,0.6765598,0.4388912,0.183814,0.6759825,0.05970875,0.02554253,0.09442299
2,14.4,0.4472785,0.1838259,0.6813136,0.4419527,0.185156,0.6807275,0.06035811,0.02568097,0.0952084
2,14.5,0.4501778,0.1855983,0.6859269,0.4450782,0.1865867,0.6852878,0.0605646,0.02401449,0.09684218
2,14.6,0.4533136,0.1869308,0.6906157,0.4481415,0.1879307,0.6899716,0.06124835,0.02417019,0.09795126
2,14.7,0.456444,0.1882662,0.6952905,0.4511978,0.1892785,0.6946408,0.06193788,0.02432734,0.09909654
2,14.8,0.4595723,0.189597,0.6999563,0.4542526,0.1906212,0.6993003,0.06262378,0.02448401,0.1002753
2,14.9,0.4626916,0.1909266,0.7046074,0.4572984,0.1919632,0.7039417,0.06331092,0.02463142,0.1014695
2,15,0.4649358,0.1924162,0.7095502,0.4603889,0.1931886,0.7085821,0.05935801,0.02054596,0.09328828
2,15.1,0.468032,0.193744,0.7142123,0.4634318,0.1945211,0.7132208,0.05994439,0.02064535,0.09388663
2,15.2,0.4711369,0.1950799,0.7188913,0.4664828,0.1958615,0.7178762,0.06053589,0.02074876,0.09450735
2,15.3,0.4742489,0.1964195,0.7235919,0.4695387,0.1972064,0.7225517,0.06113822,0.02085768,0.09513143
2,15.4,0.4773649,0.1977585,0.7282882,0.4725978,0.1985502,0.7272213,0.06174971,0.02096271,0.09575748
2,15.5,0.4801973,0.1994959,0.7323549,0.4756318,0.1998964,0.7317004,0.06122736,0.0220795,0.09105526
2,15.6,0.4833222,0.2008603,0.7370551,0.478702,0.2012655,0.7363817,0.06183029,0.02217138,0.09183813
2,15.7,0.4864433,0.202233,0.7418119,0.4817675,0.2026422,0.7411197,0.06243909,0.02226943,0.09261804
2,15.8,0.4895595,0.2036171,0.7465721,0.4848279,0.2040304,0.7458606,0.06304813,0.0223682,0.09340766
2,15.9,0.4926744,0.2050009,0.751272,0.4878853,0.2054185,0.7505405,0.06366555,0.02247297,0.09423262
2,16,0.495568,0.2064462,0.7572172,0.4909268,0.2067801,0.7553294,0.06148871,0.02649016,0.1167141
2,16.1,0.4986849,0.2078276,0.7619713,0.4939832,0.2081749,0.7600657,0.06208696,0.02666085,0.1178875
2,16.2,0.5017975,0.2092069,0.7667341,0.4970334,0.2095694,0.7648112,0.06269664,0.02682201,0.1190294
2,16.3,0.5049102,0.2105906,0.7715308,0.5000829,0.2109696,0.7695918,0.06330798,0.02698377,0.1201623
2,16.4,0.5080259,0.211972,0.7763439,0.5031337,0.2123696,0.7743865,0.06392528,0.02714445,0.1212811
2,16.5,0.5106307,0.2135372,0.7802742,0.5061624,0.2137732,0.7794989,0.05934018,0.03122466,0.1342602
2,16.6,0.5137406,0.2149376,0.7850835,0.5092177,0.2151844,0.7843008,0.05987645,0.03146768,0.1352066
2,16.7,0.5168499,0.2163371,0.7898962,0.512272,0.2165936,0.7891065,0.06041802,0.03171136,0.1361891
2,16.8,0.5199632,0.2177378,0.7947361,0.5153303,0.2180036,0.7939393,0.06096465,0.03194858,0.1371668
2,16.9,0.5230794,0.2191386,0.7995574,0.5183913,0.2194148,0.7987535,0.06150937,0.03218421,0.1381424
2,17,0.5254272,0.2205395,0.8060037,0.5214531,0.2208175,0.8037151,0.05750666,0.02784842,0.123763
2,17.1,0.5285233,0.2219287,0.8108921,0.5245033,0.222219,0.8085911,0.05800692,0.0280204,0.1249066
2,17.2,0.5316235,0.2233101,0.8157797,0.5275564,0.2236126,0.8134635,0.05851703,0.02819491,0.126074
2,17.3,0.5347223,0.2246881,0.8206961,0.530606,0.2250037,0.8183621,0.05904113,0.02836758,0.1272525
2,17.4,0.5378168,0.2260692,0.8255872,0.5336499,0.2263983,0.8232312,0.05957725,0.02854037,0.1284157
2,17.5,0.5408058,0.2269268,0.8298391,0.5366656,0.2277807,0.8282097,0.05793841,0.02782011,0.1244498
2,17.6,0.5439008,0.2283082,0.834751,0.5397074,0.22918,0.833103,0.05848248,0.0280035,0.1255889
2,17.7,0.5469863,0.2296849,0.8396698,0.5427403,0.2305734,0.8380032,0.05902988,0.02817353,0.126713
2,17.8,0.550073,0.2310731,0.8445739,0.5457727,0.231979,0.8428897,0.05958917,0.0283416,0.1278518
2,17.9,0.5531659,0.2324622,0.8494472,0.548811,0.2333852,0.8477442,0.06015199,0.02851126,0.1290208
2,18,0.5557104,0.2340136,0.8543481,0.5519929,0.2347731,0.8528568,0.05493406,0.02831971,0.09135152
2,18.1,0.5587927,0.2353932,0.8592203,0.5550283,0.2361653,0.8577138,0.05544837,0.02851499,0.092251
2,18.2,0.5618733,0.2367755,0.8641192,0.5580606,0.2375605,0.8625971,0.05597567,0.02870769,0.09315213
2,18.3,0.5649567,0.2381527,0.869021,0.5610944,0.2389529,0.8674853,0.05650862,0.02889709,0.09408676
2,18.4,0.5680415,0.2395314,0.8739342,0.5641292,0.2403468,0.8723849,0.05704149,0.0290907,0.09506401
2,18.5,0.570603,0.2418371,0.8777697,0.5670414,0.2416492,0.8765891,0.05626599,0.03199158,0.1096678
2,18.6,0.5736805,0.2432289,0.882606,0.5700701,0.2430486,0.8814145,0.05679982,0.03222282,0.1104865
2,18.7,0.5767586,0.2446255,0.8874232,0.5730993,0.2444523,0.8862206,0.05733258,0.03246441,0.1113318
2,18.8,0.5798379,0.2460231,0.892255,0.5761289,0.2458572,0.8910416,0.0578614,0.03271885,0.1121631
2,18.9,0.5829204,0.2474255,0.8971073,0.5791613,0.2472665,0.8958845,0.05838636,0.03299276,0.1130595
2,19,0.5864129,0.2480388,0.9011364,0.5821844,0.2485462,0.9004527,0.06210806,0.02981824,0.1025311
2,19.1,0.589515,0.2494355,0.905974,0.5852232,0.2499601,0.9052743,0.06272315,0.03006251,0.1034182
2,19.2,0.5926116,0.2508239,0.910803,0.5882562,0.2513661,0.9100863,0.06333818,0.03030978,0.1043002
2,19.3,0.595709,0.2522168,0.9156554,0.5912887,0.2527771,0.9149218,0.06395841,0.03056338,0.1051801
2,19.4,0.598807,0.2536069,0.9205063,0.5943198,0.2541859,0.919756,0.0645872,0.03082931,0.1060617
2,19.5,0.6019965,0.2543047,0.9250853,0.5973144,0.2555633,0.9247395,0.06326493,0.03249601,0.101863
2,19.6,0.6050942,0.255678,0.9299676,0.600347,0.2569618,0.9296165,0.06386351,0.03274712,0.1027752
2,19.7,0.60819,0.2570484,0.9348569,0.6033779,0.2583564,0.9345005,0.06446,0.03300304,0.1037094
2,19.8,0.6112795,0.2584227,0.9397324,0.6064013,0.2597549,0.939371,0.0650597,0.0332685,0.1046501
2,19.9,0.6143696,0.2597991,0.9446161,0.6094231,0.2611571,0.9442493,0.06567248,0.03353808,0.1056214
2,20,0.6167455,0.2620543,0.9499335,0.612504,0.2626218,0.9494077,0.06288925,0.03205219,0.1170068
2,20.1,0.6198384,0.2634421,0.9548516,0.6155327,0.2640306,0.9543148,0.06350987,0.03229332,0.1179523
2,20.2,0.6229258,0.264838,0.9597664,0.6185556,0.2654472,0.9592175,0.0641309,0.03253903,0.1188753
2,20.3,0.6260109,0.2662417,0.9646812,0.6215751,0.2668725,0.9641185,0.06475803,0.03278367,0.1197854
2,20.4,0.6291016,0.2676374,0.9695558,0.6246004,0.2682904,0.9689787,0.06537964,0.03302683,0.1206892
2,20.5,0.6314071,0.2697289,0.9744029,0.6275784,0.2695936,0.9733423,0.06150593,0.03413081,0.1465445
2,20.6,0.6344831,0.271122,0.9792776,0.6305987,0.271002,0.9781942,0.06210816,0.03431104,0.1475133
2,20.7,0.6375551,0.272512,0.9841395,0.6336143,0.2724081,0.9830345,0.06271116,0.0344958,0.1484748
2,20.8,0.6406254,0.2739013,0.9890198,0.6366269,0.2738144,0.987893,0.06331967,0.03468506,0.1494512
2,20.9,0.6436925,0.2752952,0.9938994,0.6396348,0.2752268,0.9927508,0.06393684,0.03487156,0.150444
2,21,0.6459129,0.2770663,0.9986994,0.6426242,0.276679,0.9978074,0.05883573,0.0321125,0.1359827
2,21.1,0.6489774,0.2784667,1.003621,0.6456367,0.2780949,1.00271,0.05943092,0.03227229,0.1369725
2,21.2,0.6520419,0.2798685,1.008583,0.6486479,0.2795134,1.007653,0.06003379,0.03243188,0.1379784
2,21.3,0.6551076,0.2812664,1.013547,0.6516596,0.2809288,1.012597,0.06063809,0.03259183,0.1389836
2,21.4,0.65817,0.2826591,1.018545,0.6546682,0.2823387,1.017576,0.06123689,0.03275547,0.1400061
2,21.5,0.6610146,0.2835616,1.023514,0.6577829,0.283804,1.022762,0.05823838,0.02790102,0.1221888
2,21.6,0.6640691,0.2849418,1.028544,0.6607871,0.2852044,1.027777,0.05880908,0.02805174,0.1229845
2,21.7,0.6671213,0.2863219,1.033608,0.6637884,0.2866042,1.032827,0.05938051,0.02821173,0.1238045
2,21.8,0.6701736,0.2877037,1.038665,0.6667895,0.2880052,1.037869,0.05995801,0.02836968,0.1246522
2,21.9,0.6732179,0.2890878,1.043722,0.6697816,0.289408,1.042911,0.06054079,0.02853969,0.1255522
2,22,0.676182,0.2908783,1.048851,0.6728355,0.2907468,1.047954,0.06000791,0.03222095,0.145447
2,22.1,0.6792295,0.292273,1.05392,0.6758328,0.2921526,1.05301,0.06059467,0.03241095,0.1464863
2,22.2,0.6822784,0.2936633,1.058979,0.6788303,0.293555,1.058056,0.06119012,0.03259638,0.1475123
2,22.3,0.6853327,0.2950534,1.064039,0.681832,0.2949575,1.063101,0.06179838,0.03278061,0.1485564
2,22.4,0.6883868,0.2964447,1.069069,0.6848322,0.2963611,1.068115,0.06241586,0.03296962,0.1496416
2,22.5,0.691325,0.2976702,1.074117,0.6879812,0.297754,1.073284,0.05877186,0.03419241,0.1350901
2,22.6,0.6943664,0.2990595,1.079177,0.6909735,0.2991567,1.078328,0.05934308,0.03438974,0.1360599
2,22.7,0.6974015,0.3004455,1.084227,0.6939589,0.300555,1.083361,0.05992647,0.03458443,0.1370843
2,22.8,0.7004467,0.3018219,1.089294,0.6969535,0.301944,1.088412,0.06052025,0.03477191,0.1381167
2,22.9,0.7034922,0.3031932,1.094368,0.6999461,0.3033289,1.093469,0.06113659,0.03495703,0.1391565
2,23,0.7060156,0.3046683,1.099496,0.7029562,0.3046825,1.098594,0.05666022,0.03390476,0.1264237
2,23.1,0.7090404,0.3060452,1.104606,0.7059359,0.3060696,1.10368,0.05724442,0.03405353,0.127376
2,23.2,0.7120657,0.3074147,1.109718,0.7089156,0.3074503,1.108769,0.05783338,0.03419388,0.1283367
2,23.3,0.7150989,0.3087755,1.114856,0.7119024,0.3088225,1.113883,0.05843004,0.03433185,0.1293023
2,23.4,0.7181386,0.3101298,1.11999,0.7148963,0.3101887,1.118996,0.05901645,0.03446823,0.1302345
2,23.5,0.7209175,0.3114123,1.125195,0.7177939,0.3116284,1.123921,0.05723203,0.03387899,0.1173596
2,23.6,0.7239582,0.3127545,1.130331,0.7207882,0.3129844,1.129035,0.05783592,0.03399943,0.1182381
2,23.7,0.7269994,0.3141043,1.135488,0.7237825,0.3143471,1.134168,0.05844528,0.03412484,0.1191449
2,23.8,0.7300383,0.3154626,1.140657,0.7267749,0.315718,1.139314,0.05904903,0.03424811,0.1200741
2,23.9,0.7330753,0.3168207,1.145798,0.7297639,0.3170905,1.144432,0.05966313,0.03436336,0.1210296
2,24,0.7361877,0.318406,1.150978,0.7327143,0.3185928,1.149277,0.06126431,0.03606656,0.1087232
2,24.1,0.7392131,0.319769,1.156124,0.7356882,0.3199728,1.154397,0.06187768,0.03621843,0.1096598
2,24.2,0.7422338,0.3211288,1.161248,0.7386563,0.3213496,1.159495,0.06250691,0.03635922,0.110589
2,24.3,0.745254,0.3224768,1.166352,0.7416241,0.3227137,1.164574,0.06313466,0.03650592,0.1115401
2,24.4,0.7482771,0.3238206,1.171461,0.7445932,0.3240749,1.169658,0.06376917,0.036657,0.1125054
2,24.5,0.7512876,0.3252421,1.177341,0.7477234,0.325503,1.175002,0.06103043,0.03916029,0.1299234
2,24.6,0.7543146,0.3265923,1.182422,0.7507016,0.3268666,1.18005,0.06160853,0.0393602,0.1309627
2,24.7,0.75735,0.3279461,1.187497,0.7536883,0.328233,1.18509,0.06218727,0.03956297,0.1319938
2,24.8,0.7603894,0.329298,1.192558,0.756679,0.3295966,1.190114,0.06277493,0.03975439,0.1330035
2,24.9,0.7634292,0.3306489,1.197656,0.7596691,0.3309596,1.195174,0.06337249,0.03994347,0.1340244
2,25,0.766193,0.3315773,1.202872,0.7627358,0.3322265,1.200008,0.06135401,0.03421588,0.1245004
2,25.1,0.7692326,0.3329206,1.207967,0.7657287,0.3335844,1.205063,0.06194981,0.03433811,0.1253719
2,25.2,0.7722696,0.3342604,1.213077,0.7687193,0.3349378,1.210136,0.06255014,0.03445535,0.1262191
2,25.3,0.7753,0.3355909,1.218133,0.7717025,0.3362812,1.215157,0.06315728,0.03457784,0.1270637
2,25.4,0.7783321,0.3369222,1.223182,0.7746863,0.337627,1.220166,0.06377221,0.03469315,0.127911
2,25.5,0.781138,0.33804,1.22957,0.7777047,0.338807,1.224762,0.06176383,0.03315035,0.1232611
2,25.6,0.7841706,0.3393768,1.234576,0.7806919,0.3401574,1.229707,0.0623567,0.03326852,0.124107
2,25.7,0.7872045,0.3407067,1.23951,0.7836799,0.3415001,1.234579,0.0629563,0.03338708,0.1249385
2,25.8,0.7902432,0.3420327,1.244448,0.7866707,0.3428408,1.239456,0.06357562,0.03349596,0.1258193
2,25.9,0.7932782,0.3433589,1.249354,0.7896566,0.3441828,1.244306,0.06420686,0.0335939,0.126707
2,26,0.7958462,0.3446327,1.252774,0.7928137,0.3455335,1.249677,0.05927559,0.02740617,0.1088585
2,26.1,0.7988824,0.3459634,1.257702,0.7958055,0.3468806,1.254563,0.05989195,0.02745325,0.1096228
2,26.2,0.8019224,0.3472982,1.262665,0.7988002,0.3482325,1.259483,0.06051489,0.02750053,0.1104046
2,26.3,0.8049614,0.3486375,1.267661,0.8017937,0.349588,1.264436,0.06114327,0.02754414,0.1111627
2,26.4,0.8079954,0.3499772,1.272697,0.8047821,0.3509431,1.269428,0.06177457,0.02758587,0.1119076
2,26.5,0.810874,0.3514891,1.277205,0.8078465,0.3522884,1.274587,0.06051153,0.02723752,0.10325
2,26.6,0.8139039,0.3528381,1.282254,0.8108325,0.3536503,1.279594,0.0611322,0.02729978,0.103878
2,26.7,0.8169289,0.3541882,1.287343,0.8138134,0.3550129,1.284638,0.06175425,0.02736248,0.1044842
2,26.8,0.8199534,0.3555432,1.29246,0.8167942,0.3563795,1.289706,0.06237387,0.0274284,0.1050502
2,26.9,0.8229795,0.3568943,1.297573,0.8197763,0.3577425,1.294774,0.0629932,0.02749066,0.1056129
2,27,0.8258209,0.3579438,1.303598,0.8227736,0.3591964,1.299634,0.05879738,0.02740175,0.1116759
2,27.1,0.8288313,0.3592695,1.308669,0.8257453,0.3605355,1.30465,0.05935943,0.02746778,0.1120179
2,27.2,0.8318407,0.3605965,1.31373,0.8287152,0.3618768,1.309656,0.05992955,0.02752577,0.112357
2,27.3,0.8348501,0.3619324,1.31884,0.8316853,0.3632257,1.314713,0.06050638,0.02757192,0.1127323
2,27.4,0.8378602,0.3632692,1.323949,0.8346556,0.3645764,1.319772,0.06108653,0.02761141,0.1131022
2,27.5,0.8408957,0.364694,1.329399,0.8377397,0.365854,1.324938,0.05918066,0.03228646,0.1157949
2,27.6,0.8439043,0.3660144,1.33447,0.840711,0.3671852,1.32996,0.0597352,0.03237474,0.1162575
2,27.7,0.8469018,0.3673346,1.339522,0.8436713,0.3685162,1.334962,0.06028493,0.03246451,0.116698
2,27.8,0.849894,0.3686545,1.34456,0.8466266,0.3698468,1.339951,0.06082917,0.03254968,0.1171353
2,27.9,0.8528908,0.3699685,1.349613,0.8495849,0.3711735,1.344957,0.06138581,0.03263132,0.1175614
2,28,0.8561581,0.3703909,1.353388,0.8524911,0.3725003,1.350083,0.06127881,0.03279581,0.114568
2,28.1,0.8591614,0.3716996,1.358435,0.8554479,0.3738305,1.355097,0.06189084,0.03288783,0.1151237
2,28.2,0.8621657,0.3729925,1.363431,0.8584043,0.3751468,1.36006,0.06250782,0.0329805,0.1157137
2,28.3,0.8651726,0.37428,1.368413,0.861362,0.3764591,1.365009,0.06313185,0.03307599,0.1163081
2,28.4,0.8681812,0.3755627,1.373378,0.8643211,0.3777671,1.369942,0.06375559,0.03316947,0.1169254
2,28.5,0.8701799,0.3774029,1.377761,0.8672082,0.3788709,1.374833,0.0588268,0.02611098,0.09697458
2,28.6,0.8731862,0.3787036,1.382727,0.8701722,0.380192,1.379775,0.05942033,0.02617032,0.09735939
2,28.7,0.876181,0.3800003,1.387652,0.873123,0.3815098,1.384676,0.06002706,0.02623854,0.0977384
2,28.8,0.879182,0.3812848,1.392554,0.8760797,0.382815,1.389553,0.06063717,0.0263106,0.0981438
2,28.9,0.8821884,0.3825676,1.397457,0.8790418,0.3841176,1.394432,0.06125121,0.0263837,0.09860845
2,29,0.8847424,0.3845981,1.402067,0.8818963,0.3856412,1.399483,0.06113616,0.02355659,0.1060547
2,29.1,0.8877348,0.3858963,1.406946,0.8848494,0.3869548,1.404339,0.06172084,0.02357409,0.1065592
2,29.2,0.8907233,0.3871941,1.411863,0.8877983,0.3882688,1.409234,0.06230147,0.02359861,0.1070909
2,29.3,0.8937127,0.3884975,1.416795,0.8907473,0.3895892,1.414143,0.0628834,0.02362616,0.1076076
2,29.4,0.896698,0.3898058,1.421742,0.8936915,0.3909144,1.419068,0.06347296,0.02365763,0.1081557
2,29.5,0.8993833,0.3912871,1.427053,0.8965589,0.3921764,1.42395,0.06166326,0.02530583,0.1030908
2,29.6,0.9023668,0.3926026,1.431975,0.8995032,0.3935066,1.42885,0.06221914,0.02541612,0.1036144
2,29.7,0.905357,0.393925,1.436945,0.9024527,0.394845,1.433797,0.06278411,0.02553156,0.1041553
2,29.8,0.9083428,0.3952443,1.44193,0.9053961,0.3961821,1.438761,0.0633592,0.0256497,0.1047135
2,29.9,0.9113362,0.3965629,1.446903,0.9083456,0.3975199,1.443713,0.0639462,0.02576956,0.105302
2,30,0.9143052,0.3979701,1.451243,0.9114101,0.398876,1.449307,0.06413814,0.0226253,0.09883163
2,30.1,0.9172997,0.3992772,1.45617,0.9143585,0.4002068,1.454216,0.06475597,0.02266305,0.09969388
2,30.2,0.9203027,0.4005828,1.461059,0.9173154,0.4015357,1.45909,0.06537472,0.0227027,0.1005948
2,30.3,0.9233127,0.4018778,1.465923,0.920279,0.402855,1.46394,0.06599004,0.0227384,0.1014815
2,30.4,0.9263274,0.4031689,1.470755,0.9232463,0.4041719,1.468759,0.06660752,0.02277758,0.1023555
2,30.5,0.9289536,0.4042811,1.475931,0.9260125,0.4052999,1.473358,0.06411888,0.02429552,0.1042007
2,30.6,0.9319641,0.4055754,1.480791,0.9289784,0.4066212,1.478204,0.06471368,0.02431309,0.1045182
2,30.7,0.9349785,0.4068747,1.485694,0.9319465,0.4079495,1.483091,0.06531311,0.02433763,0.1048375
2,30.8,0.9379854,0.4081755,1.490538,0.9349072,0.4092791,1.487919,0.06591005,0.02436532,0.105117
2,30.9,0.9409933,0.4094689,1.495341,0.9378681,0.4106023,1.492704,0.06651195,0.0243874,0.1053996
2,31,0.9440472,0.4115095,1.50181,0.9407989,0.4121211,1.496736,0.06912202,0.03019501,0.1241281
2,31.1,0.9470557,0.4128051,1.506646,0.9437593,0.4134482,1.501543,0.0697171,0.0302209,0.1246876
2,31.2,0.9500603,0.4140951,1.511455,0.9467148,0.4147698,1.506325,0.07032027,0.03025256,0.1252312
2,31.3,0.9530678,0.4153909,1.51624,0.9496726,0.4160983,1.511085,0.07092314,0.0302847,0.1257463
2,31.4,0.9560769,0.4166889,1.521023,0.9526317,0.4174301,1.515848,0.07152485,0.03030909,0.1262024
2,31.5,0.958533,0.417878,1.525549,0.9554798,0.4183034,1.520419,0.06592011,0.03495117,0.1283916
2,31.6,0.9615442,0.4191652,1.530333,0.9584455,0.4196135,1.525183,0.06650977,0.03507392,0.1288737
2,31.7,0.9645613,0.4204497,1.535162,0.961416,0.4209223,1.529994,0.06710819,0.03518997,0.129317
2,31.8,0.9675714,0.4217204,1.539947,0.9643784,0.4222186,1.534763,0.06771423,0.03530605,0.1297346
2,31.9,0.9705812,0.4229892,1.544752,0.9673391,0.423514,1.539552,0.06832729,0.03542489,0.1301496
2,32,0.9735227,0.4237427,1.548467,0.9704092,0.4248778,1.544978,0.06683328,0.02656823,0.1094307
2,32.1,0.976528,0.4250216,1.553302,0.9733662,0.4261879,1.549808,0.06743714,0.02664216,0.1102046
2,32.2,0.9795339,0.4263009,1.558142,0.9763222,0.4274986,1.554644,0.06805865,0.02672082,0.111046
2,32.3,0.9825404,0.4275821,1.562965,0.9792777,0.4288116,1.559465,0.06868668,0.02680474,0.1119063
2,32.4,0.9855479,0.4288549,1.567788,0.9822339,0.4301163,1.564288,0.06931927,0.02688731,0.1127896
2,32.5,0.9878736,0.430736,1.573035,0.9852296,0.4313202,1.569148,0.06489861,0.02354327,0.1113431
2,32.6,0.9908869,0.4320202,1.577865,0.9881995,0.4326254,1.57398,0.06552382,0.02357939,0.1115014
2,32.7,0.9939038,0.4333016,1.582697,0.9911727,0.4339278,1.578814,0.06615031,0.02361149,0.1116416
2,32.8,0.9969268,0.4345829,1.587512,0.9941511,0.4352307,1.583635,0.06678586,0.02364123,0.1117395
2,32.9,0.9999596,0.4358653,1.592339,0.9971387,0.4365349,1.588469,0.06742452,0.02367337,0.1118235
2,33,1.003219,0.4372064,1.597411,1.000224,0.4378985,1.59323,0.06747292,0.0303056,0.1160434
2,33.1,1.006252,0.4385118,1.602262,1.003213,0.4392234,1.598086,0.06808819,0.03039076,0.1161783
2,33.2,1.009288,0.4398161,1.607123,1.006205,0.4405469,1.602951,0.06870043,0.03048427,0.1163376
2,33.3,1.012328,0.4411314,1.611985,1.0092,0.4418823,1.607817,0.06931139,0.03058638,0.1164992
2,33.4,1.015378,0.4424509,1.616842,1.012204,0.443222,1.612676,0.06993407,0.03069768,0.1166782
2,33.5,1.017763,0.4438782,1.620068,1.01528,0.4443793,1.6183,0.06296753,0.0263358,0.1011107
2,33.6,1.020809,0.4452008,1.624918,1.018292,0.4457118,1.623159,0.06351141,0.02649389,0.1017778
2,33.7,1.023857,0.446513,1.629755,1.021305,0.447034,1.628005,0.06405387,0.02665543,0.1024633
2,33.8,1.026907,0.4478203,1.634548,1.024319,0.4483513,1.632805,0.06460031,0.02682204,0.1031889
2,33.9,1.029956,0.4491244,1.639322,1.027332,0.4496657,1.637588,0.06515242,0.02698729,0.1038992
2,34,1.032989,0.4501771,1.643722,1.03044,0.4509127,1.642688,0.06280354,0.0268735,0.09940555
2,34.1,1.036044,0.4514668,1.648485,1.033457,0.4522153,1.647452,0.06336673,0.0270449,0.1004482
2,34.2,1.039106,0.4527706,1.653262,1.036482,0.4535323,1.65223,0.0639341,0.02720897,0.1014569
2,34.3,1.042175,0.4540757,1.658073,1.039513,0.4548504,1.657041,0.06450137,0.027367,0.1024443
2,34.4,1.045238,0.4553766,1.662854,1.042538,0.4561642,1.661822,0.06507342,0.0275303,0.1034158
2,34.5,1.047788,0.4567508,1.668139,1.045593,0.4576329,1.666811,0.05793065,0.02233502,0.09339952
2,34.6,1.050843,0.4580468,1.672896,1.048614,0.4589468,1.671576,0.05841559,0.02252321,0.09404933
2,34.7,1.053905,0.4593458,1.677632,1.051643,0.4602636,1.676322,0.05890667,0.02272257,0.09473516
2,34.8,1.056971,0.4606524,1.682396,1.054675,0.4615883,1.681094,0.05940527,0.02291822,0.09542938
2,34.9,1.060034,0.4619641,1.687196,1.057703,0.4629178,1.685902,0.05991133,0.02313043,0.09618799
2,35,1.062441,0.4631102,1.691469,1.060539,0.4639923,1.690607,0.0533675,0.02081772,0.08460808
2,35.1,1.065512,0.4644161,1.696305,1.063582,0.4653107,1.69545,0.05387139,0.02093494,0.08545246
2,35.2,1.068579,0.4657226,1.701106,1.06662,0.4666304,1.700257,0.05438551,0.0210536,0.08630851
2,35.3,1.071657,0.4670347,1.705891,1.069667,0.4679559,1.705047,0.05491181,0.02116887,0.08716145
2,35.4,1.074738,0.4683375,1.710647,1.072718,0.4692723,1.709807,0.05544683,0.0212938,0.08804461
2,35.5,1.077314,0.469979,1.715158,1.075495,0.4709037,1.714801,0.05216986,0.01969778,0.08046051
2,35.6,1.080406,0.4712901,1.719944,1.078556,0.4722296,1.719582,0.0527167,0.01981652,0.0809952
2,35.7,1.083508,0.4725911,1.72471,1.081627,0.4735453,1.724343,0.05328175,0.01992381,0.08150839
2,35.8,1.086605,0.4738911,1.729424,1.084691,0.4748607,1.729049,0.05386149,0.02002599,0.08201786
2,35.9,1.089696,0.4751861,1.734112,1.087749,0.4761714,1.733729,0.05445524,0.02012953,0.08251136
2,36,1.092812,0.4770668,1.739622,1.091023,0.4778828,1.738924,0.05410968,0.01589613,0.07655608
2,36.1,1.095895,0.4783456,1.74425,1.094073,0.4791795,1.743563,0.05467268,0.01597601,0.07712163
2,36.2,1.098981,0.4796178,1.74885,1.097126,0.4804694,1.748171,0.05524003,0.01605782,0.077678
2,36.3,1.102061,0.4808811,1.753433,1.100173,0.4817503,1.752764,0.0558056,0.01614746,0.07843351
2,36.4,1.105138,0.4821305,1.758,1.103217,0.4830177,1.757338,0.05638418,0.0162513,0.07941427
2,36.5,1.107489,0.4843609,1.762682,1.106088,0.4844428,1.761859,0.05225014,0.01766288,0.07571959
2,36.6,1.110549,0.4856196,1.767244,1.109121,0.4857077,1.76643,0.05280012,0.0177764,0.07645531
2,36.7,1.113608,0.4868749,1.771801,1.112153,0.4869694,1.770996,0.0533545,0.01789117,0.07721653
2,36.8,1.116676,0.4881278,1.776371,1.115193,0.4882288,1.775576,0.05391456,0.01801448,0.07800526
2,36.9,1.119749,0.4893785,1.780952,1.118238,0.4894863,1.780169,0.05447734,0.01814593,0.07881667
2,37,1.122529,0.4906899,1.784709,1.121246,0.4906993,1.784335,0.05045139,0.01846636,0.08552847
2,37.1,1.125592,0.4919414,1.789245,1.124286,0.4919528,1.788875,0.05097333,0.01863231,0.08614927
2,37.2,1.128644,0.4931833,1.793725,1.127313,0.4931963,1.793359,0.05150839,0.01880756,0.08678899
2,37.3,1.131709,0.4944271,1.798186,1.130354,0.4944418,1.797823,0.05204888,0.01898355,0.08743331
2,37.4,1.134778,0.4956735,1.802655,1.133398,0.4956904,1.802296,0.05259462,0.01916093,0.08810487
2,37.5,1.137681,0.496876,1.807109,1.136589,0.4969348,1.806808,0.04563949,0.01904731,0.07258753
2,37.6,1.140737,0.4981284,1.811596,1.139623,0.4981915,1.811296,0.04614424,0.01925061,0.07333133
2,37.7,1.143799,0.4993695,1.816075,1.142662,0.499436,1.815775,0.04666195,0.01946619,0.07411041
2,37.8,1.146866,0.5006081,1.820523,1.145705,0.500678,1.820223,0.04719165,0.01967967,0.07490762
2,37.9,1.14994,0.5018406,1.824959,1.148755,0.5019136,1.824659,0.04772706,0.0198989,0.07572239
2,38,1.152849,0.5027337,1.82896,1.151978,0.5028342,1.828768,0.04106671,0.01532587,0.06599372
2,38.1,1.155928,0.5039552,1.833423,1.155038,0.5040604,1.833222,0.04158526,0.01543045,0.06662768
2,38.2,1.15901,0.505179,1.837889,1.1581,0.5052888,1.83768,0.04210696,0.01553421,0.067256
2,38.3,1.162094,0.506403,1.84238,1.161165,0.5065175,1.842161,0.04263771,0.01562385,0.06788065
2,38.4,1.165175,0.5076278,1.846859,1.164225,0.5077466,1.846629,0.04317719,0.01571402,0.06849975
2,38.5,1.167924,0.5087493,1.851498,1.167102,0.5088765,1.851256,0.04016848,0.01386086,0.05915923
2,38.6,1.170993,0.5099724,1.855981,1.170153,0.5101025,1.855726,0.04067529,0.01396867,0.05954657
2,38.7,1.174066,0.5112002,1.860512,1.173207,0.5113332,1.860244,0.04119214,0.01409022,0.05996
2,38.8,1.177136,0.5124222,1.865041,1.176259,0.512558,1.864759,0.04171132,0.01422509,0.06038194
2,38.9,1.180211,0.5136422,1.869593,1.179315,0.5137801,1.869296,0.04223859,0.0143663,0.06084
2,39,1.183625,0.515206,1.874402,1.182757,0.5152977,1.874079,0.04115061,0.01686836,0.05091751
2,39.1,1.186705,0.5164311,1.878981,1.185818,0.516525,1.878648,0.0416641,0.01706672,0.0515003
2,39.2,1.189792,0.5176615,1.883529,1.188884,0.5177576,1.883184,0.0421832,0.01727548,0.05234989
2,39.3,1.192885,0.5188908,1.888082,1.191958,0.5189893,1.887725,0.04271377,0.0174846,0.05322867
2,39.4,1.19598,0.5201269,1.892664,1.195032,0.5202279,1.892295,0.04324689,0.01769083,0.05411636
2,39.5,1.198898,0.5208277,1.89662,1.197931,0.521093,1.896299,0.0437678,0.01210295,0.0543021
2,39.6,1.201991,0.5220743,1.901164,1.201002,0.522346,1.900828,0.04433708,0.01226927,0.05496993
2,39.7,1.205077,0.5233219,1.905705,1.204064,0.5235999,1.905354,0.04491023,0.01243746,0.05562519
2,39.8,1.208159,0.5245728,1.910219,1.207122,0.5248573,1.909851,0.04547592,0.01261171,0.05654455
2,39.9,1.211234,0.5258175,1.914675,1.210174,0.5261089,1.91429,0.04603001,0.01278739,0.05755599
2,40,1.214384,0.5269915,1.920203,1.21346,0.5272618,1.919774,0.04309869,0.01093073,0.05421214
2,40.1,1.217464,0.5282298,1.924652,1.216521,0.528507,1.92421,0.04359608,0.01108948,0.05479618
2,40.2,1.220558,0.5294693,1.929109,1.219594,0.5297539,1.928654,0.04409344,0.01125296,0.05539726
2,40.3,1.223663,0.5307024,1.933584,1.222679,0.5309943,1.933116,0.04459836,0.01141963,0.05599477
2,40.4,1.226762,0.5319431,1.938096,1.225757,0.5322422,1.937612,0.04510853,0.01159587,0.05662089
2,40.5,1.229801,0.5331989,1.942916,1.22888,0.533491,1.94234,0.04272091,0.01233513,0.05728557
2,40.6,1.232894,0.534451,1.947455,1.231953,0.5347497,1.946863,0.0432065,0.0125013,0.05788187
2,40.7,1.235992,0.5357092,1.951999,1.235032,0.5360146,1.951392,0.04370027,0.01266766,0.05848854
2,40.8,1.239088,0.536968,1.956547,1.238108,0.5372805,1.955924,0.04419967,0.01282985,0.0590833
2,40.9,1.242191,0.5382205,1.961096,1.24119,0.5385405,1.960457,0.04470299,0.01298759,0.05969956
2,41,1.245,0.5393469,1.96501,1.244063,0.5397552,1.96437,0.04211812,0.01213028,0.05828088
2,41.1,1.248097,0.5405913,1.969563,1.247141,0.5410083,1.968903,0.04259519,0.01233064,0.05896307
2,41.2,1.251199,0.5418369,1.974093,1.250223,0.5422623,1.973414,0.04306877,0.01253438,0.05961637
2,41.3,1.254302,0.5430816,1.978606,1.253306,0.5435149,1.977906,0.04354608,0.01274794,0.0603352
2,41.4,1.257406,0.5443369,1.983087,1.256391,0.5447773,1.982365,0.04402393,0.01296164,0.06141317
2,41.5,1.260356,0.5458799,1.98794,1.259488,0.5462336,1.987227,0.04094659,0.01227697,0.05896415
2,41.6,1.263462,0.5471436,1.992403,1.262577,0.5475018,1.991668,0.0413912,0.01251041,0.05970737
2,41.7,1.26657,0.5484041,1.996846,1.265668,0.5487672,1.996087,0.04184444,0.01274484,0.06045668
2,41.8,1.269682,0.549673,2.001314,1.268762,0.5500411,2.000531,0.04229928,0.01298563,0.06123659
2,41.9,1.272788,0.5509318,2.005775,1.271851,0.5513052,2.004968,0.04275959,0.0132316,0.06203868
2,42,1.275844,0.5520114,2.009522,1.274974,0.5524149,2.008895,0.04006133,0.01416884,0.05830677
2,42.1,1.278947,0.5532581,2.013943,1.27806,0.5536689,2.0133,0.04050298,0.01440799,0.05914986
2,42.2,1.282063,0.5544987,2.018351,1.281157,0.5549172,2.017693,0.04095007,0.01464403,0.06001816
2,42.3,1.285177,0.555729,2.022753,1.284253,0.5561551,2.02208,0.0413941,0.0148753,0.06087138
2,42.4,1.28829,0.556959,2.027163,1.287348,0.5573926,2.026474,0.04184017,0.01510876,0.06174473
2,42.5,1.290938,0.5583423,2.031839,1.290157,0.5585846,2.031281,0.0403314,0.01178249,0.06328879
2,42.6,1.294052,0.5595639,2.036296,1.293256,0.5598108,2.035729,0.04077349,0.01196352,0.06422952
2,42.7,1.297161,0.5607783,2.040747,1.296348,0.5610302,2.04017,0.04123167,0.01214753,0.06485718
2,42.8,1.300263,0.5619823,2.045183,1.299433,0.5622391,2.044597,0.04169938,0.012317,0.06543654
2,42.9,1.303364,0.5631879,2.049602,1.302517,0.5634502,2.049008,0.0421742,0.01247537,0.06600384
2,43,1.306485,0.5644265,2.055046,1.305631,0.5647467,2.054667,0.04230653,0.01007025,0.06585041
2,43.1,1.309588,0.5656259,2.059502,1.308716,0.5659529,2.059118,0.04280851,0.01017459,0.06679139
2,43.2,1.312687,0.5668237,2.06396,1.311797,0.5671575,2.063572,0.0433045,0.01028038,0.0677328
2,43.3,1.315784,0.5680112,2.068403,1.314876,0.5683514,2.068009,0.04380193,0.01038784,0.06869303
2,43.4,1.318886,0.5691913,2.072875,1.317959,0.569538,2.072477,0.04430213,0.01049695,0.06964589
2,43.5,1.321635,0.5703886,2.077006,1.320802,0.5706709,2.076688,0.04219833,0.01087901,0.06035222
2,43.6,1.324716,0.5715762,2.081458,1.323867,0.5718623,2.081136,0.04267998,0.01100596,0.06111872
2,43.7,1.32779,0.5727596,2.085895,1.326925,0.573049,2.085568,0.04316881,0.01113894,0.06190707
2,43.8,1.330876,0.5739432,2.09036,1.329994,0.5742362,2.090028,0.04367859,0.01126909,0.06272006
2,43.9,1.333973,0.5751246,2.094835,1.333072,0.5754218,2.094499,0.04420604,0.01140393,0.06357959
2,44,1.336861,0.5760203,2.097725,1.33599,0.5764807,2.097395,0.04062375,0.0135544,0.06533985
2,44.1,1.33996,0.5772055,2.102206,1.339072,0.5776738,2.101864,0.04111078,0.01364159,0.06611691
2,44.2,1.343067,0.5784043,2.10672,1.342162,0.5788799,2.106365,0.04159662,0.01372542,0.06694275
2,44.3,1.346186,0.5796016,2.111238,1.345263,0.5800844,2.11087,0.04209289,0.01380735,0.06778142
2,44.4,1.349304,0.5807911,2.115769,1.348363,0.5812814,2.115387,0.04259723,0.01389053,0.06861281
2,44.5,1.352335,0.5819791,2.119344,1.351402,0.5824042,2.118792,0.04375617,0.01203809,0.06890912
2,44.6,1.35547,0.5831757,2.123884,1.354519,0.583609,2.123312,0.04424195,0.01216474,0.06964869
2,44.7,1.358606,0.5843705,2.128398,1.357636,0.5848123,2.127805,0.04473192,0.01230017,0.07040925
2,44.8,1.361744,0.5855619,2.132891,1.360755,0.5860124,2.132276,0.04522685,0.01244113,0.07117775
2,44.9,1.364877,0.5867558,2.13737,1.363868,0.5872149,2.136735,0.04572411,0.01259055,0.07196547
2,45,1.36765,0.5882298,2.142049,1.36678,0.5884829,2.14136,0.04358577,0.01430049,0.06626161
2,45.1,1.370789,0.5894299,2.146488,1.369904,0.5896873,2.145781,0.04403276,0.01443207,0.06653885
2,45.2,1.373923,0.5906215,2.150896,1.373022,0.5908834,2.150169,0.04448724,0.01454961,0.06698863
2,45.3,1.377049,0.5918119,2.155278,1.376131,0.5920787,2.154532,0.04495671,0.01466929,0.06752431
2,45.4,1.38018,0.5929952,2.159661,1.379245,0.593267,2.158894,0.04544296,0.01480197,0.06811037
2,45.5,1.383414,0.5940958,2.164112,1.382596,0.5943773,2.163435,0.04257284,0.01178145,0.06277808
2,45.6,1.386538,0.5952718,2.168459,1.385705,0.5955561,2.167761,0.04303219,0.01190663,0.06348994
2,45.7,1.389669,0.5964527,2.172804,1.388821,0.5967398,2.172085,0.04349497,0.01203055,0.06420188
2,45.8,1.392801,0.5976481,2.177143,1.391938,0.5979385,2.176403,0.04397781,0.01215808,0.06492834
2,45.9,1.395942,0.5988483,2.181485,1.395062,0.5991422,2.180723,0.04447741,0.01228339,0.06567164
2,46,1.399145,0.6004097,2.186703,1.398351,0.6006513,2.185732,0.04226903,0.01295681,0.0662455
2,46.1,1.402284,0.6016163,2.190993,1.401474,0.6018616,2.190003,0.04272866,0.01312312,0.06697969
2,46.2,1.405416,0.6028157,2.195252,1.40459,0.6030651,2.194241,0.04319632,0.0132971,0.06773369
2,46.3,1.408543,0.6040154,2.199522,1.407701,0.6042696,2.198491,0.04367101,0.01347457,0.06848816
2,46.4,1.411676,0.6052174,2.20378,1.410817,0.6054765,2.202728,0.04415238,0.01366108,0.06924149
2,46.5,1.414712,0.6061941,2.208951,1.413789,0.6064658,2.208498,0.04639274,0.01244275,0.06175118
2,46.6,1.417838,0.6073863,2.213133,1.416897,0.6076614,2.212669,0.04690022,0.0125812,0.06277822
2,46.7,1.420955,0.6085801,2.217286,1.419996,0.6088589,2.216811,0.04740761,0.01271439,0.0638051
2,46.8,1.424077,0.60978,2.221406,1.423101,0.6100625,2.220918,0.04791735,0.01284398,0.06483715
2,46.9,1.427203,0.6109867,2.225544,1.426209,0.6112724,2.225045,0.04842402,0.012979,0.06586589
2,47,1.430345,0.6123264,2.229834,1.429453,0.6126181,2.229406,0.04493302,0.01425177,0.06312413
2,47.1,1.433479,0.61352,2.233905,1.432571,0.6138151,2.233467,0.04539256,0.01441596,0.06376446
2,47.2,1.436609,0.6147052,2.237999,1.435684,0.6150044,2.237549,0.04586872,0.01457894,0.06442169
2,47.3,1.439736,0.6158896,2.242085,1.438794,0.6161929,2.241624,0.0463453,0.01473598,0.06505773
2,47.4,1.442854,0.6170864,2.246162,1.441895,0.6173937,2.24569,0.04682796,0.01488793,0.06568859
2,47.5,1.445808,0.6183959,2.249089,1.444861,0.6186913,2.248138,0.04613385,0.01662782,0.07777557
2,47.6,1.448919,0.6195971,2.253132,1.447954,0.6198972,2.252162,0.04661512,0.01684044,0.07856026
2,47.7,1.452028,0.6208011,2.257125,1.451044,0.6211067,2.256135,0.04711466,0.01705829,0.07936542
2,47.8,1.455133,0.6220011,2.2611,1.454129,0.6223124,2.260088,0.0476271,0.01728508,0.08018214
2,47.9,1.458247,0.6231935,2.265104,1.457223,0.623511,2.264067,0.04815894,0.01751893,0.08100206
2,48,1.461003,0.6246708,2.270112,1.460075,0.6250894,2.269316,0.0451021,0.01375946,0.06145567
2,48.1,1.464128,0.6258375,2.274101,1.463178,0.6262674,2.273283,0.04565491,0.01389152,0.06232798
2,48.2,1.467266,0.6270053,2.278119,1.466295,0.627447,2.277279,0.04621238,0.01401756,0.06322135
2,48.3,1.470421,0.6281744,2.282174,1.469428,0.6286284,2.281311,0.04676787,0.01414068,0.06411907
2,48.4,1.473586,0.6293311,2.286187,1.47257,0.6297977,2.285301,0.04732854,0.01426453,0.06502871
2,48.5,1.476862,0.6300903,2.289734,1.475782,0.6305734,2.288532,0.04794031,0.0180748,0.07580623
2,48.6,1.480029,0.6312507,2.29371,1.478929,0.631745,2.292484,0.04843873,0.01824415,0.0766122
2,48.7,1.4832,0.6324122,2.29772,1.482078,0.6329181,2.296469,0.04894264,0.01842621,0.0774449
2,48.8,1.486372,0.6335812,2.301766,1.485228,0.6340989,2.300491,0.04944828,0.01861372,0.07828947
2,48.9,1.489538,0.6347453,2.305807,1.488373,0.6352753,2.304504,0.04995,0.01881466,0.07917506
2,49,1.492881,0.6363346,2.310336,1.491806,0.6368064,2.309342,0.0478186,0.01918054,0.07136164
2,49.1,1.496036,0.6375239,2.314426,1.49494,0.6380064,2.313411,0.04831424,0.01942228,0.07199158
2,49.2,1.499187,0.6387213,2.318544,1.498069,0.6392151,2.317508,0.04880684,0.01965516,0.07263297
2,49.3,1.502339,0.6399204,2.322676,1.5012,0.6404262,2.321619,0.04930245,0.01988079,0.07328428
2,49.4,1.505486,0.6411223,2.326811,1.504324,0.6416405,2.325733,0.04980601,0.02009253,0.07393031
2,49.5,1.508355,0.6425407,2.332371,1.507508,0.6428384,2.331089,0.04423808,0.01574603,0.06328948
2,49.6,1.511506,0.6437547,2.336489,1.510642,0.6440591,2.335188,0.04472329,0.01587449,0.0639318
2,49.7,1.514651,0.6449678,2.340599,1.51377,0.6452793,2.339278,0.04521399,0.01599278,0.06457977
2,49.8,1.517803,0.6461779,2.344717,1.516904,0.6464966,2.343375,0.0457077,0.0161133,0.0652576
2,49.9,1.520963,0.6473925,2.348843,1.520046,0.647719,2.347479,0.04620575,0.01624042,0.06597
2,50,1.524404,0.6488437,2.353212,1.523425,0.6492972,2.35212,0.04506611,0.02040539,0.07307766
2,50.1,1.527578,0.6500441,2.357345,1.526581,0.6505051,2.356238,0.04550957,0.02062417,0.073665
2,50.2,1.530745,0.6512482,2.361483,1.52973,0.6517169,2.360361,0.04596301,0.02083931,0.07424486
2,50.3,1.533923,0.6524489,2.365619,1.532891,0.6529252,2.36448,0.0464319,0.02105157,0.07486225
2,50.4,1.537106,0.6536545,2.369801,1.536054,0.6541391,2.368644,0.046906,0.02126192,0.07548599
2,50.5,1.540473,0.6546225,2.374369,1.539456,0.6551681,2.373794,0.04614953,0.01849715,0.06949395
2,50.6,1.543667,0.6558243,2.37855,1.542631,0.6563786,2.377965,0.04664393,0.01865946,0.07034548
2,50.7,1.546862,0.6570227,2.382764,1.545807,0.6575855,2.382171,0.04714358,0.01883442,0.07120691
2,50.8,1.550059,0.6582229,2.386979,1.548985,0.6587948,2.386375,0.04766241,0.01901105,0.0720991
2,50.9,1.553252,0.6594264,2.39119,1.552157,0.6600074,2.390574,0.04819117,0.01919427,0.07297287
2,51,1.556371,0.6602028,2.394857,1.55519,0.6609926,2.394512,0.04724558,0.02180183,0.08531671
2,51.1,1.559565,0.6614174,2.399034,1.558363,0.6622185,2.398681,0.04776167,0.02201989,0.08601186
2,51.2,1.562757,0.6626391,2.403215,1.561533,0.6634509,2.402854,0.0482732,0.02222693,0.08666192
2,51.3,1.565951,0.6638615,2.40741,1.564706,0.6646841,2.40704,0.04878576,0.02244489,0.0873202
2,51.4,1.569139,0.6650864,2.411588,1.567873,0.6659201,2.411209,0.04930648,0.0226597,0.088018
2,51.5,1.572326,0.665794,2.415645,1.571258,0.6664837,2.415456,0.04510893,0.02176741,0.0770671
2,51.6,1.575513,0.6670234,2.419843,1.574425,0.667724,2.419647,0.04561766,0.02199563,0.07773678
2,51.7,1.578703,0.6682531,2.42404,1.577593,0.6689651,2.423838,0.04613346,0.02222068,0.07842654
2,51.8,1.581897,0.6694805,2.428219,1.580766,0.6702042,2.428011,0.04665845,0.02244406,0.07912098
2,51.9,1.58509,0.6707146,2.43239,1.583937,0.6714504,2.432175,0.04718445,0.02266698,0.07984222
2,52,1.588298,0.67218,2.436272,1.587323,0.6727734,2.436104,0.0458064,0.01590613,0.06988712
2,52.1,1.591486,0.6734376,2.440444,1.590492,0.6740413,2.44027,0.04633927,0.01600546,0.07040195
2,52.2,1.594674,0.6746839,2.444593,1.59366,0.6752982,2.444414,0.04687914,0.01610592,0.07091579
2,52.3,1.597864,0.6759349,2.448732,1.596831,0.6765596,2.448548,0.0474189,0.01620281,0.07145111
2,52.4,1.601046,0.6771932,2.45292,1.599993,0.6778288,2.452731,0.04795787,0.01630568,0.07201286
2,52.5,1.603969,0.6785939,2.456638,1.602936,0.6792823,2.456523,0.0459063,0.01823906,0.08023814
2,52.6,1.607145,0.679854,2.460757,1.606094,0.6805539,2.460638,0.04637024,0.01838348,0.08083177
2,52.7,1.61032,0.6811161,2.464849,1.609251,0.6818278,2.464726,0.04683701,0.01852237,0.08138849
2,52.8,1.613501,0.6823805,2.468991,1.612413,0.6831042,2.468865,0.04730746,0.01867075,0.0819614
2,52.9,1.616678,0.6836483,2.473199,1.615572,0.6843838,2.47307,0.04778588,0.01882236,0.0825152
2,53,1.61976,0.6850235,2.477553,1.618903,0.6855383,2.477309,0.04304798,0.01634257,0.06692333
2,53.1,1.622933,0.6862809,2.48174,1.622061,0.6868036,2.48149,0.04346664,0.01651634,0.06738503
2,53.2,1.626112,0.6875287,2.485901,1.625225,0.6880593,2.485644,0.04388796,0.01669522,0.06785996
2,53.3,1.629291,0.688773,2.490033,1.628389,0.6893115,2.489771,0.04431148,0.01687229,0.06834605
2,53.4,1.632471,0.6900178,2.494147,1.631554,0.6905645,2.493878,0.04473897,0.01704917,0.06885657
2,53.5,1.635664,0.6914544,2.497575,1.634747,0.6919124,2.496941,0.04559135,0.01829863,0.07246058
2,53.6,1.638849,0.6926929,2.501702,1.637914,0.6931616,2.501054,0.04606237,0.01847267,0.07315848
2,53.7,1.642031,0.6939272,2.505783,1.641078,0.6944067,2.50512,0.0465436,0.01864289,0.07386821
2,53.8,1.645206,0.6951683,2.509901,1.644234,0.6956594,2.509225,0.04703108,0.01881545,0.07456942
2,53.9,1.64838,0.6964145,2.514063,1.647389,0.6969171,2.513372,0.04751219,0.01898453,0.07526746
2,54,1.651244,0.6982981,2.517908,1.650341,0.6987269,2.517148,0.04596311,0.01774868,0.06641579
2,54.1,1.654411,0.6995483,2.522106,1.653491,0.6999859,2.521329,0.04641751,0.01793202,0.06695358
2,54.2,1.657581,0.7007894,2.526285,1.656644,0.7012358,2.525492,0.04687678,0.01812172,0.06754934
2,54.3,1.660756,0.702024,2.53046,1.659802,0.7024796,2.529651,0.04734533,0.01831237,0.06813088
2,54.4,1.663937,0.7032671,2.534651,1.662965,0.7037322,2.533826,0.04781648,0.0185072,0.06866191
2,54.5,1.66756,0.7049597,2.540314,1.666717,0.7053938,2.539541,0.04442435,0.01639548,0.07345744
2,54.6,1.670734,0.7061972,2.544482,1.669873,0.7066423,2.543698,0.04493418,0.01655116,0.07452611
2,54.7,1.673907,0.7074336,2.548692,1.673027,0.7078903,2.547898,0.0454579,0.01670653,0.07561117
2,54.8,1.677079,0.7086657,2.552871,1.67618,0.7091343,2.552064,0.04599306,0.01686804,0.07670126
2,54.9,1.680253,0.7098923,2.557041,1.679334,0.7103729,2.556222,0.04653401,0.01702966,0.0777958
2,55,1.683532,0.7110327,2.559582,1.682511,0.7116609,2.559232,0.04806431,0.01707969,0.07995818
2,55.1,1.686709,0.7122648,2.563707,1.685669,0.7129044,2.563351,0.0485865,0.0172703,0.08051813
2,55.2,1.689894,0.7134983,2.567842,1.688833,0.7141496,2.567478,0.04911148,0.01745555,0.08104314
2,55.3,1.69307,0.7147418,2.571968,1.691989,0.715405,2.571598,0.04963443,0.01763498,0.08155987
2,55.4,1.696234,0.7159941,2.576078,1.695132,0.7166696,2.575702,0.05016442,0.01781157,0.08209957
2,55.5,1.699291,0.7168098,2.580148,1.698376,0.7173953,2.579859,0.04485953,0.0176641,0.07488327
2,55.6,1.702446,0.7180719,2.58421,1.701514,0.7186701,2.583917,0.04531562,0.01784229,0.07530124
2,55.7,1.705607,0.7193348,2.588264,1.704658,0.7199452,2.587966,0.04577635,0.01801828,0.07573646
2,55.8,1.708765,0.7206043,2.592365,1.707798,0.7212263,2.592062,0.04625162,0.01818631,0.07618738
2,55.9,1.711921,0.7218719,2.596491,1.710935,0.7225055,2.596183,0.04673662,0.01835798,0.07663896
2,56,1.715347,0.7229071,2.601701,1.714374,0.7234887,2.601241,0.04673809,0.01926,0.07898141
2,56.1,1.718506,0.7241794,2.605841,1.717515,0.7247712,2.605375,0.04722029,0.01942566,0.07955687
2,56.2,1.721655,0.7254497,2.609985,1.720647,0.7260516,2.609513,0.04770529,0.01959114,0.08015613
2,56.3,1.724793,0.72672,2.614171,1.723767,0.7273324,2.613693,0.0481948,0.01976128,0.08077057
2,56.4,1.727926,0.7279961,2.618371,1.72688,0.7286199,2.617888,0.0486901,0.01993478,0.08139425
2,56.5,1.730589,0.7293292,2.622267,1.729591,0.7299396,2.621981,0.04728509,0.01977173,0.08870537
2,56.6,1.73372,0.730617,2.626465,1.732704,0.7312393,2.626176,0.04773321,0.01993031,0.08954261
2,56.7,1.73685,0.7319099,2.630665,1.735817,0.732544,2.630374,0.04818136,0.02008497,0.09038488
2,56.8,1.739987,0.7332088,2.634799,1.738937,0.7338549,2.634506,0.04862753,0.02023345,0.09121171
2,56.9,1.743124,0.7345044,2.638921,1.742056,0.7351626,2.638624,0.04906944,0.0203801,0.09204557
2,57,1.745869,0.7359795,2.642588,1.744853,0.7367397,2.6424,0.0458076,0.02014623,0.07787627
2,57.1,1.749003,0.7372739,2.646743,1.747968,0.73805,2.646552,0.04625779,0.02023674,0.07828922
2,57.2,1.75213,0.7385708,2.650894,1.751078,0.7393631,2.650699,0.04672042,0.02033211,0.07893675
2,57.3,1.755264,0.7398738,2.655046,1.754192,0.7406826,2.654848,0.04718801,0.02042929,0.07957666
2,57.4,1.758403,0.7411824,2.659191,1.757312,0.7420077,2.65899,0.04766296,0.02053239,0.08026497
2,57.5,1.761039,0.7425866,2.664103,1.760126,0.7432214,2.663884,0.04469669,0.01832889,0.07991578
2,57.6,1.764171,0.743911,2.668256,1.763241,0.7445598,2.668038,0.0451302,0.01847999,0.08072358
2,57.7,1.767296,0.7452278,2.672443,1.766349,0.7458909,2.672226,0.04558061,0.01862672,0.08149962
2,57.8,1.770429,0.746541,2.676639,1.769464,0.7472185,2.676424,0.04603846,0.01877298,0.08225506
2,57.9,1.773566,0.7478581,2.680835,1.772583,0.7485505,2.680621,0.04650865,0.0189205,0.08302895
2,58,1.777194,0.7490417,2.684974,1.77611,0.7498397,2.684793,0.0487455,0.01892547,0.07574008
2,58.1,1.780332,0.7503544,2.689237,1.779228,0.7511684,2.689055,0.04923019,0.01905333,0.07645304
2,58.2,1.783473,0.7516657,2.693499,1.782349,0.7524964,2.693317,0.04971752,0.01919833,0.07727107
2,58.3,1.786617,0.7529786,2.69777,1.785472,0.7538262,2.697586,0.0502158,0.01934701,0.07807483
2,58.4,1.789763,0.7542966,2.702052,1.788596,0.7551615,2.701868,0.05072576,0.01949999,0.07891118
2,58.5,1.792511,0.7552282,2.705659,1.791406,0.7560391,2.705487,0.04888094,0.02064077,0.08941561
2,58.6,1.795659,0.7565366,2.709943,1.794532,0.7573663,2.709764,0.04941853,0.02076989,0.09023439
2,58.7,1.79881,0.7578528,2.714224,1.79766,0.7587016,2.714038,0.04996557,0.02090015,0.09107729
2,58.8,1.801966,0.7591825,2.718549,1.800794,0.7600503,2.718355,0.05051793,0.02102426,0.0918989
2,58.9,1.805132,0.7605123,2.7229,1.803936,0.7613992,2.722697,0.05107532,0.02114457,0.09272937
2,59,1.808448,0.7619191,2.727038,1.807422,0.762633,2.726866,0.04800114,0.01982316,0.08998124
2,59.1,1.811605,0.7632319,2.731317,1.81056,0.7639614,2.731143,0.04846617,0.02000301,0.09084962
2,59.2,1.814765,0.7645429,2.735604,1.8137,0.7652884,2.735428,0.04893181,0.02019225,0.09173522
2,59.3,1.817931,0.7658457,2.739891,1.816846,0.7666072,2.739713,0.04939717,0.02037581,0.0925929
2,59.4,1.821104,0.7671471,2.744188,1.819999,0.7679249,2.744009,0.04986017,0.02055282,0.09344724
2,59.5,1.823934,0.7682868,2.747946,1.823039,0.7689241,2.747613,0.04665803,0.01279411,0.06442157
2,59.6,1.827112,0.769594,2.752272,1.826199,0.7702474,2.751942,0.04714295,0.01290864,0.06490112
2,59.7,1.830294,0.7709034,2.756604,1.829362,0.7715726,2.756276,0.04763013,0.01302225,0.06541473
2,59.8,1.833472,0.7722209,2.760925,1.832522,0.7729055,2.760599,0.0481204,0.01314205,0.06597942
2,59.9,1.836651,0.7735478,2.76526,1.835681,0.7742483,2.764936,0.04862195,0.01326143,0.06655157
2,60,1.839679,0.7751793,2.769846,1.838814,0.7756216,2.769708,0.04776481,0.01627923,0.07982552
5,0,0,0,0,0,0,0,0,0,0
5,0.1,0.006603416,0.001841394,0.009453056,0.003061288,0.001292978,0.004807382,0.005726573,0.001798528,0.008420172
5,0.2,0.01341215,0.00379684,0.01835368,0.006120173,0.00257171,0.009565574,0.01171235,0.003650857,0.01687416
5,0.3,0.01998914,0.005675276,0.02747062,0.009175484,0.003849227,0.01428115,0.01741891,0.005475318,0.02523411
5,0.4,0.02506439,0.007197958,0.03538422,0.01222409,0.005128675,0.01893072,0.02150637,0.006529515,0.03000156
5,0.5,0.03130648,0.008997627,0.04432292,0.01527247,0.006410403,0.02353669,0.02685127,0.008190333,0.03744594
5,0.6,0.03633833,0.01048759,0.05104129,0.01832625,0.007694624,0.02815344,0.03058542,0.01012543,0.04644408
5,0.7,0.04236217,0.01225985,0.05960234,0.02137509,0.008979757,0.03279324,0.03564471,0.01184543,0.05413166
5,0.8,0.04738634,0.01259521,0.06626341,0.02441772,0.01026603,0.03742919,0.03955948,0.01191521,0.05743312
5,0.9,0.05327885,0.01420174,0.07462188,0.02745871,0.01155732,0.04205332,0.04447439,0.01343191,0.06471748
5,1,0.05878553,0.01686421,0.08475927,0.03049939,0.01284284,0.04668554,0.04915451,0.01531598,0.07342083
5,1.1,0.06464277,0.01855704,0.09321781,0.0335385,0.01412963,0.05128139,0.05405104,0.01685303,0.08090825
5,1.2,0.06756045,0.01976033,0.09570975,0.03658062,0.01541534,0.0558663,0.05503713,0.01898429,0.0865821
5,1.3,0.07318758,0.02138871,0.103722,0.0396253,0.0167042,0.06047414,0.05961899,0.02055438,0.09373233
5,1.4,0.07813842,0.02250647,0.1105347,0.04267903,0.01799681,0.06512285,0.06327295,0.02186491,0.1037852
5,1.5,0.08372989,0.02408539,0.1184561,0.04574113,0.01927717,0.06976302,0.06779289,0.02341028,0.1111378
5,1.6,0.08565216,0.02308813,0.1215614,0.04880581,0.02055518,0.0743845,0.06744057,0.02319423,0.1064184
5,1.7,0.09102832,0.02452551,0.129131,0.05186942,0.02183557,0.07900619,0.07166648,0.02466847,0.1130759
5,1.8,0.09047112,0.02867409,0.1410667,0.05492835,0.02310601,0.08364909,0.06776723,0.02990163,0.1038072
5,1.9,0.09552097,0.03025154,0.148842,0.05798079,0.02437931,0.08834012,0.07155726,0.03156962,0.1096541
5,2,0.09625988,0.03038131,0.1516397,0.06102645,0.02565305,0.09304669,0.07007112,0.03049542,0.1131962
5,2.1,0.1010839,0.03189152,0.1591273,0.06407624,0.02692506,0.09776868,0.0735849,0.03203559,0.1188719
5,2.2,0.102248,0.03470848,0.1586138,0.06713,0.0282016,0.1025107,0.07194692,0.03495468,0.1210842
5,2.3,0.1069056,0.03627891,0.1657644,0.0701721,0.02947978,0.1072387,0.07523223,0.03655616,0.1266199
5,2.4,0.1084229,0.0374507,0.1720997,0.07321024,0.03075086,0.1119722,0.0738997,0.03795709,0.1264499
5,2.5,0.1129406,0.03899698,0.179227,0.07624807,0.03201194,0.116699,0.07698724,0.0395498,0.1318628
5,2.6,0.1145322,0.04062488,0.1839834,0.0792835,0.03326038,0.1213929,0.07592928,0.04082583,0.1339104
5,2.7,0.118949,0.04216547,0.19089,0.08232278,0.03449871,0.1260676,0.07888226,0.04239893,0.1391661
5,2.8,0.1209794,0.04373305,0.1968035,0.08536479,0.0357454,0.1307897,0.0791091,0.04222414,0.151016
5,2.9,0.1253141,0.04530068,0.2038945,0.08839452,0.03699934,0.1354838,0.08197555,0.04375881,0.156476
5,3,0.1254915,0.04593667,0.1986724,0.09143148,0.03825531,0.1401909,0.07819079,0.04459146,0.1449942
5,3.1,0.1297114,0.04747861,0.2054257,0.09447234,0.03951903,0.1449242,0.08086029,0.04610609,0.1499532
5,3.2,0.1303476,0.04653406,0.2031211,0.09751177,0.04078644,0.1496512,0.07844324,0.04359393,0.1418673
5,3.3,0.1344558,0.04799937,0.2095883,0.1005592,0.04205396,0.1543843,0.08095296,0.04497341,0.1464141
5,3.4,0.1386538,0.04735477,0.2118241,0.1036051,0.04332343,0.159139,0.0835888,0.04414163,0.1447833
5,3.5,0.1427525,0.04877104,0.2181865,0.1066473,0.04459414,0.163921,0.08608246,0.04547884,0.1491299
5,3.6,0.1451175,0.04776647,0.2073721,0.1096877,0.04586466,0.1687022,0.08539372,0.04477768,0.1463226
5,3.7,0.1491827,0.04910876,0.2132777,0.1127362,0.04714339,0.1734966,0.08782035,0.04603553,0.150377
5,3.8,0.1518421,0.05164039,0.2206687,0.1157864,0.04842816,0.1783025,0.08769423,0.04882431,0.1595725
5,3.9,0.1558801,0.05301009,0.22658,0.1188459,0.04970887,0.1830844,0.09005626,0.05011866,0.1639111
5,4,0.1588003,0.05680129,0.2409964,0.1219059,0.05099744,0.1878942,0.09119942,0.05265091,0.1757682
5,4.1,0.1628179,0.05823538,0.2471646,0.1249702,0.05228437,0.1927216,0.09354767,0.05395657,0.1799589
5,4.2,0.1607593,0.05815002,0.2622699,0.1280401,0.05356813,0.1975337,0.08661408,0.05061272,0.1756239
5,4.3,0.1646236,0.05955498,0.2686602,0.1311157,0.0548625,0.2023533,0.08871636,0.05179981,0.1798991
5,4.4,0.1656785,0.0581955,0.2742768,0.1341925,0.05616372,0.2071927,0.0860248,0.04879826,0.1832897
5,4.5,0.169483,0.05953991,0.280649,0.1372694,0.05745717,0.2120506,0.08801992,0.04990079,0.1875074
5,4.6,0.1685781,0.05968285,0.2642586,0.1403532,0.05874847,0.2168968,0.08131328,0.04826283,0.1633704
5,4.7,0.1723013,0.06099548,0.2700994,0.1434472,0.06003257,0.2217379,0.08313924,0.04930271,0.1670299
5,4.8,0.1759246,0.05954993,0.2645084,0.1465446,0.06132005,0.2266062,0.08300583,0.0500622,0.1644867
5,4.9,0.1796388,0.06080876,0.2701684,0.1496331,0.0626142,0.2314447,0.0847941,0.05107581,0.167986
5,5,0.1806545,0.06437446,0.2697972,0.152715,0.06390568,0.2362415,0.08310472,0.05093742,0.1846554
5,5.1,0.1843016,0.06567708,0.2753636,0.1557928,0.06518668,0.2410302,0.08480996,0.05195073,0.1883719
5,5.2,0.1848952,0.06670998,0.284118,0.1588664,0.0664639,0.2458157,0.08160866,0.04940558,0.1778253
5,5.3,0.1884763,0.06799936,0.2896328,0.1619364,0.0677523,0.250604,0.083223,0.05032224,0.1811887
5,5.4,0.189247,0.06965256,0.2986889,0.1650067,0.06904354,0.25534,0.07883704,0.05080579,0.1810161
5,5.5,0.1927788,0.07094774,0.3042674,0.1680714,0.07033353,0.260096,0.08034281,0.05173984,0.1843494
5,5.6,0.1920706,0.07094682,0.2902202,0.1711338,0.07161724,0.2649008,0.07568545,0.04335006,0.1746911
5,5.7,0.1955133,0.07221093,0.295482,0.1741909,0.07289993,0.2696978,0.07704795,0.04414831,0.1779246
5,5.8,0.196472,0.0741034,0.2911324,0.1772507,0.0741853,0.2745202,0.07448746,0.04133973,0.1610452
5,5.9,0.1998896,0.07537854,0.2962224,0.1803217,0.07547788,0.2793194,0.07580136,0.04205048,0.1639227
5,6,0.2001366,0.07809753,0.3065907,0.1833972,0.07677052,0.2841388,0.06857701,0.0448689,0.1581932
5,6.1,0.2035146,0.07939711,0.3118079,0.186482,0.07806197,0.2889617,0.06975075,0.04562116,0.1608546
5,6.2,0.2030113,0.07907105,0.3133336,0.1895703,0.07936039,0.2937675,0.06184256,0.03850696,0.1342355
5,6.3,0.2063331,0.08034821,0.3184141,0.1926531,0.08065793,0.2985004,0.06289728,0.0391315,0.1363743
5,6.4,0.2074694,0.08130453,0.3138125,0.1957334,0.08195983,0.3032615,0.05914358,0.03452528,0.1446715
5,6.5,0.2107711,0.08258037,0.3187564,0.1988227,0.08326202,0.3080267,0.06015377,0.03506541,0.1469917
5,6.6,0.2140181,0.08380462,0.3261267,0.2019134,0.08456116,0.3127747,0.06439447,0.02841556,0.1153217
5,6.7,0.2173146,0.08506354,0.3310765,0.2049981,0.08584659,0.3175063,0.06544913,0.02884965,0.1170799
5,6.8,0.2191306,0.08684769,0.3340261,0.2080729,0.0871139,0.3222567,0.0598587,0.0339789,0.1083525
5,6.9,0.2223985,0.08810356,0.3389178,0.2111492,0.08838725,0.3269729,0.06083043,0.034477,0.109992
5,7,0.2263061,0.08780697,0.3439371,0.2142281,0.0896645,0.3317196,0.06400926,0.03095676,0.1144678
5,7.1,0.2295851,0.08904788,0.3488734,0.2173003,0.09094278,0.3364646,0.06503191,0.03140123,0.1162622
5,7.2,0.2329393,0.09061418,0.3540961,0.2203784,0.09221928,0.3412332,0.06680305,0.03166693,0.1060802
5,7.3,0.2362132,0.09185471,0.3590336,0.2234512,0.09348955,0.3459759,0.06783078,0.03207562,0.1074025
5,7.4,0.2382923,0.09329766,0.3590765,0.2265167,0.09475696,0.3506613,0.06399125,0.03430243,0.1248657
5,7.5,0.2415473,0.09454139,0.363861,0.2295838,0.09602289,0.3553227,0.06495876,0.03477019,0.1264274
5,7.6,0.2445882,0.09628937,0.3735066,0.2326602,0.09728597,0.3599941,0.06362855,0.03921283,0.1070416
5,7.7,0.2478387,0.09754346,0.3783796,0.2357272,0.09854357,0.3646492,0.06456924,0.0397523,0.1089306
5,7.8,0.2485153,0.09967455,0.3840035,0.2387896,0.09980496,0.3692699,0.0583458,0.03714038,0.1101932
5,7.9,0.251748,0.1009296,0.388842,0.2418654,0.1010592,0.3738939,0.05922137,0.03764308,0.1116871
5,8,0.2541971,0.1022563,0.3934838,0.2449487,0.1023054,0.3784976,0.05796039,0.03623505,0.119205
5,8.1,0.2574171,0.1035076,0.3983052,0.2480287,0.1035552,0.383118,0.05879431,0.03669472,0.1208062
5,8.2,0.2583188,0.104115,0.3974357,0.2511009,0.1048084,0.3877235,0.05234816,0.02900116,0.1075135
5,8.3,0.2615081,0.1053635,0.4021678,0.2541844,0.1060586,0.3923499,0.0530701,0.02939226,0.108932
5,8.4,0.2638946,0.1060446,0.4043547,0.257261,0.1073146,0.3970009,0.04995366,0.02722952,0.08633937
5,8.5,0.2670732,0.1072887,0.4090773,0.2603415,0.108574,0.4016514,0.05063797,0.02758079,0.08781654
5,8.6,0.2685593,0.1085825,0.4126737,0.2634296,0.1098547,0.4063661,0.04355045,0.02445905,0.07766583
5,8.7,0.2717177,0.1098296,0.4174371,0.2665074,0.1111198,0.4110602,0.04416498,0.02477169,0.07872648
5,8.8,0.2754159,0.1105515,0.4190977,0.269575,0.1123833,0.4157076,0.04405099,0.02999602,0.08448062
5,8.9,0.2785748,0.1117955,0.4238434,0.2726472,0.1136474,0.4204249,0.04466011,0.03037134,0.08562735
5,9,0.2799028,0.1136527,0.4259642,0.2757137,0.1149216,0.4252478,0.03975965,0.02227005,0.06508797
5,9.1,0.2830381,0.1149035,0.4307527,0.2787849,0.1161849,0.4300256,0.04031143,0.02255418,0.06579713
5,9.2,0.2865396,0.1157683,0.4360363,0.2818514,0.1174638,0.4348519,0.0411776,0.02499514,0.06578772
5,9.3,0.2896754,0.1170037,0.4408031,0.2849217,0.1187129,0.4396041,0.04170719,0.02532338,0.06704296
5,9.4,0.2922998,0.1186395,0.4462758,0.2879989,0.1199684,0.4444138,0.04064751,0.02389374,0.06973454
5,9.5,0.2954381,0.1198823,0.4510428,0.2910721,0.1212231,0.4491506,0.04121415,0.02416946,0.07049134
5,9.6,0.2993948,0.1205354,0.455492,0.2941236,0.1224845,0.4537993,0.04278867,0.02987124,0.07373386
5,9.7,0.3025372,0.121775,0.4602489,0.2971913,0.1237444,0.4585224,0.04337881,0.03017591,0.07453815
5,9.8,0.3055893,0.1225327,0.4644816,0.3002651,0.1250023,0.4631518,0.04344536,0.02823619,0.06831306
5,9.9,0.3087384,0.1237737,0.4692463,0.3033401,0.1262705,0.4678922,0.04401819,0.02853476,0.06898988
5,10,0.3117668,0.1248947,0.4740619,0.3064486,0.1275341,0.4727924,0.04248112,0.02991514,0.07200768
5,10.1,0.314925,0.1261397,0.4788734,0.3095386,0.1288074,0.4775751,0.04300766,0.03022401,0.07290302
5,10.2,0.3169569,0.1280341,0.4836306,0.3126204,0.1300701,0.4822898,0.04046883,0.02498939,0.07492574
5,10.3,0.3201166,0.1292781,0.488442,0.3157262,0.131337,0.4870781,0.04095446,0.02522688,0.0755237
5,10.4,0.3225934,0.1305894,0.4929485,0.3188616,0.1326029,0.4919753,0.03902925,0.01965644,0.06626644
5,10.5,0.3257557,0.1318353,0.4977681,0.3219787,0.1338728,0.496774,0.03949243,0.01980236,0.06694044
5,10.6,0.3291424,0.1328119,0.5023843,0.3251315,0.1351369,0.5015959,0.03998221,0.02136839,0.07932239
5,10.7,0.3323008,0.1340501,0.5072104,0.3282428,0.1364036,0.5064025,0.04042353,0.02156287,0.08013457
5,10.8,0.3354291,0.1351789,0.5118374,0.3313673,0.137681,0.5111232,0.04096792,0.02003755,0.07941817
5,10.9,0.3385874,0.1364273,0.5167169,0.3344804,0.1389569,0.5159888,0.04140259,0.02021764,0.08030956
5,11,0.3413123,0.1381726,0.5214319,0.3375833,0.1402126,0.5207679,0.04200802,0.01547093,0.06776764
5,11.1,0.3444666,0.1394333,0.5262982,0.3406968,0.1414937,0.5256254,0.04245062,0.01559158,0.0684892
5,11.2,0.3475926,0.1406518,0.531151,0.3438134,0.1427609,0.5303553,0.04180789,0.01768668,0.07172299
5,11.3,0.3507383,0.1419227,0.5359845,0.3469162,0.1440536,0.53518,0.04226224,0.01781258,0.07253551
5,11.4,0.3536258,0.1434255,0.5412749,0.350013,0.1453178,0.5398617,0.04189048,0.0168031,0.06850288
5,11.5,0.3567508,0.1447002,0.5460335,0.3530974,0.1466108,0.5446195,0.04232502,0.01695858,0.06925565
5,11.6,0.3599316,0.146154,0.5506996,0.356211,0.147902,0.5492949,0.04251982,0.01968742,0.06871275
5,11.7,0.3630567,0.1474329,0.5554362,0.3592919,0.1491992,0.5540363,0.04297078,0.01987515,0.06940199
5,11.8,0.3659118,0.148874,0.5609281,0.362426,0.1504915,0.5588718,0.04098669,0.02049147,0.07587824
5,11.9,0.3690309,0.1501584,0.5656588,0.3655034,0.1517915,0.5636019,0.04146062,0.02061352,0.07646519
5,12,0.3718186,0.1514722,0.5688876,0.3685718,0.1530718,0.5681628,0.0394122,0.0202034,0.07416051
5,12.1,0.3749283,0.1527721,0.5735909,0.3716405,0.1543891,0.5728623,0.0398648,0.02035354,0.07484701
5,12.2,0.3779873,0.1538941,0.5779945,0.374739,0.1556549,0.5774944,0.04038954,0.01765137,0.07308901
5,12.3,0.3810957,0.1552004,0.5826851,0.3778064,0.1569792,0.5821766,0.04083835,0.01779756,0.07383834
5,12.4,0.3838552,0.1565917,0.5871651,0.3808374,0.1582765,0.5866931,0.03892326,0.01743283,0.06622853
5,12.5,0.3869539,0.1578916,0.5918251,0.3838949,0.1595948,0.5913409,0.03936048,0.01762477,0.06715778
5,12.6,0.3896223,0.1593901,0.5965383,0.3869467,0.1609228,0.5960482,0.036945,0.01610737,0.06394102
5,12.7,0.392724,0.1606953,0.6012148,0.3900084,0.1622489,0.6007154,0.03736532,0.01631261,0.06500854
5,12.8,0.3959095,0.1619871,0.6059065,0.3930562,0.1636138,0.6054105,0.03822272,0.01738042,0.06508703
5,12.9,0.39902,0.1633086,0.6106039,0.3961264,0.1649558,0.6100979,0.03865773,0.01755364,0.06578919
5,13,0.4021826,0.1647785,0.6150163,0.3991497,0.1662871,0.6147668,0.03995289,0.01945613,0.07257575
5,13.1,0.4052831,0.1660934,0.6197564,0.4022069,0.1676219,0.6194997,0.0404115,0.01963711,0.07369264
5,13.2,0.4083215,0.1675528,0.6243233,0.4052503,0.1689364,0.6240351,0.04101114,0.01985326,0.06851196
5,13.3,0.4114147,0.1688786,0.6290719,0.4083025,0.1702776,0.6287714,0.04148706,0.01997908,0.06939344
5,13.4,0.4148314,0.1698092,0.6337752,0.4113946,0.1716403,0.6335508,0.04283635,0.02079267,0.07080774
5,13.5,0.417939,0.1711314,0.6385493,0.4144564,0.1729864,0.6383178,0.04329577,0.02097466,0.0716939
5,13.6,0.4210559,0.1726427,0.6432429,0.4175476,0.1743621,0.6430685,0.04362629,0.0222907,0.07571337
5,13.7,0.4241663,0.1739646,0.6479357,0.4206108,0.1757044,0.6477556,0.04411712,0.02246304,0.07662034
5,13.8,0.4271826,0.1754198,0.6527346,0.4237107,0.1770463,0.6524849,0.04385676,0.02262226,0.07331254
5,13.9,0.4302889,0.1767453,0.6574869,0.4267702,0.1783902,0.6572299,0.04436108,0.02277822,0.07421058
5,14,0.4336473,0.1781668,0.6621587,0.429895,0.179698,0.6618587,0.04590769,0.02538499,0.09029564
5,14.1,0.4367483,0.1794865,0.666872,0.4329443,0.1810348,0.66656,0.04642831,0.02559841,0.09131819
5,14.2,0.4391516,0.1815504,0.6716599,0.435961,0.1823917,0.6713328,0.04364137,0.02506127,0.09207221
5,14.3,0.442253,0.1828839,0.6764151,0.4390172,0.1837346,0.6760769,0.04414285,0.0252719,0.09313338
5,14.4,0.4453598,0.1843006,0.6815744,0.4421061,0.1850895,0.6811374,0.04504878,0.02473589,0.09335449
5,14.5,0.4484712,0.1856351,0.6863031,0.445169,0.1864349,0.6858563,0.04558905,0.02491709,0.09436855
5,14.6,0.4511875,0.186899,0.6911728,0.4482272,0.1877302,0.690846,0.04215275,0.02491811,0.09200356
5,14.7,0.4542866,0.188233,0.6958576,0.451282,0.1890741,0.6955244,0.04265812,0.02512253,0.09307603
5,14.8,0.4576331,0.1896235,0.7007362,0.4543533,0.1904511,0.700276,0.04646927,0.02368382,0.08814481
5,14.9,0.4607241,0.1909516,0.7054015,0.457398,0.1917893,0.7049283,0.04698754,0.02387027,0.08922473
5,15,0.4637434,0.1919589,0.7101188,0.4604686,0.1930648,0.7095239,0.04624327,0.02256253,0.09255491
5,15.1,0.4668274,0.1932792,0.7147917,0.4635103,0.1943947,0.7141735,0.04673577,0.02273121,0.09331474
5,15.2,0.4697976,0.1946564,0.7196493,0.4665652,0.195754,0.7188744,0.04689082,0.02104815,0.08591643
5,15.3,0.4728959,0.1959896,0.7243661,0.4696202,0.1970965,0.7235611,0.04739949,0.02120747,0.08665896
5,15.4,0.4756287,0.1973522,0.7289841,0.4726444,0.1984626,0.7280962,0.0454269,0.01916132,0.0835829
5,15.5,0.4787317,0.1986934,0.7336795,0.4757086,0.1998115,0.7327581,0.04593706,0.01924493,0.0843727
5,15.6,0.4815799,0.2005884,0.7381076,0.4787737,0.2011903,0.7372842,0.04535567,0.02072373,0.08068262
5,15.7,0.4846804,0.2019594,0.7428832,0.4818382,0.2025655,0.7420319,0.04582934,0.02086973,0.08160886
5,15.8,0.4876966,0.2030725,0.7477866,0.4848553,0.2039204,0.7468732,0.04462091,0.02163194,0.08414367
5,15.9,0.4907911,0.2044516,0.7525091,0.4879113,0.2053062,0.7515635,0.04509406,0.02181916,0.08512757
5,16,0.4938003,0.2060282,0.7569863,0.490959,0.2066992,0.7562762,0.04507814,0.02300812,0.07640517
5,16.1,0.4968979,0.2074109,0.7617544,0.4940137,0.2080924,0.7610225,0.04558494,0.02319186,0.07715913
5,16.2,0.4997076,0.208879,0.7662929,0.4970659,0.2095017,0.7657275,0.04384566,0.0220826,0.07920291
5,16.3,0.5027981,0.2102634,0.7711,0.5001133,0.2109011,0.770518,0.04435096,0.02225365,0.07992954
5,16.4,0.5060612,0.2116533,0.776058,0.5031749,0.2122884,0.7755229,0.04516596,0.02548959,0.07734658
5,16.5,0.5091586,0.2130361,0.7808608,0.5062273,0.2136891,0.7803142,0.04566994,0.02566748,0.07797483
5,16.6,0.512153,0.2145339,0.7855646,0.5092811,0.2151507,0.7850907,0.04595583,0.02448808,0.08831422
5,16.7,0.5152498,0.2159262,0.7903948,0.5123322,0.2165611,0.7899078,0.04647994,0.02464299,0.08896583
5,16.8,0.5184749,0.2173086,0.7949772,0.5153414,0.2179351,0.7943913,0.04925581,0.02415402,0.08870348
5,16.9,0.5215831,0.2186989,0.7998201,0.5183985,0.2193466,0.7992144,0.04981866,0.02429075,0.08936033
5,17,0.5245353,0.2202395,0.8047619,0.5214414,0.2207655,0.8041141,0.04889355,0.02565342,0.08917763
5,17.1,0.527629,0.2216206,0.8096612,0.5244877,0.2221675,0.8089976,0.04940798,0.0258194,0.08977373
5,17.2,0.5310533,0.2222713,0.8142298,0.5274868,0.223534,0.813733,0.05103514,0.0258716,0.08886229
5,17.3,0.5341493,0.2236353,0.8191481,0.5305314,0.2249246,0.8186381,0.05154876,0.02606086,0.08944268
5,17.4,0.5374252,0.2252511,0.8240096,0.5336393,0.2263598,0.8235541,0.05351132,0.02744956,0.1041876
5,17.5,0.5405173,0.2266272,0.8289187,0.5366803,0.2277582,0.8284516,0.05402997,0.02763988,0.1049239
5,17.6,0.5429805,0.2280404,0.8333177,0.5396203,0.229141,0.8327212,0.05060233,0.02511477,0.09401254
5,17.7,0.5460544,0.2294129,0.8382443,0.5426479,0.2305352,0.8376311,0.05110013,0.02527894,0.0946548
5,17.8,0.5489952,0.2306143,0.8430136,0.5457076,0.2319241,0.8422856,0.05024334,0.02291966,0.09041699
5,17.9,0.552076,0.2319974,0.8478985,0.5487417,0.233331,0.8471484,0.05075048,0.02306291,0.09108859
5,18,0.5549574,0.2333685,0.852876,0.5518575,0.2347554,0.8522708,0.04874174,0.02148497,0.08404607
5,18.1,0.5580325,0.2347384,0.8577618,0.5548885,0.2361489,0.8571371,0.04923098,0.02162593,0.08485933
5,18.2,0.5609183,0.2363123,0.8626357,0.55797,0.2375263,0.8619111,0.04922488,0.01861541,0.07922601
5,18.3,0.5639926,0.2376829,0.8675597,0.5610006,0.23892,0.8668099,0.04972774,0.01872173,0.07999897
5,18.4,0.5667955,0.2391719,0.8725119,0.5640317,0.2403395,0.8718967,0.04782239,0.01796102,0.07630192
5,18.5,0.5698566,0.2405494,0.877412,0.5670515,0.2417382,0.8767761,0.04831859,0.01805682,0.07712257
5,18.6,0.5730971,0.2422005,0.8825197,0.5701584,0.243178,0.8818654,0.04950675,0.02195793,0.08751579
5,18.7,0.5761697,0.2435909,0.8873709,0.5731867,0.2445869,0.8866929,0.05004181,0.02206282,0.088305
5,18.8,0.5797074,0.24472,0.892279,0.5762972,0.2459971,0.8916064,0.0527041,0.02447793,0.09306375
5,18.9,0.5827905,0.2461132,0.8971684,0.5793299,0.247411,0.8964722,0.05325828,0.024638,0.09347677
5,19,0.5857334,0.2476833,0.9026159,0.5823288,0.2487701,0.9011734,0.05480608,0.02201621,0.09072093
5,19.1,0.5888255,0.2490836,0.9074984,0.5853679,0.25019,0.9060191,0.05540093,0.02214559,0.09177032
5,19.2,0.5921397,0.2502021,0.9126242,0.5884105,0.2515571,0.9108216,0.05652816,0.02430267,0.09809597
5,19.3,0.595226,0.2515989,0.9175307,0.5914434,0.2529739,0.9156827,0.05711282,0.02444567,0.0985167
5,19.4,0.5984549,0.2533404,0.9233264,0.5944948,0.2543621,0.9202683,0.06052007,0.02446712,0.1038027
5,19.5,0.6015427,0.2547296,0.928254,0.597528,0.2557663,0.925136,0.06113381,0.02457671,0.1047246
5,19.6,0.604171,0.256142,0.9330823,0.6004612,0.2572238,0.9299142,0.05756057,0.02571267,0.09789791
5,19.7,0.6072515,0.2575298,0.9380423,0.603491,0.2586248,0.9348129,0.058136,0.0258812,0.09861752
5,19.8,0.6099338,0.2594216,0.9435904,0.606488,0.2600375,0.939555,0.05677959,0.0264309,0.09239321
5,19.9,0.6130016,0.2608226,0.9485531,0.6095081,0.2614455,0.9444463,0.0573562,0.02659813,0.09269419
5,20,0.6157548,0.2622087,0.9529818,0.6125533,0.2629167,0.9496545,0.05475511,0.02473293,0.08608671
5,20.1,0.6188308,0.2636111,0.9579632,0.61558,0.2643313,0.9545749,0.05533878,0.02490421,0.08689048
5,20.2,0.622038,0.2650103,0.9634865,0.618573,0.2657325,0.9594677,0.05674172,0.02743221,0.100548
5,20.3,0.6251053,0.2664291,0.9684721,0.6215898,0.2671631,0.964382,0.05732061,0.02762658,0.1012213
5,20.4,0.6277429,0.267845,0.9725686,0.624612,0.2686138,0.9697528,0.05437362,0.02455214,0.0950546
5,20.5,0.6308098,0.2692505,0.977495,0.6276345,0.2700334,0.9746253,0.05491814,0.02468204,0.09541341
5,20.6,0.6335172,0.2705746,0.9819402,0.6306855,0.2714322,0.9796773,0.05057836,0.02471079,0.0915421
5,20.7,0.6365706,0.2719722,0.986848,0.6337004,0.2728453,0.9845396,0.05106585,0.0248433,0.09217588
5,20.8,0.639947,0.2734707,0.9910717,0.6366971,0.274352,0.9898057,0.05376952,0.02900276,0.1053262
5,20.9,0.6429984,0.2748745,0.9959924,0.6397046,0.2757724,0.9946896,0.05427126,0.02920026,0.1060754
5,21,0.6457376,0.2764244,1.000649,0.6426598,0.2772251,0.9996639,0.05393353,0.02586437,0.09715024
5,21.1,0.6487932,0.2778307,1.005609,0.6456717,0.2786492,1.004591,0.05445895,0.02599787,0.09777318
5,21.2,0.6516962,0.2791799,1.010616,0.6486069,0.2800918,1.00935,0.05520999,0.02258205,0.09210308
5,21.3,0.6547513,0.2805853,1.015619,0.651617,0.2815159,1.014318,0.05576017,0.02267359,0.09281161
5,21.4,0.6575121,0.2819773,1.020733,0.654608,0.2830096,1.019029,0.05292971,0.02188321,0.08658507
5,21.5,0.6605623,0.2833712,1.025782,0.6576176,0.2844212,1.024042,0.05344545,0.02197753,0.08722554
5,21.6,0.6641935,0.2842657,1.03102,0.6606317,0.2857073,1.029104,0.05779815,0.02507764,0.09493442
5,21.7,0.6672367,0.2856534,1.036125,0.663631,0.287114,1.034173,0.058318,0.02519498,0.09565114
5,21.8,0.6703696,0.2867427,1.040657,0.6666136,0.2885771,1.039261,0.05734175,0.02774127,0.1008539
5,21.9,0.6734048,0.2881326,1.045745,0.6696036,0.2899874,1.044321,0.05786351,0.02787439,0.1015844
5,22,0.6763063,0.2897836,1.050141,0.6726351,0.2913553,1.049442,0.05857566,0.0262261,0.09453932
5,22.1,0.6793466,0.29118,1.055235,0.6756302,0.2927687,1.054517,0.0591163,0.02635024,0.09512284
5,22.2,0.6823656,0.2923543,1.060344,0.6787163,0.2940568,1.059574,0.0576376,0.02707381,0.09673759
5,22.3,0.6854128,0.2937436,1.065429,0.6817169,0.2954652,1.064638,0.05818679,0.02721073,0.09745554
5,22.4,0.6884468,0.2950954,1.070374,0.6848036,0.2968395,1.069498,0.05777396,0.02684039,0.09809347
5,22.5,0.6914893,0.2964875,1.075436,0.6877967,0.2982536,1.074537,0.05834299,0.02697642,0.09886443
5,22.6,0.6943036,0.297954,1.08059,0.6907061,0.2996735,1.07955,0.05823632,0.02544013,0.09797311
5,22.7,0.6973364,0.2993377,1.08567,0.6936898,0.3010776,1.084602,0.05881599,0.0255609,0.09900925
5,22.8,0.7002856,0.3002096,1.090465,0.6967699,0.3024176,1.089688,0.05454817,0.02659928,0.09112423
5,22.9,0.7033246,0.301573,1.095563,0.6997613,0.3038077,1.094765,0.05508999,0.02674609,0.0922292
5,23,0.7058338,0.3033635,1.100768,0.7027357,0.3052012,1.09988,0.05215453,0.02473656,0.08775576
5,23.1,0.7088546,0.3047323,1.1059,0.7057141,0.3065936,1.104985,0.05266093,0.02488614,0.08838979
5,23.2,0.7116769,0.3065796,1.111181,0.7087341,0.3080991,1.110072,0.05246442,0.02384543,0.09843172
5,23.3,0.7147033,0.3079367,1.116349,0.7117197,0.3094779,1.115206,0.05294133,0.02404265,0.09922382
5,23.4,0.7176467,0.30947,1.121461,0.7148315,0.310848,1.120126,0.05206369,0.02316962,0.09786699
5,23.5,0.7206833,0.3108122,1.126638,0.7178294,0.3122104,1.125272,0.05252834,0.02336295,0.09865969
5,23.6,0.7236116,0.3120416,1.132089,0.7207884,0.3136065,1.130463,0.05097715,0.02404291,0.09661131
5,23.7,0.7266467,0.313389,1.137286,0.723783,0.3149754,1.135622,0.05144776,0.02427244,0.09744482
5,23.8,0.729634,0.3145418,1.142421,0.7268068,0.3163577,1.140849,0.05058813,0.02224658,0.08820762
5,23.9,0.7326637,0.3158956,1.147603,0.7297964,0.3177367,1.145993,0.05103791,0.02248336,0.08899419
5,24,0.7353949,0.3174657,1.152653,0.7327075,0.3192046,1.15099,0.04854828,0.02377006,0.08568455
5,24.1,0.7384088,0.3188249,1.157834,0.7356812,0.3205911,1.156137,0.04899737,0.02399751,0.08650058
5,24.2,0.7410323,0.3203204,1.16265,0.7386274,0.3218947,1.161013,0.0459211,0.02269395,0.07325101
5,24.3,0.7440369,0.3216654,1.167789,0.7415947,0.3232645,1.166119,0.04638777,0.02286228,0.07351966
5,24.4,0.7470026,0.3228746,1.172904,0.744568,0.324589,1.171377,0.04598188,0.0220648,0.07160452
5,24.5,0.7500145,0.3242204,1.178042,0.7475408,0.3259601,1.176476,0.04647601,0.02223695,0.07196064
5,24.6,0.7531495,0.3255086,1.183342,0.7504998,0.3273193,1.18157,0.04775204,0.02472841,0.08447579
5,24.7,0.7561745,0.3268551,1.188453,0.753485,0.3286905,1.186638,0.0482392,0.02492407,0.08527161
5,24.8,0.7591582,0.3282718,1.193463,0.7565455,0.3300962,1.191647,0.04713995,0.02506514,0.07976924
5,24.9,0.7621848,0.3296176,1.198593,0.7595342,0.3314642,1.196734,0.04760741,0.02528499,0.08059167
5,25,0.7649868,0.3312502,1.203565,0.7625393,0.3327829,1.201698,0.04648171,0.02536597,0.08057233
5,25.1,0.7680141,0.3325953,1.208682,0.7655305,0.3341459,1.20678,0.04695435,0.02558292,0.08133549
5,25.2,0.7708564,0.3341986,1.213931,0.7685385,0.3355228,1.211832,0.04694097,0.0234458,0.08280343
5,25.3,0.7738716,0.3355326,1.219012,0.7715199,0.3368714,1.21688,0.04741334,0.02364417,0.08368842
5,25.4,0.7769149,0.3369754,1.223581,0.7745377,0.3381427,1.221941,0.04883803,0.02415523,0.08729801
5,25.5,0.7799373,0.3383132,1.228621,0.7775225,0.3394974,1.226949,0.04933279,0.02437966,0.08825856
5,25.6,0.7830735,0.3396026,1.23367,0.7806198,0.3407512,1.232077,0.04979169,0.02544845,0.09883552
5,25.7,0.7860987,0.3409331,1.238606,0.7836061,0.3420987,1.236979,0.05028527,0.02570346,0.09965988
5,25.8,0.7890497,0.3425427,1.243554,0.7866457,0.3435969,1.241906,0.04966141,0.02584579,0.09105856
5,25.9,0.792075,0.3438724,1.248463,0.7896298,0.3449444,1.246787,0.05019974,0.02607899,0.09182866
5,26,0.7951288,0.3451938,1.253427,0.7927294,0.3462488,1.251861,0.05004269,0.02539597,0.08936222
5,26.1,0.7981599,0.3465278,1.258371,0.7957188,0.3476012,1.256774,0.05059527,0.02560763,0.09059346
5,26.2,0.8010078,0.3478887,1.263386,0.7986935,0.3488511,1.261518,0.04969086,0.02504598,0.08735567
5,26.3,0.8040394,0.3492315,1.268397,0.8016843,0.3502112,1.266497,0.05024408,0.02526122,0.08861015
5,26.4,0.8068264,0.350858,1.273572,0.8046628,0.3515946,1.271292,0.04964658,0.02362439,0.08071026
5,26.5,0.8098465,0.3522057,1.278651,0.8076468,0.3529534,1.276331,0.05015409,0.02387763,0.08153953
5,26.6,0.8126034,0.353708,1.283978,0.8106604,0.3541983,1.281242,0.04799968,0.02340228,0.08425426
5,26.7,0.8156121,0.3550677,1.289088,0.8136385,0.3555651,1.286307,0.04848376,0.02359882,0.08510932
5,26.8,0.8185693,0.3568123,1.294576,0.8166321,0.3569937,1.291206,0.04930643,0.02541575,0.09379222
5,26.9,0.8215784,0.358177,1.299716,0.8196116,0.3583609,1.296293,0.04980711,0.02558908,0.09471
5,27,0.8247302,0.3593941,1.305607,0.8225973,0.3597976,1.301312,0.05148069,0.02487244,0.09052816
5,27.1,0.8277286,0.3607341,1.310701,0.8255666,0.3611406,1.306347,0.05194767,0.02507052,0.09127576
5,27.2,0.8307327,0.361949,1.31518,0.8285769,0.362568,1.311651,0.05059079,0.02495738,0.08635518
5,27.3,0.8337288,0.3632985,1.320308,0.8315451,0.3639213,1.316731,0.05106597,0.0250967,0.08685498
5,27.4,0.8366318,0.364764,1.325768,0.8345143,0.3653246,1.321782,0.05149249,0.02290341,0.08249902
5,27.5,0.8396244,0.3661035,1.330881,0.8374812,0.3666681,1.326847,0.0519553,0.02298659,0.0829802
5,27.6,0.8423328,0.3672703,1.335866,0.8404068,0.3678609,1.331942,0.04796834,0.02356551,0.09511838
5,27.7,0.8453145,0.3686024,1.340941,0.8433657,0.3691971,1.336971,0.04840059,0.02365289,0.09576852
5,27.8,0.8480661,0.3701111,1.346182,0.8463358,0.3704828,1.342161,0.04631011,0.02352461,0.08460129
5,27.9,0.8510448,0.3714397,1.35126,0.8492933,0.3718143,1.347198,0.04672423,0.02362815,0.08520337
5,28,0.8542959,0.3723172,1.356063,0.8521733,0.3731346,1.352292,0.04979888,0.02435557,0.09817394
5,28.1,0.8572807,0.3736433,1.361147,0.8551295,0.3744694,1.357336,0.05029677,0.02442832,0.09892101
5,28.2,0.8602137,0.3750286,1.365551,0.8581226,0.3758632,1.362468,0.0496972,0.02357689,0.0922547
5,28.3,0.8632033,0.3763329,1.370564,0.8610808,0.37718,1.367445,0.05021767,0.02365454,0.09295867
5,28.4,0.8660671,0.3774037,1.375266,0.8638821,0.378354,1.372441,0.05030352,0.02443652,0.09898766
5,28.5,0.869065,0.3787067,1.380257,0.8668478,0.3796705,1.377403,0.05084043,0.02448947,0.09980406
5,28.6,0.8723925,0.3799415,1.385018,0.8699142,0.3810063,1.38228,0.0539103,0.0259951,0.1089875
5,28.7,0.8753817,0.3812452,1.389967,0.8728648,0.382328,1.387206,0.05448549,0.02607686,0.1099711
5,28.8,0.8780134,0.3829448,1.394865,0.8757821,0.3838003,1.392212,0.05165164,0.02559068,0.1056903
5,28.9,0.8810098,0.3842372,1.399794,0.8787443,0.3851073,1.397119,0.0521927,0.02568303,0.1066656
5,29,0.8838917,0.3858939,1.404282,0.8816138,0.3865982,1.402203,0.05407878,0.02471454,0.09884239
5,29.1,0.8868793,0.387198,1.409182,0.884567,0.3879158,1.407087,0.05462675,0.02478499,0.09973577
5,29.2,0.889985,0.3883724,1.414309,0.8875429,0.3891107,1.411794,0.05445681,0.02955588,0.1002809
5,29.3,0.8929686,0.3896828,1.419263,0.8904925,0.3904347,1.41673,0.0549885,0.02964818,0.1011921
5,29.4,0.8955911,0.3910307,1.423944,0.8935511,0.3916785,1.422059,0.05026308,0.02599479,0.09396047
5,29.5,0.8985617,0.3923497,1.428879,0.8964897,0.393012,1.426979,0.05077113,0.02611021,0.09491378
5,29.6,0.9016344,0.393946,1.43422,0.89949,0.3944541,1.431773,0.05268676,0.02725826,0.09378425
5,29.7,0.9046174,0.3952751,1.439211,0.9024397,0.3957972,1.436745,0.05319839,0.02739194,0.0947112
5,29.8,0.9077324,0.3969191,1.445067,0.905487,0.3972823,1.441292,0.0550293,0.0284549,0.1045779
5,29.9,0.9107178,0.3982475,1.450074,0.9084368,0.3986254,1.446269,0.05555141,0.0286053,0.1051824
5,30,0.91371,0.3995081,1.454285,0.9114428,0.3999997,1.451888,0.05586239,0.02603432,0.0978878
5,30.1,0.9166963,0.4008247,1.459238,0.9143915,0.4013356,1.456822,0.05639885,0.02616033,0.09857468
5,30.2,0.9196907,0.4014855,1.464125,0.917449,0.4023925,1.461631,0.05395217,0.02328243,0.0856672
5,30.3,0.9226905,0.4027845,1.469014,0.9204123,0.4037164,1.466506,0.0544365,0.02343498,0.08605207
5,30.4,0.9254614,0.403889,1.473886,0.923328,0.4049401,1.471164,0.05160598,0.02232276,0.08975244
5,30.5,0.9284658,0.4051842,1.478742,0.9262953,0.4062659,1.476004,0.05207731,0.02247438,0.09018404
5,30.6,0.9313427,0.4064655,1.483469,0.9291727,0.4076579,1.481093,0.05151299,0.0220398,0.08435004
5,30.7,0.9343507,0.4077672,1.488398,0.9321419,0.4089917,1.486008,0.05200434,0.02219793,0.08476005
5,30.8,0.9371933,0.409159,1.492815,0.9351914,0.4103775,1.491608,0.04960018,0.01890135,0.08324135
5,30.9,0.9401897,0.4104588,1.497641,0.9381531,0.4117066,1.496426,0.05005911,0.0190554,0.08410198
5,31,0.9429115,0.4123665,1.503151,0.9410112,0.4132707,1.500826,0.05068851,0.01781393,0.07901736
5,31.1,0.9459044,0.4136742,1.508007,0.9439725,0.4146038,1.505668,0.05113754,0.01790631,0.08007874
5,31.2,0.9485441,0.4150782,1.512711,0.9468877,0.4159031,1.511036,0.0464637,0.01862574,0.07169407
5,31.3,0.9515307,0.4163897,1.517515,0.9498462,0.4172377,1.515834,0.04689277,0.01870492,0.07192887
5,31.4,0.9546922,0.4178445,1.522315,0.9528125,0.4186213,1.52091,0.05084826,0.02006974,0.08020502
5,31.5,0.9576849,0.4191518,1.527133,0.9557754,0.41995,1.525727,0.05130272,0.02014658,0.08101475
5,31.6,0.9602921,0.4208071,1.532029,0.9587247,0.4213108,1.530809,0.04735708,0.01952877,0.07385062
5,31.7,0.9632897,0.4221067,1.536883,0.9616978,0.4226273,1.535664,0.04778282,0.01955775,0.07433445
5,31.8,0.9661311,0.4238654,1.541579,0.9646216,0.4240131,1.540579,0.04978528,0.01826964,0.07474199
5,31.9,0.9691163,0.4251587,1.546408,0.9675841,0.4253158,1.54541,0.05021828,0.0183095,0.07517505
5,32,0.972051,0.4261893,1.551318,0.9704941,0.4266067,1.550481,0.04872517,0.01812507,0.07537848
5,32.1,0.9750336,0.4274933,1.556184,0.9734526,0.4279232,1.555349,0.04918658,0.01812311,0.07588033
5,32.2,0.9779138,0.428868,1.561052,0.9764503,0.4292054,1.560266,0.0478032,0.01777161,0.06857408
5,32.3,0.9808958,0.4301754,1.565907,0.9794076,0.4305247,1.565125,0.04827174,0.01781947,0.06913441
5,32.4,0.9837525,0.4314577,1.570903,0.9822821,0.4317907,1.56998,0.04903329,0.01499423,0.06927853
5,32.5,0.9867411,0.4327564,1.575794,0.9852461,0.4331011,1.574875,0.04947135,0.01512189,0.07012181
5,32.6,0.9895648,0.4346044,1.580847,0.9880263,0.4346338,1.579685,0.05122499,0.02036867,0.08510646
5,32.7,0.9925654,0.4359063,1.585714,0.9910005,0.4359436,1.584558,0.05171858,0.02047575,0.08558102
5,32.8,0.9955643,0.437039,1.59065,0.9937411,0.4372454,1.589413,0.05393828,0.02397582,0.08992303
5,32.9,0.9985809,0.438341,1.595515,0.9967295,0.438557,1.594285,0.05441096,0.02413945,0.09076415
5,33,1.001487,0.4396611,1.600559,0.999767,0.4397616,1.598804,0.05379274,0.02209115,0.08621401
5,33.1,1.004502,0.4409848,1.605444,1.002757,0.4410934,1.603698,0.05425428,0.02219644,0.08698004
5,33.2,1.007239,0.4423998,1.610044,1.005907,0.4424679,1.609007,0.04748652,0.0197371,0.07808864
5,33.3,1.010254,0.443738,1.614944,1.008903,0.4438107,1.613912,0.04789036,0.01980163,0.07884777
5,33.4,1.013286,0.445125,1.619632,1.012014,0.4453092,1.618947,0.04514017,0.0200428,0.07954455
5,33.5,1.01631,0.4464602,1.624529,1.01502,0.446649,1.623849,0.04556815,0.02010355,0.08027735
5,33.6,1.019363,0.4478844,1.629223,1.018006,0.4479451,1.628851,0.04629403,0.0245132,0.1014147
5,33.7,1.022397,0.4492089,1.6341,1.02102,0.4492744,1.633728,0.04672475,0.02461683,0.1018529
5,33.8,1.025555,0.4497563,1.638857,1.024089,0.4503247,1.638565,0.04603905,0.02049974,0.07810487
5,33.9,1.028592,0.4510657,1.64367,1.027103,0.4516446,1.64338,0.04649596,0.0206081,0.07896592
5,34,1.03155,0.4521826,1.64825,1.030132,0.4527154,1.648051,0.04442492,0.02274836,0.07701477
5,34.1,1.034592,0.4534796,1.653045,1.03315,0.4540233,1.652845,0.04487814,0.02291341,0.0778439
5,34.2,1.037516,0.4547087,1.657704,1.036179,0.4552362,1.65751,0.04363099,0.02087913,0.07004607
5,34.3,1.040569,0.4560249,1.662545,1.039211,0.4565595,1.662349,0.04405298,0.02106638,0.07080217
5,34.4,1.0434,0.4572511,1.66778,1.042089,0.4578591,1.667519,0.04129042,0.02291761,0.06849622
5,34.5,1.046443,0.4585584,1.672591,1.045111,0.4591761,1.672324,0.04168681,0.02316124,0.06925303
5,34.6,1.049229,0.4600217,1.677436,1.047903,0.4607706,1.677122,0.04232714,0.0187719,0.06860195
5,34.7,1.05228,0.4613293,1.682214,1.050931,0.4620909,1.681897,0.04274663,0.01895781,0.06947163
5,34.8,1.054929,0.4626676,1.686707,1.053761,0.4633367,1.686476,0.04089672,0.01461504,0.06534166
5,34.9,1.057977,0.4639874,1.691548,1.056787,0.4646684,1.69131,0.04132562,0.01482149,0.0659485
5,35,1.060982,0.4649122,1.696285,1.059712,0.4657671,1.69601,0.04021933,0.01834881,0.07249312
5,35.1,1.064044,0.4662222,1.701161,1.062753,0.467088,1.700879,0.04063663,0.01854056,0.07313562
5,35.2,1.067363,0.4678403,1.706389,1.066133,0.4685095,1.705769,0.04393456,0.01019631,0.05991761
5,35.3,1.070429,0.4691608,1.711214,1.06918,0.4698383,1.71059,0.0443656,0.01030789,0.06048765
5,35.4,1.073314,0.4708504,1.716113,1.072331,0.4713408,1.715563,0.03900658,0.0125328,0.05841378
5,35.5,1.076393,0.4721681,1.720941,1.07539,0.4726675,1.72038,0.03945871,0.01268234,0.05899275
5,35.6,1.079488,0.4735893,1.726326,1.078551,0.4739234,1.72545,0.03915556,0.01409036,0.05680253
5,35.7,1.082582,0.4749022,1.731137,1.081624,0.4752438,1.730249,0.03963712,0.01422914,0.05744939
5,35.8,1.085507,0.476096,1.735857,1.084585,0.476443,1.734914,0.03839257,0.01495574,0.06197181
5,35.9,1.088586,0.4774049,1.740587,1.087646,0.4777586,1.739632,0.03882293,0.01511651,0.06305045
5,36,1.091727,0.4789963,1.745795,1.090757,0.4793022,1.74452,0.0397201,0.01654672,0.06751193
5,36.1,1.0948,0.4802879,1.750469,1.09381,0.480604,1.749191,0.04018934,0.01664649,0.06772011
5,36.2,1.097495,0.4816444,1.754643,1.096576,0.4819476,1.753667,0.03792385,0.0177795,0.06927827
5,36.3,1.100562,0.4829205,1.759267,1.099623,0.4832327,1.758288,0.03838491,0.01789721,0.0698075
5,36.4,1.103712,0.4841376,1.763726,1.102813,0.4845573,1.762806,0.03720101,0.0149875,0.05998767
5,36.5,1.106768,0.4853999,1.768322,1.10585,0.4858299,1.767392,0.03766889,0.01505882,0.06040527
5,36.6,1.109892,0.4867375,1.773432,1.108919,0.487212,1.772206,0.03865545,0.01539593,0.06681089
5,36.7,1.112947,0.487994,1.778035,1.111954,0.4884782,1.776801,0.03912578,0.01547595,0.06713506
5,36.8,1.115808,0.4893465,1.78242,1.11486,0.4897408,1.781329,0.03769344,0.01850935,0.06411661
5,36.9,1.118874,0.4905993,1.787043,1.117907,0.4910031,1.78595,0.03816348,0.01862081,0.06509351
5,37,1.121803,0.491864,1.791014,1.120904,0.492254,1.790197,0.03760723,0.01582092,0.06405042
5,37.1,1.12486,0.4931162,1.795585,1.123944,0.493513,1.794766,0.03808269,0.01585261,0.06502452
5,37.2,1.127919,0.4945146,1.80075,1.126964,0.4948362,1.799566,0.03968248,0.0170397,0.06792354
5,37.3,1.130979,0.4957596,1.80525,1.130006,0.496088,1.804064,0.04019372,0.01704133,0.0685278
5,37.4,1.133962,0.4970732,1.81037,1.133066,0.4973556,1.808754,0.03842226,0.01746062,0.07150029
5,37.5,1.137019,0.49833,1.814901,1.136105,0.4986172,1.813281,0.03892286,0.01746417,0.07250756
5,37.6,1.139864,0.4995441,1.819837,1.139027,0.499856,1.818011,0.03674335,0.01656921,0.06620007
5,37.7,1.14292,0.5007904,1.824361,1.142068,0.5011068,1.822528,0.03721253,0.0165737,0.06712872
5,37.8,1.145808,0.5020558,1.827978,1.144987,0.5024562,1.826625,0.03604319,0.01450226,0.0658888
5,37.9,1.148874,0.503293,1.832451,1.148038,0.5036981,1.831094,0.03648891,0.01454549,0.0665681
5,38,1.151971,0.5044281,1.836103,1.151265,0.5047887,1.83514,0.03363859,0.01245506,0.06001614
5,38.1,1.155044,0.5056565,1.84059,1.154326,0.5060212,1.839625,0.03405639,0.01248662,0.06016042
5,38.2,1.158066,0.5069293,1.844399,1.157346,0.5073074,1.843728,0.03430019,0.01148258,0.05017025
5,38.3,1.161144,0.5081617,1.848911,1.160411,0.5085424,1.848234,0.03472957,0.01156483,0.05042661
5,38.4,1.164264,0.5092214,1.853082,1.163599,0.5095719,1.852492,0.03355839,0.009356227,0.0472463
5,38.5,1.167331,0.5104503,1.857579,1.166652,0.510804,1.856982,0.03400663,0.009395006,0.0475993
5,38.6,1.170396,0.5115614,1.861929,1.169709,0.5119746,1.861327,0.03278533,0.01171393,0.04762679
5,38.7,1.173464,0.5127933,1.866477,1.172764,0.5132115,1.865862,0.03321259,0.01181858,0.04818758
5,38.8,1.176571,0.5142728,1.87107,1.175979,0.5145931,1.870492,0.0308776,0.01147514,0.04690392
5,38.9,1.179641,0.5154975,1.875635,1.179037,0.5158225,1.875047,0.0312962,0.01162423,0.04766487
5,39,1.182862,0.5171141,1.880203,1.182285,0.5173482,1.879609,0.03181189,0.01141899,0.04989418
5,39.1,1.185936,0.5183459,1.884795,1.185346,0.5185823,1.884193,0.03224341,0.01160313,0.05048135
5,39.2,1.188901,0.5196026,1.889149,1.188267,0.5198833,1.888596,0.03280574,0.01278793,0.05289363
5,39.3,1.191988,0.5208389,1.893711,1.191339,0.5211218,1.893151,0.03326686,0.01296658,0.05351431
5,39.4,1.19485,0.5220376,1.897941,1.19428,0.522335,1.89747,0.03105988,0.01041569,0.04655518
5,39.5,1.197935,0.5232855,1.902518,1.19735,0.5235874,1.902041,0.03154563,0.01054303,0.04750278
5,39.6,1.201028,0.5243788,1.907006,1.200497,0.524625,1.906535,0.03052703,0.01016863,0.04549401
5,39.7,1.204106,0.5256333,1.91155,1.20356,0.5258859,1.911076,0.0310046,0.01033738,0.0464005
5,39.8,1.207329,0.5267904,1.915698,1.206775,0.527036,1.915286,0.03153938,0.01008718,0.04156415
5,39.9,1.210398,0.5280424,1.920152,1.209829,0.5282947,1.919737,0.03200703,0.01026896,0.04235743
5,40,1.213529,0.5292601,1.92522,1.212976,0.5294945,1.924693,0.03175479,0.01022816,0.04550577
5,40.1,1.216605,0.5305054,1.929668,1.216037,0.5307461,1.929135,0.03221699,0.01038788,0.04578107
5,40.2,1.219502,0.5317555,1.933939,1.218951,0.5319868,1.933406,0.0317791,0.01028437,0.04598475
5,40.3,1.222601,0.5329971,1.938412,1.222035,0.5332342,1.937873,0.03225352,0.01042608,0.04624589
5,40.4,1.225665,0.5342867,1.943115,1.225083,0.5345431,1.942527,0.03244598,0.01094217,0.04831347
5,40.5,1.228748,0.535542,1.947637,1.22815,0.5358046,1.947045,0.03292637,0.011068,0.04859083
5,40.6,1.231724,0.5368968,1.95234,1.231135,0.5371109,1.95168,0.03324275,0.0115477,0.05094783
5,40.7,1.234816,0.5381635,1.956879,1.234212,0.5383819,1.956214,0.03372623,0.01166696,0.05121397
5,40.8,1.237812,0.5393035,1.961288,1.237184,0.5395607,1.960704,0.03397254,0.0119261,0.04835392
5,40.9,1.240908,0.5405649,1.965831,1.240265,0.5408266,1.965241,0.03445849,0.01207936,0.04864246
5,41,1.243938,0.5416764,1.969631,1.243277,0.5419858,1.969093,0.03444594,0.0120444,0.04979932
5,41.1,1.24703,0.5429293,1.974174,1.246354,0.5432439,1.97363,0.03492878,0.01219671,0.05050423
5,41.2,1.250187,0.5439724,1.977506,1.24954,0.5443205,1.977179,0.03354059,0.01181933,0.05104337
5,41.3,1.253284,0.5452246,1.982003,1.252621,0.545578,1.981667,0.03403974,0.0119391,0.05174826
5,41.4,1.256245,0.5465918,1.986607,1.255598,0.5469515,1.986223,0.0333917,0.01200156,0.04729982
5,41.5,1.259346,0.547863,1.991073,1.258686,0.5482264,1.990678,0.03384609,0.01209745,0.04783496
5,41.6,1.262534,0.5492522,1.99688,1.261885,0.549578,1.996389,0.03418172,0.01172707,0.04950412
5,41.7,1.265637,0.5505185,2.00131,1.264975,0.5508482,2.00081,0.03462456,0.01181257,0.05011666
5,41.8,1.268531,0.551765,2.006178,1.267874,0.5520795,2.005653,0.03463623,0.01198663,0.05152676
5,41.9,1.271631,0.5530293,2.01063,1.270961,0.5533483,2.010095,0.03508607,0.01207187,0.05214089
5,42,1.274819,0.5540822,2.014392,1.274151,0.554453,2.013868,0.03392806,0.01304567,0.05379438
5,42.1,1.277917,0.5553355,2.018811,1.277235,0.5557115,2.018277,0.03436456,0.01313078,0.05446819
5,42.2,1.280921,0.5563862,2.023221,1.280209,0.5568049,2.022687,0.03462838,0.01380422,0.05410716
5,42.3,1.284031,0.5576213,2.02762,1.283305,0.5580469,2.027077,0.0350716,0.01388198,0.05478743
5,42.4,1.28689,0.5591765,2.032333,1.286208,0.5595339,2.031621,0.03449051,0.01401323,0.05525343
5,42.5,1.289999,0.5604038,2.036757,1.289303,0.5607673,2.036034,0.03494542,0.014088,0.0557511
5,42.6,1.29293,0.5614455,2.040345,1.292279,0.5617903,2.039636,0.03369922,0.01380248,0.05519028
5,42.7,1.296034,0.5626648,2.0448,1.295369,0.5630146,2.044076,0.03415285,0.01387842,0.05583413
5,42.8,1.299239,0.5640102,2.049763,1.298562,0.5644093,2.049116,0.03391656,0.01380273,0.05303312
5,42.9,1.302335,0.5652207,2.054186,1.301644,0.565626,2.053529,0.03437306,0.0138543,0.05351795
5,43,1.305521,0.5664136,2.059291,1.304815,0.5668356,2.058706,0.03534234,0.01217257,0.050497
5,43.1,1.308619,0.5676191,2.06375,1.307898,0.5680476,2.063157,0.0358267,0.01218848,0.05091499
5,43.2,1.31172,0.5689966,2.067714,1.31101,0.5694006,2.067102,0.03536016,0.01356009,0.05379161
5,43.3,1.314812,0.5701926,2.072156,1.314088,0.5706007,2.071535,0.0358378,0.01359477,0.05429614
5,43.4,1.317717,0.571745,2.07737,1.317042,0.5720468,2.076508,0.03583518,0.01325901,0.05617208
5,43.5,1.3208,0.5729395,2.081853,1.320112,0.5732429,2.08098,0.03631497,0.01328908,0.0565697
5,43.6,1.323767,0.5740652,2.08608,1.323061,0.5744099,2.085486,0.03623854,0.01383214,0.05782636
5,43.7,1.326837,0.575256,2.090519,1.326116,0.5756045,2.089918,0.03674192,0.01385606,0.05810141
5,43.8,1.329939,0.5764441,2.09533,1.329192,0.5767903,2.094768,0.03768773,0.01410552,0.06257689
5,43.9,1.333031,0.5776341,2.09981,1.332267,0.5779841,2.09924,0.0381867,0.0141938,0.06314948
5,44,1.336027,0.5786828,2.10303,1.335289,0.579068,2.102518,0.0362297,0.01571204,0.06781331
5,44.1,1.33912,0.5798798,2.107511,1.338368,0.5802695,2.106991,0.03669315,0.01581624,0.06838446
5,44.2,1.342547,0.5811697,2.112663,1.341683,0.581652,2.111937,0.03889366,0.01699241,0.0652155
5,44.3,1.345663,0.5823792,2.11718,1.344784,0.5828662,2.116449,0.03936269,0.0170775,0.06580364
5,44.4,1.348744,0.5838589,2.121747,1.347911,0.5842883,2.120874,0.0390324,0.01614916,0.06191562
5,44.5,1.351858,0.5850632,2.126288,1.35101,0.5854964,2.125407,0.0394966,0.01622386,0.06223995
5,44.6,1.355135,0.5861878,2.131149,1.354346,0.5865567,2.13004,0.03900758,0.01469689,0.06157848
5,44.7,1.358267,0.5873981,2.13566,1.357463,0.5877706,2.134544,0.03950572,0.01471023,0.0621732
5,44.8,1.361525,0.5886925,2.140464,1.360742,0.5890374,2.13944,0.03886875,0.0156488,0.06138145
5,44.9,1.364653,0.5899041,2.144943,1.363857,0.590251,2.143911,0.03932214,0.01576255,0.06193383
5,45,1.36748,0.5911073,2.148948,1.366737,0.5914568,2.147758,0.03732726,0.01605734,0.06265197
5,45.1,1.370616,0.592321,2.15339,1.369861,0.5926719,2.152188,0.03776816,0.01611433,0.06283152
5,45.2,1.373639,0.5936109,2.1569,1.372921,0.5938484,2.155478,0.0376349,0.01746767,0.06732299
5,45.3,1.376762,0.5948142,2.16128,1.37603,0.5950545,2.159844,0.0380975,0.01753951,0.06782396
5,45.4,1.380089,0.5962033,2.166078,1.379389,0.5963699,2.164822,0.03920608,0.01472119,0.06220941
5,45.5,1.383214,0.5973994,2.170451,1.3825,0.5975674,2.169181,0.03968254,0.01480516,0.06271678
5,45.6,1.386045,0.5984142,2.174587,1.385421,0.5985893,2.173513,0.03697613,0.01306447,0.06298568
5,45.7,1.389172,0.5996063,2.178929,1.388536,0.5997833,2.177842,0.03743853,0.01313797,0.06371087
5,45.8,1.392384,0.6008046,2.183449,1.391712,0.601009,2.182517,0.03847253,0.01281602,0.06436067
5,45.9,1.395521,0.6020157,2.187784,1.394835,0.6022226,2.186842,0.03897285,0.01289072,0.06480074
5,46,1.398708,0.6033559,2.192572,1.398007,0.6035693,2.191203,0.03846182,0.01574699,0.06335063
5,46.1,1.401845,0.6045729,2.196863,1.401129,0.604789,2.195476,0.03895982,0.01589045,0.06419757
5,46.2,1.404665,0.605411,2.200729,1.403942,0.6056976,2.199363,0.03810658,0.01612359,0.06022475
5,46.3,1.40779,0.6066188,2.205,1.407051,0.6069104,2.203614,0.03863806,0.01623178,0.06111201
5,46.4,1.410923,0.6077946,2.209636,1.410195,0.6081597,2.208512,0.03726661,0.01594395,0.06351132
5,46.5,1.414048,0.6089954,2.213867,1.413304,0.6093667,2.212728,0.03778939,0.01603103,0.06439243
5,46.6,1.417039,0.6101867,2.218378,1.416252,0.6105716,2.217041,0.03906385,0.01641122,0.06856888
5,46.7,1.420152,0.6113879,2.222535,1.419349,0.6117787,2.221179,0.03961173,0.01648603,0.06895272
5,46.8,1.423525,0.6125628,2.226607,1.422698,0.6130234,2.225353,0.03960273,0.01624937,0.07327795
5,46.9,1.426649,0.6137748,2.230745,1.425804,0.6142423,2.229474,0.04012656,0.01633551,0.07375887
5,47,1.429823,0.6149574,2.234455,1.428978,0.6154426,2.233371,0.04004618,0.01610306,0.06997469
5,47.1,1.432956,0.6161562,2.238525,1.432094,0.6166485,2.237425,0.04056786,0.01617639,0.07050211
5,47.2,1.435717,0.6173145,2.243094,1.434899,0.6177931,2.241961,0.03904746,0.01663543,0.07161041
5,47.3,1.43884,0.6185058,2.247178,1.438006,0.618991,2.24603,0.03955027,0.01669402,0.0721186
5,47.4,1.442154,0.6198971,2.251351,1.441155,0.6205797,2.250268,0.04077227,0.02087437,0.07549445
5,47.5,1.445261,0.6211019,2.255409,1.444244,0.6217923,2.254312,0.04130265,0.02096874,0.07641218
5,47.6,1.448438,0.6222026,2.258973,1.447384,0.6229562,2.257821,0.04146785,0.02149838,0.07948945
5,47.7,1.451544,0.6234154,2.262961,1.450472,0.6241774,2.261794,0.04200749,0.02160359,0.08041508
5,47.8,1.454549,0.6245819,2.26677,1.453627,0.6250875,2.265594,0.04153728,0.01933467,0.07538015
5,47.9,1.457659,0.6257843,2.270765,1.456718,0.626297,2.269572,0.0421233,0.01941453,0.07626052
5,48,1.460379,0.6272681,2.275176,1.459549,0.6276736,2.274114,0.04046883,0.0178289,0.06932779
5,48.1,1.463499,0.6284483,2.279157,1.46265,0.6288617,2.278078,0.04102119,0.01797466,0.0699639
5,48.2,1.466617,0.6293003,2.28239,1.46577,0.6297671,2.281432,0.04069836,0.01689029,0.06582582
5,48.3,1.469767,0.6304788,2.286431,1.4689,0.6309567,2.285458,0.04122798,0.0170122,0.06645889
5,48.4,1.472857,0.6316308,2.290564,1.472069,0.6320401,2.28971,0.03936026,0.01711196,0.06336777
5,48.5,1.476014,0.632804,2.29455,1.475209,0.6332233,2.293686,0.03986594,0.01723193,0.06376197
5,48.6,1.479126,0.6344765,2.298933,1.478249,0.6348733,2.297621,0.04234712,0.01837259,0.07787914
5,48.7,1.482292,0.6356513,2.302933,1.481396,0.636058,2.301606,0.04286811,0.01850581,0.07838407
5,48.8,1.485603,0.6369176,2.306278,1.484641,0.6374233,2.305059,0.04333749,0.01965172,0.07622225
5,48.9,1.488765,0.6380959,2.310305,1.487783,0.6386128,2.309071,0.04386352,0.01980572,0.07676217
5,49,1.491878,0.6395192,2.314306,1.490961,0.6400096,2.313256,0.04191506,0.02002021,0.0712472
5,49.1,1.495028,0.6407218,2.318386,1.494093,0.6412223,2.317322,0.04241928,0.02019369,0.0717791
5,49.2,1.49828,0.6421262,2.322053,1.497308,0.6426311,2.321046,0.04337667,0.02080936,0.06949231
5,49.3,1.501429,0.64334,2.326173,1.500437,0.6438557,2.325151,0.04392366,0.02094795,0.07006023
5,49.4,1.504376,0.6440795,2.331227,1.503384,0.6446765,2.330545,0.04351098,0.01948247,0.0662989
5,49.5,1.507521,0.645294,2.335335,1.506507,0.6459044,2.334646,0.04405502,0.01963365,0.06712014
5,49.6,1.510899,0.6465269,2.339398,1.509911,0.6470129,2.338328,0.04468584,0.02031816,0.07254858
5,49.7,1.514047,0.6477468,2.343494,1.513037,0.648244,2.34241,0.04526037,0.02043498,0.07307911
5,49.8,1.517256,0.6489432,2.346905,1.51626,0.6495641,2.346315,0.04390634,0.01862391,0.06198618
5,49.9,1.520417,0.6501657,2.351011,1.5194,0.6507984,2.350413,0.04445702,0.01875525,0.06288532
5,50,1.523711,0.6514864,2.355269,1.52267,0.652184,2.354662,0.04488853,0.01751993,0.06396849
5,50.1,1.526884,0.6526944,2.359388,1.525824,0.6534028,2.358773,0.04541437,0.01765659,0.06460478
5,50.2,1.529982,0.6540335,2.363117,1.528977,0.6547169,2.362572,0.04423034,0.01680761,0.06917783
5,50.3,1.53316,0.6552448,2.367235,1.532135,0.6559379,2.366683,0.04479054,0.01689047,0.06974962
5,50.4,1.536198,0.656528,2.371633,1.53528,0.6571677,2.370976,0.04173895,0.01720398,0.07277927
5,50.5,1.53938,0.6577403,2.375814,1.538443,0.6583906,2.375148,0.04227721,0.01727506,0.07343376
5,50.6,1.542417,0.6589529,2.380078,1.541485,0.6596412,2.379519,0.04200641,0.01611597,0.07255801
5,50.7,1.545607,0.6601632,2.384287,1.544657,0.6608614,2.383721,0.04255095,0.01615987,0.07316031
5,50.8,1.548679,0.6611452,2.388322,1.547754,0.6618559,2.38772,0.04202047,0.01468315,0.06736555
5,50.9,1.551866,0.6623603,2.392528,1.550922,0.6630813,2.391916,0.04258452,0.01475391,0.06818503
5,51,1.554976,0.6632512,2.396366,1.553987,0.6640539,2.395939,0.04125804,0.01950102,0.08641319
5,51.1,1.558165,0.6644782,2.400541,1.557157,0.6652926,2.400106,0.04181267,0.0196205,0.0870849
5,51.2,1.561589,0.6657767,2.404304,1.560586,0.6665266,2.403966,0.0423513,0.02019309,0.0796351
5,51.3,1.564776,0.6670127,2.408493,1.563756,0.6677719,2.408149,0.04286453,0.02032347,0.08018098
5,51.4,1.568041,0.6681435,2.412802,1.567087,0.668805,2.412265,0.04300365,0.01785491,0.07383397
5,51.5,1.571223,0.6693845,2.416972,1.570251,0.6700542,2.416425,0.04350951,0.01797222,0.07440103
5,51.6,1.574369,0.6707305,2.421314,1.57347,0.671242,2.420762,0.04324906,0.01794933,0.06404421
5,51.7,1.577551,0.6719776,2.425513,1.576635,0.6724962,2.42495,0.04376559,0.01809995,0.06459525
5,51.8,1.580574,0.673744,2.429151,1.579797,0.6741975,2.428743,0.04018388,0.01649017,0.05774959
5,51.9,1.583756,0.6749993,2.433322,1.582965,0.6754586,2.432904,0.04067274,0.01662655,0.0583506
5,52,1.587005,0.6761735,2.437447,1.586263,0.6766229,2.437011,0.04000522,0.01371051,0.05383615
5,52.1,1.590185,0.6774501,2.441621,1.589427,0.6779051,2.441175,0.04049452,0.01381946,0.05440338
5,52.2,1.593336,0.678763,2.446042,1.592619,0.679181,2.445599,0.03941368,0.01417684,0.05659831
5,52.3,1.596516,0.6800343,2.450185,1.595786,0.6804565,2.449732,0.03987498,0.01429032,0.0572332
5,52.4,1.599523,0.6815187,2.455029,1.598841,0.681835,2.454557,0.03961047,0.01461963,0.05914788
5,52.5,1.602694,0.6827991,2.459182,1.601998,0.6831198,2.4587,0.0400848,0.01476959,0.05981426
5,52.6,1.605985,0.683647,2.463641,1.605271,0.6840415,2.463276,0.03862526,0.01740235,0.0600229
5,52.7,1.609152,0.6849257,2.467737,1.608424,0.685328,2.467364,0.03906511,0.01759963,0.06054613
5,52.8,1.612099,0.6863332,2.472015,1.611305,0.6867942,2.471617,0.04086322,0.01748608,0.05760972
5,52.9,1.615269,0.6876175,2.476229,1.614458,0.6880871,2.475824,0.04133052,0.01767434,0.05809738
5,53,1.618513,0.6886923,2.480401,1.617772,0.6891063,2.479925,0.03940239,0.01795913,0.05450879
5,53.1,1.621682,0.6899623,2.484592,1.620925,0.6903846,2.484107,0.0398538,0.01814954,0.05514946
5,53.2,1.624322,0.6907124,2.488255,1.623547,0.6912376,2.487872,0.03899739,0.01796699,0.06221087
5,53.3,1.627493,0.6919686,2.49239,1.626704,0.692502,2.491999,0.03942978,0.01814451,0.06259114
5,53.4,1.630497,0.6935294,2.496614,1.629698,0.6940647,2.496191,0.04037552,0.01678935,0.06648992
5,53.5,1.633671,0.6947898,2.500742,1.632858,0.6953326,2.500312,0.04081048,0.01691814,0.06684523
5,53.6,1.636908,0.6958423,2.505177,1.63605,0.6963898,2.504518,0.04258992,0.01688109,0.06713276
5,53.7,1.640078,0.6970932,2.509255,1.639206,0.6976468,2.508585,0.04301244,0.01699318,0.06736917
5,53.8,1.643032,0.6982983,2.513315,1.642163,0.6988425,2.512467,0.04326881,0.01656938,0.06709196
5,53.9,1.646194,0.6995612,2.517479,1.645312,0.7001116,2.516616,0.04367721,0.01669979,0.06773196
5,54,1.649397,0.7009387,2.521343,1.648446,0.7016332,2.520458,0.0426485,0.02033467,0.06995214
5,54.1,1.652555,0.7021998,2.525541,1.65159,0.7029022,2.524641,0.043041,0.02050107,0.0702707
5,54.2,1.655736,0.7033242,2.529802,1.654738,0.7040847,2.529057,0.04328694,0.02084298,0.07689039
5,54.3,1.658902,0.7045693,2.533977,1.65789,0.7053375,2.533219,0.04368946,0.02100235,0.07718001
5,54.4,1.662279,0.7059094,2.538169,1.661333,0.7065189,2.537408,0.04377228,0.02076627,0.07221339
5,54.5,1.665451,0.7071608,2.542365,1.664491,0.7077765,2.541593,0.04416908,0.0209496,0.07291189
5,54.6,1.668566,0.7080191,2.546022,1.667482,0.7087193,2.545224,0.04630676,0.02364685,0.08078286
5,54.7,1.67173,0.7092647,2.550243,1.670628,0.7099742,2.549431,0.04674248,0.02388016,0.08155435
5,54.8,1.675291,0.7102145,2.553781,1.674154,0.7109952,2.553134,0.04750371,0.02288682,0.07525927
5,54.9,1.678456,0.7114499,2.55796,1.677301,0.71224,2.557299,0.0479316,0.02313516,0.07605441
5,55,1.681817,0.7125468,2.561212,1.680553,0.7135628,2.560734,0.04928664,0.02163583,0.08553008
5,55.1,1.684987,0.7137842,2.565351,1.683703,0.714812,2.56486,0.04976114,0.02182569,0.08594341
5,55.2,1.688236,0.7150353,2.569936,1.686923,0.7161061,2.569443,0.05002926,0.02230246,0.08840184
5,55.3,1.691406,0.7162831,2.574079,1.690072,0.717367,2.573572,0.05052463,0.02248263,0.08891952
5,55.4,1.694454,0.7174697,2.578571,1.693064,0.7185765,2.577972,0.05143313,0.02409651,0.09085915
5,55.5,1.697609,0.7187303,2.582683,1.696198,0.7198519,2.582071,0.05192312,0.02428497,0.0916682
5,55.6,1.700935,0.7200954,2.587447,1.699421,0.7213293,2.586611,0.05331184,0.02548028,0.09458475
5,55.7,1.704095,0.7213609,2.591522,1.702558,0.7226105,2.59067,0.05381225,0.02564398,0.09537832
5,55.8,1.707063,0.7225275,2.595536,1.705488,0.7238876,2.594758,0.05398654,0.02489185,0.08917369
5,55.9,1.710216,0.7237967,2.599683,1.70862,0.7251725,2.59889,0.05447949,0.02502704,0.09005083
5,56,1.713508,0.7249745,2.604315,1.712,0.7262499,2.603382,0.05371265,0.02345414,0.0900747
5,56.1,1.716664,0.7262493,2.608476,1.715135,0.7275386,2.607526,0.0542125,0.02356418,0.09092239
5,56.2,1.719614,0.7277206,2.612363,1.718143,0.7289451,2.611572,0.0529313,0.02430096,0.09052136
5,56.3,1.722748,0.7289946,2.616565,1.721257,0.730232,2.615762,0.05342214,0.02440445,0.09139439
5,56.4,1.725769,0.730504,2.620149,1.724352,0.7316151,2.619485,0.05265413,0.02456543,0.09158174
5,56.5,1.728901,0.7317951,2.624386,1.727464,0.7329182,2.623709,0.05314012,0.02467279,0.09192419
5,56.6,1.731807,0.7333766,2.628657,1.730532,0.7342862,2.628107,0.05187588,0.02189062,0.08703049
5,56.7,1.734932,0.7346789,2.632872,1.733639,0.7355982,2.632314,0.05234265,0.02195939,0.08780201
5,56.8,1.737586,0.7361186,2.637331,1.736469,0.7368343,2.636655,0.04919161,0.02197222,0.08298181
5,56.9,1.740717,0.7374242,2.641469,1.739584,0.7381486,2.640782,0.04964539,0.02204557,0.0831764
5,57,1.743775,0.7387597,2.64523,1.742572,0.7395466,2.644608,0.05138366,0.02172515,0.0819972
5,57.1,1.746904,0.7400646,2.649403,1.745683,0.7408627,2.648768,0.05186352,0.0218167,0.08226657
5,57.2,1.749978,0.7412242,2.654128,1.74866,0.7421205,2.653347,0.05335136,0.02304788,0.0846791
5,57.3,1.753108,0.7425356,2.658293,1.751771,0.743445,2.657503,0.053799,0.02316155,0.08532801
5,57.4,1.756235,0.7441799,2.66376,1.755023,0.7448225,2.662468,0.05378659,0.02186253,0.0796763
5,57.5,1.759366,0.745507,2.667933,1.758136,0.7461603,2.666629,0.05422306,0.0219851,0.080366
5,57.6,1.762509,0.746726,2.671787,1.761325,0.7473397,2.670598,0.05327897,0.0220724,0.08113416
5,57.7,1.76563,0.7480517,2.675992,1.764429,0.7486761,2.674793,0.05370518,0.02222292,0.08152417
5,57.8,1.768637,0.7491621,2.679475,1.767547,0.7497802,2.678685,0.05013356,0.02203198,0.08323376
5,57.9,1.77177,0.7504884,2.68369,1.770664,0.7511164,2.682891,0.05058057,0.02215115,0.08383476
5,58,1.775209,0.751721,2.687734,1.774013,0.7524605,2.687018,0.05161669,0.02347993,0.08522682
5,58.1,1.778343,0.7530431,2.692014,1.777129,0.7537937,2.691289,0.05206081,0.02363915,0.08609438
5,58.2,1.781144,0.754216,2.695485,1.780185,0.754796,2.695,0.04637152,0.02137055,0.07948609
5,58.3,1.784279,0.7555411,2.699771,1.783306,0.7561299,2.699279,0.04679148,0.02149114,0.07992634
5,58.4,1.787267,0.7570658,2.704294,1.786339,0.7575899,2.703818,0.04574305,0.02230122,0.08024931
5,58.5,1.790398,0.7583913,2.708577,1.789454,0.7589241,2.708096,0.04619246,0.02238807,0.08070263
5,58.6,1.793354,0.7596483,2.712942,1.792414,0.7603732,2.712351,0.04431871,0.01945775,0.07318827
5,58.7,1.796494,0.7609771,2.717228,1.79554,0.7617126,2.716631,0.04476507,0.0194806,0.07352949
5,58.8,1.799785,0.7623327,2.721985,1.798806,0.7631063,2.721264,0.04542074,0.01886634,0.07688436
5,58.9,1.802941,0.7636744,2.726341,1.801947,0.7644592,2.725613,0.04588814,0.01891196,0.07747723
5,59,1.806387,0.7650679,2.730399,1.805404,0.7658489,2.729676,0.04560344,0.01876734,0.07273952
5,59.1,1.809539,0.7663899,2.734689,1.808541,0.7671817,2.733962,0.04606956,0.01881328,0.07332106
5,59.2,1.812732,0.767551,2.739253,1.811637,0.7685263,2.738572,0.04576026,0.0217467,0.08666707
5,59.3,1.815892,0.7688623,2.743548,1.814781,0.7698492,2.742865,0.0462346,0.02178411,0.08735626
5,59.4,1.818914,0.7703006,2.748225,1.817777,0.7712952,2.747469,0.04672034,0.02288269,0.08618679
5,59.5,1.822086,0.7716155,2.752538,1.820933,0.772622,2.751783,0.04716118,0.0229403,0.08682245
5,59.6,1.82515,0.7724753,2.756576,1.823975,0.7736302,2.755919,0.04590152,0.02260516,0.07936167
5,59.7,1.828326,0.7737922,2.760918,1.827136,0.7749587,2.760263,0.04632584,0.02265865,0.07994491
5,59.8,1.831634,0.7749726,2.764902,1.830393,0.7761999,2.764171,0.04761467,0.0222174,0.07496055
5,59.9,1.834809,0.7763056,2.769248,1.833551,0.777546,2.768517,0.04808629,0.02225069,0.07552794
5,60,1.83784,0.7778588,2.773461,1.83668,0.778859,2.772942,0.0487363,0.02072698,0.08360335
10,0,0,0,0,0,0,0,0,0,0
10,0.1,0.006605875,0.001862091,0.009280034,0.003061288,0.001292978,0.004807382,0.005702709,0.001905949,0.008647772
10,0.2,0.01325979,0.003780282,0.01826473,0.006120173,0.00257171,0.009565574,0.01150164,0.003751628,0.01730567
10,0.3,0.01936704,0.005764315,0.0287633,0.009175484,0.003849227,0.01428115,0.0166597,0.005697405,0.0259802
10,0.4,0.02428373,0.007686984,0.03578709,0.01222409,0.005128675,0.01893072,0.02049792,0.007345143,0.0304776
10,0.5,0.03012439,0.009719366,0.04405983,0.01527247,0.006410403,0.0235367,0.02537857,0.009225966,0.03688707
10,0.6,0.03501856,0.01119664,0.04963323,0.01832625,0.007694623,0.02815345,0.02896943,0.01095781,0.04376148
10,0.7,0.04086899,0.01254829,0.05942332,0.02137509,0.008979755,0.03279327,0.03384913,0.01216546,0.04839502
10,0.8,0.04606017,0.01359334,0.06625001,0.02441772,0.01026603,0.03742922,0.03786477,0.01325823,0.05396128
10,0.9,0.05004516,0.01384672,0.07203562,0.0274587,0.01155733,0.04205335,0.04046295,0.01331956,0.05770277
10,1,0.05539742,0.01522012,0.07861522,0.03049938,0.01284285,0.04668556,0.04492296,0.0139158,0.06371533
10,1.1,0.05817259,0.01773853,0.08545449,0.03353848,0.01412965,0.05128138,0.04590614,0.01657854,0.06710973
10,1.2,0.06198733,0.01915113,0.09022293,0.0365806,0.01541536,0.05586628,0.0481582,0.01799858,0.07566927
10,1.3,0.06488916,0.02165506,0.09777917,0.03962526,0.01670424,0.06047408,0.04937703,0.02007264,0.07195424
10,1.4,0.06992962,0.02312437,0.1049246,0.04267899,0.01799686,0.06512278,0.05291071,0.02222893,0.08152691
10,1.5,0.07328564,0.02491317,0.1126121,0.0457411,0.01927722,0.06976288,0.05451195,0.02392061,0.08841531
10,1.6,0.07771725,0.02536352,0.1178612,0.04880579,0.02055522,0.07438433,0.05718203,0.02508791,0.0923153
10,1.7,0.08081393,0.02597302,0.1227873,0.0518694,0.02183563,0.07900604,0.05843913,0.02540694,0.09576105
10,1.8,0.08322046,0.0285179,0.1324507,0.05492835,0.02310604,0.08364883,0.05828741,0.02858988,0.09544888
10,1.9,0.08719848,0.02831862,0.1376097,0.05798088,0.0243794,0.08834001,0.06055497,0.02850851,0.1005385
10,2,0.09014189,0.02970791,0.141716,0.06102656,0.02565308,0.09304635,0.06165799,0.02925148,0.1089754
10,2.1,0.0945875,0.03002256,0.1433822,0.06407634,0.02692512,0.09776871,0.06464255,0.02955693,0.1080646
10,2.2,0.09731288,0.03300686,0.1459749,0.06713016,0.02820161,0.1025107,0.06531647,0.03206101,0.1144793
10,2.3,0.0995286,0.03491659,0.1518238,0.07017233,0.0294798,0.1072382,0.06476052,0.03434294,0.122798
10,2.4,0.1023136,0.03685983,0.15877,0.0732105,0.03075083,0.1119717,0.06514573,0.03637109,0.1252376
10,2.5,0.1060224,0.03792586,0.1669355,0.07624839,0.03201197,0.1166978,0.06655972,0.03824645,0.1257333
10,2.6,0.1094924,0.03958124,0.1767762,0.07928385,0.03326037,0.1213917,0.06772237,0.04044138,0.1287186
10,2.7,0.1125726,0.04030436,0.1774878,0.08232319,0.03449882,0.1260665,0.06834151,0.04151694,0.1361431
10,2.8,0.1157891,0.04191711,0.1856909,0.08536518,0.0357454,0.1307883,0.07004257,0.04191835,0.139217
10,2.9,0.1176529,0.04301349,0.1987345,0.08839472,0.03699936,0.1354842,0.06964335,0.04149215,0.1491685
10,3,0.1206538,0.04368746,0.1991912,0.0914317,0.03825522,0.1401913,0.0699907,0.04257192,0.145416
10,3.1,0.1231245,0.04477243,0.2023941,0.09447283,0.03951863,0.1449255,0.07033258,0.0424085,0.1447101
10,3.2,0.1247644,0.04582453,0.2029034,0.0975123,0.04078595,0.1496526,0.06925604,0.04199852,0.1406134
10,3.3,0.1272191,0.04526926,0.2032113,0.1005598,0.04205353,0.1543856,0.06850823,0.04162269,0.1353478
10,3.4,0.1320068,0.04529987,0.2060935,0.1036057,0.04332282,0.1591401,0.07214024,0.04172448,0.1345795
10,3.5,0.1356603,0.04720274,0.205864,0.1066479,0.04459356,0.1639219,0.07292592,0.04518138,0.1365437
10,3.6,0.139991,0.04796355,0.2038169,0.1096883,0.04586396,0.1687031,0.07542607,0.04661144,0.1507334
10,3.7,0.1447628,0.05155367,0.2223514,0.1127373,0.0471424,0.1734988,0.0781523,0.0518338,0.1726235
10,3.8,0.1481678,0.05314564,0.234967,0.1157876,0.04842698,0.178304,0.07947519,0.05317262,0.1861804
10,3.9,0.1508957,0.0536321,0.2386735,0.1188478,0.04970683,0.1830905,0.08029012,0.05214937,0.1828789
10,4,0.1554915,0.05646454,0.2595902,0.1219079,0.05099532,0.1878991,0.08497278,0.05285586,0.164156
10,4.1,0.1542831,0.05690683,0.2622858,0.1249723,0.05228242,0.1927283,0.08018905,0.0484995,0.1747729
10,4.2,0.1543151,0.05842605,0.2736016,0.1280423,0.0535661,0.1975393,0.07681766,0.04627625,0.1586757
10,4.3,0.1592261,0.05934412,0.2774107,0.1311167,0.05485969,0.2023587,0.08174841,0.04548098,0.1617292
10,4.4,0.1609549,0.05893478,0.2801158,0.1341937,0.05616063,0.207197,0.08020187,0.04315817,0.1373177
10,4.5,0.1610779,0.05826661,0.2667545,0.1372719,0.05745446,0.2120582,0.07548565,0.03965272,0.1312972
10,4.6,0.1616684,0.05822164,0.2558916,0.140356,0.05874572,0.2169039,0.07209413,0.03525908,0.1185121
10,4.7,0.1626475,0.06095266,0.2574744,0.1434507,0.0600301,0.221752,0.06873973,0.03637495,0.1260654
10,4.8,0.1666024,0.06032421,0.2522447,0.1465485,0.06131727,0.2266189,0.06939805,0.03768352,0.1268663
10,4.9,0.1683376,0.06260662,0.2537296,0.1496376,0.06261124,0.2314587,0.06749926,0.03824339,0.1281505
10,5,0.1718938,0.0646227,0.2548291,0.1527196,0.06390249,0.2362527,0.06855726,0.04119314,0.132427
10,5.1,0.1746908,0.06579503,0.2545128,0.1557967,0.0651837,0.2410399,0.06804803,0.04217529,0.1254251
10,5.2,0.1784367,0.0654454,0.262929,0.1588707,0.06646055,0.2458215,0.06948131,0.04161096,0.144543
10,5.3,0.1797772,0.0665231,0.2670852,0.1619421,0.06774966,0.2506087,0.06683151,0.03935902,0.1323183
10,5.4,0.1820682,0.06900003,0.2747151,0.1650129,0.06904044,0.2553413,0.06506606,0.04206147,0.1279148
10,5.5,0.1889608,0.06840954,0.277379,0.168077,0.07032855,0.2600855,0.07280876,0.04474834,0.1484037
10,5.6,0.1901737,0.06912589,0.2755559,0.1711396,0.07161203,0.264887,0.07054016,0.04063929,0.1441478
10,5.7,0.1948093,0.06819887,0.2820915,0.1741961,0.07289613,0.2696894,0.07279228,0.04202787,0.1402537
10,5.8,0.1965639,0.07066127,0.2830692,0.1772568,0.07418094,0.2745076,0.0733585,0.03771917,0.141064
10,5.9,0.1968843,0.07170352,0.2893912,0.1803327,0.07547291,0.2793001,0.06867522,0.03244775,0.119559
10,6,0.1979779,0.07459966,0.2961745,0.1834084,0.07676492,0.2841155,0.0645961,0.03360145,0.1239575
10,6.1,0.2011474,0.07584878,0.3005426,0.1864938,0.07805935,0.2889515,0.06567395,0.03315126,0.1309303
10,6.2,0.201016,0.07826426,0.3039309,0.1895823,0.07935687,0.2937512,0.05772871,0.03195007,0.1183315
10,6.3,0.2035555,0.08061626,0.312354,0.1926624,0.08065838,0.2985084,0.05653022,0.03424281,0.124332
10,6.4,0.2048997,0.08233331,0.3118512,0.1957424,0.08195947,0.3032647,0.05117058,0.03416237,0.1228876
10,6.5,0.2070491,0.0834579,0.3147061,0.1988338,0.0832621,0.3080529,0.04965731,0.03077241,0.1241636
10,6.6,0.210151,0.08461601,0.3203104,0.2019239,0.08456026,0.3127949,0.05134154,0.02834412,0.1113142
10,6.7,0.212349,0.08522929,0.3221427,0.2050064,0.08584078,0.3175307,0.04837334,0.02565148,0.1140692
10,6.8,0.2153717,0.08647235,0.3264725,0.2080813,0.08710754,0.3222739,0.04716303,0.02824718,0.1119403
10,6.9,0.2177203,0.08692007,0.3292248,0.2111597,0.08838307,0.3270043,0.04365747,0.02643934,0.1113092
10,7,0.2220316,0.08688349,0.3339976,0.2142388,0.08965899,0.3317443,0.04721892,0.02723503,0.1096804
10,7.1,0.2253858,0.08858909,0.3379451,0.2173142,0.09093707,0.3364745,0.04771897,0.03070667,0.1164999
10,7.2,0.2291172,0.08945004,0.3427706,0.2203921,0.09221177,0.3412369,0.04996421,0.03160555,0.1011425
10,7.3,0.2327175,0.09040631,0.3476313,0.223468,0.09348088,0.3459775,0.0526193,0.03101057,0.1049576
10,7.4,0.2357683,0.09208606,0.3518293,0.2265338,0.09474684,0.3506585,0.05222903,0.03354484,0.1076424
10,7.5,0.237262,0.0933554,0.3563423,0.2296044,0.09600588,0.3553098,0.04749404,0.02978165,0.1009169
10,7.6,0.2404946,0.09513118,0.3618512,0.2326793,0.09726804,0.3599757,0.04899512,0.03089692,0.1005988
10,7.7,0.2429309,0.09627013,0.3662759,0.235749,0.09853163,0.3646448,0.04531058,0.03189216,0.08367453
10,7.8,0.2453176,0.0979795,0.3712941,0.2388114,0.09979156,0.3692658,0.04415436,0.03008395,0.07781905
10,7.9,0.2481063,0.09857295,0.3766526,0.2418821,0.10105,0.3738853,0.04279325,0.02807432,0.06983992
10,8,0.2508023,0.1005159,0.3818129,0.2449642,0.1022959,0.378487,0.04423423,0.02502012,0.06275513
10,8.1,0.2537839,0.1020718,0.3878925,0.2480434,0.1035529,0.3831108,0.04517599,0.02407391,0.07025991
10,8.2,0.2557066,0.1036745,0.3912651,0.2511157,0.1048033,0.3877148,0.04155449,0.01990667,0.07293939
10,8.3,0.2586825,0.1047932,0.3959316,0.2542107,0.1060482,0.3923393,0.04011302,0.02135282,0.05912313
10,8.4,0.2620725,0.1057933,0.4000574,0.2572858,0.1073016,0.3969804,0.03996193,0.02478796,0.06686774
10,8.5,0.2643147,0.1076999,0.4036545,0.260373,0.1085626,0.4015245,0.03720581,0.0230939,0.06310765
10,8.6,0.2669422,0.1088006,0.4082837,0.2634573,0.1098397,0.4062338,0.03469271,0.02124993,0.05711296
10,8.7,0.2700379,0.1097664,0.4125786,0.2665338,0.1111055,0.4108911,0.03297523,0.02321148,0.06102623
10,8.8,0.2736746,0.1105694,0.4166576,0.2695999,0.1123681,0.4155426,0.03316765,0.02777056,0.075486
10,8.9,0.2764604,0.1117038,0.4211522,0.2726586,0.113642,0.4202265,0.03222223,0.02584252,0.07855391
10,9,0.2788694,0.1132595,0.4255261,0.2757246,0.1149125,0.4250397,0.0304948,0.02190486,0.07009176
10,9.1,0.2820459,0.1144836,0.4302069,0.2788014,0.1161776,0.429785,0.03126742,0.0222612,0.06892148
10,9.2,0.2852115,0.1158023,0.4352354,0.2818661,0.1174526,0.4346047,0.03184585,0.02333424,0.07192398
10,9.3,0.2884965,0.1172458,0.4402724,0.2849352,0.1187116,0.4393808,0.03327598,0.02526251,0.06846548
10,9.4,0.2913937,0.1186694,0.4453184,0.2880094,0.1199656,0.4441821,0.03339553,0.0240989,0.06524807
10,9.5,0.2943309,0.1200025,0.4497807,0.2910928,0.1212193,0.4488938,0.03248118,0.0243177,0.05706136
10,9.6,0.2976608,0.1210344,0.4543713,0.2941441,0.1224793,0.4535611,0.03294787,0.02638625,0.04921002
10,9.7,0.300663,0.1221706,0.4589844,0.2972285,0.123733,0.4583287,0.03219935,0.02619049,0.05606969
10,9.8,0.3040502,0.1230295,0.4635191,0.300297,0.1249923,0.4629795,0.03396978,0.02619447,0.06083513
10,9.9,0.3072708,0.1240038,0.4682126,0.3033798,0.1262586,0.467697,0.03496838,0.0254894,0.05932735
10,10,0.3103894,0.1251284,0.4730956,0.3064796,0.1275233,0.4725827,0.03394882,0.02684282,0.06332387
10,10.1,0.3132447,0.1269165,0.4780419,0.3095776,0.1287922,0.4774318,0.03412721,0.02643103,0.0558793
10,10.2,0.3158955,0.1283999,0.4827419,0.3126586,0.1300555,0.4821675,0.0333003,0.02337647,0.0537401
10,10.3,0.3188293,0.1295603,0.4872892,0.3157611,0.1313174,0.4868991,0.03126486,0.02371071,0.06072615
10,10.4,0.3216354,0.1308216,0.4922373,0.3188877,0.1325816,0.4917734,0.03013127,0.02081682,0.06469894
10,10.5,0.3246718,0.1321517,0.4972963,0.3219905,0.1338508,0.496602,0.02994872,0.02071382,0.0624096
10,10.6,0.3279465,0.1333015,0.5021917,0.3251344,0.1351158,0.5014307,0.03041684,0.02173178,0.07059927
10,10.7,0.3308197,0.1349041,0.5070475,0.3282557,0.1363922,0.5062575,0.02988047,0.020863,0.05846081
10,10.8,0.3338211,0.1362576,0.5116972,0.3313761,0.1376681,0.5110107,0.02955394,0.02015613,0.05972407
10,10.9,0.3369446,0.1375058,0.5163832,0.3344932,0.1389349,0.5158307,0.02996026,0.01981571,0.05894786
10,11,0.339709,0.1390296,0.5211078,0.3375951,0.1401937,0.520625,0.02923811,0.01679794,0.05632558
10,11.1,0.3428131,0.1402804,0.5258961,0.340698,0.1414746,0.5253978,0.03001514,0.01539446,0.05663275
10,11.2,0.3459218,0.1415624,0.5306677,0.3438109,0.1427419,0.5301529,0.02994736,0.01591201,0.05248261
10,11.3,0.3490022,0.1428716,0.5355334,0.3469235,0.1440166,0.5347733,0.0296707,0.01635827,0.05067082
10,11.4,0.3520301,0.1442315,0.5400115,0.350017,0.1452843,0.5394785,0.02975937,0.01583027,0.04835076
10,11.5,0.3552453,0.1455082,0.5449152,0.35311,0.146581,0.5443366,0.03181026,0.01461716,0.05163606
10,11.6,0.3584909,0.1467082,0.5495287,0.3562151,0.147871,0.5490412,0.0329297,0.01510421,0.05586866
10,11.7,0.3617213,0.1478559,0.5542261,0.3593232,0.1491434,0.55373,0.03401959,0.01481408,0.05259564
10,11.8,0.3647553,0.1491882,0.5590065,0.3624431,0.1504338,0.5585413,0.03312677,0.01554115,0.05104415
10,11.9,0.3678843,0.150327,0.5635557,0.3655272,0.1516969,0.5630882,0.03306073,0.01598246,0.05392689
10,12,0.3710517,0.151547,0.5684442,0.3685943,0.1529853,0.5677033,0.03348217,0.01718099,0.05963721
10,12.1,0.3739849,0.1529595,0.5735311,0.3716578,0.1543048,0.5724252,0.03291426,0.01651532,0.05621325
10,12.2,0.3770863,0.1542357,0.5783054,0.3747496,0.155583,0.5770868,0.03346429,0.01590736,0.05681322
10,12.3,0.3801704,0.1554119,0.5827468,0.3778112,0.1569011,0.5818385,0.03332712,0.01575079,0.06634174
10,12.4,0.3830881,0.1567164,0.5873308,0.3808503,0.158202,0.5864013,0.03209515,0.01572641,0.06110046
10,12.5,0.3861485,0.1581537,0.5921518,0.3839106,0.1595249,0.5909642,0.03278867,0.01570916,0.06509626
10,12.6,0.3890365,0.1595595,0.5967224,0.3869631,0.1608499,0.5956685,0.0320967,0.01398895,0.05942331
10,12.7,0.3918905,0.1610005,0.6011627,0.3900138,0.1621655,0.6003323,0.03118344,0.0120213,0.05766019
10,12.8,0.3950038,0.1623164,0.6059503,0.3930668,0.1635224,0.6050281,0.0313345,0.01343008,0.05606986
10,12.9,0.398038,0.1637369,0.6112843,0.3961288,0.1648568,0.6096754,0.03152399,0.01349169,0.0584105
10,13,0.4010726,0.1651383,0.6159394,0.399159,0.1661895,0.6143716,0.03193774,0.01377811,0.05811428
10,13.1,0.4040696,0.1665159,0.6203727,0.4022336,0.1675364,0.6191228,0.03144252,0.01329258,0.05298397
10,13.2,0.4071536,0.1678762,0.6251675,0.4052758,0.1688588,0.6237097,0.03188835,0.01430563,0.05647186
10,13.3,0.410171,0.1693937,0.6293332,0.408329,0.1702107,0.6285098,0.0321418,0.01490347,0.05612632
10,13.4,0.4134395,0.1705133,0.63395,0.4114081,0.1715687,0.6332875,0.03363706,0.01455251,0.05668101
10,13.5,0.4163132,0.1720653,0.6387164,0.4144418,0.1729282,0.6381202,0.03344714,0.01269647,0.05586597
10,13.6,0.4193201,0.1734853,0.6434369,0.417524,0.1742924,0.6428634,0.03264666,0.01340163,0.0587546
10,13.7,0.4223352,0.1748716,0.6482023,0.4205641,0.1756377,0.6476843,0.03255764,0.01367928,0.05561486
10,13.8,0.4254858,0.1761782,0.6529043,0.4236529,0.1769812,0.6523978,0.03277262,0.01497171,0.06251296
10,13.9,0.4284269,0.1774668,0.6573715,0.4267307,0.1783257,0.6569091,0.03133101,0.01371,0.05605532
10,14,0.4316555,0.1787713,0.6621326,0.4298365,0.179642,0.6615717,0.0329093,0.01405076,0.05608954
10,14.1,0.4347284,0.1800259,0.6666418,0.4328431,0.1809639,0.6661769,0.03303632,0.01530408,0.05886682
10,14.2,0.4374485,0.1817596,0.6713555,0.4358744,0.1823167,0.6709389,0.03159824,0.01389964,0.0533997
10,14.3,0.4406368,0.1829735,0.675958,0.4389299,0.1836556,0.6754855,0.0324409,0.01491414,0.05487875
10,14.4,0.4438452,0.1842399,0.6808194,0.442018,0.1850088,0.6804685,0.03377189,0.01481227,0.05659198
10,14.5,0.4469185,0.1857753,0.6854784,0.4451121,0.1864026,0.6851314,0.03479369,0.01372454,0.05459794
10,14.6,0.4497709,0.187137,0.6903218,0.4481758,0.1877113,0.6900753,0.03292155,0.01230893,0.05060882
10,14.7,0.4529429,0.1883647,0.6949723,0.4512462,0.1890364,0.6947414,0.03378842,0.01263482,0.05716497
10,14.8,0.4560757,0.1897499,0.6997066,0.4543119,0.190398,0.6994985,0.03501165,0.01239178,0.05800212
10,14.9,0.4591294,0.1911478,0.7043265,0.4574178,0.1917361,0.704034,0.03473123,0.01250464,0.05710791
10,15,0.4621693,0.1923945,0.7090889,0.4604851,0.1930288,0.7086859,0.03435431,0.01220298,0.05433568
10,15.1,0.465231,0.193803,0.71376,0.4635134,0.1943636,0.7134208,0.03510646,0.0128116,0.05558035
10,15.2,0.4682743,0.1951225,0.718526,0.4665718,0.1957131,0.7181568,0.03504317,0.0123204,0.0549679
10,15.3,0.4715038,0.1961625,0.723279,0.4696139,0.1970441,0.7229534,0.03579179,0.01330789,0.05434545
10,15.4,0.4743657,0.1976021,0.7279139,0.4726494,0.1983983,0.7275667,0.03443734,0.01213663,0.0554807
10,15.5,0.4775914,0.1988668,0.7325353,0.4756989,0.1997535,0.7321362,0.03642113,0.01222053,0.05466738
10,15.6,0.4805742,0.2003758,0.7371449,0.478765,0.2011246,0.7367364,0.03628657,0.0118485,0.05650122
10,15.7,0.483567,0.2019132,0.7420632,0.4818041,0.2025394,0.7414896,0.03646286,0.01177498,0.05744238
10,15.8,0.4864743,0.2033511,0.7468982,0.4848353,0.2038994,0.746338,0.03531313,0.01182361,0.05860563
10,15.9,0.4894544,0.2048548,0.7516053,0.4878802,0.2053065,0.75106,0.03469086,0.01294285,0.05963637
10,16,0.4925736,0.2062694,0.7562655,0.4909388,0.2066985,0.7558166,0.03497616,0.01508367,0.05898139
10,16.1,0.4957985,0.2075995,0.7611462,0.4940184,0.2080666,0.7605615,0.0371639,0.01437955,0.06134017
10,16.2,0.4987228,0.2089684,0.7657874,0.4970726,0.2094642,0.7652979,0.03579755,0.01316787,0.05590252
10,16.3,0.5019597,0.2102596,0.7705648,0.5001639,0.2108577,0.769996,0.03710818,0.01388806,0.05972147
10,16.4,0.5052102,0.2115179,0.7752724,0.5032241,0.2122443,0.7749444,0.038087,0.01653892,0.07120407
10,16.5,0.5084205,0.2127449,0.7801083,0.5062633,0.2136574,0.7798413,0.03869196,0.01841403,0.07193211
10,16.6,0.5114623,0.2142398,0.7849421,0.5093179,0.2151005,0.7846564,0.03905447,0.01814138,0.07364848
10,16.7,0.5146259,0.2156209,0.7896499,0.5124033,0.2165307,0.7893787,0.03920612,0.01979076,0.08377065
10,16.8,0.5177018,0.2170129,0.7943849,0.51543,0.2179063,0.7940159,0.03998642,0.01997598,0.08533946
10,16.9,0.5209117,0.2184153,0.7993639,0.5185069,0.2193385,0.7989056,0.04133058,0.02070949,0.08497855
10,17,0.5238804,0.2199435,0.8040589,0.5215474,0.2207386,0.8037872,0.0409717,0.02121195,0.08231025
10,17.1,0.5269961,0.2213277,0.808955,0.5245948,0.2221341,0.8086077,0.04204708,0.02096591,0.08108949
10,17.2,0.5303584,0.222172,0.8136974,0.5276045,0.2235003,0.8133953,0.04394642,0.02102287,0.07980611
10,17.3,0.533135,0.2236825,0.8184439,0.53062,0.224897,0.8181759,0.04253204,0.01916335,0.0688289
10,17.4,0.5362648,0.2251858,0.8233674,0.5337034,0.2263053,0.8230904,0.04329832,0.02014938,0.07124565
10,17.5,0.539141,0.2266131,0.8283744,0.5367349,0.227717,0.8280882,0.04172675,0.01976392,0.06925707
10,17.6,0.5420195,0.2279263,0.8329426,0.539704,0.2290924,0.8325624,0.04071889,0.0189296,0.0683279
10,17.7,0.5449645,0.2294721,0.8378735,0.5427373,0.2305074,0.8376049,0.04067108,0.01823773,0.07404041
10,17.8,0.5479862,0.2308106,0.8426127,0.5457826,0.2318998,0.842341,0.04042885,0.01767864,0.06437145
10,17.9,0.5509093,0.232469,0.8474544,0.5488345,0.2333055,0.8471142,0.04041872,0.01710467,0.06952908
10,18,0.5540485,0.2337775,0.8524174,0.5519121,0.2347119,0.852125,0.03993205,0.01926,0.0700515
10,18.1,0.5573401,0.2348706,0.857384,0.5549647,0.2361361,0.8571118,0.04062342,0.02116641,0.07110822
10,18.2,0.5602759,0.2363244,0.8621741,0.5580277,0.2375154,0.8619073,0.0398745,0.02020971,0.06461976
10,18.3,0.5636205,0.2376416,0.8670865,0.5610321,0.2389311,0.8668211,0.04253627,0.02334671,0.0725521
10,18.4,0.5665052,0.239167,0.8721669,0.5640697,0.2403371,0.8718385,0.04116558,0.02352916,0.07025144
10,18.5,0.5692632,0.2408911,0.8769335,0.5670303,0.2416937,0.8765063,0.04076773,0.02310871,0.07705741
10,18.6,0.5723677,0.2424714,0.8818499,0.5701156,0.2431109,0.8814981,0.04132776,0.02449389,0.08482535
10,18.7,0.5753987,0.2438424,0.8867304,0.5731615,0.2445265,0.886354,0.04106353,0.02440881,0.08588456
10,18.8,0.5788072,0.2450099,0.8915716,0.5762581,0.2459254,0.8912515,0.04336402,0.02589464,0.08331727
10,18.9,0.5819594,0.2462679,0.8963538,0.57931,0.2473103,0.89596,0.04441104,0.02545405,0.0861973
10,19,0.5848062,0.2477942,0.9013071,0.5823241,0.2486814,0.9007226,0.04447345,0.02295597,0.08083824
10,19.1,0.5876411,0.2495719,0.9062039,0.5853231,0.25011,0.9056907,0.04415463,0.02325728,0.08812465
10,19.2,0.5908949,0.2507421,0.9110872,0.5883654,0.2514784,0.9105026,0.04663338,0.02193183,0.08879387
10,19.3,0.5940966,0.2521495,0.9160068,0.5913185,0.2528616,0.9152837,0.04856693,0.02497909,0.1005704
10,19.4,0.5972409,0.2537223,0.921177,0.5943676,0.2542509,0.9199575,0.05022897,0.02607263,0.09644297
10,19.5,0.6002526,0.2550459,0.9257785,0.5973712,0.2556569,0.92491,0.04915537,0.02787415,0.09655523
10,19.6,0.6030283,0.2562929,0.930644,0.6003467,0.2570895,0.929729,0.04702714,0.02568708,0.09030887
10,19.7,0.6061568,0.2573208,0.93563,0.6033351,0.2584938,0.934551,0.04724018,0.02526486,0.08672905
10,19.8,0.6091056,0.2589386,0.9407455,0.6063506,0.2598944,0.9393402,0.04834573,0.0238465,0.08522105
10,19.9,0.6121499,0.2602412,0.9460979,0.6093954,0.2612837,0.9442556,0.04836666,0.02314497,0.08266479
10,20,0.6150242,0.2616834,0.9509064,0.612444,0.2627273,0.9493647,0.04644755,0.02270425,0.08286106
10,20.1,0.6178277,0.2633939,0.9559102,0.6154451,0.2641828,0.9542531,0.04489898,0.02355494,0.07937185
10,20.2,0.6209506,0.2646631,0.9611226,0.618449,0.265574,0.9591488,0.04636399,0.02275975,0.07497855
10,20.3,0.6238448,0.266312,0.9667074,0.6214762,0.2670431,0.9641066,0.04521092,0.02373614,0.07412894
10,20.4,0.6269039,0.2676097,0.9712242,0.6245023,0.268472,0.9693153,0.04437237,0.02507546,0.07722675
10,20.5,0.6299006,0.2689991,0.9760794,0.6274869,0.2698435,0.9740659,0.04494125,0.02477273,0.07697231
10,20.6,0.6326969,0.2704363,0.9807103,0.6305386,0.2712427,0.9790777,0.04272202,0.02262189,0.07953337
10,20.7,0.6357399,0.2716541,0.9847835,0.6335678,0.2726104,0.9841011,0.04230997,0.02230053,0.08031926
10,20.8,0.6388764,0.2732221,0.9896838,0.6365755,0.2740787,0.9892393,0.0439615,0.02420715,0.08950212
10,20.9,0.641974,0.2743121,0.9946083,0.6396666,0.2755347,0.9940903,0.04230455,0.02359725,0.08189897
10,21,0.6447991,0.2758595,0.9994692,0.6426373,0.2769739,0.9990594,0.041621,0.02213723,0.0812921
10,21.1,0.6479235,0.2770194,1.004505,0.645712,0.2784482,1.004104,0.04065309,0.02186665,0.07778559
10,21.2,0.6508315,0.2785368,1.009354,0.6486651,0.2798908,1.008932,0.04110046,0.02071408,0.07669189
10,21.3,0.6537903,0.2800479,1.014379,0.6516849,0.2813017,1.013822,0.04064593,0.02122207,0.07838612
10,21.4,0.6566032,0.281602,1.019358,0.6546833,0.2827841,1.018633,0.03921814,0.01907402,0.08047757
10,21.5,0.6598982,0.2826046,1.024377,0.6577088,0.2842333,1.023727,0.0399265,0.02086625,0.07869631
10,21.6,0.6634531,0.2833858,1.029477,0.6607107,0.2855513,1.028778,0.04428147,0.02294454,0.08538601
10,21.7,0.6662466,0.2850158,1.034605,0.6637165,0.2869692,1.033981,0.04342323,0.02097377,0.08127599
10,21.8,0.6693599,0.2863036,1.039548,0.6666943,0.2884189,1.039049,0.04402394,0.02220411,0.08191189
10,21.9,0.672387,0.2876369,1.044695,0.6697787,0.2897722,1.04409,0.04239253,0.02367001,0.08674093
10,22,0.6752807,0.2892252,1.049543,0.6727769,0.2911574,1.049197,0.04207151,0.02383987,0.08333824
10,22.1,0.6781336,0.2906048,1.054773,0.6757852,0.2925641,1.054386,0.03992362,0.02294449,0.07837056
10,22.2,0.6813403,0.2917489,1.05983,0.6788276,0.2939077,1.059453,0.04065929,0.02435215,0.08621125
10,22.3,0.6843277,0.2933022,1.064917,0.6818629,0.2952782,1.064488,0.04119457,0.02439922,0.0848205
10,22.4,0.687382,0.2946552,1.069847,0.6849011,0.2966588,1.069408,0.04178979,0.02367586,0.07973703
10,22.5,0.690333,0.2961541,1.074972,0.6879434,0.2980794,1.074507,0.04112478,0.02329205,0.07996383
10,22.6,0.693179,0.2976551,1.080044,0.6908605,0.2994909,1.079533,0.04049834,0.02355864,0.08062831
10,22.7,0.6959988,0.2992542,1.085263,0.693791,0.3009191,1.084524,0.03907972,0.02496255,0.08706725
10,22.8,0.6991217,0.3002777,1.090171,0.6968311,0.3022682,1.089602,0.03815457,0.02518195,0.08454626
10,22.9,0.7020795,0.3017368,1.095178,0.6998682,0.3035628,1.094503,0.03808829,0.02512021,0.08019558
10,23,0.7048982,0.3033545,1.100338,0.7028382,0.3049675,1.099622,0.03736427,0.02453286,0.07697548
10,23.1,0.7082025,0.3044883,1.105546,0.7058574,0.3063076,1.10466,0.04007865,0.02624023,0.08614172
10,23.2,0.7110574,0.3062469,1.110709,0.7088439,0.3077862,1.109772,0.04011458,0.02587204,0.0861766
10,23.3,0.7141001,0.3075087,1.11561,0.7118221,0.3091673,1.114683,0.04038954,0.02606362,0.08842434
10,23.4,0.7170957,0.3090017,1.120751,0.7148759,0.3105501,1.119679,0.04019628,0.02618996,0.09104242
10,23.5,0.7198853,0.310499,1.125883,0.7177916,0.3119474,1.124798,0.03901837,0.02577302,0.0893414
10,23.6,0.7227823,0.3118335,1.13118,0.7207488,0.3133348,1.129981,0.03828933,0.02465938,0.08397412
10,23.7,0.7258707,0.3131172,1.136294,0.723724,0.314767,1.135183,0.03900836,0.02525987,0.08911172
10,23.8,0.7288665,0.3143676,1.141431,0.726723,0.3161475,1.140404,0.03876763,0.02408043,0.08230155
10,23.9,0.7320826,0.3154652,1.146461,0.7296891,0.3175355,1.145475,0.04064332,0.0251709,0.08527885
10,24,0.7349264,0.3170579,1.151582,0.7326202,0.3189889,1.15054,0.04037349,0.02486939,0.08256457
10,24.1,0.73783,0.318504,1.156854,0.7356001,0.3202985,1.15567,0.04076867,0.02371798,0.07459247
10,24.2,0.7406199,0.320003,1.161789,0.7385515,0.3216498,1.160634,0.03989791,0.02209776,0.06807351
10,24.3,0.7435498,0.3214364,1.166919,0.741556,0.322924,1.165572,0.04067178,0.02042324,0.06880887
10,24.4,0.7466004,0.3226494,1.171859,0.7445144,0.324255,1.170779,0.04110349,0.02137876,0.06675975
10,24.5,0.7495614,0.3242601,1.177145,0.7475171,0.3256947,1.176011,0.04152429,0.02177287,0.07182996
10,24.6,0.7525894,0.3255636,1.18239,0.7504696,0.3270626,1.181103,0.04198058,0.02281475,0.0696315
10,24.7,0.755419,0.3272669,1.187321,0.753467,0.3284288,1.186141,0.04118165,0.0235243,0.07742349
10,24.8,0.7584483,0.3286024,1.19236,0.756484,0.3298288,1.19119,0.04116449,0.02326263,0.07835039
10,24.9,0.7616127,0.3296993,1.197566,0.7594225,0.3312073,1.196202,0.04197485,0.02560144,0.07872562
10,25,0.7644864,0.331233,1.202672,0.7624117,0.3325405,1.201208,0.04207352,0.02456378,0.08798589
10,25.1,0.7673958,0.3328193,1.208142,0.7654361,0.333893,1.206269,0.0420685,0.02415271,0.08832729
10,25.2,0.77028,0.3343319,1.213282,0.7684256,0.3352803,1.211363,0.04135828,0.02383368,0.08349745
10,25.3,0.7730173,0.3360543,1.218238,0.7714059,0.3366094,1.21648,0.04029075,0.02318361,0.0829431
10,25.4,0.7760277,0.3373948,1.222848,0.7744354,0.3378966,1.221535,0.03979531,0.02434869,0.07999471
10,25.5,0.7789958,0.3387425,1.228207,0.7774064,0.3391902,1.226417,0.04002684,0.02477522,0.08655681
10,25.6,0.7820799,0.3399978,1.233077,0.7804719,0.34049,1.23155,0.03986867,0.02523244,0.08132728
10,25.7,0.785139,0.3412665,1.238034,0.7834971,0.3418514,1.236386,0.03996112,0.0251151,0.08024797
10,25.8,0.7881038,0.3427915,1.243002,0.7865049,0.3433027,1.241335,0.04061071,0.02373603,0.0763596
10,25.9,0.7910132,0.3441007,1.247848,0.7894973,0.3446012,1.246098,0.03949577,0.02313405,0.07662596
10,26,0.7940373,0.345401,1.252592,0.7925823,0.3459009,1.251127,0.0389663,0.02204909,0.07009113
10,26.1,0.7969119,0.3469279,1.257469,0.7956145,0.3472725,1.256042,0.03759181,0.02117082,0.06563765
10,26.2,0.799885,0.3482306,1.262557,0.798599,0.3485741,1.260912,0.03761893,0.02084962,0.06512087
10,26.3,0.8027947,0.3497449,1.267564,0.801558,0.3499766,1.265957,0.03736227,0.02137451,0.06772362
10,26.4,0.805723,0.3511758,1.27272,0.8045284,0.3513501,1.270826,0.03758409,0.02038117,0.06987534
10,26.5,0.8087539,0.3525381,1.277595,0.8075389,0.3527185,1.275953,0.0377625,0.02094534,0.06893858
10,26.6,0.8117042,0.3538833,1.28286,0.8105422,0.3539657,1.280891,0.03713929,0.02177282,0.07403284
10,26.7,0.8146232,0.3552578,1.287897,0.8134879,0.3552955,1.286006,0.03786677,0.02023754,0.07389214
10,26.8,0.8176735,0.3567709,1.293192,0.8164962,0.3566946,1.290928,0.0390867,0.0217143,0.07956547
10,26.9,0.8206291,0.3578964,1.298674,0.8193951,0.357894,1.295837,0.03999736,0.02116506,0.08566603
10,27,0.8236504,0.3592444,1.304116,0.8223941,0.3593077,1.300892,0.03966616,0.02179382,0.08035464
10,27.1,0.8266833,0.3605441,1.309383,0.8253567,0.3606738,1.305953,0.03993037,0.02312757,0.07876729
10,27.2,0.829666,0.3618386,1.31391,0.8283644,0.3620895,1.311192,0.03901354,0.0220873,0.07767017
10,27.3,0.832732,0.3631015,1.318959,0.8313675,0.3634309,1.316442,0.04009795,0.02141107,0.07918961
10,27.4,0.8356945,0.364502,1.324156,0.8343518,0.3648552,1.321551,0.04021168,0.02001857,0.07209139
10,27.5,0.8387846,0.3658217,1.329316,0.8374249,0.3661906,1.326771,0.04034133,0.02039549,0.07994886
10,27.6,0.8417303,0.3669458,1.334141,0.8403756,0.3673943,1.331839,0.03961613,0.02042767,0.07933519
10,27.7,0.8447025,0.3681631,1.338734,0.8433649,0.3687019,1.336834,0.03933644,0.01873556,0.07225965
10,27.8,0.8475432,0.3695976,1.343819,0.8463369,0.370015,1.341982,0.03734797,0.01933611,0.07584001
10,27.9,0.8503982,0.3711707,1.348767,0.8492337,0.3714921,1.347073,0.03749167,0.01910854,0.06869978
10,28,0.8535283,0.3722271,1.353681,0.8521178,0.3727937,1.352118,0.04033712,0.01994037,0.07299021
10,28.1,0.856415,0.3734905,1.358903,0.8550498,0.3739826,1.357141,0.04037249,0.01938688,0.07071572
10,28.2,0.8594293,0.374836,1.363645,0.8580404,0.3753671,1.362191,0.04049377,0.0196562,0.06557895
10,28.3,0.8625023,0.376179,1.368774,0.8610789,0.3767145,1.367031,0.04046596,0.02134669,0.07171941
10,28.4,0.8654538,0.3773161,1.373677,0.863903,0.3779178,1.372038,0.04230597,0.0220166,0.07914537
10,28.5,0.8683327,0.3786163,1.378543,0.8668706,0.3791391,1.377034,0.04180579,0.02085102,0.07869438
10,28.6,0.8716229,0.3798464,1.383468,0.8699171,0.3804634,1.381942,0.04484555,0.02325604,0.08680574
10,28.7,0.874528,0.3812758,1.388382,0.872861,0.3818025,1.386784,0.04512013,0.02283198,0.08663303
10,28.8,0.8774048,0.3827745,1.393196,0.8758018,0.3832545,1.391753,0.04443556,0.02262918,0.08932348
10,28.9,0.880426,0.3839338,1.397866,0.8787409,0.3844938,1.396791,0.04479823,0.02403435,0.08916658
10,29,0.8833506,0.3855109,1.402706,0.881625,0.3859733,1.401818,0.04638228,0.02417783,0.09097401
10,29.1,0.8863623,0.3866481,1.407746,0.8846416,0.387136,1.406954,0.04574508,0.02504916,0.09457027
10,29.2,0.8894461,0.3878658,1.412701,0.88762,0.3883901,1.411699,0.04697869,0.0261869,0.1015288
10,29.3,0.8922809,0.3893026,1.417858,0.8905759,0.3897765,1.417296,0.04508632,0.02628079,0.0969617
10,29.4,0.8952197,0.3906495,1.422901,0.893619,0.3910851,1.422476,0.0435936,0.02594419,0.09215804
10,29.5,0.8981039,0.392046,1.427967,0.8965089,0.3924864,1.427508,0.04382869,0.02540764,0.09248757
10,29.6,0.9011942,0.3934851,1.432933,0.899486,0.3939457,1.432277,0.04614402,0.0251733,0.09391678
10,29.7,0.9040428,0.3949573,1.438001,0.9024444,0.3953178,1.436937,0.04533969,0.02430169,0.08747564
10,29.8,0.9071429,0.3965337,1.443265,0.9054918,0.3967904,1.441542,0.04677679,0.02536709,0.08453833
10,29.9,0.9100814,0.3978859,1.448357,0.9084825,0.3981843,1.446559,0.04718052,0.02190923,0.08467418
10,30,0.9130802,0.3992336,1.453084,0.9114873,0.3995726,1.451942,0.04713745,0.02120714,0.08377392
10,30.1,0.9161665,0.4006961,1.458069,0.914429,0.4009363,1.45658,0.04976932,0.02341478,0.09331862
10,30.2,0.9193419,0.4014729,1.462962,0.917464,0.4020904,1.46138,0.05073522,0.02062279,0.08702367
10,30.3,0.9222985,0.4028282,1.467761,0.9203891,0.4034112,1.466597,0.05148756,0.02104472,0.08040073
10,30.4,0.9251141,0.4040059,1.472618,0.9233285,0.404678,1.471239,0.04979423,0.01790979,0.06894048
10,30.5,0.9277763,0.4055198,1.477423,0.9261216,0.4059932,1.476139,0.04902657,0.01774109,0.07045295
10,30.6,0.9307905,0.4066693,1.48229,0.9290382,0.4073943,1.481109,0.0491927,0.01711776,0.07528637
10,30.7,0.9336681,0.4082385,1.487271,0.9319705,0.4087549,1.485882,0.0491255,0.01927629,0.07916423
10,30.8,0.9366578,0.4094911,1.491995,0.9350216,0.4101419,1.491231,0.04770591,0.01716191,0.0663623
10,30.9,0.9396214,0.4106801,1.496856,0.9377942,0.4113937,1.49614,0.05024715,0.01915034,0.08072435
10,31,0.9424841,0.4123673,1.501983,0.9407189,0.4129268,1.500611,0.05081409,0.01787324,0.07707417
10,31.1,0.9452242,0.4137493,1.506831,0.943564,0.4142971,1.505795,0.04926461,0.01710243,0.07445427
10,31.2,0.9479833,0.4151187,1.511744,0.9465178,0.4156244,1.510954,0.04531441,0.01846562,0.07353738
10,31.3,0.950882,0.4162147,1.516484,0.9493788,0.4168851,1.515653,0.04501386,0.01776146,0.07254108
10,31.4,0.9541817,0.4175592,1.521361,0.9523846,0.418283,1.520605,0.04950126,0.02054711,0.08172646
10,31.5,0.9569697,0.4189146,1.526096,0.9552527,0.4194518,1.525162,0.04897065,0.02194194,0.08216658
10,31.6,0.9597208,0.4204127,1.530975,0.9582456,0.4208447,1.530141,0.04661968,0.01808382,0.07821122
10,31.7,0.9625211,0.42211,1.536438,0.961067,0.4223453,1.534604,0.04650502,0.02165899,0.07729084
10,31.8,0.9655647,0.4237223,1.541095,0.9640594,0.4237467,1.539502,0.04724273,0.02622065,0.09486235
10,31.9,0.968357,0.4247084,1.545718,0.9670555,0.4250078,1.544983,0.04330353,0.0205711,0.08053974
10,32,0.9712743,0.4259096,1.550632,0.970016,0.4263339,1.549954,0.04211737,0.01850526,0.0743536
10,32.1,0.9745497,0.4271558,1.555644,0.9730809,0.4276674,1.555186,0.04456887,0.02197247,0.08539562
10,32.2,0.9775609,0.4285928,1.560551,0.9761017,0.4289772,1.560048,0.04425324,0.02469623,0.09133483
10,32.3,0.9805224,0.4299991,1.565587,0.9792462,0.4304024,1.565202,0.04164594,0.02144555,0.0782034
10,32.4,0.983409,0.4313525,1.570473,0.9821626,0.4316914,1.569988,0.04161464,0.02152716,0.07368926
10,32.5,0.9862793,0.4328102,1.575462,0.9851133,0.432895,1.574685,0.04215887,0.0217991,0.07915829
10,32.6,0.9894171,0.4343618,1.580473,0.9879544,0.4343785,1.579471,0.04853916,0.0234512,0.08955306
10,32.7,0.9923807,0.435795,1.585355,0.9908684,0.4357696,1.584183,0.05044952,0.02236125,0.0841968
10,32.8,0.9954473,0.4369089,1.59028,0.9936961,0.4370794,1.588999,0.05311557,0.02341204,0.08709905
10,32.9,0.9985738,0.4384494,1.595239,0.9969322,0.4384945,1.593739,0.05114776,0.02559179,0.09655035
10,33,1.001601,0.4397087,1.600405,0.9999419,0.4397449,1.59841,0.0512341,0.02648302,0.09628989
10,33.1,1.004473,0.4412638,1.605341,1.00305,0.4412586,1.603427,0.04795951,0.0242773,0.0835592
10,33.2,1.007351,0.4425959,1.61002,1.006137,0.4426175,1.608563,0.04413227,0.02243233,0.0837321
10,33.3,1.010369,0.4442638,1.614664,1.009262,0.4440603,1.613692,0.04166302,0.02660047,0.08829792
10,33.4,1.013385,0.445738,1.61946,1.012313,0.4455051,1.618645,0.04129972,0.0264231,0.09629453
10,33.5,1.016337,0.4467101,1.624318,1.015302,0.4466354,1.623595,0.03988341,0.02457624,0.08194675
10,33.6,1.019228,0.4481142,1.629062,1.018287,0.4479536,1.628529,0.03914896,0.02339483,0.08175477
10,33.7,1.022183,0.4494911,1.634049,1.021253,0.4493137,1.633205,0.03914177,0.02338696,0.08046258
10,33.8,1.025177,0.4504404,1.638766,1.0243,0.4504462,1.638039,0.03830917,0.01851552,0.06678237
10,33.9,1.028124,0.4517408,1.643478,1.02721,0.4517563,1.642802,0.0389496,0.01917977,0.07047461
10,34,1.031141,0.4527547,1.64801,1.03025,0.4528981,1.647516,0.03854038,0.01548739,0.06668427
10,34.1,1.034144,0.454197,1.653086,1.033329,0.4542642,1.652029,0.03744738,0.01537258,0.06510941
10,34.2,1.037134,0.4553948,1.657646,1.036384,0.4555054,1.656755,0.03572919,0.01382591,0.05788574
10,34.3,1.040177,0.456731,1.662369,1.039286,0.4569384,1.661589,0.03826053,0.01475709,0.0619021
10,34.4,1.043112,0.4578868,1.667295,1.042269,0.4581996,1.666724,0.0353412,0.0158156,0.05572429
10,34.5,1.046041,0.4592722,1.672531,1.045327,0.459496,1.671649,0.03366923,0.01315709,0.05494013
10,34.6,1.048954,0.4607385,1.677598,1.048234,0.4609692,1.676497,0.03315962,0.0147822,0.05721321
10,34.7,1.052063,0.4619337,1.6822,1.051315,0.4622087,1.681141,0.03433387,0.01274318,0.05670116
10,34.8,1.054912,0.4631326,1.686706,1.054204,0.4634489,1.685851,0.03266267,0.01247042,0.05415145
10,34.9,1.057975,0.4646117,1.691623,1.057285,0.4648891,1.690632,0.03285318,0.01194785,0.05057186
10,35,1.061094,0.4655817,1.696357,1.060258,0.4660362,1.695435,0.0347386,0.01317183,0.05596322
10,35.1,1.064124,0.4668719,1.701222,1.063322,0.4672871,1.70014,0.03459898,0.01211339,0.05167127
10,35.2,1.067442,0.4683091,1.706597,1.066606,0.4686453,1.705165,0.03617894,0.01358915,0.05854774
10,35.3,1.070377,0.4697908,1.712119,1.069606,0.4699159,1.710081,0.03520813,0.0177558,0.05779415
10,35.4,1.073419,0.4712754,1.716627,1.072758,0.4713471,1.715015,0.03354365,0.01555694,0.05485568
10,35.5,1.076362,0.4725478,1.720702,1.075695,0.4727045,1.71964,0.03342813,0.01369729,0.05762025
10,35.6,1.079625,0.4738346,1.72598,1.078896,0.4739694,1.724727,0.03540312,0.01450322,0.06158789
10,35.7,1.082563,0.4749108,1.730317,1.081858,0.4750647,1.729429,0.03400787,0.01555979,0.05668168
10,35.8,1.08565,0.476119,1.735058,1.084934,0.4763011,1.734153,0.03365067,0.01643446,0.05778641
10,35.9,1.088812,0.477434,1.739455,1.08803,0.4776834,1.738771,0.03530627,0.01551041,0.05962048
10,36,1.091942,0.4789373,1.744493,1.091174,0.4791345,1.743646,0.03579172,0.01514279,0.05896058
10,36.1,1.094944,0.48011,1.748881,1.094289,0.4802729,1.748231,0.03333462,0.01357905,0.05810285
10,36.2,1.097766,0.4814728,1.753331,1.097164,0.4816033,1.752792,0.03166872,0.01445144,0.06397552
10,36.3,1.100767,0.4828083,1.758044,1.100232,0.482914,1.75742,0.03019148,0.01327106,0.05448716
10,36.4,1.10391,0.4841008,1.762621,1.103384,0.4842368,1.762011,0.02984001,0.01238908,0.04830387
10,36.5,1.106871,0.4855264,1.767271,1.106339,0.4856495,1.7666,0.02983324,0.01351005,0.05292151
10,36.6,1.109989,0.4868288,1.772235,1.109413,0.4870087,1.771399,0.03060555,0.01359001,0.0529866
10,36.7,1.113004,0.4880314,1.777265,1.112388,0.4882476,1.776228,0.03066601,0.01554356,0.05939169
10,36.8,1.115988,0.4892898,1.781729,1.115355,0.4895097,1.780766,0.03098665,0.0161861,0.05947663
10,36.9,1.119,0.4906033,1.786265,1.118391,0.4908355,1.78531,0.03067221,0.01476479,0.05950433
10,37,1.122063,0.4918415,1.790446,1.121446,0.4920649,1.789662,0.03116233,0.01464219,0.0541399
10,37.1,1.1252,0.4930114,1.794857,1.124596,0.4932318,1.794063,0.03088842,0.01445401,0.0543754
10,37.2,1.128321,0.4943187,1.799807,1.12764,0.4945354,1.798777,0.03300115,0.01605756,0.06165682
10,37.3,1.131325,0.495738,1.804058,1.130605,0.4960185,1.803205,0.03336072,0.01627577,0.0564015
10,37.4,1.134407,0.4969747,1.809002,1.133691,0.4972706,1.807909,0.03335959,0.01557701,0.06362056
10,37.5,1.137534,0.4982307,1.813534,1.136796,0.4985644,1.812481,0.03371548,0.01540858,0.06231153
10,37.6,1.140453,0.4994691,1.818348,1.139773,0.4997833,1.81717,0.03202015,0.01543593,0.0624512
10,37.7,1.143361,0.5006825,1.821988,1.142763,0.5009387,1.821133,0.03087262,0.01340984,0.05636071
10,37.8,1.146387,0.5019113,1.826064,1.145752,0.5022229,1.825362,0.03174577,0.01258367,0.05146508
10,37.9,1.149442,0.5030866,1.830466,1.148823,0.5034036,1.829767,0.03145855,0.01170426,0.05151702
10,38,1.152592,0.5042493,1.834544,1.152029,0.504536,1.833993,0.03007019,0.01109496,0.04584509
10,38.1,1.155539,0.5055913,1.838968,1.154972,0.505854,1.838429,0.03019906,0.01242046,0.04694819
10,38.2,1.158573,0.5068177,1.843094,1.158009,0.5070789,1.842692,0.03018793,0.01236698,0.05252616
10,38.3,1.161705,0.5079634,1.847959,1.161177,0.5081807,1.847451,0.02954051,0.01229707,0.04731506
10,38.4,1.164815,0.5090643,1.852254,1.164323,0.5092626,1.851805,0.02884477,0.01127144,0.04788136
10,38.5,1.167749,0.5103303,1.856686,1.167299,0.510482,1.856259,0.02801072,0.01114268,0.0462612
10,38.6,1.170833,0.5114286,1.861113,1.170367,0.5116182,1.860699,0.02784553,0.01167327,0.04837091
10,38.7,1.173775,0.5125944,1.86599,1.17331,0.5127779,1.865465,0.02776424,0.01222737,0.04730176
10,38.8,1.176948,0.5138907,1.870501,1.176524,0.514054,1.870029,0.02649658,0.01201806,0.04337456
10,38.9,1.179849,0.5151979,1.874759,1.179448,0.5153525,1.874381,0.02581015,0.01155433,0.0440715
10,39,1.183071,0.5166956,1.879322,1.18267,0.5167957,1.878928,0.02638327,0.01274117,0.05135003
10,39.1,1.186138,0.5177654,1.883391,1.185747,0.5178805,1.88306,0.02575224,0.01258491,0.04667635
10,39.2,1.189153,0.5190614,1.887853,1.188745,0.5191826,1.887547,0.02622872,0.01309885,0.05077073
10,39.3,1.19229,0.520206,1.892361,1.191859,0.5203546,1.892022,0.02673387,0.01322579,0.04636074
10,39.4,1.195237,0.5214629,1.896707,1.194862,0.5216059,1.896434,0.02483879,0.01208469,0.03927604
10,39.5,1.198325,0.5225663,1.900808,1.197931,0.522718,1.900587,0.02564425,0.01197794,0.04000004
10,39.6,1.201429,0.523693,1.90531,1.201041,0.5238387,1.905059,0.02562541,0.01172223,0.03976821
10,39.7,1.204582,0.5248035,1.910117,1.204202,0.5249687,1.909825,0.02454348,0.01247018,0.04073355
10,39.8,1.207807,0.5260027,1.91442,1.2074,0.5261849,1.914154,0.02489351,0.01381529,0.04627176
10,39.9,1.210714,0.5271767,1.918955,1.210295,0.5273623,1.918624,0.02540126,0.01387663,0.04725798
10,40,1.213835,0.5284412,1.923831,1.213421,0.5286128,1.923437,0.0259171,0.01305584,0.04832886
10,40.1,1.216788,0.5298347,1.928311,1.216382,0.5300099,1.927914,0.02539155,0.01323906,0.04809815
10,40.2,1.219763,0.531081,1.932601,1.219369,0.5312529,1.932197,0.0250132,0.01314259,0.04749358
10,40.3,1.222759,0.5322332,1.936905,1.222347,0.5324183,1.936469,0.02538286,0.01359613,0.04682433
10,40.4,1.225829,0.5335668,1.941546,1.225416,0.5337447,1.941093,0.02562099,0.01357302,0.04520603
10,40.5,1.22892,0.5348636,1.946068,1.228531,0.5350186,1.945592,0.02544375,0.01263821,0.04427215
10,40.6,1.231947,0.5362093,1.950704,1.231557,0.5363441,1.950206,0.02586702,0.01271862,0.04609101
10,40.7,1.234947,0.5374991,1.954496,1.23457,0.5376294,1.954087,0.02565662,0.01209428,0.04677908
10,40.8,1.238003,0.5387101,1.95914,1.237606,0.5388605,1.958774,0.02629729,0.01209543,0.04652338
10,40.9,1.241166,0.5400552,1.963484,1.240742,0.540217,1.963062,0.02743623,0.01183346,0.0438928
10,41,1.244237,0.5412162,1.96765,1.243794,0.5414074,1.967195,0.02763441,0.01224411,0.04556815
10,41.1,1.247319,0.5424454,1.972088,1.246894,0.5426042,1.971628,0.02788613,0.01115926,0.04328991
10,41.2,1.250481,0.5435708,1.97608,1.250064,0.5437675,1.975769,0.02715629,0.01042775,0.04157197
10,41.3,1.25369,0.5447782,1.980941,1.253262,0.5449731,1.980577,0.0275863,0.01077552,0.04262772
10,41.4,1.256687,0.5461502,1.985499,1.256291,0.5463014,1.985082,0.02694544,0.01088637,0.04292813
10,41.5,1.259873,0.5475351,1.990242,1.25945,0.5476897,1.989816,0.02782548,0.01173525,0.04693597
10,41.6,1.263004,0.5488908,1.995661,1.26258,0.5490336,1.995224,0.02844425,0.01087832,0.04421532
10,41.7,1.266127,0.5501101,2.000311,1.265689,0.5502594,1.999864,0.02894322,0.01098298,0.04843895
10,41.8,1.269079,0.5513752,2.005204,1.268637,0.551534,2.004762,0.02888606,0.01126947,0.04937275
10,41.9,1.272124,0.5526156,2.009744,1.271701,0.5527728,2.009391,0.02830578,0.01076808,0.04979506
10,42,1.275296,0.5537431,2.013769,1.274863,0.5539152,2.013409,0.0280509,0.01198045,0.05185559
10,42.1,1.27836,0.5550945,2.018286,1.277942,0.5552545,2.017996,0.02782733,0.01146513,0.05228792
10,42.2,1.281412,0.556204,2.022727,1.28097,0.5563949,2.022437,0.02813547,0.01209155,0.05201889
10,42.3,1.284451,0.5576059,2.027156,1.284022,0.5577766,2.026833,0.02818899,0.01146278,0.05308284
10,42.4,1.28737,0.5590902,2.031768,1.28696,0.5592321,2.031365,0.02774102,0.0119205,0.05307864
10,42.5,1.290359,0.5603059,2.036079,1.289961,0.5604279,2.035658,0.02830721,0.01001419,0.0465923
10,42.6,1.293359,0.5614056,2.040041,1.292979,0.5615187,2.039593,0.02758245,0.0102751,0.04547864
10,42.7,1.296457,0.5627046,2.044391,1.296088,0.5628029,2.043927,0.02750985,0.009889961,0.04522846
10,42.8,1.29959,0.5640314,2.049254,1.299227,0.5641543,2.048874,0.026979,0.009299495,0.04610593
10,42.9,1.302767,0.5652493,2.053726,1.302392,0.5653897,2.053409,0.02715238,0.009669471,0.04729372
10,43,1.30591,0.5664197,2.058752,1.305519,0.5665712,2.058476,0.02785213,0.009238384,0.04781247
10,43.1,1.309071,0.5677479,2.063458,1.308677,0.5678901,2.063214,0.02837404,0.008808932,0.04531866
10,43.2,1.312113,0.5690657,2.067584,1.311731,0.5691939,2.0673,0.02793582,0.009347916,0.04404615
10,43.3,1.315332,0.5702732,2.072895,1.314956,0.5703829,2.072607,0.02802001,0.009350324,0.0412229
10,43.4,1.318265,0.5716818,2.077735,1.317898,0.5717665,2.077374,0.02799261,0.009807686,0.04331248
10,43.5,1.321206,0.5728784,2.082075,1.320834,0.5729612,2.081722,0.02810993,0.01038968,0.04219501
10,43.6,1.324234,0.5740682,2.086656,1.323841,0.574168,2.086383,0.02869273,0.01062089,0.04046564
10,43.7,1.327286,0.5753298,2.09102,1.326889,0.5754186,2.090713,0.02933212,0.01007133,0.04467174
10,43.8,1.330384,0.5764928,2.095802,1.329938,0.5765934,2.095508,0.03085648,0.01140176,0.04588183
10,43.9,1.333483,0.5777834,2.100224,1.333044,0.5778483,2.099905,0.03113316,0.01164357,0.04227008
10,44,1.336498,0.5788996,2.103954,1.336079,0.5789755,2.103627,0.02992642,0.0121048,0.03976846
10,44.1,1.339613,0.5801907,2.108614,1.33921,0.5802584,2.108272,0.02944443,0.01211372,0.03995202
10,44.2,1.342882,0.5814994,2.113407,1.342437,0.5815759,2.112985,0.03091503,0.0128031,0.04372379
10,44.3,1.345945,0.5827567,2.117269,1.345498,0.5828275,2.116729,0.03120125,0.0126739,0.04880806
10,44.4,1.349049,0.5841487,2.121797,1.34859,0.5842114,2.12117,0.03178944,0.01287142,0.05252738
10,44.5,1.352051,0.5853711,2.12568,1.351597,0.585406,2.125,0.03204036,0.01301913,0.05485482
10,44.6,1.355324,0.5864751,2.1304,1.354883,0.5864886,2.129605,0.03193107,0.01297039,0.05894384
10,44.7,1.358435,0.5877509,2.134945,1.358017,0.5877525,2.134043,0.0308677,0.01372699,0.06277976
10,44.8,1.36171,0.5889699,2.139735,1.361283,0.5889973,2.13891,0.03110396,0.01321747,0.06001262
10,44.9,1.364881,0.5900895,2.144071,1.364458,0.59012,2.143277,0.03103007,0.0127763,0.05889598
10,45,1.367801,0.5913223,2.148253,1.367401,0.5913446,2.147344,0.03025825,0.01274031,0.05726382
10,45.1,1.370798,0.5926341,2.152604,1.370408,0.5926188,2.151686,0.03020648,0.01350105,0.0540187
10,45.2,1.373914,0.5938348,2.156389,1.373516,0.5938117,2.155328,0.03003488,0.01515821,0.06227225
10,45.3,1.37711,0.5950041,2.160786,1.376628,0.5949814,2.159563,0.0334718,0.01566365,0.06582409
10,45.4,1.380421,0.5962909,2.165583,1.379944,0.5962626,2.164508,0.03368567,0.01495932,0.06298676
10,45.5,1.383578,0.5974109,2.169899,1.383107,0.5973971,2.168902,0.03337912,0.01469238,0.06206333
10,45.6,1.386531,0.5985176,2.174264,1.386104,0.5985123,2.173372,0.03210932,0.01295795,0.05410777
10,45.7,1.389721,0.5998893,2.178582,1.389287,0.5998577,2.177536,0.03270214,0.01349866,0.05799504
10,45.8,1.392911,0.6011011,2.183227,1.392461,0.6010812,2.182265,0.03351664,0.01265446,0.05803541
10,45.9,1.39617,0.602368,2.188024,1.395726,0.6023866,2.187209,0.03301998,0.01157085,0.05359855
10,46,1.399319,0.6036585,2.192723,1.398885,0.6036815,2.19163,0.03226791,0.01240312,0.05090937
10,46.1,1.402409,0.6048067,2.196846,1.401975,0.6048213,2.195808,0.03244135,0.01257177,0.05541386
10,46.2,1.405297,0.605757,2.200896,1.40485,0.605814,2.199848,0.03209645,0.01306496,0.05308032
10,46.3,1.408301,0.6070004,2.20547,1.407876,0.6070807,2.204394,0.03070025,0.01301739,0.04514594
10,46.4,1.411473,0.6081707,2.21004,1.411033,0.6083165,2.20912,0.03018334,0.01312422,0.04536828
10,46.5,1.414547,0.6092052,2.214257,1.414105,0.6093474,2.213633,0.03030228,0.01324138,0.0490877
10,46.6,1.417541,0.6104056,2.218776,1.417068,0.6105574,2.218018,0.03088463,0.01494115,0.05782783
10,46.7,1.420718,0.611748,2.223229,1.42023,0.6118565,2.222508,0.03193312,0.01590367,0.05656298
10,46.8,1.424035,0.6129202,2.227335,1.42351,0.6130885,2.226651,0.03207389,0.01681505,0.05516155
10,46.9,1.427094,0.614024,2.231721,1.426577,0.6141939,2.231044,0.03171139,0.01683022,0.05872372
10,47,1.430253,0.6151681,2.235511,1.429748,0.6153608,2.234902,0.03118999,0.01614335,0.06086895
10,47.1,1.433387,0.6163762,2.239653,1.432859,0.6166189,2.239056,0.03118421,0.01640824,0.05437852
10,47.2,1.436262,0.6175233,2.244002,1.43576,0.6177512,2.243386,0.03071022,0.015645,0.05622624
10,47.3,1.439428,0.6185536,2.248483,1.438862,0.6188412,2.247936,0.03174813,0.01722418,0.05950238
10,47.4,1.442687,0.6199366,2.252661,1.442011,0.6203432,2.252103,0.03302265,0.01996722,0.07017398
10,47.5,1.445648,0.6211553,2.256082,1.444998,0.6215186,2.255333,0.03290759,0.01967465,0.06692855
10,47.6,1.448829,0.6222673,2.259763,1.448115,0.6226848,2.258958,0.03472551,0.01975113,0.0709006
10,47.7,1.452093,0.6236677,2.263894,1.451305,0.6241312,2.263027,0.03632395,0.02105275,0.07164852
10,47.8,1.455111,0.6247808,2.267717,1.454421,0.6251097,2.266808,0.0353904,0.01959932,0.06851292
10,47.9,1.458172,0.6258529,2.271765,1.457479,0.6261992,2.27086,0.03519849,0.01968884,0.06930599
10,48,1.461043,0.6272202,2.276081,1.460383,0.6275061,2.275235,0.03546325,0.01861637,0.06659213
10,48.1,1.464355,0.628204,2.280036,1.463676,0.6285292,2.279224,0.03524399,0.01945506,0.06739914
10,48.2,1.467449,0.6292191,2.28347,1.466774,0.6295562,2.282695,0.03489207,0.01948652,0.06231016
10,48.3,1.470668,0.6303503,2.287693,1.469971,0.6306699,2.28701,0.03632278,0.01906313,0.06450489
10,48.4,1.47381,0.6314704,2.291651,1.473127,0.6317675,2.291034,0.03587056,0.0196871,0.06038016
10,48.5,1.476942,0.6323881,2.295158,1.476237,0.6326921,2.29438,0.03566267,0.02161153,0.0619616
10,48.6,1.480018,0.6339753,2.299419,1.47929,0.6342606,2.298341,0.03726603,0.02106231,0.07209951
10,48.7,1.483227,0.6354513,2.303635,1.482494,0.6357481,2.302589,0.0378898,0.02002074,0.07102926
10,48.8,1.486473,0.6367045,2.307108,1.485691,0.6370742,2.306122,0.03801879,0.02131227,0.06976583
10,48.9,1.48957,0.6380326,2.310848,1.488817,0.6384285,2.309911,0.0370459,0.02028883,0.068206
10,49,1.492682,0.639424,2.314858,1.491953,0.6398021,2.314011,0.03653528,0.01998595,0.06503569
10,49.1,1.495852,0.640619,2.319009,1.495092,0.6410453,2.318209,0.03699736,0.02017065,0.06423913
10,49.2,1.499053,0.6419718,2.322796,1.498284,0.6424009,2.322026,0.03710979,0.02065513,0.06772353
10,49.3,1.502125,0.6431587,2.326801,1.501372,0.6435653,2.326067,0.03670632,0.02091673,0.06874961
10,49.4,1.505051,0.6441677,2.331572,1.504313,0.6445526,2.331005,0.03657892,0.02078166,0.07011458
10,49.5,1.508206,0.6453994,2.33628,1.507477,0.6457569,2.335533,0.03686526,0.02052082,0.07081789
10,49.6,1.511542,0.6466334,2.340439,1.510818,0.6469259,2.339426,0.03698338,0.02202364,0.0746799
10,49.7,1.51456,0.6477279,2.344436,1.513845,0.6480805,2.343543,0.03611611,0.02119177,0.07289135
10,49.8,1.517771,0.6489547,2.348021,1.517042,0.6493788,2.347428,0.03581676,0.02066674,0.06562001
10,49.9,1.520797,0.6500081,2.351646,1.520033,0.6505239,2.351149,0.03536487,0.02136567,0.06701016
10,50,1.524081,0.6513314,2.355829,1.523294,0.6518724,2.355324,0.0362637,0.02086627,0.06823095
10,50.1,1.527465,0.6526654,2.360886,1.526705,0.6531271,2.360379,0.03574849,0.02227755,0.07371649
10,50.2,1.53057,0.6539501,2.364637,1.529845,0.6544,2.364169,0.0354613,0.02056925,0.06822607
10,50.3,1.534185,0.6549334,2.369333,1.533392,0.6554676,2.368926,0.03659506,0.02123462,0.06624085
10,50.4,1.537269,0.6562097,2.373568,1.536526,0.656701,2.373092,0.03544404,0.02089767,0.06353723
10,50.5,1.540544,0.6572667,2.377833,1.53975,0.6578202,2.377451,0.03700716,0.02013438,0.06368382
10,50.6,1.543597,0.6585232,2.381969,1.542799,0.6590952,2.381629,0.0375315,0.01884632,0.06313775
10,50.7,1.54674,0.6596698,2.386604,1.545922,0.6601951,2.386057,0.03916517,0.01884936,0.06077794
10,50.8,1.549795,0.6607712,2.390535,1.549002,0.6613051,2.39,0.03868138,0.01747712,0.06499276
10,50.9,1.55281,0.6618939,2.394611,1.552002,0.6623879,2.394144,0.0400933,0.01713956,0.06395742
10,51,1.555919,0.6629281,2.398421,1.555076,0.6634718,2.398079,0.03944119,0.02003696,0.06881196
10,51.1,1.55904,0.6641895,2.40268,1.558218,0.6647152,2.402398,0.03824825,0.02142579,0.06967448
10,51.2,1.562366,0.6654314,2.406377,1.56155,0.6659571,2.406161,0.03765455,0.02211273,0.06237729
10,51.3,1.565475,0.6669327,2.410455,1.564702,0.6673732,2.41025,0.03780943,0.02132336,0.06596201
10,51.4,1.568724,0.668097,2.414687,1.567974,0.6684956,2.414364,0.03782961,0.02092565,0.07112707
10,51.5,1.571888,0.6689781,2.418677,1.571154,0.6693564,2.418424,0.03771084,0.02065698,0.06933651
10,51.6,1.575039,0.6702714,2.422915,1.574343,0.6705809,2.42264,0.03718523,0.02094741,0.0635089
10,51.7,1.578205,0.671366,2.427345,1.577463,0.6717483,2.427078,0.03744225,0.02177212,0.07167893
10,51.8,1.581263,0.6730099,2.430971,1.580602,0.6733602,2.430803,0.03532142,0.02041469,0.07010912
10,51.9,1.584368,0.6742966,2.435338,1.5837,0.6746569,2.435159,0.03558592,0.02015912,0.0664368
10,52,1.587594,0.6755358,2.439353,1.58694,0.6759038,2.439165,0.03581034,0.01839504,0.06391629
10,52.1,1.590519,0.676755,2.443064,1.589896,0.6770728,2.442919,0.03530113,0.0185168,0.06806396
10,52.2,1.59369,0.6781009,2.447306,1.593101,0.6783849,2.44714,0.03520548,0.01688264,0.06375932
10,52.3,1.596925,0.6792332,2.451641,1.596324,0.679585,2.451489,0.03475165,0.01643797,0.0629785
10,52.4,1.599979,0.6806909,2.456208,1.599396,0.6809743,2.456032,0.03531411,0.01624431,0.06227324
10,52.5,1.602998,0.6819646,2.459972,1.602389,0.6822858,2.45983,0.03537487,0.0173082,0.06990662
10,52.6,1.606274,0.6829859,2.46428,1.605644,0.6833369,2.464163,0.03469761,0.01957351,0.06823112
10,52.7,1.609311,0.6843318,2.468489,1.608659,0.6846489,2.468283,0.03636961,0.01950728,0.06973468
10,52.8,1.612318,0.685733,2.4727,1.611631,0.6860828,2.472465,0.03716939,0.01992588,0.07001245
10,52.9,1.61597,0.6870833,2.477383,1.615217,0.687456,2.477083,0.03882051,0.02146758,0.08072899
10,53,1.619177,0.6882554,2.481479,1.618488,0.6885777,2.481151,0.03736019,0.02084684,0.08041456
10,53.1,1.622314,0.6894531,2.485454,1.621564,0.6898026,2.485114,0.0393128,0.0212524,0.08031773
10,53.2,1.625136,0.6904222,2.489217,1.624383,0.6908181,2.488921,0.03889068,0.02089644,0.08062094
10,53.3,1.628261,0.6914572,2.493648,1.627489,0.6919363,2.493358,0.0389773,0.01954883,0.07517019
10,53.4,1.631297,0.6929614,2.497786,1.630527,0.6934347,2.497485,0.03924827,0.01905535,0.07318741
10,53.5,1.634427,0.6942785,2.501727,1.633694,0.6946807,2.501319,0.03920766,0.01861173,0.06671311
10,53.6,1.637581,0.6954678,2.50608,1.636851,0.6958486,2.505574,0.03932257,0.01887787,0.07370133
10,53.7,1.640784,0.6966981,2.5106,1.640038,0.6970634,2.509964,0.04090373,0.01751802,0.06984097
10,53.8,1.643783,0.6979205,2.514633,1.643045,0.6982792,2.513911,0.04087557,0.01712329,0.07076781
10,53.9,1.646884,0.6991604,2.518116,1.646101,0.6995725,2.517494,0.0412967,0.01854689,0.07260731
10,54,1.650021,0.700568,2.522084,1.649239,0.7010193,2.521445,0.04104566,0.01755792,0.07184548
10,54.1,1.6532,0.7017807,2.52618,1.652417,0.7022333,2.525611,0.04162343,0.01628824,0.07168673
10,54.2,1.656307,0.7029976,2.530348,1.655534,0.7034632,2.529851,0.04108023,0.01626083,0.07331811
10,54.3,1.65951,0.7040554,2.534507,1.658765,0.7045847,2.534034,0.03917289,0.01556182,0.06229334
10,54.4,1.662795,0.7053928,2.538712,1.66211,0.7058142,2.538212,0.03874126,0.01498324,0.0639537
10,54.5,1.666114,0.7068674,2.543583,1.665481,0.7072298,2.543005,0.03784202,0.0142315,0.06262704
10,54.6,1.669216,0.70788,2.547336,1.66851,0.7083065,2.546776,0.03928109,0.01596183,0.06757312
10,54.7,1.672383,0.7092931,2.551791,1.671674,0.7096914,2.551106,0.03988448,0.01599047,0.06874955
10,54.8,1.675748,0.7103731,2.555437,1.67503,0.710802,2.554887,0.040487,0.01413172,0.06425238
10,54.9,1.678953,0.7116965,2.5599,1.678242,0.7121303,2.559281,0.04001507,0.01447312,0.06661155
10,55,1.682207,0.712866,2.563326,1.681437,0.7134132,2.562882,0.04073686,0.01419956,0.06447406
10,55.1,1.685384,0.7139297,2.567625,1.684612,0.7144959,2.567216,0.03995136,0.01577295,0.06556855
10,55.2,1.688579,0.715183,2.571857,1.687794,0.7157705,2.571475,0.03993981,0.01636419,0.06748416
10,55.3,1.69168,0.7163733,2.576072,1.690961,0.7168686,2.575698,0.03826323,0.01759288,0.06479906
10,55.4,1.694768,0.7175656,2.58037,1.694012,0.7180843,2.579922,0.03940444,0.01781782,0.06794218
10,55.5,1.697925,0.718789,2.584329,1.697237,0.7192541,2.583904,0.03746343,0.01769221,0.06839237
10,55.6,1.701183,0.7201527,2.588853,1.700442,0.7206828,2.588273,0.03831149,0.01863325,0.06957711
10,55.7,1.704458,0.7214682,2.592876,1.703758,0.7219417,2.592318,0.03779299,0.01801377,0.0683437
10,55.8,1.707465,0.7226969,2.596797,1.706716,0.7232296,2.596306,0.0390686,0.01773419,0.06865178
10,55.9,1.710692,0.7240004,2.600745,1.709963,0.7244493,2.600308,0.03947527,0.01830572,0.07189297
10,56,1.713922,0.7251862,2.605103,1.713215,0.7256308,2.604571,0.03868107,0.01823682,0.06787408
10,56.1,1.71706,0.7263353,2.609399,1.716348,0.7267607,2.608911,0.03911397,0.01851851,0.06956093
10,56.2,1.720086,0.7277275,2.613405,1.719382,0.7281792,2.612999,0.03840496,0.01834378,0.07306963
10,56.3,1.723298,0.7288598,2.617465,1.722573,0.7293677,2.617114,0.03891695,0.01716039,0.06980289
10,56.4,1.726361,0.7302631,2.621349,1.725649,0.7307495,2.621095,0.03873559,0.017231,0.07123223
10,56.5,1.729408,0.731547,2.625316,1.728684,0.7320113,2.625116,0.03908215,0.01868016,0.06525447
10,56.6,1.732397,0.7329834,2.629495,1.731743,0.7333659,2.629312,0.03776987,0.01804927,0.06146201
10,56.7,1.73559,0.7342244,2.633679,1.734956,0.7345931,2.633493,0.03741281,0.01732624,0.05635339
10,56.8,1.738437,0.7355984,2.637941,1.737866,0.735916,2.637701,0.03592304,0.01620634,0.05438467
10,56.9,1.741607,0.7369111,2.642118,1.741008,0.7372305,2.641872,0.03695859,0.01690973,0.05957255
10,57,1.744643,0.7382382,2.645985,1.743986,0.7386133,2.645761,0.03897253,0.01617118,0.06046069
10,57.1,1.747729,0.7395793,2.650412,1.747083,0.7399778,2.650142,0.03845222,0.01517539,0.06070007
10,57.2,1.750768,0.7408457,2.654863,1.750041,0.741294,2.65452,0.04031519,0.01735726,0.06784821
10,57.3,1.753795,0.7421985,2.659281,1.753076,0.7426068,2.658823,0.04114975,0.0163242,0.0674826
10,57.4,1.756967,0.7436684,2.664192,1.756276,0.7439925,2.663492,0.04141215,0.01628757,0.06227023
10,57.5,1.760011,0.7450061,2.668522,1.759347,0.7453047,2.667842,0.04077114,0.01622156,0.06160091
10,57.6,1.763173,0.7462345,2.672423,1.762505,0.746537,2.67175,0.04065177,0.017037,0.06129681
10,57.7,1.766372,0.7475525,2.676677,1.765701,0.7478983,2.676004,0.04020021,0.01668435,0.06096595
10,57.8,1.769426,0.7488021,2.680587,1.768805,0.7491356,2.680157,0.03865441,0.01555591,0.0556207
10,57.9,1.772619,0.7501039,2.684746,1.771974,0.7505124,2.684267,0.03793945,0.01667868,0.06193883
10,58,1.775904,0.751416,2.688835,1.775197,0.7519093,2.688418,0.03901117,0.0173607,0.06473035
10,58.1,1.779153,0.7528411,2.693064,1.778448,0.7533344,2.692709,0.03856429,0.0181622,0.06482273
10,58.2,1.782113,0.7540877,2.696816,1.781538,0.7544873,2.69658,0.03477997,0.01677396,0.05636808
10,58.3,1.78523,0.7553639,2.700979,1.784657,0.7557923,2.700821,0.03416502,0.01661795,0.05773479
10,58.4,1.788267,0.7568652,2.705414,1.787729,0.7572466,2.705251,0.0333567,0.0166014,0.05866832
10,58.5,1.791278,0.7580758,2.709564,1.790787,0.7584241,2.709433,0.03183077,0.01601052,0.05282447
10,58.6,1.794352,0.759437,2.713837,1.793847,0.759887,2.71367,0.03123696,0.01407109,0.05488138
10,58.7,1.797591,0.760601,2.718336,1.797079,0.7610316,2.718172,0.0316081,0.01525529,0.05384016
10,58.8,1.800831,0.7619568,2.722858,1.800259,0.7624462,2.722662,0.03359966,0.01527856,0.05646217
10,58.9,1.804039,0.7632148,2.727103,1.803385,0.7638629,2.726941,0.03407852,0.01650215,0.06223102
10,59,1.807431,0.7646895,2.731199,1.806772,0.7653406,2.731045,0.03426417,0.01667618,0.0647282
10,59.1,1.810389,0.7659378,2.735315,1.809748,0.7665547,2.735164,0.03454977,0.01549609,0.05419663
10,59.2,1.813611,0.767159,2.739839,1.812893,0.7678905,2.739702,0.03485433,0.01837973,0.06095148
10,59.3,1.816793,0.7684447,2.744006,1.816054,0.7690989,2.743843,0.03666586,0.02006332,0.07162769
10,59.4,1.819825,0.7698974,2.748445,1.819074,0.7705682,2.748261,0.03700741,0.02005442,0.07194543
10,59.5,1.82283,0.7711729,2.751899,1.822112,0.7718003,2.75164,0.03697072,0.01862881,0.06653709
10,59.6,1.825957,0.7722336,2.756173,1.825218,0.7729192,2.755945,0.03581249,0.02078346,0.06711517
10,59.7,1.829044,0.7734342,2.759915,1.828262,0.7741383,2.759698,0.03797156,0.02005951,0.06790337
10,59.8,1.832422,0.7746629,2.764008,1.831565,0.7754365,2.76375,0.04006857,0.02045641,0.06990079
10,59.9,1.835537,0.7758961,2.767783,1.834682,0.7766638,2.767449,0.04060088,0.01936843,0.06669554
10,60,1.838668,0.7773346,2.772204,1.837852,0.7780104,2.771996,0.04024698,0.02007151,0.07022573
