seed,case,mode,policy,pair,attempted,received,corrupted_received
0,clean,naive,cyclic,1-2,60,60,0
0,clean,naive,cyclic,1-3,60,60,0
0,clean,naive,cyclic,1-4,60,60,0
0,clean,naive,cyclic,2-3,60,60,0
0,clean,naive,cyclic,2-4,60,60,0
0,clean,naive,cyclic,3-4,60,60,0
0,clean,naive,information,1-2,52,52,0
0,clean,naive,information,1-3,70,70,0
0,clean,naive,information,1-4,66,66,0
0,clean,naive,information,2-3,46,46,0
0,clean,naive,information,2-4,52,52,0
0,clean,naive,information,3-4,74,74,0
0,clean,naive,p2b_uniform,1-2,60,60,0
0,clean,naive,p2b_uniform,1-3,60,60,0
0,clean,naive,p2b_uniform,1-4,60,60,0
0,clean,naive,p2b_uniform,2-3,60,60,0
0,clean,naive,p2b_uniform,2-4,60,60,0
0,clean,naive,p2b_uniform,3-4,60,60,0
0,clean,gated,cyclic,1-2,60,60,0
0,clean,gated,cyclic,1-3,60,60,0
0,clean,gated,cyclic,1-4,60,60,0
0,clean,gated,cyclic,2-3,60,60,0
0,clean,gated,cyclic,2-4,60,60,0
0,clean,gated,cyclic,3-4,60,60,0
0,clean,gated,information,1-2,52,52,0
0,clean,gated,information,1-3,70,70,0
0,clean,gated,information,1-4,66,66,0
0,clean,gated,information,2-3,46,46,0
0,clean,gated,information,2-4,52,52,0
0,clean,gated,information,3-4,74,74,0
0,clean,gated,p2b_uniform,1-2,60,60,0
0,clean,gated,p2b_uniform,1-3,60,60,0
0,clean,gated,p2b_uniform,1-4,60,60,0
0,clean,gated,p2b_uniform,2-3,60,60,0
0,clean,gated,p2b_uniform,2-4,60,60,0
0,clean,gated,p2b_uniform,3-4,60,60,0
0,loss30,naive,cyclic,1-2,60,45,0
0,loss30,naive,cyclic,1-3,60,41,0
0,loss30,naive,cyclic,1-4,60,41,0
0,loss30,naive,cyclic,2-3,60,45,0
0,loss30,naive,cyclic,2-4,60,46,0
0,loss30,naive,cyclic,3-4,60,39,0
0,loss30,naive,information,1-2,53,37,0
0,loss30,naive,information,1-3,80,46,0
0,loss30,naive,information,1-4,69,48,0
0,loss30,naive,information,2-3,39,32,0
0,loss30,naive,information,2-4,51,37,0
0,loss30,naive,information,3-4,68,50,0
0,loss30,naive,p2b_uniform,1-2,60,43,0
0,loss30,naive,p2b_uniform,1-3,60,42,0
0,loss30,naive,p2b_uniform,1-4,60,48,0
0,loss30,naive,p2b_uniform,2-3,60,47,0
0,loss30,naive,p2b_uniform,2-4,60,47,0
0,loss30,naive,p2b_uniform,3-4,60,39,0
0,loss50,naive,cyclic,1-2,60,29,0
0,loss50,naive,cyclic,1-3,60,33,0
0,loss50,naive,cyclic,1-4,60,27,0
0,loss50,naive,cyclic,2-3,60,35,0
0,loss50,naive,cyclic,2-4,60,36,0
0,loss50,naive,cyclic,3-4,60,23,0
0,loss50,naive,information,1-2,60,27,0
0,loss50,naive,information,1-3,72,33,0
0,loss50,naive,information,1-4,64,33,0
0,loss50,naive,information,2-3,48,23,0
0,loss50,naive,information,2-4,37,29,0
0,loss50,naive,information,3-4,79,33,0
0,loss50,naive,p2b_uniform,1-2,60,30,0
0,loss50,naive,p2b_uniform,1-3,60,31,0
0,loss50,naive,p2b_uniform,1-4,60,36,0
0,loss50,naive,p2b_uniform,2-3,60,29,0
0,loss50,naive,p2b_uniform,2-4,60,33,0
0,loss50,naive,p2b_uniform,3-4,60,23,0
0,network_outage,naive,cyclic,1-2,60,50,0
0,network_outage,naive,cyclic,1-3,60,50,0
0,network_outage,naive,cyclic,1-4,60,50,0
0,network_outage,naive,cyclic,2-3,60,50,0
0,network_outage,naive,cyclic,2-4,60,50,0
0,network_outage,naive,cyclic,3-4,60,50,0
0,network_outage,naive,information,1-2,47,47,0
0,network_outage,naive,information,1-3,62,62,0
0,network_outage,naive,information,1-4,71,48,0
0,network_outage,naive,information,2-3,42,42,0
0,network_outage,naive,information,2-4,59,43,0
0,network_outage,naive,information,3-4,79,58,0
0,network_outage,naive,p2b_uniform,1-2,60,50,0
0,network_outage,naive,p2b_uniform,1-3,60,50,0
0,network_outage,naive,p2b_uniform,1-4,60,50,0
0,network_outage,naive,p2b_uniform,2-3,60,50,0
0,network_outage,naive,p2b_uniform,2-4,60,50,0
0,network_outage,naive,p2b_uniform,3-4,60,50,0
0,network_outage,gated,cyclic,1-2,60,50,0
0,network_outage,gated,cyclic,1-3,60,50,0
0,network_outage,gated,cyclic,1-4,60,50,0
0,network_outage,gated,cyclic,2-3,60,50,0
0,network_outage,gated,cyclic,2-4,60,50,0
0,network_outage,gated,cyclic,3-4,60,50,0
0,network_outage,gated,information,1-2,46,46,0
0,network_outage,gated,information,1-3,63,63,0
0,network_outage,gated,information,1-4,71,48,0
0,network_outage,gated,information,2-3,42,42,0
0,network_outage,gated,information,2-4,59,43,0
0,network_outage,gated,information,3-4,79,58,0
0,network_outage,gated,p2b_uniform,1-2,60,50,0
0,network_outage,gated,p2b_uniform,1-3,60,50,0
0,network_outage,gated,p2b_uniform,1-4,60,50,0
0,network_outage,gated,p2b_uniform,2-3,60,50,0
0,network_outage,gated,p2b_uniform,2-4,60,50,0
0,network_outage,gated,p2b_uniform,3-4,60,50,0
0,node_outage,naive,cyclic,1-2,60,50,0
0,node_outage,naive,cyclic,1-3,60,50,0
0,node_outage,naive,cyclic,1-4,60,50,0
0,node_outage,naive,cyclic,2-3,60,60,0
0,node_outage,naive,cyclic,2-4,60,60,0
0,node_outage,naive,cyclic,3-4,60,60,0
0,node_outage,naive,information,1-2,48,48,0
0,node_outage,naive,information,1-3,61,61,0
0,node_outage,naive,information,1-4,102,47,0
0,node_outage,naive,information,2-3,42,42,0
0,node_outage,naive,information,2-4,44,44,0
0,node_outage,naive,information,3-4,63,63,0
0,node_outage,naive,p2b_uniform,1-2,60,50,0
0,node_outage,naive,p2b_uniform,1-3,60,50,0
0,node_outage,naive,p2b_uniform,1-4,60,50,0
0,node_outage,naive,p2b_uniform,2-3,60,60,0
0,node_outage,naive,p2b_uniform,2-4,60,60,0
0,node_outage,naive,p2b_uniform,3-4,60,60,0
0,outliers,naive,cyclic,1-2,60,60,4
0,outliers,naive,cyclic,1-3,60,60,2
0,outliers,naive,cyclic,1-4,60,60,2
0,outliers,naive,cyclic,2-3,60,60,1
0,outliers,naive,cyclic,2-4,60,60,2
0,outliers,naive,cyclic,3-4,60,60,5
0,outliers,naive,information,1-2,55,55,6
0,outliers,naive,information,1-3,74,74,3
0,outliers,naive,information,1-4,66,66,1
0,outliers,naive,information,2-3,43,43,3
0,outliers,naive,information,2-4,50,50,2
0,outliers,naive,information,3-4,72,72,7
0,outliers,naive,p2b_uniform,1-2,60,60,4
0,outliers,naive,p2b_uniform,1-3,60,60,5
0,outliers,naive,p2b_uniform,1-4,60,60,0
0,outliers,naive,p2b_uniform,2-3,60,60,5
0,outliers,naive,p2b_uniform,2-4,60,60,2
0,outliers,naive,p2b_uniform,3-4,60,60,5
0,outliers,gated,cyclic,1-2,60,60,4
0,outliers,gated,cyclic,1-3,60,60,2
0,outliers,gated,cyclic,1-4,60,60,2
0,outliers,gated,cyclic,2-3,60,60,1
0,outliers,gated,cyclic,2-4,60,60,2
0,outliers,gated,cyclic,3-4,60,60,5
0,outliers,gated,information,1-2,53,53,3
0,outliers,gated,information,1-3,72,72,3
0,outliers,gated,information,1-4,63,63,2
0,outliers,gated,information,2-3,47,47,5
0,outliers,gated,information,2-4,52,52,2
0,outliers,gated,information,3-4,73,73,5
0,outliers,gated,p2b_uniform,1-2,60,60,4
0,outliers,gated,p2b_uniform,1-3,60,60,5
0,outliers,gated,p2b_uniform,1-4,60,60,0
0,outliers,gated,p2b_uniform,2-3,60,60,5
0,outliers,gated,p2b_uniform,2-4,60,60,2
0,outliers,gated,p2b_uniform,3-4,60,60,5
0,nlos,naive,cyclic,1-2,60,60,20
0,nlos,naive,cyclic,1-3,60,60,0
0,nlos,naive,cyclic,1-4,60,60,0
0,nlos,naive,cyclic,2-3,60,60,0
0,nlos,naive,cyclic,2-4,60,60,0
0,nlos,naive,cyclic,3-4,60,60,0
0,nlos,naive,information,1-2,53,53,13
0,nlos,naive,information,1-3,72,72,0
0,nlos,naive,information,1-4,65,65,0
0,nlos,naive,information,2-3,44,44,0
0,nlos,naive,information,2-4,53,53,0
0,nlos,naive,information,3-4,73,73,0
0,nlos,naive,p2b_uniform,1-2,60,60,20
0,nlos,naive,p2b_uniform,1-3,60,60,0
0,nlos,naive,p2b_uniform,1-4,60,60,0
0,nlos,naive,p2b_uniform,2-3,60,60,0
0,nlos,naive,p2b_uniform,2-4,60,60,0
0,nlos,naive,p2b_uniform,3-4,60,60,0
0,nlos,gated,cyclic,1-2,60,60,20
0,nlos,gated,cyclic,1-3,60,60,0
0,nlos,gated,cyclic,1-4,60,60,0
0,nlos,gated,cyclic,2-3,60,60,0
0,nlos,gated,cyclic,2-4,60,60,0
0,nlos,gated,cyclic,3-4,60,60,0
0,nlos,gated,information,1-2,123,123,69
0,nlos,gated,information,1-3,53,53,0
0,nlos,gated,information,1-4,44,44,0
0,nlos,gated,information,2-3,35,35,0
0,nlos,gated,information,2-4,45,45,0
0,nlos,gated,information,3-4,60,60,0
0,nlos,gated,p2b_uniform,1-2,60,60,20
0,nlos,gated,p2b_uniform,1-3,60,60,0
0,nlos,gated,p2b_uniform,1-4,60,60,0
0,nlos,gated,p2b_uniform,2-3,60,60,0
0,nlos,gated,p2b_uniform,2-4,60,60,0
0,nlos,gated,p2b_uniform,3-4,60,60,0
1,clean,naive,cyclic,1-2,60,60,0
1,clean,naive,cyclic,1-3,60,60,0
1,clean,naive,cyclic,1-4,60,60,0
1,clean,naive,cyclic,2-3,60,60,0
1,clean,naive,cyclic,2-4,60,60,0
1,clean,naive,cyclic,3-4,60,60,0
1,clean,naive,information,1-2,52,52,0
1,clean,naive,information,1-3,70,70,0
1,clean,naive,information,1-4,66,66,0
1,clean,naive,information,2-3,47,47,0
1,clean,naive,information,2-4,52,52,0
1,clean,naive,information,3-4,73,73,0
1,clean,naive,p2b_uniform,1-2,60,60,0
1,clean,naive,p2b_uniform,1-3,60,60,0
1,clean,naive,p2b_uniform,1-4,60,60,0
1,clean,naive,p2b_uniform,2-3,60,60,0
1,clean,naive,p2b_uniform,2-4,60,60,0
1,clean,naive,p2b_uniform,3-4,60,60,0
1,clean,gated,cyclic,1-2,60,60,0
1,clean,gated,cyclic,1-3,60,60,0
1,clean,gated,cyclic,1-4,60,60,0
1,clean,gated,cyclic,2-3,60,60,0
1,clean,gated,cyclic,2-4,60,60,0
1,clean,gated,cyclic,3-4,60,60,0
1,clean,gated,information,1-2,53,53,0
1,clean,gated,information,1-3,71,71,0
1,clean,gated,information,1-4,65,65,0
1,clean,gated,information,2-3,46,46,0
1,clean,gated,information,2-4,53,53,0
1,clean,gated,information,3-4,72,72,0
1,clean,gated,p2b_uniform,1-2,60,60,0
1,clean,gated,p2b_uniform,1-3,60,60,0
1,clean,gated,p2b_uniform,1-4,60,60,0
1,clean,gated,p2b_uniform,2-3,60,60,0
1,clean,gated,p2b_uniform,2-4,60,60,0
1,clean,gated,p2b_uniform,3-4,60,60,0
1,loss30,naive,cyclic,1-2,60,39,0
1,loss30,naive,cyclic,1-3,60,39,0
1,loss30,naive,cyclic,1-4,60,35,0
1,loss30,naive,cyclic,2-3,60,45,0
1,loss30,naive,cyclic,2-4,60,44,0
1,loss30,naive,cyclic,3-4,60,46,0
1,loss30,naive,information,1-2,51,32,0
1,loss30,naive,information,1-3,63,46,0
1,loss30,naive,information,1-4,66,46,0
1,loss30,naive,information,2-3,46,32,0
1,loss30,naive,information,2-4,56,38,0
1,loss30,naive,information,3-4,78,50,0
1,loss30,naive,p2b_uniform,1-2,60,41,0
1,loss30,naive,p2b_uniform,1-3,60,43,0
1,loss30,naive,p2b_uniform,1-4,60,41,0
1,loss30,naive,p2b_uniform,2-3,60,44,0
1,loss30,naive,p2b_uniform,2-4,60,35,0
1,loss30,naive,p2b_uniform,3-4,60,46,0
1,loss50,naive,cyclic,1-2,60,25,0
1,loss50,naive,cyclic,1-3,60,26,0
1,loss50,naive,cyclic,1-4,60,19,0
1,loss50,naive,cyclic,2-3,60,32,0
1,loss50,naive,cyclic,2-4,60,34,0
1,loss50,naive,cyclic,3-4,60,36,0
1,loss50,naive,information,1-2,51,28,0
1,loss50,naive,information,1-3,73,36,0
1,loss50,naive,information,1-4,64,33,0
1,loss50,naive,information,2-3,38,24,0
1,loss50,naive,information,2-4,67,28,0
1,loss50,naive,information,3-4,67,34,0
1,loss50,naive,p2b_uniform,1-2,60,26,0
1,loss50,naive,p2b_uniform,1-3,60,29,0
1,loss50,naive,p2b_uniform,1-4,60,27,0
1,loss50,naive,p2b_uniform,2-3,60,29,0
1,loss50,naive,p2b_uniform,2-4,60,28,0
1,loss50,naive,p2b_uniform,3-4,60,36,0
1,network_outage,naive,cyclic,1-2,60,50,0
1,network_outage,naive,cyclic,1-3,60,50,0
1,network_outage,naive,cyclic,1-4,60,50,0
1,network_outage,naive,cyclic,2-3,60,50,0
1,network_outage,naive,cyclic,2-4,60,50,0
1,network_outage,naive,cyclic,3-4,60,50,0
1,network_outage,naive,information,1-2,46,46,0
1,network_outage,naive,information,1-3,62,62,0
1,network_outage,naive,information,1-4,64,47,0
1,network_outage,naive,information,2-3,42,42,0
1,network_outage,naive,information,2-4,65,44,0
1,network_outage,naive,information,3-4,81,59,0
1,network_outage,naive,p2b_uniform,1-2,60,50,0
1,network_outage,naive,p2b_uniform,1-3,60,50,0
1,network_outage,naive,p2b_uniform,1-4,60,50,0
1,network_outage,naive,p2b_uniform,2-3,60,50,0
1,network_outage,naive,p2b_uniform,2-4,60,50,0
1,network_outage,naive,p2b_uniform,3-4,60,50,0
1,network_outage,gated,cyclic,1-2,60,50,0
1,network_outage,gated,cyclic,1-3,60,50,0
1,network_outage,gated,cyclic,1-4,60,50,0
1,network_outage,gated,cyclic,2-3,60,50,0
1,network_outage,gated,cyclic,2-4,60,50,0
1,network_outage,gated,cyclic,3-4,60,50,0
1,network_outage,gated,information,1-2,46,46,0
1,network_outage,gated,information,1-3,62,62,0
1,network_outage,gated,information,1-4,64,47,0
1,network_outage,gated,information,2-3,42,42,0
1,network_outage,gated,information,2-4,65,44,0
1,network_outage,gated,information,3-4,81,59,0
1,network_outage,gated,p2b_uniform,1-2,60,50,0
1,network_outage,gated,p2b_uniform,1-3,60,50,0
1,network_outage,gated,p2b_uniform,1-4,60,50,0
1,network_outage,gated,p2b_uniform,2-3,60,50,0
1,network_outage,gated,p2b_uniform,2-4,60,50,0
1,network_outage,gated,p2b_uniform,3-4,60,50,0
1,node_outage,naive,cyclic,1-2,60,50,0
1,node_outage,naive,cyclic,1-3,60,50,0
1,node_outage,naive,cyclic,1-4,60,50,0
1,node_outage,naive,cyclic,2-3,60,60,0
1,node_outage,naive,cyclic,2-4,60,60,0
1,node_outage,naive,cyclic,3-4,60,60,0
1,node_outage,naive,information,1-2,48,48,0
1,node_outage,naive,information,1-3,61,61,0
1,node_outage,naive,information,1-4,102,47,0
1,node_outage,naive,information,2-3,42,42,0
1,node_outage,naive,information,2-4,44,44,0
1,node_outage,naive,information,3-4,63,63,0
1,node_outage,naive,p2b_uniform,1-2,60,50,0
1,node_outage,naive,p2b_uniform,1-3,60,50,0
1,node_outage,naive,p2b_uniform,1-4,60,50,0
1,node_outage,naive,p2b_uniform,2-3,60,60,0
1,node_outage,naive,p2b_uniform,2-4,60,60,0
1,node_outage,naive,p2b_uniform,3-4,60,60,0
1,outliers,naive,cyclic,1-2,60,60,4
1,outliers,naive,cyclic,1-3,60,60,2
1,outliers,naive,cyclic,1-4,60,60,4
1,outliers,naive,cyclic,2-3,60,60,4
1,outliers,naive,cyclic,2-4,60,60,2
1,outliers,naive,cyclic,3-4,60,60,2
1,outliers,naive,information,1-2,52,52,4
1,outliers,naive,information,1-3,67,67,2
1,outliers,naive,information,1-4,63,63,4
1,outliers,naive,information,2-3,47,47,1
1,outliers,naive,information,2-4,54,54,2
1,outliers,naive,information,3-4,77,77,7
1,outliers,naive,p2b_uniform,1-2,60,60,2
1,outliers,naive,p2b_uniform,1-3,60,60,3
1,outliers,naive,p2b_uniform,1-4,60,60,3
1,outliers,naive,p2b_uniform,2-3,60,60,4
1,outliers,naive,p2b_uniform,2-4,60,60,2
1,outliers,naive,p2b_uniform,3-4,60,60,2
1,outliers,gated,cyclic,1-2,60,60,4
1,outliers,gated,cyclic,1-3,60,60,2
1,outliers,gated,cyclic,1-4,60,60,4
1,outliers,gated,cyclic,2-3,60,60,4
1,outliers,gated,cyclic,2-4,60,60,2
1,outliers,gated,cyclic,3-4,60,60,2
1,outliers,gated,information,1-2,54,54,4
1,outliers,gated,information,1-3,70,70,1
1,outliers,gated,information,1-4,65,65,4
1,outliers,gated,information,2-3,46,46,3
1,outliers,gated,information,2-4,50,50,0
1,outliers,gated,information,3-4,75,75,4
1,outliers,gated,p2b_uniform,1-2,60,60,2
1,outliers,gated,p2b_uniform,1-3,60,60,3
1,outliers,gated,p2b_uniform,1-4,60,60,3
1,outliers,gated,p2b_uniform,2-3,60,60,4
1,outliers,gated,p2b_uniform,2-4,60,60,2
1,outliers,gated,p2b_uniform,3-4,60,60,2
1,nlos,naive,cyclic,1-2,60,60,20
1,nlos,naive,cyclic,1-3,60,60,0
1,nlos,naive,cyclic,1-4,60,60,0
1,nlos,naive,cyclic,2-3,60,60,0
1,nlos,naive,cyclic,2-4,60,60,0
1,nlos,naive,cyclic,3-4,60,60,0
1,nlos,naive,information,1-2,52,52,14
1,nlos,naive,information,1-3,72,72,0
1,nlos,naive,information,1-4,65,65,0
1,nlos,naive,information,2-3,44,44,0
1,nlos,naive,information,2-4,55,55,0
1,nlos,naive,information,3-4,72,72,0
1,nlos,naive,p2b_uniform,1-2,60,60,20
1,nlos,naive,p2b_uniform,1-3,60,60,0
1,nlos,naive,p2b_uniform,1-4,60,60,0
1,nlos,naive,p2b_uniform,2-3,60,60,0
1,nlos,naive,p2b_uniform,2-4,60,60,0
1,nlos,naive,p2b_uniform,3-4,60,60,0
1,nlos,gated,cyclic,1-2,60,60,20
1,nlos,gated,cyclic,1-3,60,60,0
1,nlos,gated,cyclic,1-4,60,60,0
1,nlos,gated,cyclic,2-3,60,60,0
1,nlos,gated,cyclic,2-4,60,60,0
1,nlos,gated,cyclic,3-4,60,60,0
1,nlos,gated,information,1-2,70,70,33
1,nlos,gated,information,1-3,70,70,0
1,nlos,gated,information,1-4,57,57,0
1,nlos,gated,information,2-3,43,43,0
1,nlos,gated,information,2-4,51,51,0
1,nlos,gated,information,3-4,69,69,0
1,nlos,gated,p2b_uniform,1-2,60,60,20
1,nlos,gated,p2b_uniform,1-3,60,60,0
1,nlos,gated,p2b_uniform,1-4,60,60,0
1,nlos,gated,p2b_uniform,2-3,60,60,0
1,nlos,gated,p2b_uniform,2-4,60,60,0
1,nlos,gated,p2b_uniform,3-4,60,60,0
2,clean,naive,cyclic,1-2,60,60,0
2,clean,naive,cyclic,1-3,60,60,0
2,clean,naive,cyclic,1-4,60,60,0
2,clean,naive,cyclic,2-3,60,60,0
2,clean,naive,cyclic,2-4,60,60,0
2,clean,naive,cyclic,3-4,60,60,0
2,clean,naive,information,1-2,52,52,0
2,clean,naive,information,1-3,72,72,0
2,clean,naive,information,1-4,67,67,0
2,clean,naive,information,2-3,45,45,0
2,clean,naive,information,2-4,51,51,0
2,clean,naive,information,3-4,73,73,0
2,clean,naive,p2b_uniform,1-2,60,60,0
2,clean,naive,p2b_uniform,1-3,60,60,0
2,clean,naive,p2b_uniform,1-4,60,60,0
2,clean,naive,p2b_uniform,2-3,60,60,0
2,clean,naive,p2b_uniform,2-4,60,60,0
2,clean,naive,p2b_uniform,3-4,60,60,0
2,clean,gated,cyclic,1-2,60,60,0
2,clean,gated,cyclic,1-3,60,60,0
2,clean,gated,cyclic,1-4,60,60,0
2,clean,gated,cyclic,2-3,60,60,0
2,clean,gated,cyclic,2-4,60,60,0
2,clean,gated,cyclic,3-4,60,60,0
2,clean,gated,information,1-2,52,52,0
2,clean,gated,information,1-3,72,72,0
2,clean,gated,information,1-4,67,67,0
2,clean,gated,information,2-3,45,45,0
2,clean,gated,information,2-4,51,51,0
2,clean,gated,information,3-4,73,73,0
2,clean,gated,p2b_uniform,1-2,60,60,0
2,clean,gated,p2b_uniform,1-3,60,60,0
2,clean,gated,p2b_uniform,1-4,60,60,0
2,clean,gated,p2b_uniform,2-3,60,60,0
2,clean,gated,p2b_uniform,2-4,60,60,0
2,clean,gated,p2b_uniform,3-4,60,60,0
2,loss30,naive,cyclic,1-2,60,45,0
2,loss30,naive,cyclic,1-3,60,43,0
2,loss30,naive,cyclic,1-4,60,40,0
2,loss30,naive,cyclic,2-3,60,43,0
2,loss30,naive,cyclic,2-4,60,30,0
2,loss30,naive,cyclic,3-4,60,38,0
2,loss30,naive,information,1-2,55,36,0
2,loss30,naive,information,1-3,65,53,0
2,loss30,naive,information,1-4,73,45,0
2,loss30,naive,information,2-3,44,33,0
2,loss30,naive,information,2-4,51,37,0
2,loss30,naive,information,3-4,72,51,0
2,loss30,naive,p2b_uniform,1-2,60,40,0
2,loss30,naive,p2b_uniform,1-3,60,49,0
2,loss30,naive,p2b_uniform,1-4,60,44,0
2,loss30,naive,p2b_uniform,2-3,60,43,0
2,loss30,naive,p2b_uniform,2-4,60,40,0
2,loss30,naive,p2b_uniform,3-4,60,38,0
2,loss50,naive,cyclic,1-2,60,32,0
2,loss50,naive,cyclic,1-3,60,28,0
2,loss50,naive,cyclic,1-4,60,27,0
2,loss50,naive,cyclic,2-3,60,23,0
2,loss50,naive,cyclic,2-4,60,20,0
2,loss50,naive,cyclic,3-4,60,25,0
2,loss50,naive,information,1-2,49,27,0
2,loss50,naive,information,1-3,66,37,0
2,loss50,naive,information,1-4,82,32,0
2,loss50,naive,information,2-3,36,22,0
2,loss50,naive,information,2-4,57,28,0
2,loss50,naive,information,3-4,70,34,0
2,loss50,naive,p2b_uniform,1-2,60,29,0
2,loss50,naive,p2b_uniform,1-3,60,35,0
2,loss50,naive,p2b_uniform,1-4,60,30,0
2,loss50,naive,p2b_uniform,2-3,60,28,0
2,loss50,naive,p2b_uniform,2-4,60,26,0
2,loss50,naive,p2b_uniform,3-4,60,25,0
2,network_outage,naive,cyclic,1-2,60,50,0
2,network_outage,naive,cyclic,1-3,60,50,0
2,network_outage,naive,cyclic,1-4,60,50,0
2,network_outage,naive,cyclic,2-3,60,50,0
2,network_outage,naive,cyclic,2-4,60,50,0
2,network_outage,naive,cyclic,3-4,60,50,0
2,network_outage,naive,information,1-2,49,49,0
2,network_outage,naive,information,1-3,62,62,0
2,network_outage,naive,information,1-4,70,48,0
2,network_outage,naive,information,2-3,40,40,0
2,network_outage,naive,information,2-4,61,43,0
2,network_outage,naive,information,3-4,78,58,0
2,network_outage,naive,p2b_uniform,1-2,60,50,0
2,network_outage,naive,p2b_uniform,1-3,60,50,0
2,network_outage,naive,p2b_uniform,1-4,60,50,0
2,network_outage,naive,p2b_uniform,2-3,60,50,0
2,network_outage,naive,p2b_uniform,2-4,60,50,0
2,network_outage,naive,p2b_uniform,3-4,60,50,0
2,network_outage,gated,cyclic,1-2,60,50,0
2,network_outage,gated,cyclic,1-3,60,50,0
2,network_outage,gated,cyclic,1-4,60,50,0
2,network_outage,gated,cyclic,2-3,60,50,0
2,network_outage,gated,cyclic,2-4,60,50,0
2,network_outage,gated,cyclic,3-4,60,50,0
2,network_outage,gated,information,1-2,49,49,0
2,network_outage,gated,information,1-3,62,62,0
2,network_outage,gated,information,1-4,70,48,0
2,network_outage,gated,information,2-3,40,40,0
2,network_outage,gated,information,2-4,61,43,0
2,network_outage,gated,information,3-4,78,58,0
2,network_outage,gated,p2b_uniform,1-2,60,50,0
2,network_outage,gated,p2b_uniform,1-3,60,50,0
2,network_outage,gated,p2b_uniform,1-4,60,50,0
2,network_outage,gated,p2b_uniform,2-3,60,50,0
2,network_outage,gated,p2b_uniform,2-4,60,50,0
2,network_outage,gated,p2b_uniform,3-4,60,50,0
2,node_outage,naive,cyclic,1-2,60,50,0
2,node_outage,naive,cyclic,1-3,60,50,0
2,node_outage,naive,cyclic,1-4,60,50,0
2,node_outage,naive,cyclic,2-3,60,60,0
2,node_outage,naive,cyclic,2-4,60,60,0
2,node_outage,naive,cyclic,3-4,60,60,0
2,node_outage,naive,information,1-2,47,47,0
2,node_outage,naive,information,1-3,63,63,0
2,node_outage,naive,information,1-4,104,48,0
2,node_outage,naive,information,2-3,40,40,0
2,node_outage,naive,information,2-4,44,44,0
2,node_outage,naive,information,3-4,62,62,0
2,node_outage,naive,p2b_uniform,1-2,60,50,0
2,node_outage,naive,p2b_uniform,1-3,60,50,0
2,node_outage,naive,p2b_uniform,1-4,60,50,0
2,node_outage,naive,p2b_uniform,2-3,60,60,0
2,node_outage,naive,p2b_uniform,2-4,60,60,0
2,node_outage,naive,p2b_uniform,3-4,60,60,0
2,outliers,naive,cyclic,1-2,60,60,3
2,outliers,naive,cyclic,1-3,60,60,1
2,outliers,naive,cyclic,1-4,60,60,4
2,outliers,naive,cyclic,2-3,60,60,3
2,outliers,naive,cyclic,2-4,60,60,3
2,outliers,naive,cyclic,3-4,60,60,2
2,outliers,naive,information,1-2,58,58,6
2,outliers,naive,information,1-3,76,76,1
2,outliers,naive,information,1-4,62,62,3
2,outliers,naive,information,2-3,44,44,2
2,outliers,naive,information,2-4,53,53,3
2,outliers,naive,information,3-4,67,67,3
2,outliers,naive,p2b_uniform,1-2,60,60,1
2,outliers,naive,p2b_uniform,1-3,60,60,6
2,outliers,naive,p2b_uniform,1-4,60,60,4
2,outliers,naive,p2b_uniform,2-3,60,60,0
2,outliers,naive,p2b_uniform,2-4,60,60,1
2,outliers,naive,p2b_uniform,3-4,60,60,2
2,outliers,gated,cyclic,1-2,60,60,3
2,outliers,gated,cyclic,1-3,60,60,1
2,outliers,gated,cyclic,1-4,60,60,4
2,outliers,gated,cyclic,2-3,60,60,3
2,outliers,gated,cyclic,2-4,60,60,3
2,outliers,gated,cyclic,3-4,60,60,2
2,outliers,gated,information,1-2,55,55,6
2,outliers,gated,information,1-3,71,71,3
2,outliers,gated,information,1-4,67,67,2
2,outliers,gated,information,2-3,44,44,1
2,outliers,gated,information,2-4,52,52,1
2,outliers,gated,information,3-4,71,71,2
2,outliers,gated,p2b_uniform,1-2,60,60,1
2,outliers,gated,p2b_uniform,1-3,60,60,6
2,outliers,gated,p2b_uniform,1-4,60,60,4
2,outliers,gated,p2b_uniform,2-3,60,60,0
2,outliers,gated,p2b_uniform,2-4,60,60,1
2,outliers,gated,p2b_uniform,3-4,60,60,2
2,nlos,naive,cyclic,1-2,60,60,20
2,nlos,naive,cyclic,1-3,60,60,0
2,nlos,naive,cyclic,1-4,60,60,0
2,nlos,naive,cyclic,2-3,60,60,0
2,nlos,naive,cyclic,2-4,60,60,0
2,nlos,naive,cyclic,3-4,60,60,0
2,nlos,naive,information,1-2,53,53,14
2,nlos,naive,information,1-3,74,74,0
2,nlos,naive,information,1-4,65,65,0
2,nlos,naive,information,2-3,43,43,0
2,nlos,naive,information,2-4,55,55,0
2,nlos,naive,information,3-4,70,70,0
2,nlos,naive,p2b_uniform,1-2,60,60,20
2,nlos,naive,p2b_uniform,1-3,60,60,0
2,nlos,naive,p2b_uniform,1-4,60,60,0
2,nlos,naive,p2b_uniform,2-3,60,60,0
2,nlos,naive,p2b_uniform,2-4,60,60,0
2,nlos,naive,p2b_uniform,3-4,60,60,0
2,nlos,gated,cyclic,1-2,60,60,20
2,nlos,gated,cyclic,1-3,60,60,0
2,nlos,gated,cyclic,1-4,60,60,0
2,nlos,gated,cyclic,2-3,60,60,0
2,nlos,gated,cyclic,2-4,60,60,0
2,nlos,gated,cyclic,3-4,60,60,0
2,nlos,gated,information,1-2,113,113,67
2,nlos,gated,information,1-3,56,56,0
2,nlos,gated,information,1-4,48,48,0
2,nlos,gated,information,2-3,37,37,0
2,nlos,gated,information,2-4,46,46,0
2,nlos,gated,information,3-4,60,60,0
2,nlos,gated,p2b_uniform,1-2,60,60,20
2,nlos,gated,p2b_uniform,1-3,60,60,0
2,nlos,gated,p2b_uniform,1-4,60,60,0
2,nlos,gated,p2b_uniform,2-3,60,60,0
2,nlos,gated,p2b_uniform,2-4,60,60,0
2,nlos,gated,p2b_uniform,3-4,60,60,0
3,clean,naive,cyclic,1-2,60,60,0
3,clean,naive,cyclic,1-3,60,60,0
3,clean,naive,cyclic,1-4,60,60,0
3,clean,naive,cyclic,2-3,60,60,0
3,clean,naive,cyclic,2-4,60,60,0
3,clean,naive,cyclic,3-4,60,60,0
3,clean,naive,information,1-2,52,52,0
3,clean,naive,information,1-3,72,72,0
3,clean,naive,information,1-4,66,66,0
3,clean,naive,information,2-3,46,46,0
3,clean,naive,information,2-4,51,51,0
3,clean,naive,information,3-4,73,73,0
3,clean,naive,p2b_uniform,1-2,60,60,0
3,clean,naive,p2b_uniform,1-3,60,60,0
3,clean,naive,p2b_uniform,1-4,60,60,0
3,clean,naive,p2b_uniform,2-3,60,60,0
3,clean,naive,p2b_uniform,2-4,60,60,0
3,clean,naive,p2b_uniform,3-4,60,60,0
3,clean,gated,cyclic,1-2,60,60,0
3,clean,gated,cyclic,1-3,60,60,0
3,clean,gated,cyclic,1-4,60,60,0
3,clean,gated,cyclic,2-3,60,60,0
3,clean,gated,cyclic,2-4,60,60,0
3,clean,gated,cyclic,3-4,60,60,0
3,clean,gated,information,1-2,52,52,0
3,clean,gated,information,1-3,73,73,0
3,clean,gated,information,1-4,65,65,0
3,clean,gated,information,2-3,45,45,0
3,clean,gated,information,2-4,52,52,0
3,clean,gated,information,3-4,73,73,0
3,clean,gated,p2b_uniform,1-2,60,60,0
3,clean,gated,p2b_uniform,1-3,60,60,0
3,clean,gated,p2b_uniform,1-4,60,60,0
3,clean,gated,p2b_uniform,2-3,60,60,0
3,clean,gated,p2b_uniform,2-4,60,60,0
3,clean,gated,p2b_uniform,3-4,60,60,0
3,loss30,naive,cyclic,1-2,60,38,0
3,loss30,naive,cyclic,1-3,60,48,0
3,loss30,naive,cyclic,1-4,60,39,0
3,loss30,naive,cyclic,2-3,60,43,0
3,loss30,naive,cyclic,2-4,60,46,0
3,loss30,naive,cyclic,3-4,60,42,0
3,loss30,naive,information,1-2,58,35,0
3,loss30,naive,information,1-3,66,49,0
3,loss30,naive,information,1-4,68,43,0
3,loss30,naive,information,2-3,44,31,0
3,loss30,naive,information,2-4,55,39,0
3,loss30,naive,information,3-4,69,47,0
3,loss30,naive,p2b_uniform,1-2,60,41,0
3,loss30,naive,p2b_uniform,1-3,60,44,0
3,loss30,naive,p2b_uniform,1-4,60,39,0
3,loss30,naive,p2b_uniform,2-3,60,45,0
3,loss30,naive,p2b_uniform,2-4,60,43,0
3,loss30,naive,p2b_uniform,3-4,60,42,0
3,loss50,naive,cyclic,1-2,60,28,0
3,loss50,naive,cyclic,1-3,60,37,0
3,loss50,naive,cyclic,1-4,60,29,0
3,loss50,naive,cyclic,2-3,60,30,0
3,loss50,naive,cyclic,2-4,60,30,0
3,loss50,naive,cyclic,3-4,60,29,0
3,loss50,naive,information,1-2,60,29,0
3,loss50,naive,information,1-3,67,39,0
3,loss50,naive,information,1-4,65,34,0
3,loss50,naive,information,2-3,58,23,0
3,loss50,naive,information,2-4,51,30,0
3,loss50,naive,information,3-4,59,33,0
3,loss50,naive,p2b_uniform,1-2,60,30,0
3,loss50,naive,p2b_uniform,1-3,60,28,0
3,loss50,naive,p2b_uniform,1-4,60,30,0
3,loss50,naive,p2b_uniform,2-3,60,29,0
3,loss50,naive,p2b_uniform,2-4,60,30,0
3,loss50,naive,p2b_uniform,3-4,60,29,0
3,network_outage,naive,cyclic,1-2,60,50,0
3,network_outage,naive,cyclic,1-3,60,50,0
3,network_outage,naive,cyclic,1-4,60,50,0
3,network_outage,naive,cyclic,2-3,60,50,0
3,network_outage,naive,cyclic,2-4,60,50,0
3,network_outage,naive,cyclic,3-4,60,50,0
3,network_outage,naive,information,1-2,46,46,0
3,network_outage,naive,information,1-3,60,60,0
3,network_outage,naive,information,1-4,80,49,0
3,network_outage,naive,information,2-3,41,41,0
3,network_outage,naive,information,2-4,50,43,0
3,network_outage,naive,information,3-4,83,61,0
3,network_outage,naive,p2b_uniform,1-2,60,50,0
3,network_outage,naive,p2b_uniform,1-3,60,50,0
3,network_outage,naive,p2b_uniform,1-4,60,50,0
3,network_outage,naive,p2b_uniform,2-3,60,50,0
3,network_outage,naive,p2b_uniform,2-4,60,50,0
3,network_outage,naive,p2b_uniform,3-4,60,50,0
3,network_outage,gated,cyclic,1-2,60,50,0
3,network_outage,gated,cyclic,1-3,60,50,0
3,network_outage,gated,cyclic,1-4,60,50,0
3,network_outage,gated,cyclic,2-3,60,50,0
3,network_outage,gated,cyclic,2-4,60,50,0
3,network_outage,gated,cyclic,3-4,60,50,0
3,network_outage,gated,information,1-2,49,48,0
3,network_outage,gated,information,1-3,62,62,0
3,network_outage,gated,information,1-4,67,48,0
3,network_outage,gated,information,2-3,41,41,0
3,network_outage,gated,information,2-4,61,44,0
3,network_outage,gated,information,3-4,80,57,0
3,network_outage,gated,p2b_uniform,1-2,60,50,0
3,network_outage,gated,p2b_uniform,1-3,60,50,0
3,network_outage,gated,p2b_uniform,1-4,60,50,0
3,network_outage,gated,p2b_uniform,2-3,60,50,0
3,network_outage,gated,p2b_uniform,2-4,60,50,0
3,network_outage,gated,p2b_uniform,3-4,60,50,0
3,node_outage,naive,cyclic,1-2,60,50,0
3,node_outage,naive,cyclic,1-3,60,50,0
3,node_outage,naive,cyclic,1-4,60,50,0
3,node_outage,naive,cyclic,2-3,60,60,0
3,node_outage,naive,cyclic,2-4,60,60,0
3,node_outage,naive,cyclic,3-4,60,60,0
3,node_outage,naive,information,1-2,46,46,0
3,node_outage,naive,information,1-3,62,62,0
3,node_outage,naive,information,1-4,105,49,0
3,node_outage,naive,information,2-3,41,41,0
3,node_outage,naive,information,2-4,43,43,0
3,node_outage,naive,information,3-4,63,63,0
3,node_outage,naive,p2b_uniform,1-2,60,50,0
3,node_outage,naive,p2b_uniform,1-3,60,50,0
3,node_outage,naive,p2b_uniform,1-4,60,50,0
3,node_outage,naive,p2b_uniform,2-3,60,60,0
3,node_outage,naive,p2b_uniform,2-4,60,60,0
3,node_outage,naive,p2b_uniform,3-4,60,60,0
3,outliers,naive,cyclic,1-2,60,60,1
3,outliers,naive,cyclic,1-3,60,60,5
3,outliers,naive,cyclic,1-4,60,60,4
3,outliers,naive,cyclic,2-3,60,60,3
3,outliers,naive,cyclic,2-4,60,60,3
3,outliers,naive,cyclic,3-4,60,60,2
3,outliers,naive,information,1-2,57,57,5
3,outliers,naive,information,1-3,72,72,3
3,outliers,naive,information,1-4,61,61,2
3,outliers,naive,information,2-3,45,45,4
3,outliers,naive,information,2-4,55,55,1
3,outliers,naive,information,3-4,70,70,5
3,outliers,naive,p2b_uniform,1-2,60,60,2
3,outliers,naive,p2b_uniform,1-3,60,60,7
3,outliers,naive,p2b_uniform,1-4,60,60,3
3,outliers,naive,p2b_uniform,2-3,60,60,2
3,outliers,naive,p2b_uniform,2-4,60,60,5
3,outliers,naive,p2b_uniform,3-4,60,60,2
3,outliers,gated,cyclic,1-2,60,60,1
3,outliers,gated,cyclic,1-3,60,60,5
3,outliers,gated,cyclic,1-4,60,60,4
3,outliers,gated,cyclic,2-3,60,60,3
3,outliers,gated,cyclic,2-4,60,60,3
3,outliers,gated,cyclic,3-4,60,60,2
3,outliers,gated,information,1-2,51,51,3
3,outliers,gated,information,1-3,70,70,6
3,outliers,gated,information,1-4,62,62,0
3,outliers,gated,information,2-3,48,48,5
3,outliers,gated,information,2-4,54,54,5
3,outliers,gated,information,3-4,75,75,6
3,outliers,gated,p2b_uniform,1-2,60,60,2
3,outliers,gated,p2b_uniform,1-3,60,60,7
3,outliers,gated,p2b_uniform,1-4,60,60,3
3,outliers,gated,p2b_uniform,2-3,60,60,2
3,outliers,gated,p2b_uniform,2-4,60,60,5
3,outliers,gated,p2b_uniform,3-4,60,60,2
3,nlos,naive,cyclic,1-2,60,60,20
3,nlos,naive,cyclic,1-3,60,60,0
3,nlos,naive,cyclic,1-4,60,60,0
3,nlos,naive,cyclic,2-3,60,60,0
3,nlos,naive,cyclic,2-4,60,60,0
3,nlos,naive,cyclic,3-4,60,60,0
3,nlos,naive,information,1-2,54,54,14
3,nlos,naive,information,1-3,72,72,0
3,nlos,naive,information,1-4,66,66,0
3,nlos,naive,information,2-3,44,44,0
3,nlos,naive,information,2-4,53,53,0
3,nlos,naive,information,3-4,71,71,0
3,nlos,naive,p2b_uniform,1-2,60,60,20
3,nlos,naive,p2b_uniform,1-3,60,60,0
3,nlos,naive,p2b_uniform,1-4,60,60,0
3,nlos,naive,p2b_uniform,2-3,60,60,0
3,nlos,naive,p2b_uniform,2-4,60,60,0
3,nlos,naive,p2b_uniform,3-4,60,60,0
3,nlos,gated,cyclic,1-2,60,60,20
3,nlos,gated,cyclic,1-3,60,60,0
3,nlos,gated,cyclic,1-4,60,60,0
3,nlos,gated,cyclic,2-3,60,60,0
3,nlos,gated,cyclic,2-4,60,60,0
3,nlos,gated,cyclic,3-4,60,60,0
3,nlos,gated,information,1-2,100,100,58
3,nlos,gated,information,1-3,60,60,0
3,nlos,gated,information,1-4,55,55,0
3,nlos,gated,information,2-3,37,37,0
3,nlos,gated,information,2-4,48,48,0
3,nlos,gated,information,3-4,60,60,0
3,nlos,gated,p2b_uniform,1-2,60,60,20
3,nlos,gated,p2b_uniform,1-3,60,60,0
3,nlos,gated,p2b_uniform,1-4,60,60,0
3,nlos,gated,p2b_uniform,2-3,60,60,0
3,nlos,gated,p2b_uniform,2-4,60,60,0
3,nlos,gated,p2b_uniform,3-4,60,60,0
4,clean,naive,cyclic,1-2,60,60,0
4,clean,naive,cyclic,1-3,60,60,0
4,clean,naive,cyclic,1-4,60,60,0
4,clean,naive,cyclic,2-3,60,60,0
4,clean,naive,cyclic,2-4,60,60,0
4,clean,naive,cyclic,3-4,60,60,0
4,clean,naive,information,1-2,53,53,0
4,clean,naive,information,1-3,72,72,0
4,clean,naive,information,1-4,66,66,0
4,clean,naive,information,2-3,44,44,0
4,clean,naive,information,2-4,52,52,0
4,clean,naive,information,3-4,73,73,0
4,clean,naive,p2b_uniform,1-2,60,60,0
4,clean,naive,p2b_uniform,1-3,60,60,0
4,clean,naive,p2b_uniform,1-4,60,60,0
4,clean,naive,p2b_uniform,2-3,60,60,0
4,clean,naive,p2b_uniform,2-4,60,60,0
4,clean,naive,p2b_uniform,3-4,60,60,0
4,clean,gated,cyclic,1-2,60,60,0
4,clean,gated,cyclic,1-3,60,60,0
4,clean,gated,cyclic,1-4,60,60,0
4,clean,gated,cyclic,2-3,60,60,0
4,clean,gated,cyclic,2-4,60,60,0
4,clean,gated,cyclic,3-4,60,60,0
4,clean,gated,information,1-2,53,53,0
4,clean,gated,information,1-3,72,72,0
4,clean,gated,information,1-4,67,67,0
4,clean,gated,information,2-3,45,45,0
4,clean,gated,information,2-4,50,50,0
4,clean,gated,information,3-4,73,73,0
4,clean,gated,p2b_uniform,1-2,60,60,0
4,clean,gated,p2b_uniform,1-3,60,60,0
4,clean,gated,p2b_uniform,1-4,60,60,0
4,clean,gated,p2b_uniform,2-3,60,60,0
4,clean,gated,p2b_uniform,2-4,60,60,0
4,clean,gated,p2b_uniform,3-4,60,60,0
4,loss30,naive,cyclic,1-2,60,42,0
4,loss30,naive,cyclic,1-3,60,42,0
4,loss30,naive,cyclic,1-4,60,39,0
4,loss30,naive,cyclic,2-3,60,37,0
4,loss30,naive,cyclic,2-4,60,45,0
4,loss30,naive,cyclic,3-4,60,36,0
4,loss30,naive,information,1-2,47,36,0
4,loss30,naive,information,1-3,72,51,0
4,loss30,naive,information,1-4,58,45,0
4,loss30,naive,information,2-3,42,32,0
4,loss30,naive,information,2-4,59,38,0
4,loss30,naive,information,3-4,82,50,0
4,loss30,naive,p2b_uniform,1-2,60,41,0
4,loss30,naive,p2b_uniform,1-3,60,42,0
4,loss30,naive,p2b_uniform,1-4,60,43,0
4,loss30,naive,p2b_uniform,2-3,60,45,0
4,loss30,naive,p2b_uniform,2-4,60,38,0
4,loss30,naive,p2b_uniform,3-4,60,36,0
4,loss50,naive,cyclic,1-2,60,27,0
4,loss50,naive,cyclic,1-3,60,30,0
4,loss50,naive,cyclic,1-4,60,31,0
4,loss50,naive,cyclic,2-3,60,25,0
4,loss50,naive,cyclic,2-4,60,26,0
4,loss50,naive,cyclic,3-4,60,27,0
4,loss50,naive,information,1-2,46,27,0
4,loss50,naive,information,1-3,77,37,0
4,loss50,naive,information,1-4,53,35,0
4,loss50,naive,information,2-3,57,22,0
4,loss50,naive,information,2-4,64,31,0
4,loss50,naive,information,3-4,63,31,0
4,loss50,naive,p2b_uniform,1-2,60,24,0
4,loss50,naive,p2b_uniform,1-3,60,27,0
4,loss50,naive,p2b_uniform,1-4,60,29,0
4,loss50,naive,p2b_uniform,2-3,60,31,0
4,loss50,naive,p2b_uniform,2-4,60,31,0
4,loss50,naive,p2b_uniform,3-4,60,27,0
4,network_outage,naive,cyclic,1-2,60,50,0
4,network_outage,naive,cyclic,1-3,60,50,0
4,network_outage,naive,cyclic,1-4,60,50,0
4,network_outage,naive,cyclic,2-3,60,50,0
4,network_outage,naive,cyclic,2-4,60,50,0
4,network_outage,naive,cyclic,3-4,60,50,0
4,network_outage,naive,information,1-2,47,47,0
4,network_outage,naive,information,1-3,62,62,0
4,network_outage,naive,information,1-4,67,50,0
4,network_outage,naive,information,2-3,41,41,0
4,network_outage,naive,information,2-4,62,42,0
4,network_outage,naive,information,3-4,81,58,0
4,network_outage,naive,p2b_uniform,1-2,60,50,0
4,network_outage,naive,p2b_uniform,1-3,60,50,0
4,network_outage,naive,p2b_uniform,1-4,60,50,0
4,network_outage,naive,p2b_uniform,2-3,60,50,0
4,network_outage,naive,p2b_uniform,2-4,60,50,0
4,network_outage,naive,p2b_uniform,3-4,60,50,0
4,network_outage,gated,cyclic,1-2,60,50,0
4,network_outage,gated,cyclic,1-3,60,50,0
4,network_outage,gated,cyclic,1-4,60,50,0
4,network_outage,gated,cyclic,2-3,60,50,0
4,network_outage,gated,cyclic,2-4,60,50,0
4,network_outage,gated,cyclic,3-4,60,50,0
4,network_outage,gated,information,1-2,47,47,0
4,network_outage,gated,information,1-3,61,61,0
4,network_outage,gated,information,1-4,67,50,0
4,network_outage,gated,information,2-3,41,41,0
4,network_outage,gated,information,2-4,63,43,0
4,network_outage,gated,information,3-4,81,58,0
4,network_outage,gated,p2b_uniform,1-2,60,50,0
4,network_outage,gated,p2b_uniform,1-3,60,50,0
4,network_outage,gated,p2b_uniform,1-4,60,50,0
4,network_outage,gated,p2b_uniform,2-3,60,50,0
4,network_outage,gated,p2b_uniform,2-4,60,50,0
4,network_outage,gated,p2b_uniform,3-4,60,50,0
4,node_outage,naive,cyclic,1-2,60,50,0
4,node_outage,naive,cyclic,1-3,60,50,0
4,node_outage,naive,cyclic,1-4,60,50,0
4,node_outage,naive,cyclic,2-3,60,60,0
4,node_outage,naive,cyclic,2-4,60,60,0
4,node_outage,naive,cyclic,3-4,60,60,0
4,node_outage,naive,information,1-2,46,46,0
4,node_outage,naive,information,1-3,63,63,0
4,node_outage,naive,information,1-4,103,50,0
4,node_outage,naive,information,2-3,41,41,0
4,node_outage,naive,information,2-4,43,43,0
4,node_outage,naive,information,3-4,64,64,0
4,node_outage,naive,p2b_uniform,1-2,60,50,0
4,node_outage,naive,p2b_uniform,1-3,60,50,0
4,node_outage,naive,p2b_uniform,1-4,60,50,0
4,node_outage,naive,p2b_uniform,2-3,60,60,0
4,node_outage,naive,p2b_uniform,2-4,60,60,0
4,node_outage,naive,p2b_uniform,3-4,60,60,0
4,outliers,naive,cyclic,1-2,60,60,2
4,outliers,naive,cyclic,1-3,60,60,4
4,outliers,naive,cyclic,1-4,60,60,2
4,outliers,naive,cyclic,2-3,60,60,5
4,outliers,naive,cyclic,2-4,60,60,2
4,outliers,naive,cyclic,3-4,60,60,0
4,outliers,naive,information,1-2,57,57,3
4,outliers,naive,information,1-3,75,75,5
4,outliers,naive,information,1-4,64,64,3
4,outliers,naive,information,2-3,43,43,1
4,outliers,naive,information,2-4,52,52,2
4,outliers,naive,information,3-4,69,69,4
4,outliers,naive,p2b_uniform,1-2,60,60,5
4,outliers,naive,p2b_uniform,1-3,60,60,3
4,outliers,naive,p2b_uniform,1-4,60,60,3
4,outliers,naive,p2b_uniform,2-3,60,60,3
4,outliers,naive,p2b_uniform,2-4,60,60,4
4,outliers,naive,p2b_uniform,3-4,60,60,0
4,outliers,gated,cyclic,1-2,60,60,2
4,outliers,gated,cyclic,1-3,60,60,4
4,outliers,gated,cyclic,1-4,60,60,2
4,outliers,gated,cyclic,2-3,60,60,5
4,outliers,gated,cyclic,2-4,60,60,2
4,outliers,gated,cyclic,3-4,60,60,0
4,outliers,gated,information,1-2,53,53,4
4,outliers,gated,information,1-3,72,72,5
4,outliers,gated,information,1-4,66,66,5
4,outliers,gated,information,2-3,45,45,1
4,outliers,gated,information,2-4,51,51,2
4,outliers,gated,information,3-4,73,73,4
4,outliers,gated,p2b_uniform,1-2,60,60,5
4,outliers,gated,p2b_uniform,1-3,60,60,3
4,outliers,gated,p2b_uniform,1-4,60,60,3
4,outliers,gated,p2b_uniform,2-3,60,60,3
4,outliers,gated,p2b_uniform,2-4,60,60,4
4,outliers,gated,p2b_uniform,3-4,60,60,0
4,nlos,naive,cyclic,1-2,60,60,20
4,nlos,naive,cyclic,1-3,60,60,0
4,nlos,naive,cyclic,1-4,60,60,0
4,nlos,naive,cyclic,2-3,60,60,0
4,nlos,naive,cyclic,2-4,60,60,0
4,nlos,naive,cyclic,3-4,60,60,0
4,nlos,naive,information,1-2,52,52,13
4,nlos,naive,information,1-3,73,73,0
4,nlos,naive,information,1-4,66,66,0
4,nlos,naive,information,2-3,44,44,0
4,nlos,naive,information,2-4,53,53,0
4,nlos,naive,information,3-4,72,72,0
4,nlos,naive,p2b_uniform,1-2,60,60,20
4,nlos,naive,p2b_uniform,1-3,60,60,0
4,nlos,naive,p2b_uniform,1-4,60,60,0
4,nlos,naive,p2b_uniform,2-3,60,60,0
4,nlos,naive,p2b_uniform,2-4,60,60,0
4,nlos,naive,p2b_uniform,3-4,60,60,0
4,nlos,gated,cyclic,1-2,60,60,20
4,nlos,gated,cyclic,1-3,60,60,0
4,nlos,gated,cyclic,1-4,60,60,0
4,nlos,gated,cyclic,2-3,60,60,0
4,nlos,gated,cyclic,2-4,60,60,0
4,nlos,gated,cyclic,3-4,60,60,0
4,nlos,gated,information,1-2,96,96,62
4,nlos,gated,information,1-3,41,41,0
4,nlos,gated,information,1-4,78,78,0
4,nlos,gated,information,2-3,61,61,0
4,nlos,gated,information,2-4,40,40,0
4,nlos,gated,information,3-4,44,44,0
4,nlos,gated,p2b_uniform,1-2,60,60,20
4,nlos,gated,p2b_uniform,1-3,60,60,0
4,nlos,gated,p2b_uniform,1-4,60,60,0
4,nlos,gated,p2b_uniform,2-3,60,60,0
4,nlos,gated,p2b_uniform,2-4,60,60,0
4,nlos,gated,p2b_uniform,3-4,60,60,0
5,clean,naive,cyclic,1-2,60,60,0
5,clean,naive,cyclic,1-3,60,60,0
5,clean,naive,cyclic,1-4,60,60,0
5,clean,naive,cyclic,2-3,60,60,0
5,clean,naive,cyclic,2-4,60,60,0
5,clean,naive,cyclic,3-4,60,60,0
5,clean,naive,information,1-2,51,51,0
5,clean,naive,information,1-3,71,71,0
5,clean,naive,information,1-4,66,66,0
5,clean,naive,information,2-3,46,46,0
5,clean,naive,information,2-4,52,52,0
5,clean,naive,information,3-4,74,74,0
5,clean,naive,p2b_uniform,1-2,60,60,0
5,clean,naive,p2b_uniform,1-3,60,60,0
5,clean,naive,p2b_uniform,1-4,60,60,0
5,clean,naive,p2b_uniform,2-3,60,60,0
5,clean,naive,p2b_uniform,2-4,60,60,0
5,clean,naive,p2b_uniform,3-4,60,60,0
5,clean,gated,cyclic,1-2,60,60,0
5,clean,gated,cyclic,1-3,60,60,0
5,clean,gated,cyclic,1-4,60,60,0
5,clean,gated,cyclic,2-3,60,60,0
5,clean,gated,cyclic,2-4,60,60,0
5,clean,gated,cyclic,3-4,60,60,0
5,clean,gated,information,1-2,51,51,0
5,clean,gated,information,1-3,71,71,0
5,clean,gated,information,1-4,66,66,0
5,clean,gated,information,2-3,46,46,0
5,clean,gated,information,2-4,52,52,0
5,clean,gated,information,3-4,74,74,0
5,clean,gated,p2b_uniform,1-2,60,60,0
5,clean,gated,p2b_uniform,1-3,60,60,0
5,clean,gated,p2b_uniform,1-4,60,60,0
5,clean,gated,p2b_uniform,2-3,60,60,0
5,clean,gated,p2b_uniform,2-4,60,60,0
5,clean,gated,p2b_uniform,3-4,60,60,0
5,loss30,naive,cyclic,1-2,60,37,0
5,loss30,naive,cyclic,1-3,60,45,0
5,loss30,naive,cyclic,1-4,60,43,0
5,loss30,naive,cyclic,2-3,60,45,0
5,loss30,naive,cyclic,2-4,60,45,0
5,loss30,naive,cyclic,3-4,60,37,0
5,loss30,naive,information,1-2,54,38,0
5,loss30,naive,information,1-3,73,55,0
5,loss30,naive,information,1-4,68,47,0
5,loss30,naive,information,2-3,46,35,0
5,loss30,naive,information,2-4,49,37,0
5,loss30,naive,information,3-4,70,52,0
5,loss30,naive,p2b_uniform,1-2,60,41,0
5,loss30,naive,p2b_uniform,1-3,60,45,0
5,loss30,naive,p2b_uniform,1-4,60,46,0
5,loss30,naive,p2b_uniform,2-3,60,45,0
5,loss30,naive,p2b_uniform,2-4,60,40,0
5,loss30,naive,p2b_uniform,3-4,60,37,0
5,loss50,naive,cyclic,1-2,60,24,0
5,loss50,naive,cyclic,1-3,60,29,0
5,loss50,naive,cyclic,1-4,60,27,0
5,loss50,naive,cyclic,2-3,60,30,0
5,loss50,naive,cyclic,2-4,60,31,0
5,loss50,naive,cyclic,3-4,60,26,0
5,loss50,naive,information,1-2,49,27,0
5,loss50,naive,information,1-3,74,37,0
5,loss50,naive,information,1-4,72,37,0
5,loss50,naive,information,2-3,46,24,0
5,loss50,naive,information,2-4,57,27,0
5,loss50,naive,information,3-4,62,33,0
5,loss50,naive,p2b_uniform,1-2,60,34,0
5,loss50,naive,p2b_uniform,1-3,60,32,0
5,loss50,naive,p2b_uniform,1-4,60,34,0
5,loss50,naive,p2b_uniform,2-3,60,30,0
5,loss50,naive,p2b_uniform,2-4,60,26,0
5,loss50,naive,p2b_uniform,3-4,60,26,0
5,network_outage,naive,cyclic,1-2,60,50,0
5,network_outage,naive,cyclic,1-3,60,50,0
5,network_outage,naive,cyclic,1-4,60,50,0
5,network_outage,naive,cyclic,2-3,60,50,0
5,network_outage,naive,cyclic,2-4,60,50,0
5,network_outage,naive,cyclic,3-4,60,50,0
5,network_outage,naive,information,1-2,47,47,0
5,network_outage,naive,information,1-3,61,61,0
5,network_outage,naive,information,1-4,68,48,0
5,network_outage,naive,information,2-3,42,42,0
5,network_outage,naive,information,2-4,61,43,0
5,network_outage,naive,information,3-4,81,59,0
5,network_outage,naive,p2b_uniform,1-2,60,50,0
5,network_outage,naive,p2b_uniform,1-3,60,50,0
5,network_outage,naive,p2b_uniform,1-4,60,50,0
5,network_outage,naive,p2b_uniform,2-3,60,50,0
5,network_outage,naive,p2b_uniform,2-4,60,50,0
5,network_outage,naive,p2b_uniform,3-4,60,50,0
5,network_outage,gated,cyclic,1-2,60,50,0
5,network_outage,gated,cyclic,1-3,60,50,0
5,network_outage,gated,cyclic,1-4,60,50,0
5,network_outage,gated,cyclic,2-3,60,50,0
5,network_outage,gated,cyclic,2-4,60,50,0
5,network_outage,gated,cyclic,3-4,60,50,0
5,network_outage,gated,information,1-2,47,47,0
5,network_outage,gated,information,1-3,61,61,0
5,network_outage,gated,information,1-4,68,48,0
5,network_outage,gated,information,2-3,42,42,0
5,network_outage,gated,information,2-4,61,43,0
5,network_outage,gated,information,3-4,81,59,0
5,network_outage,gated,p2b_uniform,1-2,60,50,0
5,network_outage,gated,p2b_uniform,1-3,60,50,0
5,network_outage,gated,p2b_uniform,1-4,60,50,0
5,network_outage,gated,p2b_uniform,2-3,60,50,0
5,network_outage,gated,p2b_uniform,2-4,60,50,0
5,network_outage,gated,p2b_uniform,3-4,60,50,0
5,node_outage,naive,cyclic,1-2,60,50,0
5,node_outage,naive,cyclic,1-3,60,50,0
5,node_outage,naive,cyclic,1-4,60,50,0
5,node_outage,naive,cyclic,2-3,60,60,0
5,node_outage,naive,cyclic,2-4,60,60,0
5,node_outage,naive,cyclic,3-4,60,60,0
5,node_outage,naive,information,1-2,48,48,0
5,node_outage,naive,information,1-3,60,60,0
5,node_outage,naive,information,1-4,103,48,0
5,node_outage,naive,information,2-3,42,42,0
5,node_outage,naive,information,2-4,44,44,0
5,node_outage,naive,information,3-4,63,63,0
5,node_outage,naive,p2b_uniform,1-2,60,50,0
5,node_outage,naive,p2b_uniform,1-3,60,50,0
5,node_outage,naive,p2b_uniform,1-4,60,50,0
5,node_outage,naive,p2b_uniform,2-3,60,60,0
5,node_outage,naive,p2b_uniform,2-4,60,60,0
5,node_outage,naive,p2b_uniform,3-4,60,60,0
5,outliers,naive,cyclic,1-2,60,60,2
5,outliers,naive,cyclic,1-3,60,60,1
5,outliers,naive,cyclic,1-4,60,60,3
5,outliers,naive,cyclic,2-3,60,60,2
5,outliers,naive,cyclic,2-4,60,60,4
5,outliers,naive,cyclic,3-4,60,60,2
5,outliers,naive,information,1-2,55,55,4
5,outliers,naive,information,1-3,72,72,4
5,outliers,naive,information,1-4,66,66,4
5,outliers,naive,information,2-3,45,45,5
5,outliers,naive,information,2-4,50,50,3
5,outliers,naive,information,3-4,72,72,1
5,outliers,naive,p2b_uniform,1-2,60,60,4
5,outliers,naive,p2b_uniform,1-3,60,60,2
5,outliers,naive,p2b_uniform,1-4,60,60,5
5,outliers,naive,p2b_uniform,2-3,60,60,5
5,outliers,naive,p2b_uniform,2-4,60,60,2
5,outliers,naive,p2b_uniform,3-4,60,60,2
5,outliers,gated,cyclic,1-2,60,60,2
5,outliers,gated,cyclic,1-3,60,60,1
5,outliers,gated,cyclic,1-4,60,60,3
5,outliers,gated,cyclic,2-3,60,60,2
5,outliers,gated,cyclic,2-4,60,60,4
5,outliers,gated,cyclic,3-4,60,60,2
5,outliers,gated,information,1-2,54,54,5
5,outliers,gated,information,1-3,70,70,3
5,outliers,gated,information,1-4,66,66,3
5,outliers,gated,information,2-3,45,45,2
5,outliers,gated,information,2-4,53,53,3
5,outliers,gated,information,3-4,72,72,1
5,outliers,gated,p2b_uniform,1-2,60,60,4
5,outliers,gated,p2b_uniform,1-3,60,60,2
5,outliers,gated,p2b_uniform,1-4,60,60,5
5,outliers,gated,p2b_uniform,2-3,60,60,5
5,outliers,gated,p2b_uniform,2-4,60,60,2
5,outliers,gated,p2b_uniform,3-4,60,60,2
5,nlos,naive,cyclic,1-2,60,60,20
5,nlos,naive,cyclic,1-3,60,60,0
5,nlos,naive,cyclic,1-4,60,60,0
5,nlos,naive,cyclic,2-3,60,60,0
5,nlos,naive,cyclic,2-4,60,60,0
5,nlos,naive,cyclic,3-4,60,60,0
5,nlos,naive,information,1-2,52,52,13
5,nlos,naive,information,1-3,72,72,0
5,nlos,naive,information,1-4,65,65,0
5,nlos,naive,information,2-3,45,45,0
5,nlos,naive,information,2-4,53,53,0
5,nlos,naive,information,3-4,73,73,0
5,nlos,naive,p2b_uniform,1-2,60,60,20
5,nlos,naive,p2b_uniform,1-3,60,60,0
5,nlos,naive,p2b_uniform,1-4,60,60,0
5,nlos,naive,p2b_uniform,2-3,60,60,0
5,nlos,naive,p2b_uniform,2-4,60,60,0
5,nlos,naive,p2b_uniform,3-4,60,60,0
5,nlos,gated,cyclic,1-2,60,60,20
5,nlos,gated,cyclic,1-3,60,60,0
5,nlos,gated,cyclic,1-4,60,60,0
5,nlos,gated,cyclic,2-3,60,60,0
5,nlos,gated,cyclic,2-4,60,60,0
5,nlos,gated,cyclic,3-4,60,60,0
5,nlos,gated,information,1-2,111,111,73
5,nlos,gated,information,1-3,54,54,0
5,nlos,gated,information,1-4,50,50,0
5,nlos,gated,information,2-3,39,39,0
5,nlos,gated,information,2-4,43,43,0
5,nlos,gated,information,3-4,63,63,0
5,nlos,gated,p2b_uniform,1-2,60,60,20
5,nlos,gated,p2b_uniform,1-3,60,60,0
5,nlos,gated,p2b_uniform,1-4,60,60,0
5,nlos,gated,p2b_uniform,2-3,60,60,0
5,nlos,gated,p2b_uniform,2-4,60,60,0
5,nlos,gated,p2b_uniform,3-4,60,60,0
6,clean,naive,cyclic,1-2,60,60,0
6,clean,naive,cyclic,1-3,60,60,0
6,clean,naive,cyclic,1-4,60,60,0
6,clean,naive,cyclic,2-3,60,60,0
6,clean,naive,cyclic,2-4,60,60,0
6,clean,naive,cyclic,3-4,60,60,0
6,clean,naive,information,1-2,52,52,0
6,clean,naive,information,1-3,70,70,0
6,clean,naive,information,1-4,64,64,0
6,clean,naive,information,2-3,45,45,0
6,clean,naive,information,2-4,54,54,0
6,clean,naive,information,3-4,75,75,0
6,clean,naive,p2b_uniform,1-2,60,60,0
6,clean,naive,p2b_uniform,1-3,60,60,0
6,clean,naive,p2b_uniform,1-4,60,60,0
6,clean,naive,p2b_uniform,2-3,60,60,0
6,clean,naive,p2b_uniform,2-4,60,60,0
6,clean,naive,p2b_uniform,3-4,60,60,0
6,clean,gated,cyclic,1-2,60,60,0
6,clean,gated,cyclic,1-3,60,60,0
6,clean,gated,cyclic,1-4,60,60,0
6,clean,gated,cyclic,2-3,60,60,0
6,clean,gated,cyclic,2-4,60,60,0
6,clean,gated,cyclic,3-4,60,60,0
6,clean,gated,information,1-2,52,52,0
6,clean,gated,information,1-3,71,71,0
6,clean,gated,information,1-4,65,65,0
6,clean,gated,information,2-3,46,46,0
6,clean,gated,information,2-4,53,53,0
6,clean,gated,information,3-4,73,73,0
6,clean,gated,p2b_uniform,1-2,60,60,0
6,clean,gated,p2b_uniform,1-3,60,60,0
6,clean,gated,p2b_uniform,1-4,60,60,0
6,clean,gated,p2b_uniform,2-3,60,60,0
6,clean,gated,p2b_uniform,2-4,60,60,0
6,clean,gated,p2b_uniform,3-4,60,60,0
6,loss30,naive,cyclic,1-2,60,42,0
6,loss30,naive,cyclic,1-3,60,38,0
6,loss30,naive,cyclic,1-4,60,44,0
6,loss30,naive,cyclic,2-3,60,45,0
6,loss30,naive,cyclic,2-4,60,40,0
6,loss30,naive,cyclic,3-4,60,41,0
6,loss30,naive,information,1-2,53,35,0
6,loss30,naive,information,1-3,68,46,0
6,loss30,naive,information,1-4,61,45,0
6,loss30,naive,information,2-3,50,33,0
6,loss30,naive,information,2-4,51,39,0
6,loss30,naive,information,3-4,77,52,0
6,loss30,naive,p2b_uniform,1-2,60,40,0
6,loss30,naive,p2b_uniform,1-3,60,46,0
6,loss30,naive,p2b_uniform,1-4,60,42,0
6,loss30,naive,p2b_uniform,2-3,60,41,0
6,loss30,naive,p2b_uniform,2-4,60,42,0
6,loss30,naive,p2b_uniform,3-4,60,41,0
6,loss50,naive,cyclic,1-2,60,34,0
6,loss50,naive,cyclic,1-3,60,31,0
6,loss50,naive,cyclic,1-4,60,33,0
6,loss50,naive,cyclic,2-3,60,26,0
6,loss50,naive,cyclic,2-4,60,31,0
6,loss50,naive,cyclic,3-4,60,34,0
6,loss50,naive,information,1-2,39,25,0
6,loss50,naive,information,1-3,73,32,0
6,loss50,naive,information,1-4,62,31,0
6,loss50,naive,information,2-3,51,20,0
6,loss50,naive,information,2-4,60,29,0
6,loss50,naive,information,3-4,75,32,0
6,loss50,naive,p2b_uniform,1-2,60,32,0
6,loss50,naive,p2b_uniform,1-3,60,32,0
6,loss50,naive,p2b_uniform,1-4,60,29,0
6,loss50,naive,p2b_uniform,2-3,60,26,0
6,loss50,naive,p2b_uniform,2-4,60,28,0
6,loss50,naive,p2b_uniform,3-4,60,34,0
6,network_outage,naive,cyclic,1-2,60,50,0
6,network_outage,naive,cyclic,1-3,60,50,0
6,network_outage,naive,cyclic,1-4,60,50,0
6,network_outage,naive,cyclic,2-3,60,50,0
6,network_outage,naive,cyclic,2-4,60,50,0
6,network_outage,naive,cyclic,3-4,60,50,0
6,network_outage,naive,information,1-2,47,47,0
6,network_outage,naive,information,1-3,60,60,0
6,network_outage,naive,information,1-4,63,46,0
6,network_outage,naive,information,2-3,42,42,0
6,network_outage,naive,information,2-4,65,45,0
6,network_outage,naive,information,3-4,83,60,0
6,network_outage,naive,p2b_uniform,1-2,60,50,0
6,network_outage,naive,p2b_uniform,1-3,60,50,0
6,network_outage,naive,p2b_uniform,1-4,60,50,0
6,network_outage,naive,p2b_uniform,2-3,60,50,0
6,network_outage,naive,p2b_uniform,2-4,60,50,0
6,network_outage,naive,p2b_uniform,3-4,60,50,0
6,network_outage,gated,cyclic,1-2,60,50,0
6,network_outage,gated,cyclic,1-3,60,50,0
6,network_outage,gated,cyclic,1-4,60,50,0
6,network_outage,gated,cyclic,2-3,60,50,0
6,network_outage,gated,cyclic,2-4,60,50,0
6,network_outage,gated,cyclic,3-4,60,50,0
6,network_outage,gated,information,1-2,46,46,0
6,network_outage,gated,information,1-3,63,63,0
6,network_outage,gated,information,1-4,63,46,0
6,network_outage,gated,information,2-3,42,42,0
6,network_outage,gated,information,2-4,65,45,0
6,network_outage,gated,information,3-4,81,58,0
6,network_outage,gated,p2b_uniform,1-2,60,50,0
6,network_outage,gated,p2b_uniform,1-3,60,50,0
6,network_outage,gated,p2b_uniform,1-4,60,50,0
6,network_outage,gated,p2b_uniform,2-3,60,50,0
6,network_outage,gated,p2b_uniform,2-4,60,50,0
6,network_outage,gated,p2b_uniform,3-4,60,50,0
6,node_outage,naive,cyclic,1-2,60,50,0
6,node_outage,naive,cyclic,1-3,60,50,0
6,node_outage,naive,cyclic,1-4,60,50,0
6,node_outage,naive,cyclic,2-3,60,60,0
6,node_outage,naive,cyclic,2-4,60,60,0
6,node_outage,naive,cyclic,3-4,60,60,0
6,node_outage,naive,information,1-2,47,47,0
6,node_outage,naive,information,1-3,61,61,0
6,node_outage,naive,information,1-4,101,46,0
6,node_outage,naive,information,2-3,42,42,0
6,node_outage,naive,information,2-4,45,45,0
6,node_outage,naive,information,3-4,64,64,0
6,node_outage,naive,p2b_uniform,1-2,60,50,0
6,node_outage,naive,p2b_uniform,1-3,60,50,0
6,node_outage,naive,p2b_uniform,1-4,60,50,0
6,node_outage,naive,p2b_uniform,2-3,60,60,0
6,node_outage,naive,p2b_uniform,2-4,60,60,0
6,node_outage,naive,p2b_uniform,3-4,60,60,0
6,outliers,naive,cyclic,1-2,60,60,2
6,outliers,naive,cyclic,1-3,60,60,3
6,outliers,naive,cyclic,1-4,60,60,2
6,outliers,naive,cyclic,2-3,60,60,5
6,outliers,naive,cyclic,2-4,60,60,6
6,outliers,naive,cyclic,3-4,60,60,1
6,outliers,naive,information,1-2,47,47,0
6,outliers,naive,information,1-3,74,74,3
6,outliers,naive,information,1-4,57,57,3
6,outliers,naive,information,2-3,46,46,3
6,outliers,naive,information,2-4,60,60,3
6,outliers,naive,information,3-4,76,76,4
6,outliers,naive,p2b_uniform,1-2,60,60,1
6,outliers,naive,p2b_uniform,1-3,60,60,0
6,outliers,naive,p2b_uniform,1-4,60,60,3
6,outliers,naive,p2b_uniform,2-3,60,60,2
6,outliers,naive,p2b_uniform,2-4,60,60,3
6,outliers,naive,p2b_uniform,3-4,60,60,1
6,outliers,gated,cyclic,1-2,60,60,2
6,outliers,gated,cyclic,1-3,60,60,3
6,outliers,gated,cyclic,1-4,60,60,2
6,outliers,gated,cyclic,2-3,60,60,5
6,outliers,gated,cyclic,2-4,60,60,6
6,outliers,gated,cyclic,3-4,60,60,1
6,outliers,gated,information,1-2,47,47,0
6,outliers,gated,information,1-3,73,73,4
6,outliers,gated,information,1-4,67,67,5
6,outliers,gated,information,2-3,43,43,1
6,outliers,gated,information,2-4,57,57,4
6,outliers,gated,information,3-4,73,73,3
6,outliers,gated,p2b_uniform,1-2,60,60,1
6,outliers,gated,p2b_uniform,1-3,60,60,0
6,outliers,gated,p2b_uniform,1-4,60,60,3
6,outliers,gated,p2b_uniform,2-3,60,60,2
6,outliers,gated,p2b_uniform,2-4,60,60,3
6,outliers,gated,p2b_uniform,3-4,60,60,1
6,nlos,naive,cyclic,1-2,60,60,20
6,nlos,naive,cyclic,1-3,60,60,0
6,nlos,naive,cyclic,1-4,60,60,0
6,nlos,naive,cyclic,2-3,60,60,0
6,nlos,naive,cyclic,2-4,60,60,0
6,nlos,naive,cyclic,3-4,60,60,0
6,nlos,naive,information,1-2,51,51,12
6,nlos,naive,information,1-3,71,71,0
6,nlos,naive,information,1-4,64,64,0
6,nlos,naive,information,2-3,44,44,0
6,nlos,naive,information,2-4,56,56,0
6,nlos,naive,information,3-4,74,74,0
6,nlos,naive,p2b_uniform,1-2,60,60,20
6,nlos,naive,p2b_uniform,1-3,60,60,0
6,nlos,naive,p2b_uniform,1-4,60,60,0
6,nlos,naive,p2b_uniform,2-3,60,60,0
6,nlos,naive,p2b_uniform,2-4,60,60,0
6,nlos,naive,p2b_uniform,3-4,60,60,0
6,nlos,gated,cyclic,1-2,60,60,20
6,nlos,gated,cyclic,1-3,60,60,0
6,nlos,gated,cyclic,1-4,60,60,0
6,nlos,gated,cyclic,2-3,60,60,0
6,nlos,gated,cyclic,2-4,60,60,0
6,nlos,gated,cyclic,3-4,60,60,0
6,nlos,gated,information,1-2,117,117,74
6,nlos,gated,information,1-3,52,52,0
6,nlos,gated,information,1-4,48,48,0
6,nlos,gated,information,2-3,39,39,0
6,nlos,gated,information,2-4,45,45,0
6,nlos,gated,information,3-4,59,59,0
6,nlos,gated,p2b_uniform,1-2,60,60,20
6,nlos,gated,p2b_uniform,1-3,60,60,0
6,nlos,gated,p2b_uniform,1-4,60,60,0
6,nlos,gated,p2b_uniform,2-3,60,60,0
6,nlos,gated,p2b_uniform,2-4,60,60,0
6,nlos,gated,p2b_uniform,3-4,60,60,0
7,clean,naive,cyclic,1-2,60,60,0
7,clean,naive,cyclic,1-3,60,60,0
7,clean,naive,cyclic,1-4,60,60,0
7,clean,naive,cyclic,2-3,60,60,0
7,clean,naive,cyclic,2-4,60,60,0
7,clean,naive,cyclic,3-4,60,60,0
7,clean,naive,information,1-2,51,51,0
7,clean,naive,information,1-3,72,72,0
7,clean,naive,information,1-4,66,66,0
7,clean,naive,information,2-3,46,46,0
7,clean,naive,information,2-4,54,54,0
7,clean,naive,information,3-4,71,71,0
7,clean,naive,p2b_uniform,1-2,60,60,0
7,clean,naive,p2b_uniform,1-3,60,60,0
7,clean,naive,p2b_uniform,1-4,60,60,0
7,clean,naive,p2b_uniform,2-3,60,60,0
7,clean,naive,p2b_uniform,2-4,60,60,0
7,clean,naive,p2b_uniform,3-4,60,60,0
7,clean,gated,cyclic,1-2,60,60,0
7,clean,gated,cyclic,1-3,60,60,0
7,clean,gated,cyclic,1-4,60,60,0
7,clean,gated,cyclic,2-3,60,60,0
7,clean,gated,cyclic,2-4,60,60,0
7,clean,gated,cyclic,3-4,60,60,0
7,clean,gated,information,1-2,54,54,0
7,clean,gated,information,1-3,73,73,0
7,clean,gated,information,1-4,64,64,0
7,clean,gated,information,2-3,45,45,0
7,clean,gated,information,2-4,53,53,0
7,clean,gated,information,3-4,71,71,0
7,clean,gated,p2b_uniform,1-2,60,60,0
7,clean,gated,p2b_uniform,1-3,60,60,0
7,clean,gated,p2b_uniform,1-4,60,60,0
7,clean,gated,p2b_uniform,2-3,60,60,0
7,clean,gated,p2b_uniform,2-4,60,60,0
7,clean,gated,p2b_uniform,3-4,60,60,0
7,loss30,naive,cyclic,1-2,60,41,0
7,loss30,naive,cyclic,1-3,60,41,0
7,loss30,naive,cyclic,1-4,60,42,0
7,loss30,naive,cyclic,2-3,60,48,0
7,loss30,naive,cyclic,2-4,60,37,0
7,loss30,naive,cyclic,3-4,60,40,0
7,loss30,naive,information,1-2,50,37,0
7,loss30,naive,information,1-3,74,52,0
7,loss30,naive,information,1-4,60,44,0
7,loss30,naive,information,2-3,43,32,0
7,loss30,naive,information,2-4,52,39,0
7,loss30,naive,information,3-4,81,49,0
7,loss30,naive,p2b_uniform,1-2,60,45,0
7,loss30,naive,p2b_uniform,1-3,60,36,0
7,loss30,naive,p2b_uniform,1-4,60,42,0
7,loss30,naive,p2b_uniform,2-3,60,41,0
7,loss30,naive,p2b_uniform,2-4,60,45,0
7,loss30,naive,p2b_uniform,3-4,60,40,0
7,loss50,naive,cyclic,1-2,60,27,0
7,loss50,naive,cyclic,1-3,60,32,0
7,loss50,naive,cyclic,1-4,60,23,0
7,loss50,naive,cyclic,2-3,60,29,0
7,loss50,naive,cyclic,2-4,60,29,0
7,loss50,naive,cyclic,3-4,60,29,0
7,loss50,naive,information,1-2,46,26,0
7,loss50,naive,information,1-3,74,35,0
7,loss50,naive,information,1-4,59,33,0
7,loss50,naive,information,2-3,50,23,0
7,loss50,naive,information,2-4,60,30,0
7,loss50,naive,information,3-4,71,32,0
7,loss50,naive,p2b_uniform,1-2,60,35,0
7,loss50,naive,p2b_uniform,1-3,60,23,0
7,loss50,naive,p2b_uniform,1-4,60,34,0
7,loss50,naive,p2b_uniform,2-3,60,31,0
7,loss50,naive,p2b_uniform,2-4,60,32,0
7,loss50,naive,p2b_uniform,3-4,60,29,0
7,network_outage,naive,cyclic,1-2,60,50,0
7,network_outage,naive,cyclic,1-3,60,50,0
7,network_outage,naive,cyclic,1-4,60,50,0
7,network_outage,naive,cyclic,2-3,60,50,0
7,network_outage,naive,cyclic,2-4,60,50,0
7,network_outage,naive,cyclic,3-4,60,50,0
7,network_outage,naive,information,1-2,47,47,0
7,network_outage,naive,information,1-3,63,63,0
7,network_outage,naive,information,1-4,71,47,0
7,network_outage,naive,information,2-3,41,41,0
7,network_outage,naive,information,2-4,57,44,0
7,network_outage,naive,information,3-4,81,58,0
7,network_outage,naive,p2b_uniform,1-2,60,50,0
7,network_outage,naive,p2b_uniform,1-3,60,50,0
7,network_outage,naive,p2b_uniform,1-4,60,50,0
7,network_outage,naive,p2b_uniform,2-3,60,50,0
7,network_outage,naive,p2b_uniform,2-4,60,50,0
7,network_outage,naive,p2b_uniform,3-4,60,50,0
7,network_outage,gated,cyclic,1-2,60,50,0
7,network_outage,gated,cyclic,1-3,60,50,0
7,network_outage,gated,cyclic,1-4,60,50,0
7,network_outage,gated,cyclic,2-3,60,50,0
7,network_outage,gated,cyclic,2-4,60,50,0
7,network_outage,gated,cyclic,3-4,60,50,0
7,network_outage,gated,information,1-2,47,47,0
7,network_outage,gated,information,1-3,63,63,0
7,network_outage,gated,information,1-4,71,47,0
7,network_outage,gated,information,2-3,41,41,0
7,network_outage,gated,information,2-4,57,44,0
7,network_outage,gated,information,3-4,81,58,0
7,network_outage,gated,p2b_uniform,1-2,60,50,0
7,network_outage,gated,p2b_uniform,1-3,60,50,0
7,network_outage,gated,p2b_uniform,1-4,60,50,0
7,network_outage,gated,p2b_uniform,2-3,60,50,0
7,network_outage,gated,p2b_uniform,2-4,60,50,0
7,network_outage,gated,p2b_uniform,3-4,60,50,0
7,node_outage,naive,cyclic,1-2,60,50,0
7,node_outage,naive,cyclic,1-3,60,50,0
7,node_outage,naive,cyclic,1-4,60,50,0
7,node_outage,naive,cyclic,2-3,60,60,0
7,node_outage,naive,cyclic,2-4,60,60,0
7,node_outage,naive,cyclic,3-4,60,60,0
7,node_outage,naive,information,1-2,47,47,0
7,node_outage,naive,information,1-3,62,62,0
7,node_outage,naive,information,1-4,103,48,0
7,node_outage,naive,information,2-3,41,41,0
7,node_outage,naive,information,2-4,45,45,0
7,node_outage,naive,information,3-4,62,62,0
7,node_outage,naive,p2b_uniform,1-2,60,50,0
7,node_outage,naive,p2b_uniform,1-3,60,50,0
7,node_outage,naive,p2b_uniform,1-4,60,50,0
7,node_outage,naive,p2b_uniform,2-3,60,60,0
7,node_outage,naive,p2b_uniform,2-4,60,60,0
7,node_outage,naive,p2b_uniform,3-4,60,60,0
7,outliers,naive,cyclic,1-2,60,60,3
7,outliers,naive,cyclic,1-3,60,60,3
7,outliers,naive,cyclic,1-4,60,60,2
7,outliers,naive,cyclic,2-3,60,60,3
7,outliers,naive,cyclic,2-4,60,60,3
7,outliers,naive,cyclic,3-4,60,60,2
7,outliers,naive,information,1-2,53,53,3
7,outliers,naive,information,1-3,72,72,3
7,outliers,naive,information,1-4,64,64,2
7,outliers,naive,information,2-3,45,45,4
7,outliers,naive,information,2-4,52,52,1
7,outliers,naive,information,3-4,74,74,3
7,outliers,naive,p2b_uniform,1-2,60,60,4
7,outliers,naive,p2b_uniform,1-3,60,60,3
7,outliers,naive,p2b_uniform,1-4,60,60,3
7,outliers,naive,p2b_uniform,2-3,60,60,0
7,outliers,naive,p2b_uniform,2-4,60,60,6
7,outliers,naive,p2b_uniform,3-4,60,60,2
7,outliers,gated,cyclic,1-2,60,60,3
7,outliers,gated,cyclic,1-3,60,60,3
7,outliers,gated,cyclic,1-4,60,60,2
7,outliers,gated,cyclic,2-3,60,60,3
7,outliers,gated,cyclic,2-4,60,60,3
7,outliers,gated,cyclic,3-4,60,60,2
7,outliers,gated,information,1-2,54,54,3
7,outliers,gated,information,1-3,72,72,2
7,outliers,gated,information,1-4,66,66,2
7,outliers,gated,information,2-3,46,46,1
7,outliers,gated,information,2-4,50,50,0
7,outliers,gated,information,3-4,72,72,2
7,outliers,gated,p2b_uniform,1-2,60,60,4
7,outliers,gated,p2b_uniform,1-3,60,60,3
7,outliers,gated,p2b_uniform,1-4,60,60,3
7,outliers,gated,p2b_uniform,2-3,60,60,0
7,outliers,gated,p2b_uniform,2-4,60,60,6
7,outliers,gated,p2b_uniform,3-4,60,60,2
7,nlos,naive,cyclic,1-2,60,60,20
7,nlos,naive,cyclic,1-3,60,60,0
7,nlos,naive,cyclic,1-4,60,60,0
7,nlos,naive,cyclic,2-3,60,60,0
7,nlos,naive,cyclic,2-4,60,60,0
7,nlos,naive,cyclic,3-4,60,60,0
7,nlos,naive,information,1-2,52,52,12
7,nlos,naive,information,1-3,72,72,0
7,nlos,naive,information,1-4,65,65,0
7,nlos,naive,information,2-3,44,44,0
7,nlos,naive,information,2-4,56,56,0
7,nlos,naive,information,3-4,71,71,0
7,nlos,naive,p2b_uniform,1-2,60,60,20
7,nlos,naive,p2b_uniform,1-3,60,60,0
7,nlos,naive,p2b_uniform,1-4,60,60,0
7,nlos,naive,p2b_uniform,2-3,60,60,0
7,nlos,naive,p2b_uniform,2-4,60,60,0
7,nlos,naive,p2b_uniform,3-4,60,60,0
7,nlos,gated,cyclic,1-2,60,60,20
7,nlos,gated,cyclic,1-3,60,60,0
7,nlos,gated,cyclic,1-4,60,60,0
7,nlos,gated,cyclic,2-3,60,60,0
7,nlos,gated,cyclic,2-4,60,60,0
7,nlos,gated,cyclic,3-4,60,60,0
7,nlos,gated,information,1-2,114,114,68
7,nlos,gated,information,1-3,55,55,0
7,nlos,gated,information,1-4,49,49,0
7,nlos,gated,information,2-3,37,37,0
7,nlos,gated,information,2-4,46,46,0
7,nlos,gated,information,3-4,59,59,0
7,nlos,gated,p2b_uniform,1-2,60,60,20
7,nlos,gated,p2b_uniform,1-3,60,60,0
7,nlos,gated,p2b_uniform,1-4,60,60,0
7,nlos,gated,p2b_uniform,2-3,60,60,0
7,nlos,gated,p2b_uniform,2-4,60,60,0
7,nlos,gated,p2b_uniform,3-4,60,60,0
8,clean,naive,cyclic,1-2,60,60,0
8,clean,naive,cyclic,1-3,60,60,0
8,clean,naive,cyclic,1-4,60,60,0
8,clean,naive,cyclic,2-3,60,60,0
8,clean,naive,cyclic,2-4,60,60,0
8,clean,naive,cyclic,3-4,60,60,0
8,clean,naive,information,1-2,51,51,0
8,clean,naive,information,1-3,71,71,0
8,clean,naive,information,1-4,66,66,0
8,clean,naive,information,2-3,47,47,0
8,clean,naive,information,2-4,52,52,0
8,clean,naive,information,3-4,73,73,0
8,clean,naive,p2b_uniform,1-2,60,60,0
8,clean,naive,p2b_uniform,1-3,60,60,0
8,clean,naive,p2b_uniform,1-4,60,60,0
8,clean,naive,p2b_uniform,2-3,60,60,0
8,clean,naive,p2b_uniform,2-4,60,60,0
8,clean,naive,p2b_uniform,3-4,60,60,0
8,clean,gated,cyclic,1-2,60,60,0
8,clean,gated,cyclic,1-3,60,60,0
8,clean,gated,cyclic,1-4,60,60,0
8,clean,gated,cyclic,2-3,60,60,0
8,clean,gated,cyclic,2-4,60,60,0
8,clean,gated,cyclic,3-4,60,60,0
8,clean,gated,information,1-2,52,52,0
8,clean,gated,information,1-3,72,72,0
8,clean,gated,information,1-4,65,65,0
8,clean,gated,information,2-3,46,46,0
8,clean,gated,information,2-4,53,53,0
8,clean,gated,information,3-4,72,72,0
8,clean,gated,p2b_uniform,1-2,60,60,0
8,clean,gated,p2b_uniform,1-3,60,60,0
8,clean,gated,p2b_uniform,1-4,60,60,0
8,clean,gated,p2b_uniform,2-3,60,60,0
8,clean,gated,p2b_uniform,2-4,60,60,0
8,clean,gated,p2b_uniform,3-4,60,60,0
8,loss30,naive,cyclic,1-2,60,41,0
8,loss30,naive,cyclic,1-3,60,42,0
8,loss30,naive,cyclic,1-4,60,44,0
8,loss30,naive,cyclic,2-3,60,38,0
8,loss30,naive,cyclic,2-4,60,47,0
8,loss30,naive,cyclic,3-4,60,39,0
8,loss30,naive,information,1-2,54,35,0
8,loss30,naive,information,1-3,73,51,0
8,loss30,naive,information,1-4,72,47,0
8,loss30,naive,information,2-3,43,32,0
8,loss30,naive,information,2-4,48,38,0
8,loss30,naive,information,3-4,70,50,0
8,loss30,naive,p2b_uniform,1-2,60,44,0
8,loss30,naive,p2b_uniform,1-3,60,40,0
8,loss30,naive,p2b_uniform,1-4,60,39,0
8,loss30,naive,p2b_uniform,2-3,60,42,0
8,loss30,naive,p2b_uniform,2-4,60,46,0
8,loss30,naive,p2b_uniform,3-4,60,39,0
8,loss50,naive,cyclic,1-2,60,30,0
8,loss50,naive,cyclic,1-3,60,27,0
8,loss50,naive,cyclic,1-4,60,29,0
8,loss50,naive,cyclic,2-3,60,25,0
8,loss50,naive,cyclic,2-4,60,35,0
8,loss50,naive,cyclic,3-4,60,28,0
8,loss50,naive,information,1-2,53,25,0
8,loss50,naive,information,1-3,62,34,0
8,loss50,naive,information,1-4,68,34,0
8,loss50,naive,information,2-3,52,24,0
8,loss50,naive,information,2-4,52,29,0
8,loss50,naive,information,3-4,73,35,0
8,loss50,naive,p2b_uniform,1-2,60,29,0
8,loss50,naive,p2b_uniform,1-3,60,28,0
8,loss50,naive,p2b_uniform,1-4,60,29,0
8,loss50,naive,p2b_uniform,2-3,60,33,0
8,loss50,naive,p2b_uniform,2-4,60,29,0
8,loss50,naive,p2b_uniform,3-4,60,28,0
8,network_outage,naive,cyclic,1-2,60,50,0
8,network_outage,naive,cyclic,1-3,60,50,0
8,network_outage,naive,cyclic,1-4,60,50,0
8,network_outage,naive,cyclic,2-3,60,50,0
8,network_outage,naive,cyclic,2-4,60,50,0
8,network_outage,naive,cyclic,3-4,60,50,0
8,network_outage,naive,information,1-2,48,48,0
8,network_outage,naive,information,1-3,61,61,0
8,network_outage,naive,information,1-4,72,48,0
8,network_outage,naive,information,2-3,42,42,0
8,network_outage,naive,information,2-4,57,43,0
8,network_outage,naive,information,3-4,80,58,0
8,network_outage,naive,p2b_uniform,1-2,60,50,0
8,network_outage,naive,p2b_uniform,1-3,60,50,0
8,network_outage,naive,p2b_uniform,1-4,60,50,0
8,network_outage,naive,p2b_uniform,2-3,60,50,0
8,network_outage,naive,p2b_uniform,2-4,60,50,0
8,network_outage,naive,p2b_uniform,3-4,60,50,0
8,network_outage,gated,cyclic,1-2,60,50,0
8,network_outage,gated,cyclic,1-3,60,50,0
8,network_outage,gated,cyclic,1-4,60,50,0
8,network_outage,gated,cyclic,2-3,60,50,0
8,network_outage,gated,cyclic,2-4,60,50,0
8,network_outage,gated,cyclic,3-4,60,50,0
8,network_outage,gated,information,1-2,48,48,0
8,network_outage,gated,information,1-3,62,62,0
8,network_outage,gated,information,1-4,76,47,0
8,network_outage,gated,information,2-3,42,42,0
8,network_outage,gated,information,2-4,53,43,0
8,network_outage,gated,information,3-4,79,58,0
8,network_outage,gated,p2b_uniform,1-2,60,50,0
8,network_outage,gated,p2b_uniform,1-3,60,50,0
8,network_outage,gated,p2b_uniform,1-4,60,50,0
8,network_outage,gated,p2b_uniform,2-3,60,50,0
8,network_outage,gated,p2b_uniform,2-4,60,50,0
8,network_outage,gated,p2b_uniform,3-4,60,50,0
8,node_outage,naive,cyclic,1-2,60,50,0
8,node_outage,naive,cyclic,1-3,60,50,0
8,node_outage,naive,cyclic,1-4,60,50,0
8,node_outage,naive,cyclic,2-3,60,60,0
8,node_outage,naive,cyclic,2-4,60,60,0
8,node_outage,naive,cyclic,3-4,60,60,0
8,node_outage,naive,information,1-2,48,48,0
8,node_outage,naive,information,1-3,61,61,0
8,node_outage,naive,information,1-4,103,48,0
8,node_outage,naive,information,2-3,43,43,0
8,node_outage,naive,information,2-4,43,43,0
8,node_outage,naive,information,3-4,62,62,0
8,node_outage,naive,p2b_uniform,1-2,60,50,0
8,node_outage,naive,p2b_uniform,1-3,60,50,0
8,node_outage,naive,p2b_uniform,1-4,60,50,0
8,node_outage,naive,p2b_uniform,2-3,60,60,0
8,node_outage,naive,p2b_uniform,2-4,60,60,0
8,node_outage,naive,p2b_uniform,3-4,60,60,0
8,outliers,naive,cyclic,1-2,60,60,1
8,outliers,naive,cyclic,1-3,60,60,2
8,outliers,naive,cyclic,1-4,60,60,3
8,outliers,naive,cyclic,2-3,60,60,1
8,outliers,naive,cyclic,2-4,60,60,4
8,outliers,naive,cyclic,3-4,60,60,3
8,outliers,naive,information,1-2,51,51,5
8,outliers,naive,information,1-3,71,71,3
8,outliers,naive,information,1-4,66,66,5
8,outliers,naive,information,2-3,47,47,3
8,outliers,naive,information,2-4,57,57,3
8,outliers,naive,information,3-4,68,68,5
8,outliers,naive,p2b_uniform,1-2,60,60,6
8,outliers,naive,p2b_uniform,1-3,60,60,3
8,outliers,naive,p2b_uniform,1-4,60,60,2
8,outliers,naive,p2b_uniform,2-3,60,60,1
8,outliers,naive,p2b_uniform,2-4,60,60,2
8,outliers,naive,p2b_uniform,3-4,60,60,3
8,outliers,gated,cyclic,1-2,60,60,1
8,outliers,gated,cyclic,1-3,60,60,2
8,outliers,gated,cyclic,1-4,60,60,3
8,outliers,gated,cyclic,2-3,60,60,1
8,outliers,gated,cyclic,2-4,60,60,4
8,outliers,gated,cyclic,3-4,60,60,3
8,outliers,gated,information,1-2,50,50,0
8,outliers,gated,information,1-3,72,72,3
8,outliers,gated,information,1-4,64,64,2
8,outliers,gated,information,2-3,47,47,4
8,outliers,gated,information,2-4,57,57,5
8,outliers,gated,information,3-4,70,70,2
8,outliers,gated,p2b_uniform,1-2,60,60,6
8,outliers,gated,p2b_uniform,1-3,60,60,3
8,outliers,gated,p2b_uniform,1-4,60,60,2
8,outliers,gated,p2b_uniform,2-3,60,60,1
8,outliers,gated,p2b_uniform,2-4,60,60,2
8,outliers,gated,p2b_uniform,3-4,60,60,3
8,nlos,naive,cyclic,1-2,60,60,20
8,nlos,naive,cyclic,1-3,60,60,0
8,nlos,naive,cyclic,1-4,60,60,0
8,nlos,naive,cyclic,2-3,60,60,0
8,nlos,naive,cyclic,2-4,60,60,0
8,nlos,naive,cyclic,3-4,60,60,0
8,nlos,naive,information,1-2,51,51,13
8,nlos,naive,information,1-3,71,71,0
8,nlos,naive,information,1-4,66,66,0
8,nlos,naive,information,2-3,44,44,0
8,nlos,naive,information,2-4,55,55,0
8,nlos,naive,information,3-4,73,73,0
8,nlos,naive,p2b_uniform,1-2,60,60,20
8,nlos,naive,p2b_uniform,1-3,60,60,0
8,nlos,naive,p2b_uniform,1-4,60,60,0
8,nlos,naive,p2b_uniform,2-3,60,60,0
8,nlos,naive,p2b_uniform,2-4,60,60,0
8,nlos,naive,p2b_uniform,3-4,60,60,0
8,nlos,gated,cyclic,1-2,60,60,20
8,nlos,gated,cyclic,1-3,60,60,0
8,nlos,gated,cyclic,1-4,60,60,0
8,nlos,gated,cyclic,2-3,60,60,0
8,nlos,gated,cyclic,2-4,60,60,0
8,nlos,gated,cyclic,3-4,60,60,0
8,nlos,gated,information,1-2,75,75,28
8,nlos,gated,information,1-3,68,68,0
8,nlos,gated,information,1-4,56,56,0
8,nlos,gated,information,2-3,42,42,0
8,nlos,gated,information,2-4,52,52,0
8,nlos,gated,information,3-4,67,67,0
8,nlos,gated,p2b_uniform,1-2,60,60,20
8,nlos,gated,p2b_uniform,1-3,60,60,0
8,nlos,gated,p2b_uniform,1-4,60,60,0
8,nlos,gated,p2b_uniform,2-3,60,60,0
8,nlos,gated,p2b_uniform,2-4,60,60,0
8,nlos,gated,p2b_uniform,3-4,60,60,0
9,clean,naive,cyclic,1-2,60,60,0
9,clean,naive,cyclic,1-3,60,60,0
9,clean,naive,cyclic,1-4,60,60,0
9,clean,naive,cyclic,2-3,60,60,0
9,clean,naive,cyclic,2-4,60,60,0
9,clean,naive,cyclic,3-4,60,60,0
9,clean,naive,information,1-2,50,50,0
9,clean,naive,information,1-3,71,71,0
9,clean,naive,information,1-4,65,65,0
9,clean,naive,information,2-3,47,47,0
9,clean,naive,information,2-4,53,53,0
9,clean,naive,information,3-4,74,74,0
9,clean,naive,p2b_uniform,1-2,60,60,0
9,clean,naive,p2b_uniform,1-3,60,60,0
9,clean,naive,p2b_uniform,1-4,60,60,0
9,clean,naive,p2b_uniform,2-3,60,60,0
9,clean,naive,p2b_uniform,2-4,60,60,0
9,clean,naive,p2b_uniform,3-4,60,60,0
9,clean,gated,cyclic,1-2,60,60,0
9,clean,gated,cyclic,1-3,60,60,0
9,clean,gated,cyclic,1-4,60,60,0
9,clean,gated,cyclic,2-3,60,60,0
9,clean,gated,cyclic,2-4,60,60,0
9,clean,gated,cyclic,3-4,60,60,0
9,clean,gated,information,1-2,50,50,0
9,clean,gated,information,1-3,71,71,0
9,clean,gated,information,1-4,66,66,0
9,clean,gated,information,2-3,47,47,0
9,clean,gated,information,2-4,53,53,0
9,clean,gated,information,3-4,73,73,0
9,clean,gated,p2b_uniform,1-2,60,60,0
9,clean,gated,p2b_uniform,1-3,60,60,0
9,clean,gated,p2b_uniform,1-4,60,60,0
9,clean,gated,p2b_uniform,2-3,60,60,0
9,clean,gated,p2b_uniform,2-4,60,60,0
9,clean,gated,p2b_uniform,3-4,60,60,0
9,loss30,naive,cyclic,1-2,60,40,0
9,loss30,naive,cyclic,1-3,60,49,0
9,loss30,naive,cyclic,1-4,60,39,0
9,loss30,naive,cyclic,2-3,60,42,0
9,loss30,naive,cyclic,2-4,60,37,0
9,loss30,naive,cyclic,3-4,60,40,0
9,loss30,naive,information,1-2,49,38,0
9,loss30,naive,information,1-3,67,49,0
9,loss30,naive,information,1-4,72,48,0
9,loss30,naive,information,2-3,47,33,0
9,loss30,naive,information,2-4,49,37,0
9,loss30,naive,information,3-4,76,53,0
9,loss30,naive,p2b_uniform,1-2,60,40,0
9,loss30,naive,p2b_uniform,1-3,60,46,0
9,loss30,naive,p2b_uniform,1-4,60,48,0
9,loss30,naive,p2b_uniform,2-3,60,42,0
9,loss30,naive,p2b_uniform,2-4,60,44,0
9,loss30,naive,p2b_uniform,3-4,60,40,0
9,loss50,naive,cyclic,1-2,60,31,0
9,loss50,naive,cyclic,1-3,60,26,0
9,loss50,naive,cyclic,1-4,60,28,0
9,loss50,naive,cyclic,2-3,60,26,0
9,loss50,naive,cyclic,2-4,60,26,0
9,loss50,naive,cyclic,3-4,60,30,0
9,loss50,naive,information,1-2,49,25,0
9,loss50,naive,information,1-3,65,32,0
9,loss50,naive,information,1-4,85,33,0
9,loss50,naive,information,2-3,36,24,0
9,loss50,naive,information,2-4,49,26,0
9,loss50,naive,information,3-4,76,38,0
9,loss50,naive,p2b_uniform,1-2,60,31,0
9,loss50,naive,p2b_uniform,1-3,60,32,0
9,loss50,naive,p2b_uniform,1-4,60,31,0
9,loss50,naive,p2b_uniform,2-3,60,26,0
9,loss50,naive,p2b_uniform,2-4,60,37,0
9,loss50,naive,p2b_uniform,3-4,60,30,0
9,network_outage,naive,cyclic,1-2,60,50,0
9,network_outage,naive,cyclic,1-3,60,50,0
9,network_outage,naive,cyclic,1-4,60,50,0
9,network_outage,naive,cyclic,2-3,60,50,0
9,network_outage,naive,cyclic,2-4,60,50,0
9,network_outage,naive,cyclic,3-4,60,50,0
9,network_outage,naive,information,1-2,46,46,0
9,network_outage,naive,information,1-3,61,61,0
9,network_outage,naive,information,1-4,88,47,0
9,network_outage,naive,information,2-3,41,41,0
9,network_outage,naive,information,2-4,45,45,0
9,network_outage,naive,information,3-4,79,60,0
9,network_outage,naive,p2b_uniform,1-2,60,50,0
9,network_outage,naive,p2b_uniform,1-3,60,50,0
9,network_outage,naive,p2b_uniform,1-4,60,50,0
9,network_outage,naive,p2b_uniform,2-3,60,50,0
9,network_outage,naive,p2b_uniform,2-4,60,50,0
9,network_outage,naive,p2b_uniform,3-4,60,50,0
9,network_outage,gated,cyclic,1-2,60,50,0
9,network_outage,gated,cyclic,1-3,60,50,0
9,network_outage,gated,cyclic,1-4,60,50,0
9,network_outage,gated,cyclic,2-3,60,50,0
9,network_outage,gated,cyclic,2-4,60,50,0
9,network_outage,gated,cyclic,3-4,60,50,0
9,network_outage,gated,information,1-2,46,46,0
9,network_outage,gated,information,1-3,61,61,0
9,network_outage,gated,information,1-4,88,47,0
9,network_outage,gated,information,2-3,41,41,0
9,network_outage,gated,information,2-4,45,45,0
9,network_outage,gated,information,3-4,79,60,0
9,network_outage,gated,p2b_uniform,1-2,60,50,0
9,network_outage,gated,p2b_uniform,1-3,60,50,0
9,network_outage,gated,p2b_uniform,1-4,60,50,0
9,network_outage,gated,p2b_uniform,2-3,60,50,0
9,network_outage,gated,p2b_uniform,2-4,60,50,0
9,network_outage,gated,p2b_uniform,3-4,60,50,0
9,node_outage,naive,cyclic,1-2,60,50,0
9,node_outage,naive,cyclic,1-3,60,50,0
9,node_outage,naive,cyclic,1-4,60,50,0
9,node_outage,naive,cyclic,2-3,60,60,0
9,node_outage,naive,cyclic,2-4,60,60,0
9,node_outage,naive,cyclic,3-4,60,60,0
9,node_outage,naive,information,1-2,46,46,0
9,node_outage,naive,information,1-3,61,61,0
9,node_outage,naive,information,1-4,103,47,0
9,node_outage,naive,information,2-3,42,42,0
9,node_outage,naive,information,2-4,44,44,0
9,node_outage,naive,information,3-4,64,64,0
9,node_outage,naive,p2b_uniform,1-2,60,50,0
9,node_outage,naive,p2b_uniform,1-3,60,50,0
9,node_outage,naive,p2b_uniform,1-4,60,50,0
9,node_outage,naive,p2b_uniform,2-3,60,60,0
9,node_outage,naive,p2b_uniform,2-4,60,60,0
9,node_outage,naive,p2b_uniform,3-4,60,60,0
9,outliers,naive,cyclic,1-2,60,60,4
9,outliers,naive,cyclic,1-3,60,60,5
9,outliers,naive,cyclic,1-4,60,60,2
9,outliers,naive,cyclic,2-3,60,60,3
9,outliers,naive,cyclic,2-4,60,60,2
9,outliers,naive,cyclic,3-4,60,60,2
9,outliers,naive,information,1-2,49,49,1
9,outliers,naive,information,1-3,72,72,3
9,outliers,naive,information,1-4,67,67,3
9,outliers,naive,information,2-3,48,48,6
9,outliers,naive,information,2-4,51,51,4
9,outliers,naive,information,3-4,73,73,2
9,outliers,naive,p2b_uniform,1-2,60,60,2
9,outliers,naive,p2b_uniform,1-3,60,60,1
9,outliers,naive,p2b_uniform,1-4,60,60,5
9,outliers,naive,p2b_uniform,2-3,60,60,4
9,outliers,naive,p2b_uniform,2-4,60,60,6
9,outliers,naive,p2b_uniform,3-4,60,60,2
9,outliers,gated,cyclic,1-2,60,60,4
9,outliers,gated,cyclic,1-3,60,60,5
9,outliers,gated,cyclic,1-4,60,60,2
9,outliers,gated,cyclic,2-3,60,60,3
9,outliers,gated,cyclic,2-4,60,60,2
9,outliers,gated,cyclic,3-4,60,60,2
9,outliers,gated,information,1-2,51,51,1
9,outliers,gated,information,1-3,71,71,3
9,outliers,gated,information,1-4,66,66,4
9,outliers,gated,information,2-3,47,47,5
9,outliers,gated,information,2-4,51,51,2
9,outliers,gated,information,3-4,74,74,3
9,outliers,gated,p2b_uniform,1-2,60,60,2
9,outliers,gated,p2b_uniform,1-3,60,60,1
9,outliers,gated,p2b_uniform,1-4,60,60,5
9,outliers,gated,p2b_uniform,2-3,60,60,4
9,outliers,gated,p2b_uniform,2-4,60,60,6
9,outliers,gated,p2b_uniform,3-4,60,60,2
9,nlos,naive,cyclic,1-2,60,60,20
9,nlos,naive,cyclic,1-3,60,60,0
9,nlos,naive,cyclic,1-4,60,60,0
9,nlos,naive,cyclic,2-3,60,60,0
9,nlos,naive,cyclic,2-4,60,60,0
9,nlos,naive,cyclic,3-4,60,60,0
9,nlos,naive,information,1-2,51,51,13
9,nlos,naive,information,1-3,73,73,0
9,nlos,naive,information,1-4,65,65,0
9,nlos,naive,information,2-3,44,44,0
9,nlos,naive,information,2-4,54,54,0
9,nlos,naive,information,3-4,73,73,0
9,nlos,naive,p2b_uniform,1-2,60,60,20
9,nlos,naive,p2b_uniform,1-3,60,60,0
9,nlos,naive,p2b_uniform,1-4,60,60,0
9,nlos,naive,p2b_uniform,2-3,60,60,0
9,nlos,naive,p2b_uniform,2-4,60,60,0
9,nlos,naive,p2b_uniform,3-4,60,60,0
9,nlos,gated,cyclic,1-2,60,60,20
9,nlos,gated,cyclic,1-3,60,60,0
9,nlos,gated,cyclic,1-4,60,60,0
9,nlos,gated,cyclic,2-3,60,60,0
9,nlos,gated,cyclic,2-4,60,60,0
9,nlos,gated,cyclic,3-4,60,60,0
9,nlos,gated,information,1-2,92,92,56
9,nlos,gated,information,1-3,62,62,0
9,nlos,gated,information,1-4,51,51,0
9,nlos,gated,information,2-3,40,40,0
9,nlos,gated,information,2-4,48,48,0
9,nlos,gated,information,3-4,67,67,0
9,nlos,gated,p2b_uniform,1-2,60,60,20
9,nlos,gated,p2b_uniform,1-3,60,60,0
9,nlos,gated,p2b_uniform,1-4,60,60,0
9,nlos,gated,p2b_uniform,2-3,60,60,0
9,nlos,gated,p2b_uniform,2-4,60,60,0
9,nlos,gated,p2b_uniform,3-4,60,60,0
10,clean,naive,cyclic,1-2,60,60,0
10,clean,naive,cyclic,1-3,60,60,0
10,clean,naive,cyclic,1-4,60,60,0
10,clean,naive,cyclic,2-3,60,60,0
10,clean,naive,cyclic,2-4,60,60,0
10,clean,naive,cyclic,3-4,60,60,0
10,clean,naive,information,1-2,51,51,0
10,clean,naive,information,1-3,71,71,0
10,clean,naive,information,1-4,67,67,0
10,clean,naive,information,2-3,45,45,0
10,clean,naive,information,2-4,52,52,0
10,clean,naive,information,3-4,74,74,0
10,clean,naive,p2b_uniform,1-2,60,60,0
10,clean,naive,p2b_uniform,1-3,60,60,0
10,clean,naive,p2b_uniform,1-4,60,60,0
10,clean,naive,p2b_uniform,2-3,60,60,0
10,clean,naive,p2b_uniform,2-4,60,60,0
10,clean,naive,p2b_uniform,3-4,60,60,0
10,clean,gated,cyclic,1-2,60,60,0
10,clean,gated,cyclic,1-3,60,60,0
10,clean,gated,cyclic,1-4,60,60,0
10,clean,gated,cyclic,2-3,60,60,0
10,clean,gated,cyclic,2-4,60,60,0
10,clean,gated,cyclic,3-4,60,60,0
10,clean,gated,information,1-2,53,53,0
10,clean,gated,information,1-3,73,73,0
10,clean,gated,information,1-4,65,65,0
10,clean,gated,information,2-3,45,45,0
10,clean,gated,information,2-4,51,51,0
10,clean,gated,information,3-4,73,73,0
10,clean,gated,p2b_uniform,1-2,60,60,0
10,clean,gated,p2b_uniform,1-3,60,60,0
10,clean,gated,p2b_uniform,1-4,60,60,0
10,clean,gated,p2b_uniform,2-3,60,60,0
10,clean,gated,p2b_uniform,2-4,60,60,0
10,clean,gated,p2b_uniform,3-4,60,60,0
10,loss30,naive,cyclic,1-2,60,43,0
10,loss30,naive,cyclic,1-3,60,40,0
10,loss30,naive,cyclic,1-4,60,44,0
10,loss30,naive,cyclic,2-3,60,45,0
10,loss30,naive,cyclic,2-4,60,44,0
10,loss30,naive,cyclic,3-4,60,41,0
10,loss30,naive,information,1-2,54,39,0
10,loss30,naive,information,1-3,74,56,0
10,loss30,naive,information,1-4,60,49,0
10,loss30,naive,information,2-3,48,36,0
10,loss30,naive,information,2-4,49,40,0
10,loss30,naive,information,3-4,75,55,0
10,loss30,naive,p2b_uniform,1-2,60,44,0
10,loss30,naive,p2b_uniform,1-3,60,33,0
10,loss30,naive,p2b_uniform,1-4,60,39,0
10,loss30,naive,p2b_uniform,2-3,60,40,0
10,loss30,naive,p2b_uniform,2-4,60,47,0
10,loss30,naive,p2b_uniform,3-4,60,41,0
10,loss50,naive,cyclic,1-2,60,36,0
10,loss50,naive,cyclic,1-3,60,30,0
10,loss50,naive,cyclic,1-4,60,35,0
10,loss50,naive,cyclic,2-3,60,34,0
10,loss50,naive,cyclic,2-4,60,32,0
10,loss50,naive,cyclic,3-4,60,30,0
10,loss50,naive,information,1-2,52,24,0
10,loss50,naive,information,1-3,68,31,0
10,loss50,naive,information,1-4,66,30,0
10,loss50,naive,information,2-3,48,21,0
10,loss50,naive,information,2-4,69,25,0
10,loss50,naive,information,3-4,57,31,0
10,loss50,naive,p2b_uniform,1-2,60,30,0
10,loss50,naive,p2b_uniform,1-3,60,25,0
10,loss50,naive,p2b_uniform,1-4,60,27,0
10,loss50,naive,p2b_uniform,2-3,60,28,0
10,loss50,naive,p2b_uniform,2-4,60,25,0
10,loss50,naive,p2b_uniform,3-4,60,30,0
10,network_outage,naive,cyclic,1-2,60,50,0
10,network_outage,naive,cyclic,1-3,60,50,0
10,network_outage,naive,cyclic,1-4,60,50,0
10,network_outage,naive,cyclic,2-3,60,50,0
10,network_outage,naive,cyclic,2-4,60,50,0
10,network_outage,naive,cyclic,3-4,60,50,0
10,network_outage,naive,information,1-2,47,47,0
10,network_outage,naive,information,1-3,62,62,0
10,network_outage,naive,information,1-4,68,49,0
10,network_outage,naive,information,2-3,41,41,0
10,network_outage,naive,information,2-4,62,43,0
10,network_outage,naive,information,3-4,80,58,0
10,network_outage,naive,p2b_uniform,1-2,60,50,0
10,network_outage,naive,p2b_uniform,1-3,60,50,0
10,network_outage,naive,p2b_uniform,1-4,60,50,0
10,network_outage,naive,p2b_uniform,2-3,60,50,0
10,network_outage,naive,p2b_uniform,2-4,60,50,0
10,network_outage,naive,p2b_uniform,3-4,60,50,0
10,network_outage,gated,cyclic,1-2,60,50,0
10,network_outage,gated,cyclic,1-3,60,50,0
10,network_outage,gated,cyclic,1-4,60,50,0
10,network_outage,gated,cyclic,2-3,60,50,0
10,network_outage,gated,cyclic,2-4,60,50,0
10,network_outage,gated,cyclic,3-4,60,50,0
10,network_outage,gated,information,1-2,47,47,0
10,network_outage,gated,information,1-3,61,61,0
10,network_outage,gated,information,1-4,68,50,0
10,network_outage,gated,information,2-3,42,42,0
10,network_outage,gated,information,2-4,60,41,0
10,network_outage,gated,information,3-4,82,59,0
10,network_outage,gated,p2b_uniform,1-2,60,50,0
10,network_outage,gated,p2b_uniform,1-3,60,50,0
10,network_outage,gated,p2b_uniform,1-4,60,50,0
10,network_outage,gated,p2b_uniform,2-3,60,50,0
10,network_outage,gated,p2b_uniform,2-4,60,50,0
10,network_outage,gated,p2b_uniform,3-4,60,50,0
10,node_outage,naive,cyclic,1-2,60,50,0
10,node_outage,naive,cyclic,1-3,60,50,0
10,node_outage,naive,cyclic,1-4,60,50,0
10,node_outage,naive,cyclic,2-3,60,60,0
10,node_outage,naive,cyclic,2-4,60,60,0
10,node_outage,naive,cyclic,3-4,60,60,0
10,node_outage,naive,information,1-2,46,46,0
10,node_outage,naive,information,1-3,62,62,0
10,node_outage,naive,information,1-4,103,49,0
10,node_outage,naive,information,2-3,41,41,0
10,node_outage,naive,information,2-4,44,44,0
10,node_outage,naive,information,3-4,64,64,0
10,node_outage,naive,p2b_uniform,1-2,60,50,0
10,node_outage,naive,p2b_uniform,1-3,60,50,0
10,node_outage,naive,p2b_uniform,1-4,60,50,0
10,node_outage,naive,p2b_uniform,2-3,60,60,0
10,node_outage,naive,p2b_uniform,2-4,60,60,0
10,node_outage,naive,p2b_uniform,3-4,60,60,0
10,outliers,naive,cyclic,1-2,60,60,2
10,outliers,naive,cyclic,1-3,60,60,0
10,outliers,naive,cyclic,1-4,60,60,4
10,outliers,naive,cyclic,2-3,60,60,1
10,outliers,naive,cyclic,2-4,60,60,1
10,outliers,naive,cyclic,3-4,60,60,0
10,outliers,naive,information,1-2,55,55,3
10,outliers,naive,information,1-3,76,76,3
10,outliers,naive,information,1-4,63,63,4
10,outliers,naive,information,2-3,45,45,1
10,outliers,naive,information,2-4,54,54,0
10,outliers,naive,information,3-4,67,67,2
10,outliers,naive,p2b_uniform,1-2,60,60,3
10,outliers,naive,p2b_uniform,1-3,60,60,1
10,outliers,naive,p2b_uniform,1-4,60,60,2
10,outliers,naive,p2b_uniform,2-3,60,60,3
10,outliers,naive,p2b_uniform,2-4,60,60,2
10,outliers,naive,p2b_uniform,3-4,60,60,0
10,outliers,gated,cyclic,1-2,60,60,2
10,outliers,gated,cyclic,1-3,60,60,0
10,outliers,gated,cyclic,1-4,60,60,4
10,outliers,gated,cyclic,2-3,60,60,1
10,outliers,gated,cyclic,2-4,60,60,1
10,outliers,gated,cyclic,3-4,60,60,0
10,outliers,gated,information,1-2,51,51,1
10,outliers,gated,information,1-3,70,70,4
10,outliers,gated,information,1-4,68,68,6
10,outliers,gated,information,2-3,47,47,4
10,outliers,gated,information,2-4,50,50,0
10,outliers,gated,information,3-4,74,74,3
10,outliers,gated,p2b_uniform,1-2,60,60,3
10,outliers,gated,p2b_uniform,1-3,60,60,1
10,outliers,gated,p2b_uniform,1-4,60,60,2
10,outliers,gated,p2b_uniform,2-3,60,60,3
10,outliers,gated,p2b_uniform,2-4,60,60,2
10,outliers,gated,p2b_uniform,3-4,60,60,0
10,nlos,naive,cyclic,1-2,60,60,20
10,nlos,naive,cyclic,1-3,60,60,0
10,nlos,naive,cyclic,1-4,60,60,0
10,nlos,naive,cyclic,2-3,60,60,0
10,nlos,naive,cyclic,2-4,60,60,0
10,nlos,naive,cyclic,3-4,60,60,0
10,nlos,naive,information,1-2,52,52,13
10,nlos,naive,information,1-3,72,72,0
10,nlos,naive,information,1-4,65,65,0
10,nlos,naive,information,2-3,44,44,0
10,nlos,naive,information,2-4,54,54,0
10,nlos,naive,information,3-4,73,73,0
10,nlos,naive,p2b_uniform,1-2,60,60,20
10,nlos,naive,p2b_uniform,1-3,60,60,0
10,nlos,naive,p2b_uniform,1-4,60,60,0
10,nlos,naive,p2b_uniform,2-3,60,60,0
10,nlos,naive,p2b_uniform,2-4,60,60,0
10,nlos,naive,p2b_uniform,3-4,60,60,0
10,nlos,gated,cyclic,1-2,60,60,20
10,nlos,gated,cyclic,1-3,60,60,0
10,nlos,gated,cyclic,1-4,60,60,0
10,nlos,gated,cyclic,2-3,60,60,0
10,nlos,gated,cyclic,2-4,60,60,0
10,nlos,gated,cyclic,3-4,60,60,0
10,nlos,gated,information,1-2,120,120,75
10,nlos,gated,information,1-3,52,52,0
10,nlos,gated,information,1-4,49,49,0
10,nlos,gated,information,2-3,37,37,0
10,nlos,gated,information,2-4,43,43,0
10,nlos,gated,information,3-4,59,59,0
10,nlos,gated,p2b_uniform,1-2,60,60,20
10,nlos,gated,p2b_uniform,1-3,60,60,0
10,nlos,gated,p2b_uniform,1-4,60,60,0
10,nlos,gated,p2b_uniform,2-3,60,60,0
10,nlos,gated,p2b_uniform,2-4,60,60,0
10,nlos,gated,p2b_uniform,3-4,60,60,0
11,clean,naive,cyclic,1-2,60,60,0
11,clean,naive,cyclic,1-3,60,60,0
11,clean,naive,cyclic,1-4,60,60,0
11,clean,naive,cyclic,2-3,60,60,0
11,clean,naive,cyclic,2-4,60,60,0
11,clean,naive,cyclic,3-4,60,60,0
11,clean,naive,information,1-2,51,51,0
11,clean,naive,information,1-3,72,72,0
11,clean,naive,information,1-4,66,66,0
11,clean,naive,information,2-3,46,46,0
11,clean,naive,information,2-4,51,51,0
11,clean,naive,information,3-4,74,74,0
11,clean,naive,p2b_uniform,1-2,60,60,0
11,clean,naive,p2b_uniform,1-3,60,60,0
11,clean,naive,p2b_uniform,1-4,60,60,0
11,clean,naive,p2b_uniform,2-3,60,60,0
11,clean,naive,p2b_uniform,2-4,60,60,0
11,clean,naive,p2b_uniform,3-4,60,60,0
11,clean,gated,cyclic,1-2,60,60,0
11,clean,gated,cyclic,1-3,60,60,0
11,clean,gated,cyclic,1-4,60,60,0
11,clean,gated,cyclic,2-3,60,60,0
11,clean,gated,cyclic,2-4,60,60,0
11,clean,gated,cyclic,3-4,60,60,0
11,clean,gated,information,1-2,54,54,0
11,clean,gated,information,1-3,71,71,0
11,clean,gated,information,1-4,66,66,0
11,clean,gated,information,2-3,45,45,0
11,clean,gated,information,2-4,51,51,0
11,clean,gated,information,3-4,73,73,0
11,clean,gated,p2b_uniform,1-2,60,60,0
11,clean,gated,p2b_uniform,1-3,60,60,0
11,clean,gated,p2b_uniform,1-4,60,60,0
11,clean,gated,p2b_uniform,2-3,60,60,0
11,clean,gated,p2b_uniform,2-4,60,60,0
11,clean,gated,p2b_uniform,3-4,60,60,0
11,loss30,naive,cyclic,1-2,60,45,0
11,loss30,naive,cyclic,1-3,60,52,0
11,loss30,naive,cyclic,1-4,60,43,0
11,loss30,naive,cyclic,2-3,60,44,0
11,loss30,naive,cyclic,2-4,60,36,0
11,loss30,naive,cyclic,3-4,60,46,0
11,loss30,naive,information,1-2,49,36,0
11,loss30,naive,information,1-3,69,47,0
11,loss30,naive,information,1-4,59,45,0
11,loss30,naive,information,2-3,44,33,0
11,loss30,naive,information,2-4,62,37,0
11,loss30,naive,information,3-4,77,47,0
11,loss30,naive,p2b_uniform,1-2,60,43,0
11,loss30,naive,p2b_uniform,1-3,60,47,0
11,loss30,naive,p2b_uniform,1-4,60,46,0
11,loss30,naive,p2b_uniform,2-3,60,44,0
11,loss30,naive,p2b_uniform,2-4,60,41,0
11,loss30,naive,p2b_uniform,3-4,60,46,0
11,loss50,naive,cyclic,1-2,60,30,0
11,loss50,naive,cyclic,1-3,60,38,0
11,loss50,naive,cyclic,1-4,60,33,0
11,loss50,naive,cyclic,2-3,60,34,0
11,loss50,naive,cyclic,2-4,60,20,0
11,loss50,naive,cyclic,3-4,60,35,0
11,loss50,naive,information,1-2,41,22,0
11,loss50,naive,information,1-3,64,34,0
11,loss50,naive,information,1-4,62,29,0
11,loss50,naive,information,2-3,48,22,0
11,loss50,naive,information,2-4,82,27,0
11,loss50,naive,information,3-4,63,32,0
11,loss50,naive,p2b_uniform,1-2,60,26,0
11,loss50,naive,p2b_uniform,1-3,60,33,0
11,loss50,naive,p2b_uniform,1-4,60,34,0
11,loss50,naive,p2b_uniform,2-3,60,34,0
11,loss50,naive,p2b_uniform,2-4,60,24,0
11,loss50,naive,p2b_uniform,3-4,60,35,0
11,network_outage,naive,cyclic,1-2,60,50,0
11,network_outage,naive,cyclic,1-3,60,50,0
11,network_outage,naive,cyclic,1-4,60,50,0
11,network_outage,naive,cyclic,2-3,60,50,0
11,network_outage,naive,cyclic,2-4,60,50,0
11,network_outage,naive,cyclic,3-4,60,50,0
11,network_outage,naive,information,1-2,47,47,0
11,network_outage,naive,information,1-3,63,63,0
11,network_outage,naive,information,1-4,66,47,0
11,network_outage,naive,information,2-3,41,41,0
11,network_outage,naive,information,2-4,62,44,0
11,network_outage,naive,information,3-4,81,58,0
11,network_outage,naive,p2b_uniform,1-2,60,50,0
11,network_outage,naive,p2b_uniform,1-3,60,50,0
11,network_outage,naive,p2b_uniform,1-4,60,50,0
11,network_outage,naive,p2b_uniform,2-3,60,50,0
11,network_outage,naive,p2b_uniform,2-4,60,50,0
11,network_outage,naive,p2b_uniform,3-4,60,50,0
11,network_outage,gated,cyclic,1-2,60,50,0
11,network_outage,gated,cyclic,1-3,60,50,0
11,network_outage,gated,cyclic,1-4,60,50,0
11,network_outage,gated,cyclic,2-3,60,50,0
11,network_outage,gated,cyclic,2-4,60,50,0
11,network_outage,gated,cyclic,3-4,60,50,0
11,network_outage,gated,information,1-2,47,47,0
11,network_outage,gated,information,1-3,63,63,0
11,network_outage,gated,information,1-4,66,47,0
11,network_outage,gated,information,2-3,41,41,0
11,network_outage,gated,information,2-4,62,44,0
11,network_outage,gated,information,3-4,81,58,0
11,network_outage,gated,p2b_uniform,1-2,60,50,0
11,network_outage,gated,p2b_uniform,1-3,60,50,0
11,network_outage,gated,p2b_uniform,1-4,60,50,0
11,network_outage,gated,p2b_uniform,2-3,60,50,0
11,network_outage,gated,p2b_uniform,2-4,60,50,0
11,network_outage,gated,p2b_uniform,3-4,60,50,0
11,node_outage,naive,cyclic,1-2,60,50,0
11,node_outage,naive,cyclic,1-3,60,50,0
11,node_outage,naive,cyclic,1-4,60,50,0
11,node_outage,naive,cyclic,2-3,60,60,0
11,node_outage,naive,cyclic,2-4,60,60,0
11,node_outage,naive,cyclic,3-4,60,60,0
11,node_outage,naive,information,1-2,47,47,0
11,node_outage,naive,information,1-3,62,62,0
11,node_outage,naive,information,1-4,102,48,0
11,node_outage,naive,information,2-3,43,43,0
11,node_outage,naive,information,2-4,43,43,0
11,node_outage,naive,information,3-4,63,63,0
11,node_outage,naive,p2b_uniform,1-2,60,50,0
11,node_outage,naive,p2b_uniform,1-3,60,50,0
11,node_outage,naive,p2b_uniform,1-4,60,50,0
11,node_outage,naive,p2b_uniform,2-3,60,60,0
11,node_outage,naive,p2b_uniform,2-4,60,60,0
11,node_outage,naive,p2b_uniform,3-4,60,60,0
11,outliers,naive,cyclic,1-2,60,60,4
11,outliers,naive,cyclic,1-3,60,60,2
11,outliers,naive,cyclic,1-4,60,60,4
11,outliers,naive,cyclic,2-3,60,60,0
11,outliers,naive,cyclic,2-4,60,60,4
11,outliers,naive,cyclic,3-4,60,60,2
11,outliers,naive,information,1-2,51,51,3
11,outliers,naive,information,1-3,67,67,4
11,outliers,naive,information,1-4,63,63,4
11,outliers,naive,information,2-3,47,47,1
11,outliers,naive,information,2-4,54,54,0
11,outliers,naive,information,3-4,78,78,2
11,outliers,naive,p2b_uniform,1-2,60,60,6
11,outliers,naive,p2b_uniform,1-3,60,60,1
11,outliers,naive,p2b_uniform,1-4,60,60,5
11,outliers,naive,p2b_uniform,2-3,60,60,0
11,outliers,naive,p2b_uniform,2-4,60,60,6
11,outliers,naive,p2b_uniform,3-4,60,60,2
11,outliers,gated,cyclic,1-2,60,60,4
11,outliers,gated,cyclic,1-3,60,60,2
11,outliers,gated,cyclic,1-4,60,60,4
11,outliers,gated,cyclic,2-3,60,60,0
11,outliers,gated,cyclic,2-4,60,60,4
11,outliers,gated,cyclic,3-4,60,60,2
11,outliers,gated,information,1-2,51,51,2
11,outliers,gated,information,1-3,70,70,2
11,outliers,gated,information,1-4,68,68,5
11,outliers,gated,information,2-3,47,47,3
11,outliers,gated,information,2-4,53,53,2
11,outliers,gated,information,3-4,71,71,1
11,outliers,gated,p2b_uniform,1-2,60,60,6
11,outliers,gated,p2b_uniform,1-3,60,60,1
11,outliers,gated,p2b_uniform,1-4,60,60,5
11,outliers,gated,p2b_uniform,2-3,60,60,0
11,outliers,gated,p2b_uniform,2-4,60,60,6
11,outliers,gated,p2b_uniform,3-4,60,60,2
11,nlos,naive,cyclic,1-2,60,60,20
11,nlos,naive,cyclic,1-3,60,60,0
11,nlos,naive,cyclic,1-4,60,60,0
11,nlos,naive,cyclic,2-3,60,60,0
11,nlos,naive,cyclic,2-4,60,60,0
11,nlos,naive,cyclic,3-4,60,60,0
11,nlos,naive,information,1-2,52,52,12
11,nlos,naive,information,1-3,72,72,0
11,nlos,naive,information,1-4,65,65,0
11,nlos,naive,information,2-3,44,44,0
11,nlos,naive,information,2-4,54,54,0
11,nlos,naive,information,3-4,73,73,0
11,nlos,naive,p2b_uniform,1-2,60,60,20
11,nlos,naive,p2b_uniform,1-3,60,60,0
11,nlos,naive,p2b_uniform,1-4,60,60,0
11,nlos,naive,p2b_uniform,2-3,60,60,0
11,nlos,naive,p2b_uniform,2-4,60,60,0
11,nlos,naive,p2b_uniform,3-4,60,60,0
11,nlos,gated,cyclic,1-2,60,60,20
11,nlos,gated,cyclic,1-3,60,60,0
11,nlos,gated,cyclic,1-4,60,60,0
11,nlos,gated,cyclic,2-3,60,60,0
11,nlos,gated,cyclic,2-4,60,60,0
11,nlos,gated,cyclic,3-4,60,60,0
11,nlos,gated,information,1-2,114,114,78
11,nlos,gated,information,1-3,54,54,0
11,nlos,gated,information,1-4,49,49,0
11,nlos,gated,information,2-3,38,38,0
11,nlos,gated,information,2-4,44,44,0
11,nlos,gated,information,3-4,61,61,0
11,nlos,gated,p2b_uniform,1-2,60,60,20
11,nlos,gated,p2b_uniform,1-3,60,60,0
11,nlos,gated,p2b_uniform,1-4,60,60,0
11,nlos,gated,p2b_uniform,2-3,60,60,0
11,nlos,gated,p2b_uniform,2-4,60,60,0
11,nlos,gated,p2b_uniform,3-4,60,60,0
12,clean,naive,cyclic,1-2,60,60,0
12,clean,naive,cyclic,1-3,60,60,0
12,clean,naive,cyclic,1-4,60,60,0
12,clean,naive,cyclic,2-3,60,60,0
12,clean,naive,cyclic,2-4,60,60,0
12,clean,naive,cyclic,3-4,60,60,0
12,clean,naive,information,1-2,53,53,0
12,clean,naive,information,1-3,71,71,0
12,clean,naive,information,1-4,66,66,0
12,clean,naive,information,2-3,45,45,0
12,clean,naive,information,2-4,52,52,0
12,clean,naive,information,3-4,73,73,0
12,clean,naive,p2b_uniform,1-2,60,60,0
12,clean,naive,p2b_uniform,1-3,60,60,0
12,clean,naive,p2b_uniform,1-4,60,60,0
12,clean,naive,p2b_uniform,2-3,60,60,0
12,clean,naive,p2b_uniform,2-4,60,60,0
12,clean,naive,p2b_uniform,3-4,60,60,0
12,clean,gated,cyclic,1-2,60,60,0
12,clean,gated,cyclic,1-3,60,60,0
12,clean,gated,cyclic,1-4,60,60,0
12,clean,gated,cyclic,2-3,60,60,0
12,clean,gated,cyclic,2-4,60,60,0
12,clean,gated,cyclic,3-4,60,60,0
12,clean,gated,information,1-2,53,53,0
12,clean,gated,information,1-3,71,71,0
12,clean,gated,information,1-4,66,66,0
12,clean,gated,information,2-3,45,45,0
12,clean,gated,information,2-4,52,52,0
12,clean,gated,information,3-4,73,73,0
12,clean,gated,p2b_uniform,1-2,60,60,0
12,clean,gated,p2b_uniform,1-3,60,60,0
12,clean,gated,p2b_uniform,1-4,60,60,0
12,clean,gated,p2b_uniform,2-3,60,60,0
12,clean,gated,p2b_uniform,2-4,60,60,0
12,clean,gated,p2b_uniform,3-4,60,60,0
12,loss30,naive,cyclic,1-2,60,40,0
12,loss30,naive,cyclic,1-3,60,45,0
12,loss30,naive,cyclic,1-4,60,48,0
12,loss30,naive,cyclic,2-3,60,42,0
12,loss30,naive,cyclic,2-4,60,43,0
12,loss30,naive,cyclic,3-4,60,37,0
12,loss30,naive,information,1-2,51,36,0
12,loss30,naive,information,1-3,73,53,0
12,loss30,naive,information,1-4,62,46,0
12,loss30,naive,information,2-3,43,33,0
12,loss30,naive,information,2-4,61,37,0
12,loss30,naive,information,3-4,70,52,0
12,loss30,naive,p2b_uniform,1-2,60,39,0
12,loss30,naive,p2b_uniform,1-3,60,39,0
12,loss30,naive,p2b_uniform,1-4,60,43,0
12,loss30,naive,p2b_uniform,2-3,60,45,0
12,loss30,naive,p2b_uniform,2-4,60,47,0
12,loss30,naive,p2b_uniform,3-4,60,37,0
12,loss50,naive,cyclic,1-2,60,27,0
12,loss50,naive,cyclic,1-3,60,33,0
12,loss50,naive,cyclic,1-4,60,34,0
12,loss50,naive,cyclic,2-3,60,28,0
12,loss50,naive,cyclic,2-4,60,29,0
12,loss50,naive,cyclic,3-4,60,27,0
12,loss50,naive,information,1-2,48,27,0
12,loss50,naive,information,1-3,75,37,0
12,loss50,naive,information,1-4,63,37,0
12,loss50,naive,information,2-3,49,25,0
12,loss50,naive,information,2-4,56,30,0
12,loss50,naive,information,3-4,69,36,0
12,loss50,naive,p2b_uniform,1-2,60,27,0
12,loss50,naive,p2b_uniform,1-3,60,32,0
12,loss50,naive,p2b_uniform,1-4,60,30,0
12,loss50,naive,p2b_uniform,2-3,60,31,0
12,loss50,naive,p2b_uniform,2-4,60,37,0
12,loss50,naive,p2b_uniform,3-4,60,27,0
12,network_outage,naive,cyclic,1-2,60,50,0
12,network_outage,naive,cyclic,1-3,60,50,0
12,network_outage,naive,cyclic,1-4,60,50,0
12,network_outage,naive,cyclic,2-3,60,50,0
12,network_outage,naive,cyclic,2-4,60,50,0
12,network_outage,naive,cyclic,3-4,60,50,0
12,network_outage,naive,information,1-2,47,47,0
12,network_outage,naive,information,1-3,60,60,0
12,network_outage,naive,information,1-4,64,48,0
12,network_outage,naive,information,2-3,42,42,0
12,network_outage,naive,information,2-4,65,44,0
12,network_outage,naive,information,3-4,82,59,0
12,network_outage,naive,p2b_uniform,1-2,60,50,0
12,network_outage,naive,p2b_uniform,1-3,60,50,0
12,network_outage,naive,p2b_uniform,1-4,60,50,0
12,network_outage,naive,p2b_uniform,2-3,60,50,0
12,network_outage,naive,p2b_uniform,2-4,60,50,0
12,network_outage,naive,p2b_uniform,3-4,60,50,0
12,network_outage,gated,cyclic,1-2,60,50,0
12,network_outage,gated,cyclic,1-3,60,50,0
12,network_outage,gated,cyclic,1-4,60,50,0
12,network_outage,gated,cyclic,2-3,60,50,0
12,network_outage,gated,cyclic,2-4,60,50,0
12,network_outage,gated,cyclic,3-4,60,50,0
12,network_outage,gated,information,1-2,47,47,0
12,network_outage,gated,information,1-3,60,60,0
12,network_outage,gated,information,1-4,64,48,0
12,network_outage,gated,information,2-3,42,42,0
12,network_outage,gated,information,2-4,65,44,0
12,network_outage,gated,information,3-4,82,59,0
12,network_outage,gated,p2b_uniform,1-2,60,50,0
12,network_outage,gated,p2b_uniform,1-3,60,50,0
12,network_outage,gated,p2b_uniform,1-4,60,50,0
12,network_outage,gated,p2b_uniform,2-3,60,50,0
12,network_outage,gated,p2b_uniform,2-4,60,50,0
12,network_outage,gated,p2b_uniform,3-4,60,50,0
12,node_outage,naive,cyclic,1-2,60,50,0
12,node_outage,naive,cyclic,1-3,60,50,0
12,node_outage,naive,cyclic,1-4,60,50,0
12,node_outage,naive,cyclic,2-3,60,60,0
12,node_outage,naive,cyclic,2-4,60,60,0
12,node_outage,naive,cyclic,3-4,60,60,0
12,node_outage,naive,information,1-2,48,47,0
12,node_outage,naive,information,1-3,60,60,0
12,node_outage,naive,information,1-4,101,48,0
12,node_outage,naive,information,2-3,42,42,0
12,node_outage,naive,information,2-4,45,45,0
12,node_outage,naive,information,3-4,64,64,0
12,node_outage,naive,p2b_uniform,1-2,60,50,0
12,node_outage,naive,p2b_uniform,1-3,60,50,0
12,node_outage,naive,p2b_uniform,1-4,60,50,0
12,node_outage,naive,p2b_uniform,2-3,60,60,0
12,node_outage,naive,p2b_uniform,2-4,60,60,0
12,node_outage,naive,p2b_uniform,3-4,60,60,0
12,outliers,naive,cyclic,1-2,60,60,3
12,outliers,naive,cyclic,1-3,60,60,6
12,outliers,naive,cyclic,1-4,60,60,5
12,outliers,naive,cyclic,2-3,60,60,2
12,outliers,naive,cyclic,2-4,60,60,3
12,outliers,naive,cyclic,3-4,60,60,3
12,outliers,naive,information,1-2,55,55,0
12,outliers,naive,information,1-3,76,76,3
12,outliers,naive,information,1-4,63,63,5
12,outliers,naive,information,2-3,44,44,3
12,outliers,naive,information,2-4,54,54,1
12,outliers,naive,information,3-4,68,68,4
12,outliers,naive,p2b_uniform,1-2,60,60,0
12,outliers,naive,p2b_uniform,1-3,60,60,2
12,outliers,naive,p2b_uniform,1-4,60,60,2
12,outliers,naive,p2b_uniform,2-3,60,60,2
12,outliers,naive,p2b_uniform,2-4,60,60,1
12,outliers,naive,p2b_uniform,3-4,60,60,3
12,outliers,gated,cyclic,1-2,60,60,3
12,outliers,gated,cyclic,1-3,60,60,6
12,outliers,gated,cyclic,1-4,60,60,5
12,outliers,gated,cyclic,2-3,60,60,2
12,outliers,gated,cyclic,2-4,60,60,3
12,outliers,gated,cyclic,3-4,60,60,3
12,outliers,gated,information,1-2,54,54,3
12,outliers,gated,information,1-3,68,68,1
12,outliers,gated,information,1-4,64,64,2
12,outliers,gated,information,2-3,47,47,3
12,outliers,gated,information,2-4,53,53,3
12,outliers,gated,information,3-4,74,74,3
12,outliers,gated,p2b_uniform,1-2,60,60,0
12,outliers,gated,p2b_uniform,1-3,60,60,2
12,outliers,gated,p2b_uniform,1-4,60,60,2
12,outliers,gated,p2b_uniform,2-3,60,60,2
12,outliers,gated,p2b_uniform,2-4,60,60,1
12,outliers,gated,p2b_uniform,3-4,60,60,3
12,nlos,naive,cyclic,1-2,60,60,20
12,nlos,naive,cyclic,1-3,60,60,0
12,nlos,naive,cyclic,1-4,60,60,0
12,nlos,naive,cyclic,2-3,60,60,0
12,nlos,naive,cyclic,2-4,60,60,0
12,nlos,naive,cyclic,3-4,60,60,0
12,nlos,naive,information,1-2,52,52,13
12,nlos,naive,information,1-3,70,70,0
12,nlos,naive,information,1-4,65,65,0
12,nlos,naive,information,2-3,45,45,0
12,nlos,naive,information,2-4,55,55,0
12,nlos,naive,information,3-4,73,73,0
12,nlos,naive,p2b_uniform,1-2,60,60,20
12,nlos,naive,p2b_uniform,1-3,60,60,0
12,nlos,naive,p2b_uniform,1-4,60,60,0
12,nlos,naive,p2b_uniform,2-3,60,60,0
12,nlos,naive,p2b_uniform,2-4,60,60,0
12,nlos,naive,p2b_uniform,3-4,60,60,0
12,nlos,gated,cyclic,1-2,60,60,20
12,nlos,gated,cyclic,1-3,60,60,0
12,nlos,gated,cyclic,1-4,60,60,0
12,nlos,gated,cyclic,2-3,60,60,0
12,nlos,gated,cyclic,2-4,60,60,0
12,nlos,gated,cyclic,3-4,60,60,0
12,nlos,gated,information,1-2,120,120,83
12,nlos,gated,information,1-3,51,51,0
12,nlos,gated,information,1-4,49,49,0
12,nlos,gated,information,2-3,39,39,0
12,nlos,gated,information,2-4,42,42,0
12,nlos,gated,information,3-4,59,59,0
12,nlos,gated,p2b_uniform,1-2,60,60,20
12,nlos,gated,p2b_uniform,1-3,60,60,0
12,nlos,gated,p2b_uniform,1-4,60,60,0
12,nlos,gated,p2b_uniform,2-3,60,60,0
12,nlos,gated,p2b_uniform,2-4,60,60,0
12,nlos,gated,p2b_uniform,3-4,60,60,0
13,clean,naive,cyclic,1-2,60,60,0
13,clean,naive,cyclic,1-3,60,60,0
13,clean,naive,cyclic,1-4,60,60,0
13,clean,naive,cyclic,2-3,60,60,0
13,clean,naive,cyclic,2-4,60,60,0
13,clean,naive,cyclic,3-4,60,60,0
13,clean,naive,information,1-2,53,53,0
13,clean,naive,information,1-3,74,74,0
13,clean,naive,information,1-4,65,65,0
13,clean,naive,information,2-3,46,46,0
13,clean,naive,information,2-4,51,51,0
13,clean,naive,information,3-4,71,71,0
13,clean,naive,p2b_uniform,1-2,60,60,0
13,clean,naive,p2b_uniform,1-3,60,60,0
13,clean,naive,p2b_uniform,1-4,60,60,0
13,clean,naive,p2b_uniform,2-3,60,60,0
13,clean,naive,p2b_uniform,2-4,60,60,0
13,clean,naive,p2b_uniform,3-4,60,60,0
13,clean,gated,cyclic,1-2,60,60,0
13,clean,gated,cyclic,1-3,60,60,0
13,clean,gated,cyclic,1-4,60,60,0
13,clean,gated,cyclic,2-3,60,60,0
13,clean,gated,cyclic,2-4,60,60,0
13,clean,gated,cyclic,3-4,60,60,0
13,clean,gated,information,1-2,53,53,0
13,clean,gated,information,1-3,74,74,0
13,clean,gated,information,1-4,65,65,0
13,clean,gated,information,2-3,46,46,0
13,clean,gated,information,2-4,51,51,0
13,clean,gated,information,3-4,71,71,0
13,clean,gated,p2b_uniform,1-2,60,60,0
13,clean,gated,p2b_uniform,1-3,60,60,0
13,clean,gated,p2b_uniform,1-4,60,60,0
13,clean,gated,p2b_uniform,2-3,60,60,0
13,clean,gated,p2b_uniform,2-4,60,60,0
13,clean,gated,p2b_uniform,3-4,60,60,0
13,loss30,naive,cyclic,1-2,60,45,0
13,loss30,naive,cyclic,1-3,60,40,0
13,loss30,naive,cyclic,1-4,60,48,0
13,loss30,naive,cyclic,2-3,60,46,0
13,loss30,naive,cyclic,2-4,60,47,0
13,loss30,naive,cyclic,3-4,60,37,0
13,loss30,naive,information,1-2,50,40,0
13,loss30,naive,information,1-3,71,51,0
13,loss30,naive,information,1-4,60,49,0
13,loss30,naive,information,2-3,48,34,0
13,loss30,naive,information,2-4,53,38,0
13,loss30,naive,information,3-4,78,51,0
13,loss30,naive,p2b_uniform,1-2,60,42,0
13,loss30,naive,p2b_uniform,1-3,60,49,0
13,loss30,naive,p2b_uniform,1-4,60,38,0
13,loss30,naive,p2b_uniform,2-3,60,46,0
13,loss30,naive,p2b_uniform,2-4,60,41,0
13,loss30,naive,p2b_uniform,3-4,60,37,0
13,loss50,naive,cyclic,1-2,60,37,0
13,loss50,naive,cyclic,1-3,60,32,0
13,loss50,naive,cyclic,1-4,60,37,0
13,loss50,naive,cyclic,2-3,60,33,0
13,loss50,naive,cyclic,2-4,60,36,0
13,loss50,naive,cyclic,3-4,60,25,0
13,loss50,naive,information,1-2,56,29,0
13,loss50,naive,information,1-3,80,37,0
13,loss50,naive,information,1-4,65,36,0
13,loss50,naive,information,2-3,42,24,0
13,loss50,naive,information,2-4,56,31,0
13,loss50,naive,information,3-4,61,37,0
13,loss50,naive,p2b_uniform,1-2,60,29,0
13,loss50,naive,p2b_uniform,1-3,60,38,0
13,loss50,naive,p2b_uniform,1-4,60,26,0
13,loss50,naive,p2b_uniform,2-3,60,30,0
13,loss50,naive,p2b_uniform,2-4,60,30,0
13,loss50,naive,p2b_uniform,3-4,60,25,0
13,network_outage,naive,cyclic,1-2,60,50,0
13,network_outage,naive,cyclic,1-3,60,50,0
13,network_outage,naive,cyclic,1-4,60,50,0
13,network_outage,naive,cyclic,2-3,60,50,0
13,network_outage,naive,cyclic,2-4,60,50,0
13,network_outage,naive,cyclic,3-4,60,50,0
13,network_outage,naive,information,1-2,47,47,0
13,network_outage,naive,information,1-3,63,63,0
13,network_outage,naive,information,1-4,71,47,0
13,network_outage,naive,information,2-3,41,41,0
13,network_outage,naive,information,2-4,58,45,0
13,network_outage,naive,information,3-4,80,57,0
13,network_outage,naive,p2b_uniform,1-2,60,50,0
13,network_outage,naive,p2b_uniform,1-3,60,50,0
13,network_outage,naive,p2b_uniform,1-4,60,50,0
13,network_outage,naive,p2b_uniform,2-3,60,50,0
13,network_outage,naive,p2b_uniform,2-4,60,50,0
13,network_outage,naive,p2b_uniform,3-4,60,50,0
13,network_outage,gated,cyclic,1-2,60,50,0
13,network_outage,gated,cyclic,1-3,60,50,0
13,network_outage,gated,cyclic,1-4,60,50,0
13,network_outage,gated,cyclic,2-3,60,50,0
13,network_outage,gated,cyclic,2-4,60,50,0
13,network_outage,gated,cyclic,3-4,60,50,0
13,network_outage,gated,information,1-2,47,47,0
13,network_outage,gated,information,1-3,63,63,0
13,network_outage,gated,information,1-4,71,47,0
13,network_outage,gated,information,2-3,41,41,0
13,network_outage,gated,information,2-4,58,45,0
13,network_outage,gated,information,3-4,80,57,0
13,network_outage,gated,p2b_uniform,1-2,60,50,0
13,network_outage,gated,p2b_uniform,1-3,60,50,0
13,network_outage,gated,p2b_uniform,1-4,60,50,0
13,network_outage,gated,p2b_uniform,2-3,60,50,0
13,network_outage,gated,p2b_uniform,2-4,60,50,0
13,network_outage,gated,p2b_uniform,3-4,60,50,0
13,node_outage,naive,cyclic,1-2,60,50,0
13,node_outage,naive,cyclic,1-3,60,50,0
13,node_outage,naive,cyclic,1-4,60,50,0
13,node_outage,naive,cyclic,2-3,60,60,0
13,node_outage,naive,cyclic,2-4,60,60,0
13,node_outage,naive,cyclic,3-4,60,60,0
13,node_outage,naive,information,1-2,47,47,0
13,node_outage,naive,information,1-3,62,62,0
13,node_outage,naive,information,1-4,103,47,0
13,node_outage,naive,information,2-3,41,41,0
13,node_outage,naive,information,2-4,44,44,0
13,node_outage,naive,information,3-4,63,63,0
13,node_outage,naive,p2b_uniform,1-2,60,50,0
13,node_outage,naive,p2b_uniform,1-3,60,50,0
13,node_outage,naive,p2b_uniform,1-4,60,50,0
13,node_outage,naive,p2b_uniform,2-3,60,60,0
13,node_outage,naive,p2b_uniform,2-4,60,60,0
13,node_outage,naive,p2b_uniform,3-4,60,60,0
13,outliers,naive,cyclic,1-2,60,60,2
13,outliers,naive,cyclic,1-3,60,60,3
13,outliers,naive,cyclic,1-4,60,60,2
13,outliers,naive,cyclic,2-3,60,60,4
13,outliers,naive,cyclic,2-4,60,60,2
13,outliers,naive,cyclic,3-4,60,60,2
13,outliers,naive,information,1-2,51,51,4
13,outliers,naive,information,1-3,70,70,2
13,outliers,naive,information,1-4,65,65,4
13,outliers,naive,information,2-3,46,46,0
13,outliers,naive,information,2-4,55,55,3
13,outliers,naive,information,3-4,73,73,4
13,outliers,naive,p2b_uniform,1-2,60,60,4
13,outliers,naive,p2b_uniform,1-3,60,60,2
13,outliers,naive,p2b_uniform,1-4,60,60,3
13,outliers,naive,p2b_uniform,2-3,60,60,1
13,outliers,naive,p2b_uniform,2-4,60,60,6
13,outliers,naive,p2b_uniform,3-4,60,60,2
13,outliers,gated,cyclic,1-2,60,60,2
13,outliers,gated,cyclic,1-3,60,60,3
13,outliers,gated,cyclic,1-4,60,60,2
13,outliers,gated,cyclic,2-3,60,60,4
13,outliers,gated,cyclic,2-4,60,60,2
13,outliers,gated,cyclic,3-4,60,60,2
13,outliers,gated,information,1-2,51,51,2
13,outliers,gated,information,1-3,74,74,8
13,outliers,gated,information,1-4,68,68,5
13,outliers,gated,information,2-3,43,43,1
13,outliers,gated,information,2-4,51,51,1
13,outliers,gated,information,3-4,73,73,3
13,outliers,gated,p2b_uniform,1-2,60,60,4
13,outliers,gated,p2b_uniform,1-3,60,60,2
13,outliers,gated,p2b_uniform,1-4,60,60,3
13,outliers,gated,p2b_uniform,2-3,60,60,1
13,outliers,gated,p2b_uniform,2-4,60,60,6
13,outliers,gated,p2b_uniform,3-4,60,60,2
13,nlos,naive,cyclic,1-2,60,60,20
13,nlos,naive,cyclic,1-3,60,60,0
13,nlos,naive,cyclic,1-4,60,60,0
13,nlos,naive,cyclic,2-3,60,60,0
13,nlos,naive,cyclic,2-4,60,60,0
13,nlos,naive,cyclic,3-4,60,60,0
13,nlos,naive,information,1-2,54,54,13
13,nlos,naive,information,1-3,74,74,0
13,nlos,naive,information,1-4,63,63,0
13,nlos,naive,information,2-3,45,45,0
13,nlos,naive,information,2-4,54,54,0
13,nlos,naive,information,3-4,70,70,0
13,nlos,naive,p2b_uniform,1-2,60,60,20
13,nlos,naive,p2b_uniform,1-3,60,60,0
13,nlos,naive,p2b_uniform,1-4,60,60,0
13,nlos,naive,p2b_uniform,2-3,60,60,0
13,nlos,naive,p2b_uniform,2-4,60,60,0
13,nlos,naive,p2b_uniform,3-4,60,60,0
13,nlos,gated,cyclic,1-2,60,60,20
13,nlos,gated,cyclic,1-3,60,60,0
13,nlos,gated,cyclic,1-4,60,60,0
13,nlos,gated,cyclic,2-3,60,60,0
13,nlos,gated,cyclic,2-4,60,60,0
13,nlos,gated,cyclic,3-4,60,60,0
13,nlos,gated,information,1-2,93,93,49
13,nlos,gated,information,1-3,60,60,0
13,nlos,gated,information,1-4,53,53,0
13,nlos,gated,information,2-3,43,43,0
13,nlos,gated,information,2-4,48,48,0
13,nlos,gated,information,3-4,63,63,0
13,nlos,gated,p2b_uniform,1-2,60,60,20
13,nlos,gated,p2b_uniform,1-3,60,60,0
13,nlos,gated,p2b_uniform,1-4,60,60,0
13,nlos,gated,p2b_uniform,2-3,60,60,0
13,nlos,gated,p2b_uniform,2-4,60,60,0
13,nlos,gated,p2b_uniform,3-4,60,60,0
14,clean,naive,cyclic,1-2,60,60,0
14,clean,naive,cyclic,1-3,60,60,0
14,clean,naive,cyclic,1-4,60,60,0
14,clean,naive,cyclic,2-3,60,60,0
14,clean,naive,cyclic,2-4,60,60,0
14,clean,naive,cyclic,3-4,60,60,0
14,clean,naive,information,1-2,50,50,0
14,clean,naive,information,1-3,70,70,0
14,clean,naive,information,1-4,65,65,0
14,clean,naive,information,2-3,47,47,0
14,clean,naive,information,2-4,53,53,0
14,clean,naive,information,3-4,75,75,0
14,clean,naive,p2b_uniform,1-2,60,60,0
14,clean,naive,p2b_uniform,1-3,60,60,0
14,clean,naive,p2b_uniform,1-4,60,60,0
14,clean,naive,p2b_uniform,2-3,60,60,0
14,clean,naive,p2b_uniform,2-4,60,60,0
14,clean,naive,p2b_uniform,3-4,60,60,0
14,clean,gated,cyclic,1-2,60,60,0
14,clean,gated,cyclic,1-3,60,60,0
14,clean,gated,cyclic,1-4,60,60,0
14,clean,gated,cyclic,2-3,60,60,0
14,clean,gated,cyclic,2-4,60,60,0
14,clean,gated,cyclic,3-4,60,60,0
14,clean,gated,information,1-2,52,52,0
14,clean,gated,information,1-3,70,70,0
14,clean,gated,information,1-4,65,65,0
14,clean,gated,information,2-3,46,46,0
14,clean,gated,information,2-4,52,52,0
14,clean,gated,information,3-4,75,75,0
14,clean,gated,p2b_uniform,1-2,60,60,0
14,clean,gated,p2b_uniform,1-3,60,60,0
14,clean,gated,p2b_uniform,1-4,60,60,0
14,clean,gated,p2b_uniform,2-3,60,60,0
14,clean,gated,p2b_uniform,2-4,60,60,0
14,clean,gated,p2b_uniform,3-4,60,60,0
14,loss30,naive,cyclic,1-2,60,49,0
14,loss30,naive,cyclic,1-3,60,44,0
14,loss30,naive,cyclic,1-4,60,45,0
14,loss30,naive,cyclic,2-3,60,47,0
14,loss30,naive,cyclic,2-4,60,42,0
14,loss30,naive,cyclic,3-4,60,37,0
14,loss30,naive,information,1-2,53,36,0
14,loss30,naive,information,1-3,67,48,0
14,loss30,naive,information,1-4,64,46,0
14,loss30,naive,information,2-3,40,32,0
14,loss30,naive,information,2-4,62,40,0
14,loss30,naive,information,3-4,74,51,0
14,loss30,naive,p2b_uniform,1-2,60,41,0
14,loss30,naive,p2b_uniform,1-3,60,42,0
14,loss30,naive,p2b_uniform,1-4,60,38,0
14,loss30,naive,p2b_uniform,2-3,60,40,0
14,loss30,naive,p2b_uniform,2-4,60,41,0
14,loss30,naive,p2b_uniform,3-4,60,37,0
14,loss50,naive,cyclic,1-2,60,35,0
14,loss50,naive,cyclic,1-3,60,34,0
14,loss50,naive,cyclic,1-4,60,30,0
14,loss50,naive,cyclic,2-3,60,25,0
14,loss50,naive,cyclic,2-4,60,27,0
14,loss50,naive,cyclic,3-4,60,27,0
14,loss50,naive,information,1-2,59,25,0
14,loss50,naive,information,1-3,66,33,0
14,loss50,naive,information,1-4,63,34,0
14,loss50,naive,information,2-3,39,22,0
14,loss50,naive,information,2-4,61,30,0
14,loss50,naive,information,3-4,72,36,0
14,loss50,naive,p2b_uniform,1-2,60,26,0
14,loss50,naive,p2b_uniform,1-3,60,34,0
14,loss50,naive,p2b_uniform,1-4,60,27,0
14,loss50,naive,p2b_uniform,2-3,60,29,0
14,loss50,naive,p2b_uniform,2-4,60,23,0
14,loss50,naive,p2b_uniform,3-4,60,27,0
14,network_outage,naive,cyclic,1-2,60,50,0
14,network_outage,naive,cyclic,1-3,60,50,0
14,network_outage,naive,cyclic,1-4,60,50,0
14,network_outage,naive,cyclic,2-3,60,50,0
14,network_outage,naive,cyclic,2-4,60,50,0
14,network_outage,naive,cyclic,3-4,60,50,0
14,network_outage,naive,information,1-2,47,47,0
14,network_outage,naive,information,1-3,61,61,0
14,network_outage,naive,information,1-4,74,47,0
14,network_outage,naive,information,2-3,41,41,0
14,network_outage,naive,information,2-4,57,44,0
14,network_outage,naive,information,3-4,80,60,0
14,network_outage,naive,p2b_uniform,1-2,60,50,0
14,network_outage,naive,p2b_uniform,1-3,60,50,0
14,network_outage,naive,p2b_uniform,1-4,60,50,0
14,network_outage,naive,p2b_uniform,2-3,60,50,0
14,network_outage,naive,p2b_uniform,2-4,60,50,0
14,network_outage,naive,p2b_uniform,3-4,60,50,0
14,network_outage,gated,cyclic,1-2,60,50,0
14,network_outage,gated,cyclic,1-3,60,50,0
14,network_outage,gated,cyclic,1-4,60,50,0
14,network_outage,gated,cyclic,2-3,60,50,0
14,network_outage,gated,cyclic,2-4,60,50,0
14,network_outage,gated,cyclic,3-4,60,50,0
14,network_outage,gated,information,1-2,48,48,0
14,network_outage,gated,information,1-3,60,60,0
14,network_outage,gated,information,1-4,74,47,0
14,network_outage,gated,information,2-3,41,41,0
14,network_outage,gated,information,2-4,57,44,0
14,network_outage,gated,information,3-4,80,60,0
14,network_outage,gated,p2b_uniform,1-2,60,50,0
14,network_outage,gated,p2b_uniform,1-3,60,50,0
14,network_outage,gated,p2b_uniform,1-4,60,50,0
14,network_outage,gated,p2b_uniform,2-3,60,50,0
14,network_outage,gated,p2b_uniform,2-4,60,50,0
14,network_outage,gated,p2b_uniform,3-4,60,50,0
14,node_outage,naive,cyclic,1-2,60,50,0
14,node_outage,naive,cyclic,1-3,60,50,0
14,node_outage,naive,cyclic,1-4,60,50,0
14,node_outage,naive,cyclic,2-3,60,60,0
14,node_outage,naive,cyclic,2-4,60,60,0
14,node_outage,naive,cyclic,3-4,60,60,0
14,node_outage,naive,information,1-2,46,46,0
14,node_outage,naive,information,1-3,62,62,0
14,node_outage,naive,information,1-4,101,45,0
14,node_outage,naive,information,2-3,42,42,0
14,node_outage,naive,information,2-4,45,45,0
14,node_outage,naive,information,3-4,64,64,0
14,node_outage,naive,p2b_uniform,1-2,60,50,0
14,node_outage,naive,p2b_uniform,1-3,60,50,0
14,node_outage,naive,p2b_uniform,1-4,60,50,0
14,node_outage,naive,p2b_uniform,2-3,60,60,0
14,node_outage,naive,p2b_uniform,2-4,60,60,0
14,node_outage,naive,p2b_uniform,3-4,60,60,0
14,outliers,naive,cyclic,1-2,60,60,4
14,outliers,naive,cyclic,1-3,60,60,3
14,outliers,naive,cyclic,1-4,60,60,4
14,outliers,naive,cyclic,2-3,60,60,6
14,outliers,naive,cyclic,2-4,60,60,3
14,outliers,naive,cyclic,3-4,60,60,2
14,outliers,naive,information,1-2,52,52,6
14,outliers,naive,information,1-3,69,69,3
14,outliers,naive,information,1-4,62,62,3
14,outliers,naive,information,2-3,47,47,1
14,outliers,naive,information,2-4,55,55,1
14,outliers,naive,information,3-4,75,75,2
14,outliers,naive,p2b_uniform,1-2,60,60,3
14,outliers,naive,p2b_uniform,1-3,60,60,2
14,outliers,naive,p2b_uniform,1-4,60,60,4
14,outliers,naive,p2b_uniform,2-3,60,60,3
14,outliers,naive,p2b_uniform,2-4,60,60,5
14,outliers,naive,p2b_uniform,3-4,60,60,2
14,outliers,gated,cyclic,1-2,60,60,4
14,outliers,gated,cyclic,1-3,60,60,3
14,outliers,gated,cyclic,1-4,60,60,4
14,outliers,gated,cyclic,2-3,60,60,6
14,outliers,gated,cyclic,2-4,60,60,3
14,outliers,gated,cyclic,3-4,60,60,2
14,outliers,gated,information,1-2,52,52,4
14,outliers,gated,information,1-3,69,69,2
14,outliers,gated,information,1-4,65,65,4
14,outliers,gated,information,2-3,47,47,4
14,outliers,gated,information,2-4,53,53,3
14,outliers,gated,information,3-4,74,74,4
14,outliers,gated,p2b_uniform,1-2,60,60,3
14,outliers,gated,p2b_uniform,1-3,60,60,2
14,outliers,gated,p2b_uniform,1-4,60,60,4
14,outliers,gated,p2b_uniform,2-3,60,60,3
14,outliers,gated,p2b_uniform,2-4,60,60,5
14,outliers,gated,p2b_uniform,3-4,60,60,2
14,nlos,naive,cyclic,1-2,60,60,20
14,nlos,naive,cyclic,1-3,60,60,0
14,nlos,naive,cyclic,1-4,60,60,0
14,nlos,naive,cyclic,2-3,60,60,0
14,nlos,naive,cyclic,2-4,60,60,0
14,nlos,naive,cyclic,3-4,60,60,0
14,nlos,naive,information,1-2,51,51,12
14,nlos,naive,information,1-3,71,71,0
14,nlos,naive,information,1-4,64,64,0
14,nlos,naive,information,2-3,45,45,0
14,nlos,naive,information,2-4,55,55,0
14,nlos,naive,information,3-4,74,74,0
14,nlos,naive,p2b_uniform,1-2,60,60,20
14,nlos,naive,p2b_uniform,1-3,60,60,0
14,nlos,naive,p2b_uniform,1-4,60,60,0
14,nlos,naive,p2b_uniform,2-3,60,60,0
14,nlos,naive,p2b_uniform,2-4,60,60,0
14,nlos,naive,p2b_uniform,3-4,60,60,0
14,nlos,gated,cyclic,1-2,60,60,20
14,nlos,gated,cyclic,1-3,60,60,0
14,nlos,gated,cyclic,1-4,60,60,0
14,nlos,gated,cyclic,2-3,60,60,0
14,nlos,gated,cyclic,2-4,60,60,0
14,nlos,gated,cyclic,3-4,60,60,0
14,nlos,gated,information,1-2,91,91,53
14,nlos,gated,information,1-3,64,64,0
14,nlos,gated,information,1-4,50,50,0
14,nlos,gated,information,2-3,41,41,0
14,nlos,gated,information,2-4,47,47,0
14,nlos,gated,information,3-4,67,67,0
14,nlos,gated,p2b_uniform,1-2,60,60,20
14,nlos,gated,p2b_uniform,1-3,60,60,0
14,nlos,gated,p2b_uniform,1-4,60,60,0
14,nlos,gated,p2b_uniform,2-3,60,60,0
14,nlos,gated,p2b_uniform,2-4,60,60,0
14,nlos,gated,p2b_uniform,3-4,60,60,0
15,clean,naive,cyclic,1-2,60,60,0
15,clean,naive,cyclic,1-3,60,60,0
15,clean,naive,cyclic,1-4,60,60,0
15,clean,naive,cyclic,2-3,60,60,0
15,clean,naive,cyclic,2-4,60,60,0
15,clean,naive,cyclic,3-4,60,60,0
15,clean,naive,information,1-2,52,52,0
15,clean,naive,information,1-3,71,71,0
15,clean,naive,information,1-4,65,65,0
15,clean,naive,information,2-3,46,46,0
15,clean,naive,information,2-4,51,51,0
15,clean,naive,information,3-4,75,75,0
15,clean,naive,p2b_uniform,1-2,60,60,0
15,clean,naive,p2b_uniform,1-3,60,60,0
15,clean,naive,p2b_uniform,1-4,60,60,0
15,clean,naive,p2b_uniform,2-3,60,60,0
15,clean,naive,p2b_uniform,2-4,60,60,0
15,clean,naive,p2b_uniform,3-4,60,60,0
15,clean,gated,cyclic,1-2,60,60,0
15,clean,gated,cyclic,1-3,60,60,0
15,clean,gated,cyclic,1-4,60,60,0
15,clean,gated,cyclic,2-3,60,60,0
15,clean,gated,cyclic,2-4,60,60,0
15,clean,gated,cyclic,3-4,60,60,0
15,clean,gated,information,1-2,51,51,0
15,clean,gated,information,1-3,70,70,0
15,clean,gated,information,1-4,66,66,0
15,clean,gated,information,2-3,46,46,0
15,clean,gated,information,2-4,52,52,0
15,clean,gated,information,3-4,75,75,0
15,clean,gated,p2b_uniform,1-2,60,60,0
15,clean,gated,p2b_uniform,1-3,60,60,0
15,clean,gated,p2b_uniform,1-4,60,60,0
15,clean,gated,p2b_uniform,2-3,60,60,0
15,clean,gated,p2b_uniform,2-4,60,60,0
15,clean,gated,p2b_uniform,3-4,60,60,0
15,loss30,naive,cyclic,1-2,60,42,0
15,loss30,naive,cyclic,1-3,60,48,0
15,loss30,naive,cyclic,1-4,60,40,0
15,loss30,naive,cyclic,2-3,60,43,0
15,loss30,naive,cyclic,2-4,60,46,0
15,loss30,naive,cyclic,3-4,60,39,0
15,loss30,naive,information,1-2,56,35,0
15,loss30,naive,information,1-3,70,46,0
15,loss30,naive,information,1-4,63,46,0
15,loss30,naive,information,2-3,40,32,0
15,loss30,naive,information,2-4,60,36,0
15,loss30,naive,information,3-4,71,48,0
15,loss30,naive,p2b_uniform,1-2,60,45,0
15,loss30,naive,p2b_uniform,1-3,60,38,0
15,loss30,naive,p2b_uniform,1-4,60,48,0
15,loss30,naive,p2b_uniform,2-3,60,47,0
15,loss30,naive,p2b_uniform,2-4,60,49,0
15,loss30,naive,p2b_uniform,3-4,60,39,0
15,loss50,naive,cyclic,1-2,60,33,0
15,loss50,naive,cyclic,1-3,60,36,0
15,loss50,naive,cyclic,1-4,60,30,0
15,loss50,naive,cyclic,2-3,60,28,0
15,loss50,naive,cyclic,2-4,60,28,0
15,loss50,naive,cyclic,3-4,60,21,0
15,loss50,naive,information,1-2,49,30,0
15,loss50,naive,information,1-3,75,36,0
15,loss50,naive,information,1-4,60,36,0
15,loss50,naive,information,2-3,47,24,0
15,loss50,naive,information,2-4,57,28,0
15,loss50,naive,information,3-4,72,39,0
15,loss50,naive,p2b_uniform,1-2,60,36,0
15,loss50,naive,p2b_uniform,1-3,60,27,0
15,loss50,naive,p2b_uniform,1-4,60,34,0
15,loss50,naive,p2b_uniform,2-3,60,34,0
15,loss50,naive,p2b_uniform,2-4,60,34,0
15,loss50,naive,p2b_uniform,3-4,60,21,0
15,network_outage,naive,cyclic,1-2,60,50,0
15,network_outage,naive,cyclic,1-3,60,50,0
15,network_outage,naive,cyclic,1-4,60,50,0
15,network_outage,naive,cyclic,2-3,60,50,0
15,network_outage,naive,cyclic,2-4,60,50,0
15,network_outage,naive,cyclic,3-4,60,50,0
15,network_outage,naive,information,1-2,45,45,0
15,network_outage,naive,information,1-3,61,61,0
15,network_outage,naive,information,1-4,67,48,0
15,network_outage,naive,information,2-3,42,41,0
15,network_outage,naive,information,2-4,61,43,0
15,network_outage,naive,information,3-4,84,62,0
15,network_outage,naive,p2b_uniform,1-2,60,50,0
15,network_outage,naive,p2b_uniform,1-3,60,50,0
15,network_outage,naive,p2b_uniform,1-4,60,50,0
15,network_outage,naive,p2b_uniform,2-3,60,50,0
15,network_outage,naive,p2b_uniform,2-4,60,50,0
15,network_outage,naive,p2b_uniform,3-4,60,50,0
15,network_outage,gated,cyclic,1-2,60,50,0
15,network_outage,gated,cyclic,1-3,60,50,0
15,network_outage,gated,cyclic,1-4,60,50,0
15,network_outage,gated,cyclic,2-3,60,50,0
15,network_outage,gated,cyclic,2-4,60,50,0
15,network_outage,gated,cyclic,3-4,60,50,0
15,network_outage,gated,information,1-2,46,46,0
15,network_outage,gated,information,1-3,60,60,0
15,network_outage,gated,information,1-4,68,49,0
15,network_outage,gated,information,2-3,41,40,0
15,network_outage,gated,information,2-4,62,44,0
15,network_outage,gated,information,3-4,83,61,0
15,network_outage,gated,p2b_uniform,1-2,60,50,0
15,network_outage,gated,p2b_uniform,1-3,60,50,0
15,network_outage,gated,p2b_uniform,1-4,60,50,0
15,network_outage,gated,p2b_uniform,2-3,60,50,0
15,network_outage,gated,p2b_uniform,2-4,60,50,0
15,network_outage,gated,p2b_uniform,3-4,60,50,0
15,node_outage,naive,cyclic,1-2,60,50,0
15,node_outage,naive,cyclic,1-3,60,50,0
15,node_outage,naive,cyclic,1-4,60,50,0
15,node_outage,naive,cyclic,2-3,60,60,0
15,node_outage,naive,cyclic,2-4,60,60,0
15,node_outage,naive,cyclic,3-4,60,60,0
15,node_outage,naive,information,1-2,45,45,0
15,node_outage,naive,information,1-3,61,61,0
15,node_outage,naive,information,1-4,103,49,0
15,node_outage,naive,information,2-3,42,42,0
15,node_outage,naive,information,2-4,43,43,0
15,node_outage,naive,information,3-4,66,66,0
15,node_outage,naive,p2b_uniform,1-2,60,50,0
15,node_outage,naive,p2b_uniform,1-3,60,50,0
15,node_outage,naive,p2b_uniform,1-4,60,50,0
15,node_outage,naive,p2b_uniform,2-3,60,60,0
15,node_outage,naive,p2b_uniform,2-4,60,60,0
15,node_outage,naive,p2b_uniform,3-4,60,60,0
15,outliers,naive,cyclic,1-2,60,60,2
15,outliers,naive,cyclic,1-3,60,60,2
15,outliers,naive,cyclic,1-4,60,60,3
15,outliers,naive,cyclic,2-3,60,60,4
15,outliers,naive,cyclic,2-4,60,60,2
15,outliers,naive,cyclic,3-4,60,60,2
15,outliers,naive,information,1-2,51,51,1
15,outliers,naive,information,1-3,73,73,4
15,outliers,naive,information,1-4,68,68,2
15,outliers,naive,information,2-3,49,49,0
15,outliers,naive,information,2-4,47,47,4
15,outliers,naive,information,3-4,72,72,3
15,outliers,naive,p2b_uniform,1-2,60,60,3
15,outliers,naive,p2b_uniform,1-3,60,60,3
15,outliers,naive,p2b_uniform,1-4,60,60,6
15,outliers,naive,p2b_uniform,2-3,60,60,4
15,outliers,naive,p2b_uniform,2-4,60,60,4
15,outliers,naive,p2b_uniform,3-4,60,60,2
15,outliers,gated,cyclic,1-2,60,60,2
15,outliers,gated,cyclic,1-3,60,60,2
15,outliers,gated,cyclic,1-4,60,60,3
15,outliers,gated,cyclic,2-3,60,60,4
15,outliers,gated,cyclic,2-4,60,60,2
15,outliers,gated,cyclic,3-4,60,60,2
15,outliers,gated,information,1-2,49,49,2
15,outliers,gated,information,1-3,71,71,5
15,outliers,gated,information,1-4,64,64,2
15,outliers,gated,information,2-3,47,47,3
15,outliers,gated,information,2-4,52,52,4
15,outliers,gated,information,3-4,77,77,5
15,outliers,gated,p2b_uniform,1-2,60,60,3
15,outliers,gated,p2b_uniform,1-3,60,60,3
15,outliers,gated,p2b_uniform,1-4,60,60,6
15,outliers,gated,p2b_uniform,2-3,60,60,4
15,outliers,gated,p2b_uniform,2-4,60,60,4
15,outliers,gated,p2b_uniform,3-4,60,60,2
15,nlos,naive,cyclic,1-2,60,60,20
15,nlos,naive,cyclic,1-3,60,60,0
15,nlos,naive,cyclic,1-4,60,60,0
15,nlos,naive,cyclic,2-3,60,60,0
15,nlos,naive,cyclic,2-4,60,60,0
15,nlos,naive,cyclic,3-4,60,60,0
15,nlos,naive,information,1-2,50,50,13
15,nlos,naive,information,1-3,73,73,0
15,nlos,naive,information,1-4,65,65,0
15,nlos,naive,information,2-3,44,44,0
15,nlos,naive,information,2-4,54,54,0
15,nlos,naive,information,3-4,74,74,0
15,nlos,naive,p2b_uniform,1-2,60,60,20
15,nlos,naive,p2b_uniform,1-3,60,60,0
15,nlos,naive,p2b_uniform,1-4,60,60,0
15,nlos,naive,p2b_uniform,2-3,60,60,0
15,nlos,naive,p2b_uniform,2-4,60,60,0
15,nlos,naive,p2b_uniform,3-4,60,60,0
15,nlos,gated,cyclic,1-2,60,60,20
15,nlos,gated,cyclic,1-3,60,60,0
15,nlos,gated,cyclic,1-4,60,60,0
15,nlos,gated,cyclic,2-3,60,60,0
15,nlos,gated,cyclic,2-4,60,60,0
15,nlos,gated,cyclic,3-4,60,60,0
15,nlos,gated,information,1-2,84,84,49
15,nlos,gated,information,1-3,64,64,0
15,nlos,gated,information,1-4,54,54,0
15,nlos,gated,information,2-3,41,41,0
15,nlos,gated,information,2-4,48,48,0
15,nlos,gated,information,3-4,69,69,0
15,nlos,gated,p2b_uniform,1-2,60,60,20
15,nlos,gated,p2b_uniform,1-3,60,60,0
15,nlos,gated,p2b_uniform,1-4,60,60,0
15,nlos,gated,p2b_uniform,2-3,60,60,0
15,nlos,gated,p2b_uniform,2-4,60,60,0
15,nlos,gated,p2b_uniform,3-4,60,60,0
16,clean,naive,cyclic,1-2,60,60,0
16,clean,naive,cyclic,1-3,60,60,0
16,clean,naive,cyclic,1-4,60,60,0
16,clean,naive,cyclic,2-3,60,60,0
16,clean,naive,cyclic,2-4,60,60,0
16,clean,naive,cyclic,3-4,60,60,0
16,clean,naive,information,1-2,51,51,0
16,clean,naive,information,1-3,72,72,0
16,clean,naive,information,1-4,66,66,0
16,clean,naive,information,2-3,45,45,0
16,clean,naive,information,2-4,53,53,0
16,clean,naive,information,3-4,73,73,0
16,clean,naive,p2b_uniform,1-2,60,60,0
16,clean,naive,p2b_uniform,1-3,60,60,0
16,clean,naive,p2b_uniform,1-4,60,60,0
16,clean,naive,p2b_uniform,2-3,60,60,0
16,clean,naive,p2b_uniform,2-4,60,60,0
16,clean,naive,p2b_uniform,3-4,60,60,0
16,clean,gated,cyclic,1-2,60,60,0
16,clean,gated,cyclic,1-3,60,60,0
16,clean,gated,cyclic,1-4,60,60,0
16,clean,gated,cyclic,2-3,60,60,0
16,clean,gated,cyclic,2-4,60,60,0
16,clean,gated,cyclic,3-4,60,60,0
16,clean,gated,information,1-2,51,51,0
16,clean,gated,information,1-3,73,73,0
16,clean,gated,information,1-4,66,66,0
16,clean,gated,information,2-3,45,45,0
16,clean,gated,information,2-4,53,53,0
16,clean,gated,information,3-4,72,72,0
16,clean,gated,p2b_uniform,1-2,60,60,0
16,clean,gated,p2b_uniform,1-3,60,60,0
16,clean,gated,p2b_uniform,1-4,60,60,0
16,clean,gated,p2b_uniform,2-3,60,60,0
16,clean,gated,p2b_uniform,2-4,60,60,0
16,clean,gated,p2b_uniform,3-4,60,60,0
16,loss30,naive,cyclic,1-2,60,41,0
16,loss30,naive,cyclic,1-3,60,39,0
16,loss30,naive,cyclic,1-4,60,43,0
16,loss30,naive,cyclic,2-3,60,46,0
16,loss30,naive,cyclic,2-4,60,42,0
16,loss30,naive,cyclic,3-4,60,46,0
16,loss30,naive,information,1-2,55,39,0
16,loss30,naive,information,1-3,74,52,0
16,loss30,naive,information,1-4,62,47,0
16,loss30,naive,information,2-3,41,32,0
16,loss30,naive,information,2-4,56,39,0
16,loss30,naive,information,3-4,72,51,0
16,loss30,naive,p2b_uniform,1-2,60,37,0
16,loss30,naive,p2b_uniform,1-3,60,39,0
16,loss30,naive,p2b_uniform,1-4,60,41,0
16,loss30,naive,p2b_uniform,2-3,60,40,0
16,loss30,naive,p2b_uniform,2-4,60,46,0
16,loss30,naive,p2b_uniform,3-4,60,46,0
16,loss50,naive,cyclic,1-2,60,25,0
16,loss50,naive,cyclic,1-3,60,24,0
16,loss50,naive,cyclic,1-4,60,31,0
16,loss50,naive,cyclic,2-3,60,37,0
16,loss50,naive,cyclic,2-4,60,27,0
16,loss50,naive,cyclic,3-4,60,26,0
16,loss50,naive,information,1-2,50,22,0
16,loss50,naive,information,1-3,57,30,0
16,loss50,naive,information,1-4,66,32,0
16,loss50,naive,information,2-3,42,21,0
16,loss50,naive,information,2-4,71,29,0
16,loss50,naive,information,3-4,74,31,0
16,loss50,naive,p2b_uniform,1-2,60,23,0
16,loss50,naive,p2b_uniform,1-3,60,30,0
16,loss50,naive,p2b_uniform,1-4,60,26,0
16,loss50,naive,p2b_uniform,2-3,60,29,0
16,loss50,naive,p2b_uniform,2-4,60,35,0
16,loss50,naive,p2b_uniform,3-4,60,26,0
16,network_outage,naive,cyclic,1-2,60,50,0
16,network_outage,naive,cyclic,1-3,60,50,0
16,network_outage,naive,cyclic,1-4,60,50,0
16,network_outage,naive,cyclic,2-3,60,50,0
16,network_outage,naive,cyclic,2-4,60,50,0
16,network_outage,naive,cyclic,3-4,60,50,0
16,network_outage,naive,information,1-2,47,47,0
16,network_outage,naive,information,1-3,64,64,0
16,network_outage,naive,information,1-4,67,47,0
16,network_outage,naive,information,2-3,42,41,0
16,network_outage,naive,information,2-4,60,43,0
16,network_outage,naive,information,3-4,80,58,0
16,network_outage,naive,p2b_uniform,1-2,60,50,0
16,network_outage,naive,p2b_uniform,1-3,60,50,0
16,network_outage,naive,p2b_uniform,1-4,60,50,0
16,network_outage,naive,p2b_uniform,2-3,60,50,0
16,network_outage,naive,p2b_uniform,2-4,60,50,0
16,network_outage,naive,p2b_uniform,3-4,60,50,0
16,network_outage,gated,cyclic,1-2,60,50,0
16,network_outage,gated,cyclic,1-3,60,50,0
16,network_outage,gated,cyclic,1-4,60,50,0
16,network_outage,gated,cyclic,2-3,60,50,0
16,network_outage,gated,cyclic,2-4,60,50,0
16,network_outage,gated,cyclic,3-4,60,50,0
16,network_outage,gated,information,1-2,47,47,0
16,network_outage,gated,information,1-3,64,64,0
16,network_outage,gated,information,1-4,67,47,0
16,network_outage,gated,information,2-3,42,41,0
16,network_outage,gated,information,2-4,60,43,0
16,network_outage,gated,information,3-4,80,58,0
16,network_outage,gated,p2b_uniform,1-2,60,50,0
16,network_outage,gated,p2b_uniform,1-3,60,50,0
16,network_outage,gated,p2b_uniform,1-4,60,50,0
16,network_outage,gated,p2b_uniform,2-3,60,50,0
16,network_outage,gated,p2b_uniform,2-4,60,50,0
16,network_outage,gated,p2b_uniform,3-4,60,50,0
16,node_outage,naive,cyclic,1-2,60,50,0
16,node_outage,naive,cyclic,1-3,60,50,0
16,node_outage,naive,cyclic,1-4,60,50,0
16,node_outage,naive,cyclic,2-3,60,60,0
16,node_outage,naive,cyclic,2-4,60,60,0
16,node_outage,naive,cyclic,3-4,60,60,0
16,node_outage,naive,information,1-2,47,47,0
16,node_outage,naive,information,1-3,62,62,0
16,node_outage,naive,information,1-4,103,48,0
16,node_outage,naive,information,2-3,42,42,0
16,node_outage,naive,information,2-4,44,44,0
16,node_outage,naive,information,3-4,62,62,0
16,node_outage,naive,p2b_uniform,1-2,60,50,0
16,node_outage,naive,p2b_uniform,1-3,60,50,0
16,node_outage,naive,p2b_uniform,1-4,60,50,0
16,node_outage,naive,p2b_uniform,2-3,60,60,0
16,node_outage,naive,p2b_uniform,2-4,60,60,0
16,node_outage,naive,p2b_uniform,3-4,60,60,0
16,outliers,naive,cyclic,1-2,60,60,2
16,outliers,naive,cyclic,1-3,60,60,0
16,outliers,naive,cyclic,1-4,60,60,4
16,outliers,naive,cyclic,2-3,60,60,2
16,outliers,naive,cyclic,2-4,60,60,1
16,outliers,naive,cyclic,3-4,60,60,4
16,outliers,naive,information,1-2,47,47,2
16,outliers,naive,information,1-3,74,74,6
16,outliers,naive,information,1-4,65,65,1
16,outliers,naive,information,2-3,47,47,2
16,outliers,naive,information,2-4,54,54,3
16,outliers,naive,information,3-4,73,73,6
16,outliers,naive,p2b_uniform,1-2,60,60,4
16,outliers,naive,p2b_uniform,1-3,60,60,2
16,outliers,naive,p2b_uniform,1-4,60,60,2
16,outliers,naive,p2b_uniform,2-3,60,60,3
16,outliers,naive,p2b_uniform,2-4,60,60,0
16,outliers,naive,p2b_uniform,3-4,60,60,4
16,outliers,gated,cyclic,1-2,60,60,2
16,outliers,gated,cyclic,1-3,60,60,0
16,outliers,gated,cyclic,1-4,60,60,4
16,outliers,gated,cyclic,2-3,60,60,2
16,outliers,gated,cyclic,2-4,60,60,1
16,outliers,gated,cyclic,3-4,60,60,4
16,outliers,gated,information,1-2,52,52,0
16,outliers,gated,information,1-3,70,70,1
16,outliers,gated,information,1-4,67,67,3
16,outliers,gated,information,2-3,47,47,3
16,outliers,gated,information,2-4,51,51,1
16,outliers,gated,information,3-4,73,73,4
16,outliers,gated,p2b_uniform,1-2,60,60,4
16,outliers,gated,p2b_uniform,1-3,60,60,2
16,outliers,gated,p2b_uniform,1-4,60,60,2
16,outliers,gated,p2b_uniform,2-3,60,60,3
16,outliers,gated,p2b_uniform,2-4,60,60,0
16,outliers,gated,p2b_uniform,3-4,60,60,4
16,nlos,naive,cyclic,1-2,60,60,20
16,nlos,naive,cyclic,1-3,60,60,0
16,nlos,naive,cyclic,1-4,60,60,0
16,nlos,naive,cyclic,2-3,60,60,0
16,nlos,naive,cyclic,2-4,60,60,0
16,nlos,naive,cyclic,3-4,60,60,0
16,nlos,naive,information,1-2,53,53,14
16,nlos,naive,information,1-3,72,72,0
16,nlos,naive,information,1-4,65,65,0
16,nlos,naive,information,2-3,43,43,0
16,nlos,naive,information,2-4,54,54,0
16,nlos,naive,information,3-4,73,73,0
16,nlos,naive,p2b_uniform,1-2,60,60,20
16,nlos,naive,p2b_uniform,1-3,60,60,0
16,nlos,naive,p2b_uniform,1-4,60,60,0
16,nlos,naive,p2b_uniform,2-3,60,60,0
16,nlos,naive,p2b_uniform,2-4,60,60,0
16,nlos,naive,p2b_uniform,3-4,60,60,0
16,nlos,gated,cyclic,1-2,60,60,20
16,nlos,gated,cyclic,1-3,60,60,0
16,nlos,gated,cyclic,1-4,60,60,0
16,nlos,gated,cyclic,2-3,60,60,0
16,nlos,gated,cyclic,2-4,60,60,0
16,nlos,gated,cyclic,3-4,60,60,0
16,nlos,gated,information,1-2,96,96,57
16,nlos,gated,information,1-3,62,62,0
16,nlos,gated,information,1-4,52,52,0
16,nlos,gated,information,2-3,39,39,0
16,nlos,gated,information,2-4,47,47,0
16,nlos,gated,information,3-4,64,64,0
16,nlos,gated,p2b_uniform,1-2,60,60,20
16,nlos,gated,p2b_uniform,1-3,60,60,0
16,nlos,gated,p2b_uniform,1-4,60,60,0
16,nlos,gated,p2b_uniform,2-3,60,60,0
16,nlos,gated,p2b_uniform,2-4,60,60,0
16,nlos,gated,p2b_uniform,3-4,60,60,0
17,clean,naive,cyclic,1-2,60,60,0
17,clean,naive,cyclic,1-3,60,60,0
17,clean,naive,cyclic,1-4,60,60,0
17,clean,naive,cyclic,2-3,60,60,0
17,clean,naive,cyclic,2-4,60,60,0
17,clean,naive,cyclic,3-4,60,60,0
17,clean,naive,information,1-2,52,52,0
17,clean,naive,information,1-3,70,70,0
17,clean,naive,information,1-4,67,67,0
17,clean,naive,information,2-3,45,45,0
17,clean,naive,information,2-4,53,53,0
17,clean,naive,information,3-4,73,73,0
17,clean,naive,p2b_uniform,1-2,60,60,0
17,clean,naive,p2b_uniform,1-3,60,60,0
17,clean,naive,p2b_uniform,1-4,60,60,0
17,clean,naive,p2b_uniform,2-3,60,60,0
17,clean,naive,p2b_uniform,2-4,60,60,0
17,clean,naive,p2b_uniform,3-4,60,60,0
17,clean,gated,cyclic,1-2,60,60,0
17,clean,gated,cyclic,1-3,60,60,0
17,clean,gated,cyclic,1-4,60,60,0
17,clean,gated,cyclic,2-3,60,60,0
17,clean,gated,cyclic,2-4,60,60,0
17,clean,gated,cyclic,3-4,60,60,0
17,clean,gated,information,1-2,51,51,0
17,clean,gated,information,1-3,73,73,0
17,clean,gated,information,1-4,67,67,0
17,clean,gated,information,2-3,46,46,0
17,clean,gated,information,2-4,52,52,0
17,clean,gated,information,3-4,71,71,0
17,clean,gated,p2b_uniform,1-2,60,60,0
17,clean,gated,p2b_uniform,1-3,60,60,0
17,clean,gated,p2b_uniform,1-4,60,60,0
17,clean,gated,p2b_uniform,2-3,60,60,0
17,clean,gated,p2b_uniform,2-4,60,60,0
17,clean,gated,p2b_uniform,3-4,60,60,0
17,loss30,naive,cyclic,1-2,60,45,0
17,loss30,naive,cyclic,1-3,60,36,0
17,loss30,naive,cyclic,1-4,60,48,0
17,loss30,naive,cyclic,2-3,60,42,0
17,loss30,naive,cyclic,2-4,60,36,0
17,loss30,naive,cyclic,3-4,60,42,0
17,loss30,naive,information,1-2,61,35,0
17,loss30,naive,information,1-3,71,50,0
17,loss30,naive,information,1-4,62,44,0
17,loss30,naive,information,2-3,44,32,0
17,loss30,naive,information,2-4,49,37,0
17,loss30,naive,information,3-4,73,47,0
17,loss30,naive,p2b_uniform,1-2,60,41,0
17,loss30,naive,p2b_uniform,1-3,60,46,0
17,loss30,naive,p2b_uniform,1-4,60,41,0
17,loss30,naive,p2b_uniform,2-3,60,40,0
17,loss30,naive,p2b_uniform,2-4,60,46,0
17,loss30,naive,p2b_uniform,3-4,60,42,0
17,loss50,naive,cyclic,1-2,60,30,0
17,loss50,naive,cyclic,1-3,60,26,0
17,loss50,naive,cyclic,1-4,60,27,0
17,loss50,naive,cyclic,2-3,60,24,0
17,loss50,naive,cyclic,2-4,60,29,0
17,loss50,naive,cyclic,3-4,60,25,0
17,loss50,naive,information,1-2,63,27,0
17,loss50,naive,information,1-3,73,34,0
17,loss50,naive,information,1-4,71,35,0
17,loss50,naive,information,2-3,35,23,0
17,loss50,naive,information,2-4,48,32,0
17,loss50,naive,information,3-4,70,32,0
17,loss50,naive,p2b_uniform,1-2,60,30,0
17,loss50,naive,p2b_uniform,1-3,60,30,0
17,loss50,naive,p2b_uniform,1-4,60,29,0
17,loss50,naive,p2b_uniform,2-3,60,29,0
17,loss50,naive,p2b_uniform,2-4,60,36,0
17,loss50,naive,p2b_uniform,3-4,60,25,0
17,network_outage,naive,cyclic,1-2,60,50,0
17,network_outage,naive,cyclic,1-3,60,50,0
17,network_outage,naive,cyclic,1-4,60,50,0
17,network_outage,naive,cyclic,2-3,60,50,0
17,network_outage,naive,cyclic,2-4,60,50,0
17,network_outage,naive,cyclic,3-4,60,50,0
17,network_outage,naive,information,1-2,46,46,0
17,network_outage,naive,information,1-3,60,60,0
17,network_outage,naive,information,1-4,70,49,0
17,network_outage,naive,information,2-3,43,43,0
17,network_outage,naive,information,2-4,59,43,0
17,network_outage,naive,information,3-4,82,59,0
17,network_outage,naive,p2b_uniform,1-2,60,50,0
17,network_outage,naive,p2b_uniform,1-3,60,50,0
17,network_outage,naive,p2b_uniform,1-4,60,50,0
17,network_outage,naive,p2b_uniform,2-3,60,50,0
17,network_outage,naive,p2b_uniform,2-4,60,50,0
17,network_outage,naive,p2b_uniform,3-4,60,50,0
17,network_outage,gated,cyclic,1-2,60,50,0
17,network_outage,gated,cyclic,1-3,60,50,0
17,network_outage,gated,cyclic,1-4,60,50,0
17,network_outage,gated,cyclic,2-3,60,50,0
17,network_outage,gated,cyclic,2-4,60,50,0
17,network_outage,gated,cyclic,3-4,60,50,0
17,network_outage,gated,information,1-2,47,47,0
17,network_outage,gated,information,1-3,63,63,0
17,network_outage,gated,information,1-4,73,47,0
17,network_outage,gated,information,2-3,42,42,0
17,network_outage,gated,information,2-4,53,43,0
17,network_outage,gated,information,3-4,82,58,0
17,network_outage,gated,p2b_uniform,1-2,60,50,0
17,network_outage,gated,p2b_uniform,1-3,60,50,0
17,network_outage,gated,p2b_uniform,1-4,60,50,0
17,network_outage,gated,p2b_uniform,2-3,60,50,0
17,network_outage,gated,p2b_uniform,2-4,60,50,0
17,network_outage,gated,p2b_uniform,3-4,60,50,0
17,node_outage,naive,cyclic,1-2,60,50,0
17,node_outage,naive,cyclic,1-3,60,50,0
17,node_outage,naive,cyclic,1-4,60,50,0
17,node_outage,naive,cyclic,2-3,60,60,0
17,node_outage,naive,cyclic,2-4,60,60,0
17,node_outage,naive,cyclic,3-4,60,60,0
17,node_outage,naive,information,1-2,46,46,0
17,node_outage,naive,information,1-3,61,61,0
17,node_outage,naive,information,1-4,104,49,0
17,node_outage,naive,information,2-3,42,42,0
17,node_outage,naive,information,2-4,44,44,0
17,node_outage,naive,information,3-4,63,63,0
17,node_outage,naive,p2b_uniform,1-2,60,50,0
17,node_outage,naive,p2b_uniform,1-3,60,50,0
17,node_outage,naive,p2b_uniform,1-4,60,50,0
17,node_outage,naive,p2b_uniform,2-3,60,60,0
17,node_outage,naive,p2b_uniform,2-4,60,60,0
17,node_outage,naive,p2b_uniform,3-4,60,60,0
17,outliers,naive,cyclic,1-2,60,60,5
17,outliers,naive,cyclic,1-3,60,60,4
17,outliers,naive,cyclic,1-4,60,60,4
17,outliers,naive,cyclic,2-3,60,60,1
17,outliers,naive,cyclic,2-4,60,60,4
17,outliers,naive,cyclic,3-4,60,60,3
17,outliers,naive,information,1-2,53,53,1
17,outliers,naive,information,1-3,72,72,5
17,outliers,naive,information,1-4,60,60,6
17,outliers,naive,information,2-3,49,49,3
17,outliers,naive,information,2-4,57,57,1
17,outliers,naive,information,3-4,69,69,10
17,outliers,naive,p2b_uniform,1-2,60,60,0
17,outliers,naive,p2b_uniform,1-3,60,60,3
17,outliers,naive,p2b_uniform,1-4,60,60,3
17,outliers,naive,p2b_uniform,2-3,60,60,0
17,outliers,naive,p2b_uniform,2-4,60,60,4
17,outliers,naive,p2b_uniform,3-4,60,60,3
17,outliers,gated,cyclic,1-2,60,60,5
17,outliers,gated,cyclic,1-3,60,60,4
17,outliers,gated,cyclic,1-4,60,60,4
17,outliers,gated,cyclic,2-3,60,60,1
17,outliers,gated,cyclic,2-4,60,60,4
17,outliers,gated,cyclic,3-4,60,60,3
17,outliers,gated,information,1-2,52,52,4
17,outliers,gated,information,1-3,71,71,3
17,outliers,gated,information,1-4,66,66,4
17,outliers,gated,information,2-3,44,44,0
17,outliers,gated,information,2-4,53,53,3
17,outliers,gated,information,3-4,74,74,4
17,outliers,gated,p2b_uniform,1-2,60,60,0
17,outliers,gated,p2b_uniform,1-3,60,60,3
17,outliers,gated,p2b_uniform,1-4,60,60,3
17,outliers,gated,p2b_uniform,2-3,60,60,0
17,outliers,gated,p2b_uniform,2-4,60,60,4
17,outliers,gated,p2b_uniform,3-4,60,60,3
17,nlos,naive,cyclic,1-2,60,60,20
17,nlos,naive,cyclic,1-3,60,60,0
17,nlos,naive,cyclic,1-4,60,60,0
17,nlos,naive,cyclic,2-3,60,60,0
17,nlos,naive,cyclic,2-4,60,60,0
17,nlos,naive,cyclic,3-4,60,60,0
17,nlos,naive,information,1-2,52,52,13
17,nlos,naive,information,1-3,71,71,0
17,nlos,naive,information,1-4,65,65,0
17,nlos,naive,information,2-3,45,45,0
17,nlos,naive,information,2-4,55,55,0
17,nlos,naive,information,3-4,72,72,0
17,nlos,naive,p2b_uniform,1-2,60,60,20
17,nlos,naive,p2b_uniform,1-3,60,60,0
17,nlos,naive,p2b_uniform,1-4,60,60,0
17,nlos,naive,p2b_uniform,2-3,60,60,0
17,nlos,naive,p2b_uniform,2-4,60,60,0
17,nlos,naive,p2b_uniform,3-4,60,60,0
17,nlos,gated,cyclic,1-2,60,60,20
17,nlos,gated,cyclic,1-3,60,60,0
17,nlos,gated,cyclic,1-4,60,60,0
17,nlos,gated,cyclic,2-3,60,60,0
17,nlos,gated,cyclic,2-4,60,60,0
17,nlos,gated,cyclic,3-4,60,60,0
17,nlos,gated,information,1-2,94,94,53
17,nlos,gated,information,1-3,62,62,0
17,nlos,gated,information,1-4,52,52,0
17,nlos,gated,information,2-3,41,41,0
17,nlos,gated,information,2-4,47,47,0
17,nlos,gated,information,3-4,64,64,0
17,nlos,gated,p2b_uniform,1-2,60,60,20
17,nlos,gated,p2b_uniform,1-3,60,60,0
17,nlos,gated,p2b_uniform,1-4,60,60,0
17,nlos,gated,p2b_uniform,2-3,60,60,0
17,nlos,gated,p2b_uniform,2-4,60,60,0
17,nlos,gated,p2b_uniform,3-4,60,60,0
18,clean,naive,cyclic,1-2,60,60,0
18,clean,naive,cyclic,1-3,60,60,0
18,clean,naive,cyclic,1-4,60,60,0
18,clean,naive,cyclic,2-3,60,60,0
18,clean,naive,cyclic,2-4,60,60,0
18,clean,naive,cyclic,3-4,60,60,0
18,clean,naive,information,1-2,53,53,0
18,clean,naive,information,1-3,72,72,0
18,clean,naive,information,1-4,65,65,0
18,clean,naive,information,2-3,45,45,0
18,clean,naive,information,2-4,51,51,0
18,clean,naive,information,3-4,74,74,0
18,clean,naive,p2b_uniform,1-2,60,60,0
18,clean,naive,p2b_uniform,1-3,60,60,0
18,clean,naive,p2b_uniform,1-4,60,60,0
18,clean,naive,p2b_uniform,2-3,60,60,0
18,clean,naive,p2b_uniform,2-4,60,60,0
18,clean,naive,p2b_uniform,3-4,60,60,0
18,clean,gated,cyclic,1-2,60,60,0
18,clean,gated,cyclic,1-3,60,60,0
18,clean,gated,cyclic,1-4,60,60,0
18,clean,gated,cyclic,2-3,60,60,0
18,clean,gated,cyclic,2-4,60,60,0
18,clean,gated,cyclic,3-4,60,60,0
18,clean,gated,information,1-2,53,53,0
18,clean,gated,information,1-3,72,72,0
18,clean,gated,information,1-4,65,65,0
18,clean,gated,information,2-3,45,45,0
18,clean,gated,information,2-4,51,51,0
18,clean,gated,information,3-4,74,74,0
18,clean,gated,p2b_uniform,1-2,60,60,0
18,clean,gated,p2b_uniform,1-3,60,60,0
18,clean,gated,p2b_uniform,1-4,60,60,0
18,clean,gated,p2b_uniform,2-3,60,60,0
18,clean,gated,p2b_uniform,2-4,60,60,0
18,clean,gated,p2b_uniform,3-4,60,60,0
18,loss30,naive,cyclic,1-2,60,37,0
18,loss30,naive,cyclic,1-3,60,37,0
18,loss30,naive,cyclic,1-4,60,36,0
18,loss30,naive,cyclic,2-3,60,40,0
18,loss30,naive,cyclic,2-4,60,45,0
18,loss30,naive,cyclic,3-4,60,37,0
18,loss30,naive,information,1-2,52,35,0
18,loss30,naive,information,1-3,72,49,0
18,loss30,naive,information,1-4,69,45,0
18,loss30,naive,information,2-3,44,30,0
18,loss30,naive,information,2-4,52,36,0
18,loss30,naive,information,3-4,71,48,0
18,loss30,naive,p2b_uniform,1-2,60,45,0
18,loss30,naive,p2b_uniform,1-3,60,43,0
18,loss30,naive,p2b_uniform,1-4,60,44,0
18,loss30,naive,p2b_uniform,2-3,60,41,0
18,loss30,naive,p2b_uniform,2-4,60,46,0
18,loss30,naive,p2b_uniform,3-4,60,37,0
18,loss50,naive,cyclic,1-2,60,26,0
18,loss50,naive,cyclic,1-3,60,23,0
18,loss50,naive,cyclic,1-4,60,25,0
18,loss50,naive,cyclic,2-3,60,29,0
18,loss50,naive,cyclic,2-4,60,31,0
18,loss50,naive,cyclic,3-4,60,24,0
18,loss50,naive,information,1-2,44,25,0
18,loss50,naive,information,1-3,69,32,0
18,loss50,naive,information,1-4,79,32,0
18,loss50,naive,information,2-3,48,19,0
18,loss50,naive,information,2-4,59,28,0
18,loss50,naive,information,3-4,61,30,0
18,loss50,naive,p2b_uniform,1-2,60,38,0
18,loss50,naive,p2b_uniform,1-3,60,26,0
18,loss50,naive,p2b_uniform,1-4,60,33,0
18,loss50,naive,p2b_uniform,2-3,60,33,0
18,loss50,naive,p2b_uniform,2-4,60,34,0
18,loss50,naive,p2b_uniform,3-4,60,24,0
18,network_outage,naive,cyclic,1-2,60,50,0
18,network_outage,naive,cyclic,1-3,60,50,0
18,network_outage,naive,cyclic,1-4,60,50,0
18,network_outage,naive,cyclic,2-3,60,50,0
18,network_outage,naive,cyclic,2-4,60,50,0
18,network_outage,naive,cyclic,3-4,60,50,0
18,network_outage,naive,information,1-2,48,48,0
18,network_outage,naive,information,1-3,62,62,0
18,network_outage,naive,information,1-4,74,48,0
18,network_outage,naive,information,2-3,41,41,0
18,network_outage,naive,information,2-4,52,43,0
18,network_outage,naive,information,3-4,83,58,0
18,network_outage,naive,p2b_uniform,1-2,60,50,0
18,network_outage,naive,p2b_uniform,1-3,60,50,0
18,network_outage,naive,p2b_uniform,1-4,60,50,0
18,network_outage,naive,p2b_uniform,2-3,60,50,0
18,network_outage,naive,p2b_uniform,2-4,60,50,0
18,network_outage,naive,p2b_uniform,3-4,60,50,0
18,network_outage,gated,cyclic,1-2,60,50,0
18,network_outage,gated,cyclic,1-3,60,50,0
18,network_outage,gated,cyclic,1-4,60,50,0
18,network_outage,gated,cyclic,2-3,60,50,0
18,network_outage,gated,cyclic,2-4,60,50,0
18,network_outage,gated,cyclic,3-4,60,50,0
18,network_outage,gated,information,1-2,48,48,0
18,network_outage,gated,information,1-3,62,62,0
18,network_outage,gated,information,1-4,74,48,0
18,network_outage,gated,information,2-3,41,41,0
18,network_outage,gated,information,2-4,52,43,0
18,network_outage,gated,information,3-4,83,58,0
18,network_outage,gated,p2b_uniform,1-2,60,50,0
18,network_outage,gated,p2b_uniform,1-3,60,50,0
18,network_outage,gated,p2b_uniform,1-4,60,50,0
18,network_outage,gated,p2b_uniform,2-3,60,50,0
18,network_outage,gated,p2b_uniform,2-4,60,50,0
18,network_outage,gated,p2b_uniform,3-4,60,50,0
18,node_outage,naive,cyclic,1-2,60,50,0
18,node_outage,naive,cyclic,1-3,60,50,0
18,node_outage,naive,cyclic,1-4,60,50,0
18,node_outage,naive,cyclic,2-3,60,60,0
18,node_outage,naive,cyclic,2-4,60,60,0
18,node_outage,naive,cyclic,3-4,60,60,0
18,node_outage,naive,information,1-2,47,47,0
18,node_outage,naive,information,1-3,63,63,0
18,node_outage,naive,information,1-4,103,48,0
18,node_outage,naive,information,2-3,41,41,0
18,node_outage,naive,information,2-4,43,43,0
18,node_outage,naive,information,3-4,63,63,0
18,node_outage,naive,p2b_uniform,1-2,60,50,0
18,node_outage,naive,p2b_uniform,1-3,60,50,0
18,node_outage,naive,p2b_uniform,1-4,60,50,0
18,node_outage,naive,p2b_uniform,2-3,60,60,0
18,node_outage,naive,p2b_uniform,2-4,60,60,0
18,node_outage,naive,p2b_uniform,3-4,60,60,0
18,outliers,naive,cyclic,1-2,60,60,5
18,outliers,naive,cyclic,1-3,60,60,1
18,outliers,naive,cyclic,1-4,60,60,5
18,outliers,naive,cyclic,2-3,60,60,3
18,outliers,naive,cyclic,2-4,60,60,4
18,outliers,naive,cyclic,3-4,60,60,4
18,outliers,naive,information,1-2,54,54,4
18,outliers,naive,information,1-3,74,74,3
18,outliers,naive,information,1-4,64,64,2
18,outliers,naive,information,2-3,46,46,2
18,outliers,naive,information,2-4,53,53,3
18,outliers,naive,information,3-4,69,69,2
18,outliers,naive,p2b_uniform,1-2,60,60,2
18,outliers,naive,p2b_uniform,1-3,60,60,3
18,outliers,naive,p2b_uniform,1-4,60,60,4
18,outliers,naive,p2b_uniform,2-3,60,60,0
18,outliers,naive,p2b_uniform,2-4,60,60,5
18,outliers,naive,p2b_uniform,3-4,60,60,4
18,outliers,gated,cyclic,1-2,60,60,5
18,outliers,gated,cyclic,1-3,60,60,1
18,outliers,gated,cyclic,1-4,60,60,5
18,outliers,gated,cyclic,2-3,60,60,3
18,outliers,gated,cyclic,2-4,60,60,4
18,outliers,gated,cyclic,3-4,60,60,4
18,outliers,gated,information,1-2,51,51,5
18,outliers,gated,information,1-3,70,70,4
18,outliers,gated,information,1-4,66,66,6
18,outliers,gated,information,2-3,43,43,3
18,outliers,gated,information,2-4,56,56,6
18,outliers,gated,information,3-4,74,74,7
18,outliers,gated,p2b_uniform,1-2,60,60,2
18,outliers,gated,p2b_uniform,1-3,60,60,3
18,outliers,gated,p2b_uniform,1-4,60,60,4
18,outliers,gated,p2b_uniform,2-3,60,60,0
18,outliers,gated,p2b_uniform,2-4,60,60,5
18,outliers,gated,p2b_uniform,3-4,60,60,4
18,nlos,naive,cyclic,1-2,60,60,20
18,nlos,naive,cyclic,1-3,60,60,0
18,nlos,naive,cyclic,1-4,60,60,0
18,nlos,naive,cyclic,2-3,60,60,0
18,nlos,naive,cyclic,2-4,60,60,0
18,nlos,naive,cyclic,3-4,60,60,0
18,nlos,naive,information,1-2,52,52,12
18,nlos,naive,information,1-3,72,72,0
18,nlos,naive,information,1-4,65,65,0
18,nlos,naive,information,2-3,45,45,0
18,nlos,naive,information,2-4,53,53,0
18,nlos,naive,information,3-4,73,73,0
18,nlos,naive,p2b_uniform,1-2,60,60,20
18,nlos,naive,p2b_uniform,1-3,60,60,0
18,nlos,naive,p2b_uniform,1-4,60,60,0
18,nlos,naive,p2b_uniform,2-3,60,60,0
18,nlos,naive,p2b_uniform,2-4,60,60,0
18,nlos,naive,p2b_uniform,3-4,60,60,0
18,nlos,gated,cyclic,1-2,60,60,20
18,nlos,gated,cyclic,1-3,60,60,0
18,nlos,gated,cyclic,1-4,60,60,0
18,nlos,gated,cyclic,2-3,60,60,0
18,nlos,gated,cyclic,2-4,60,60,0
18,nlos,gated,cyclic,3-4,60,60,0
18,nlos,gated,information,1-2,111,111,69
18,nlos,gated,information,1-3,51,51,0
18,nlos,gated,information,1-4,63,63,0
18,nlos,gated,information,2-3,32,32,0
18,nlos,gated,information,2-4,44,44,0
18,nlos,gated,information,3-4,59,59,0
18,nlos,gated,p2b_uniform,1-2,60,60,20
18,nlos,gated,p2b_uniform,1-3,60,60,0
18,nlos,gated,p2b_uniform,1-4,60,60,0
18,nlos,gated,p2b_uniform,2-3,60,60,0
18,nlos,gated,p2b_uniform,2-4,60,60,0
18,nlos,gated,p2b_uniform,3-4,60,60,0
19,clean,naive,cyclic,1-2,60,60,0
19,clean,naive,cyclic,1-3,60,60,0
19,clean,naive,cyclic,1-4,60,60,0
19,clean,naive,cyclic,2-3,60,60,0
19,clean,naive,cyclic,2-4,60,60,0
19,clean,naive,cyclic,3-4,60,60,0
19,clean,naive,information,1-2,50,50,0
19,clean,naive,information,1-3,71,71,0
19,clean,naive,information,1-4,65,65,0
19,clean,naive,information,2-3,47,47,0
19,clean,naive,information,2-4,53,53,0
19,clean,naive,information,3-4,74,74,0
19,clean,naive,p2b_uniform,1-2,60,60,0
19,clean,naive,p2b_uniform,1-3,60,60,0
19,clean,naive,p2b_uniform,1-4,60,60,0
19,clean,naive,p2b_uniform,2-3,60,60,0
19,clean,naive,p2b_uniform,2-4,60,60,0
19,clean,naive,p2b_uniform,3-4,60,60,0
19,clean,gated,cyclic,1-2,60,60,0
19,clean,gated,cyclic,1-3,60,60,0
19,clean,gated,cyclic,1-4,60,60,0
19,clean,gated,cyclic,2-3,60,60,0
19,clean,gated,cyclic,2-4,60,60,0
19,clean,gated,cyclic,3-4,60,60,0
19,clean,gated,information,1-2,51,51,0
19,clean,gated,information,1-3,72,72,0
19,clean,gated,information,1-4,65,65,0
19,clean,gated,information,2-3,45,45,0
19,clean,gated,information,2-4,52,52,0
19,clean,gated,information,3-4,75,75,0
19,clean,gated,p2b_uniform,1-2,60,60,0
19,clean,gated,p2b_uniform,1-3,60,60,0
19,clean,gated,p2b_uniform,1-4,60,60,0
19,clean,gated,p2b_uniform,2-3,60,60,0
19,clean,gated,p2b_uniform,2-4,60,60,0
19,clean,gated,p2b_uniform,3-4,60,60,0
19,loss30,naive,cyclic,1-2,60,34,0
19,loss30,naive,cyclic,1-3,60,41,0
19,loss30,naive,cyclic,1-4,60,45,0
19,loss30,naive,cyclic,2-3,60,41,0
19,loss30,naive,cyclic,2-4,60,42,0
19,loss30,naive,cyclic,3-4,60,36,0
19,loss30,naive,information,1-2,47,34,0
19,loss30,naive,information,1-3,75,50,0
19,loss30,naive,information,1-4,73,43,0
19,loss30,naive,information,2-3,45,31,0
19,loss30,naive,information,2-4,57,38,0
19,loss30,naive,information,3-4,63,45,0
19,loss30,naive,p2b_uniform,1-2,60,41,0
19,loss30,naive,p2b_uniform,1-3,60,39,0
19,loss30,naive,p2b_uniform,1-4,60,42,0
19,loss30,naive,p2b_uniform,2-3,60,46,0
19,loss30,naive,p2b_uniform,2-4,60,42,0
19,loss30,naive,p2b_uniform,3-4,60,36,0
19,loss50,naive,cyclic,1-2,60,22,0
19,loss50,naive,cyclic,1-3,60,31,0
19,loss50,naive,cyclic,1-4,60,32,0
19,loss50,naive,cyclic,2-3,60,27,0
19,loss50,naive,cyclic,2-4,60,29,0
19,loss50,naive,cyclic,3-4,60,26,0
19,loss50,naive,information,1-2,57,27,0
19,loss50,naive,information,1-3,67,34,0
19,loss50,naive,information,1-4,61,33,0
19,loss50,naive,information,2-3,53,25,0
19,loss50,naive,information,2-4,44,31,0
19,loss50,naive,information,3-4,78,33,0
19,loss50,naive,p2b_uniform,1-2,60,26,0
19,loss50,naive,p2b_uniform,1-3,60,29,0
19,loss50,naive,p2b_uniform,1-4,60,31,0
19,loss50,naive,p2b_uniform,2-3,60,37,0
19,loss50,naive,p2b_uniform,2-4,60,32,0
19,loss50,naive,p2b_uniform,3-4,60,26,0
19,network_outage,naive,cyclic,1-2,60,50,0
19,network_outage,naive,cyclic,1-3,60,50,0
19,network_outage,naive,cyclic,1-4,60,50,0
19,network_outage,naive,cyclic,2-3,60,50,0
19,network_outage,naive,cyclic,2-4,60,50,0
19,network_outage,naive,cyclic,3-4,60,50,0
19,network_outage,naive,information,1-2,47,47,0
19,network_outage,naive,information,1-3,62,62,0
19,network_outage,naive,information,1-4,67,46,0
19,network_outage,naive,information,2-3,42,42,0
19,network_outage,naive,information,2-4,59,43,0
19,network_outage,naive,information,3-4,83,60,0
19,network_outage,naive,p2b_uniform,1-2,60,50,0
19,network_outage,naive,p2b_uniform,1-3,60,50,0
19,network_outage,naive,p2b_uniform,1-4,60,50,0
19,network_outage,naive,p2b_uniform,2-3,60,50,0
19,network_outage,naive,p2b_uniform,2-4,60,50,0
19,network_outage,naive,p2b_uniform,3-4,60,50,0
19,network_outage,gated,cyclic,1-2,60,50,0
19,network_outage,gated,cyclic,1-3,60,50,0
19,network_outage,gated,cyclic,1-4,60,50,0
19,network_outage,gated,cyclic,2-3,60,50,0
19,network_outage,gated,cyclic,2-4,60,50,0
19,network_outage,gated,cyclic,3-4,60,50,0
19,network_outage,gated,information,1-2,48,48,0
19,network_outage,gated,information,1-3,60,60,0
19,network_outage,gated,information,1-4,66,47,0
19,network_outage,gated,information,2-3,42,42,0
19,network_outage,gated,information,2-4,61,43,0
19,network_outage,gated,information,3-4,83,60,0
19,network_outage,gated,p2b_uniform,1-2,60,50,0
19,network_outage,gated,p2b_uniform,1-3,60,50,0
19,network_outage,gated,p2b_uniform,1-4,60,50,0
19,network_outage,gated,p2b_uniform,2-3,60,50,0
19,network_outage,gated,p2b_uniform,2-4,60,50,0
19,network_outage,gated,p2b_uniform,3-4,60,50,0
19,node_outage,naive,cyclic,1-2,60,50,0
19,node_outage,naive,cyclic,1-3,60,50,0
19,node_outage,naive,cyclic,1-4,60,50,0
19,node_outage,naive,cyclic,2-3,60,60,0
19,node_outage,naive,cyclic,2-4,60,60,0
19,node_outage,naive,cyclic,3-4,60,60,0
19,node_outage,naive,information,1-2,46,46,0
19,node_outage,naive,information,1-3,62,62,0
19,node_outage,naive,information,1-4,102,47,0
19,node_outage,naive,information,2-3,42,42,0
19,node_outage,naive,information,2-4,44,44,0
19,node_outage,naive,information,3-4,64,64,0
19,node_outage,naive,p2b_uniform,1-2,60,50,0
19,node_outage,naive,p2b_uniform,1-3,60,50,0
19,node_outage,naive,p2b_uniform,1-4,60,50,0
19,node_outage,naive,p2b_uniform,2-3,60,60,0
19,node_outage,naive,p2b_uniform,2-4,60,60,0
19,node_outage,naive,p2b_uniform,3-4,60,60,0
19,outliers,naive,cyclic,1-2,60,60,2
19,outliers,naive,cyclic,1-3,60,60,3
19,outliers,naive,cyclic,1-4,60,60,2
19,outliers,naive,cyclic,2-3,60,60,3
19,outliers,naive,cyclic,2-4,60,60,3
19,outliers,naive,cyclic,3-4,60,60,0
19,outliers,naive,information,1-2,53,53,4
19,outliers,naive,information,1-3,73,73,2
19,outliers,naive,information,1-4,63,63,3
19,outliers,naive,information,2-3,45,45,2
19,outliers,naive,information,2-4,55,55,1
19,outliers,naive,information,3-4,71,71,2
19,outliers,naive,p2b_uniform,1-2,60,60,4
19,outliers,naive,p2b_uniform,1-3,60,60,1
19,outliers,naive,p2b_uniform,1-4,60,60,2
19,outliers,naive,p2b_uniform,2-3,60,60,4
19,outliers,naive,p2b_uniform,2-4,60,60,1
19,outliers,naive,p2b_uniform,3-4,60,60,0
19,outliers,gated,cyclic,1-2,60,60,2
19,outliers,gated,cyclic,1-3,60,60,3
19,outliers,gated,cyclic,1-4,60,60,2
19,outliers,gated,cyclic,2-3,60,60,3
19,outliers,gated,cyclic,2-4,60,60,3
19,outliers,gated,cyclic,3-4,60,60,0
19,outliers,gated,information,1-2,53,53,3
19,outliers,gated,information,1-3,74,74,5
19,outliers,gated,information,1-4,64,64,1
19,outliers,gated,information,2-3,44,44,1
19,outliers,gated,information,2-4,53,53,2
19,outliers,gated,information,3-4,72,72,3
19,outliers,gated,p2b_uniform,1-2,60,60,4
19,outliers,gated,p2b_uniform,1-3,60,60,1
19,outliers,gated,p2b_uniform,1-4,60,60,2
19,outliers,gated,p2b_uniform,2-3,60,60,4
19,outliers,gated,p2b_uniform,2-4,60,60,1
19,outliers,gated,p2b_uniform,3-4,60,60,0
19,nlos,naive,cyclic,1-2,60,60,20
19,nlos,naive,cyclic,1-3,60,60,0
19,nlos,naive,cyclic,1-4,60,60,0
19,nlos,naive,cyclic,2-3,60,60,0
19,nlos,naive,cyclic,2-4,60,60,0
19,nlos,naive,cyclic,3-4,60,60,0
19,nlos,naive,information,1-2,51,51,12
19,nlos,naive,information,1-3,72,72,0
19,nlos,naive,information,1-4,64,64,0
19,nlos,naive,information,2-3,45,45,0
19,nlos,naive,information,2-4,55,55,0
19,nlos,naive,information,3-4,73,73,0
19,nlos,naive,p2b_uniform,1-2,60,60,20
19,nlos,naive,p2b_uniform,1-3,60,60,0
19,nlos,naive,p2b_uniform,1-4,60,60,0
19,nlos,naive,p2b_uniform,2-3,60,60,0
19,nlos,naive,p2b_uniform,2-4,60,60,0
19,nlos,naive,p2b_uniform,3-4,60,60,0
19,nlos,gated,cyclic,1-2,60,60,20
19,nlos,gated,cyclic,1-3,60,60,0
19,nlos,gated,cyclic,1-4,60,60,0
19,nlos,gated,cyclic,2-3,60,60,0
19,nlos,gated,cyclic,2-4,60,60,0
19,nlos,gated,cyclic,3-4,60,60,0
19,nlos,gated,information,1-2,77,77,40
19,nlos,gated,information,1-3,67,67,0
19,nlos,gated,information,1-4,54,54,0
19,nlos,gated,information,2-3,43,43,0
19,nlos,gated,information,2-4,48,48,0
19,nlos,gated,information,3-4,71,71,0
19,nlos,gated,p2b_uniform,1-2,60,60,20
19,nlos,gated,p2b_uniform,1-3,60,60,0
19,nlos,gated,p2b_uniform,1-4,60,60,0
19,nlos,gated,p2b_uniform,2-3,60,60,0
19,nlos,gated,p2b_uniform,2-4,60,60,0
19,nlos,gated,p2b_uniform,3-4,60,60,0
