seed,case,mode,policy,attempted,received,accepted,rejected,fleet_rmse_m,worst_node_rmse_m,centroid_rmse_m,relative_shape_rmse_m,yaw_rmse_deg,pre_shape_rmse_m,outage_shape_rmse_m,recovery_shape_rmse_m,late_shape_rmse_m,shape_at_30s_m,shape_at_40s_m
0,clean,naive,cyclic,360,360,360,0,1.125631747174536,1.13501721491629,1.1225539220377942,0.08318366645420618,0.03483578711628007,0.11852360531408757,0.1120832338279894,0.06410713466397272,0.04957654228779683,0.07027224262914823,0.04111711321380455
0,clean,naive,information,360,360,360,0,1.1246366052267258,1.1420615123493596,1.12324938606238,0.055841834912368084,0.03595825642524108,0.06758425370789113,0.04635026046076383,0.06757942284460405,0.03955479748344989,0.04465651194945135,0.03248252140908851
0,clean,naive,p2b_uniform,360,360,360,0,1.1251418881385176,1.1446857030774986,1.1233474014287215,0.0635207379305975,0.03817464472542686,0.06258835058550058,0.0613352392327274,0.08123711760572183,0.05148775248535765,0.06537491136637148,0.0490666136101337
0,clean,gated,cyclic,360,360,359,1,1.1258363133822242,1.1323964224758962,1.1229396904828932,0.08070846342399,0.034371597226316,0.1136372418182326,0.10651677589112382,0.06374673496200707,0.04938932433988733,0.0683589488941602,0.041016636120655786
0,clean,gated,information,360,360,360,0,1.1246366052267258,1.1420615123493596,1.12324938606238,0.055841834912368084,0.03595825642524108,0.06758425370789113,0.04635026046076383,0.06757942284460405,0.03955479748344989,0.04465651194945135,0.03248252140908851
0,clean,gated,p2b_uniform,360,360,360,0,1.1251418881385176,1.1446857030774986,1.1233474014287215,0.0635207379305975,0.03817464472542686,0.06258835058550058,0.0613352392327274,0.08123711760572183,0.05148775248535765,0.06537491136637148,0.0490666136101337
0,loss30,naive,cyclic,360,257,257,0,1.1241512657689723,1.139882308251296,1.1205035026044372,0.09048739680845352,0.042481376099060934,0.11671488534156522,0.09854094125250722,0.06892431806771873,0.059294275941600486,0.05614393099376173,0.0632514241869511
0,loss30,naive,information,360,250,250,0,1.1249234704753772,1.150800863928802,1.1223901123493134,0.07545362898405165,0.04295280240332439,0.07120209721222955,0.08920247173543518,0.07974790287054502,0.06343181845228084,0.08793082360429115,0.06098237373056055
0,loss30,naive,p2b_uniform,360,266,266,0,1.1248734868991694,1.1464740468278898,1.122614821033334,0.07124833419099427,0.0468857658048557,0.05809738656215826,0.06563158083011471,0.07594324119901585,0.07382435787717886,0.06514034993585595,0.04714711435232105
0,loss50,naive,cyclic,360,183,183,0,1.1263494518202342,1.1577743281553634,1.1217855639649428,0.10129282351478561,0.04451877299026642,0.15288703740029239,0.10568167402212898,0.0812450643983449,0.06119528259579976,0.06320721143285306,0.11606844317024713
0,loss50,naive,information,360,178,178,0,1.1331200105063306,1.1705003018767184,1.1289198839638164,0.09747232325634693,0.05951153924601762,0.08680157133047132,0.059960556690375665,0.14318543933113687,0.08173735083426509,0.09003075146251956,0.05392594563466083
0,loss50,naive,p2b_uniform,360,182,182,0,1.1250144902084485,1.1647271214688855,1.122090279849476,0.0810617483545695,0.041632037005591226,0.06289970631351474,0.08617553111979698,0.10314539479868752,0.07819877873379315,0.08623179019303931,0.06127086781492641
0,network_outage,naive,cyclic,360,300,300,0,1.1227452486545018,1.1465416617513464,1.1192594944223229,0.08840292711073074,0.03259472412201494,0.11852360531408757,0.12806386653463311,0.07395814547209381,0.050458003515730133,0.1457273990453832,0.0459033601567462
0,network_outage,naive,information,360,300,300,0,1.125682956109353,1.1493219060219115,1.1231905135608893,0.07486780297242421,0.034861714009030174,0.06758425370789113,0.10188379747178393,0.09012328347455659,0.0559649818486019,0.1504063422725183,0.02546536813732224
0,network_outage,naive,p2b_uniform,360,300,300,0,1.125727625058959,1.139544323841568,1.122298836030496,0.08779526448207715,0.03381215170294743,0.06258835058550058,0.10816136057705776,0.13888091275486578,0.057958524579598714,0.15470109522379058,0.05418811302245871
0,network_outage,gated,cyclic,360,300,299,1,1.122833430808795,1.1434456845247485,1.1195831317903382,0.08537285489186439,0.03271102493064612,0.1136372418182326,0.12097001641422088,0.07225889541942229,0.05040669839773223,0.13881266613050097,0.04588708804637622
0,network_outage,gated,information,360,300,299,1,1.1252286385245849,1.1468077559045493,1.1227266072735305,0.07499636175148014,0.03570023796600454,0.06758425370789113,0.10188379747178393,0.09012328347455659,0.05647883673299309,0.1504063422725183,0.02546536813732224
0,network_outage,gated,p2b_uniform,360,300,300,0,1.125727625058959,1.139544323841568,1.122298836030496,0.08779526448207715,0.03381215170294743,0.06258835058550058,0.10816136057705776,0.13888091275486578,0.057958524579598714,0.15470109522379058,0.05418811302245871
0,node_outage,naive,cyclic,360,330,330,0,1.123842811387509,1.1451871907914584,1.120234946053379,0.08997961073578543,0.03563657021664556,0.11852360531408757,0.13049306305860395,0.07681438966495598,0.053482592022300594,0.14759827430251726,0.04483930941151364
0,node_outage,naive,information,360,305,305,0,1.1248354444916135,1.1504009729693612,1.1221517929580584,0.07765391648629465,0.0393635218798643,0.06758425370789113,0.11366419446141485,0.09838761093677081,0.04856880040637217,0.13061192648324377,0.06206607123302898
0,node_outage,naive,p2b_uniform,360,330,330,0,1.126769748695192,1.1453252781261363,1.1241678687544172,0.07652887974338361,0.03745206023554596,0.06258835058550058,0.0974767148446769,0.10666919441911403,0.05345913301716458,0.0895528898306314,0.05148266428652697
0,outliers,naive,cyclic,360,360,360,0,1.1466418728628356,1.2459616153838187,1.1078125708030442,0.29586972229875325,0.1052943120131655,0.40574040653901466,0.29715394080645036,0.28377781505420946,0.23295494260389027,0.358051941462094,0.27321042274412893
0,outliers,naive,information,360,360,360,0,1.1774511437001465,1.3351069692151218,1.1138406059245456,0.3817725767972651,0.13407482775883797,0.4449521240967516,0.4234069403614329,0.4261311967079361,0.22036826225352157,0.4161770023616578,0.381528416473936
0,outliers,naive,p2b_uniform,360,360,360,0,1.1481076098869145,1.2371859813756843,1.1241181983807056,0.23347239654734447,0.06714988862552668,0.14876477229426358,0.22649721683806093,0.2878312002054928,0.26853471997917683,0.315541088631084,0.4010430208348923
0,outliers,gated,cyclic,360,360,343,17,1.1271372212148754,1.1345363219380937,1.1241665798611848,0.08177906927323844,0.035315268344075536,0.11474768133014669,0.10521340179547171,0.06441828221274275,0.049101825991649396,0.07141509649823014,0.04738041242263356
0,outliers,gated,information,360,360,340,20,1.119120321391008,1.148056873183605,1.1172829636996175,0.06410204970913068,0.04448960776532626,0.06886274219449666,0.053713381964721085,0.06214043003694971,0.06232693527637868,0.0634155146462258,0.056072817544486106
0,outliers,gated,p2b_uniform,360,360,336,24,1.126365469723236,1.1411279225994628,1.1241229429234358,0.07104069663228024,0.038607306252767724,0.06446791660332434,0.0610835163248443,0.0823885128172476,0.05768139405425414,0.06431510891609121,0.06423780152126987
0,nlos,naive,cyclic,360,360,360,0,1.1372318260899668,1.2216592677210547,1.1237508439006334,0.17458598770959574,0.04576212548576456,0.11852360531408757,0.2715086845747754,0.22791735657257226,0.1365587686742307,0.29458403184113857,0.2581483803584649
0,nlos,naive,information,360,360,360,0,1.1297287675975518,1.2023563532267798,1.1218993329590765,0.13277415050928612,0.049798253120698424,0.06758425370789113,0.13766872728817162,0.1863944963762241,0.14698190528216007,0.13533770084489405,0.2651180728943202
0,nlos,naive,p2b_uniform,360,360,360,0,1.1353390925347435,1.2052775037835473,1.1261461028906845,0.1441867191586616,0.05359315280320167,0.06258835058550058,0.21588252014448261,0.2102835722757774,0.11263944283635348,0.22840498537195045,0.209121302014566
0,nlos,gated,cyclic,360,360,339,21,1.1252893124650656,1.1416333314066163,1.1224773435583006,0.07950251534637556,0.03331361943826259,0.1136372418182326,0.10788967657680266,0.06004737201588378,0.04406403869802347,0.064626629671113,0.025225035504812355
0,nlos,gated,information,360,360,272,88,1.128687605199899,1.2205745433541821,1.1202349671025456,0.1378743218030179,0.048045475051424875,0.06758425370789113,0.07386618100733844,0.15298113815114803,0.1953336333141744,0.07877349581986554,0.314237675456954
0,nlos,gated,p2b_uniform,360,360,339,21,1.1272734196722944,1.1832871481480258,1.122668930609376,0.10178327438272687,0.03944361408049508,0.06258835058550058,0.08341411896231954,0.12356572119474783,0.12525982229205346,0.07160953720098737,0.22296827622721524
1,clean,naive,cyclic,360,360,360,0,0.9299850280462881,0.9476509680723133,0.9265984902924782,0.07929306513154563,0.10037880945478404,0.09421073935870636,0.0801722390510837,0.09131062434099532,0.0528733652270012,0.10100405900054321,0.05218721579418724
1,clean,naive,information,360,360,360,0,0.9232484113371356,0.9532984500157979,0.9208013548620688,0.06717509896325558,0.0765403876851739,0.06979435231060732,0.058721130287847124,0.051536144076526,0.05484979409500204,0.0485587197728212,0.056640064579851275
1,clean,naive,p2b_uniform,360,360,360,0,0.9250338304426636,0.9358698236705256,0.9228751785216321,0.06315846999486478,0.08595600948799732,0.05068790641201183,0.06392660861027066,0.0634558582224375,0.05369442996690928,0.04277893768501235,0.03557228004608085
1,clean,gated,cyclic,360,360,360,0,0.9299850280462881,0.9476509680723133,0.9265984902924782,0.07929306513154563,0.10037880945478404,0.09421073935870636,0.0801722390510837,0.09131062434099532,0.0528733652270012,0.10100405900054321,0.05218721579418724
1,clean,gated,information,360,360,358,2,0.9227936319243257,0.9426604923381215,0.9202979945025486,0.06782100290230893,0.07121428711120259,0.06979435231060732,0.058721130287847124,0.05124729961901679,0.05731346350379512,0.0485587197728212,0.04702913319742864
1,clean,gated,p2b_uniform,360,360,357,3,0.9252529519706323,0.9412872279724428,0.9226939078843925,0.06876756127272192,0.08715333421186712,0.05068790641201183,0.07781625345117214,0.07767662774145845,0.05581591001058626,0.07144272186948922,0.03879018828460046
1,loss30,naive,cyclic,360,248,248,0,0.9317217504459572,0.9504387144211589,0.9274690175157289,0.08891929938144658,0.10416956816720203,0.09780118173682617,0.08912446150613658,0.08349689899954915,0.06967677725336949,0.11098969581787084,0.06545974261772919
1,loss30,naive,information,360,244,244,0,0.9276085368880904,0.9520424034611045,0.922998897043004,0.09236143007263323,0.08366848764618282,0.10570898560471884,0.0926801342865456,0.06501928950200715,0.07932359363009071,0.09016261715082352,0.036463414423508804
1,loss30,naive,p2b_uniform,360,250,250,0,0.924290784490295,0.9324265635443018,0.9216355587852519,0.07000964987972301,0.08327562370266355,0.06863181114285807,0.08020858131841926,0.05930488032680798,0.05611402367900476,0.09353659773086737,0.03765501843471448
1,loss50,naive,cyclic,360,172,172,0,0.9325232985459391,0.9494228077017646,0.9271945888661027,0.09954846411882583,0.1035403981042464,0.08287006297648576,0.07750445184140076,0.09745756213921962,0.07890992506298102,0.05106976287316877,0.08445278443414893
1,loss50,naive,information,360,183,183,0,0.9291074701825086,0.9678388313868457,0.925855272323829,0.07767049542206843,0.08915504402748377,0.055257543531644464,0.048789471645527424,0.0681608989454557,0.09299273081448292,0.053228503202666616,0.09059861776191297
1,loss50,naive,p2b_uniform,360,175,175,0,0.9260848772343412,0.9416794706895741,0.9220537184958232,0.08631419379319952,0.08551043559991564,0.08195682756226569,0.11968883415229807,0.07292706739472045,0.06139556426490079,0.10882817750802257,0.04758050068052423
1,network_outage,naive,cyclic,360,300,300,0,0.9322284833217523,0.9589790889303796,0.927298959544901,0.095742282943947,0.10271446677639069,0.09421073935870636,0.14592871040460006,0.10339089108181587,0.053148640882380055,0.12343211690670218,0.054880176859955436
1,network_outage,naive,information,360,300,300,0,0.9242841753908044,0.9593540068443859,0.9205748789321299,0.0827232080915256,0.07933505531656306,0.06979435231060732,0.1175728213190872,0.08305466221380915,0.05189488105083322,0.13387579221761872,0.052755762045389905
1,network_outage,naive,p2b_uniform,360,300,300,0,0.9304920834613554,0.9375475263048846,0.9259228829056229,0.09209957815318205,0.09569959347844817,0.05068790641201183,0.1569196815018603,0.0985710011127889,0.05702445341243652,0.10055941793068912,0.04233769953437169
1,network_outage,gated,cyclic,360,300,300,0,0.9322284833217523,0.9589790889303796,0.927298959544901,0.095742282943947,0.10271446677639069,0.09421073935870636,0.14592871040460006,0.10339089108181587,0.053148640882380055,0.12343211690670218,0.054880176859955436
1,network_outage,gated,information,360,300,300,0,0.9242841753908044,0.9593540068443859,0.9205748789321299,0.0827232080915256,0.07933505531656306,0.06979435231060732,0.1175728213190872,0.08305466221380915,0.05189488105083322,0.13387579221761872,0.052755762045389905
1,network_outage,gated,p2b_uniform,360,300,300,0,0.9304920834613554,0.9375475263048846,0.9259228829056229,0.09209957815318205,0.09569959347844817,0.05068790641201183,0.1569196815018603,0.0985710011127889,0.05702445341243652,0.10055941793068912,0.04233769953437169
1,node_outage,naive,cyclic,360,330,330,0,0.9292791735829621,0.9543558924372156,0.9254701623980518,0.08405213242956329,0.09612194915866859,0.09421073935870636,0.09441613440214512,0.10001153926852252,0.05524687586105166,0.11640181466515198,0.0580368732019674
1,node_outage,naive,information,360,305,305,0,0.9220418403700034,0.9582302965419903,0.9187079388673435,0.07833823112006227,0.06962377868898201,0.06979435231060732,0.09509554771361318,0.06591414698876266,0.06511531014858256,0.13127039043054128,0.045165280955998935
1,node_outage,naive,p2b_uniform,360,330,330,0,0.9264695874417165,0.9464596714452075,0.9239070757156879,0.06885936317531734,0.09150021949448853,0.05068790641201183,0.07420759542419499,0.08379092565490603,0.054167210667171076,0.08531612439873539,0.03239579477662051
1,outliers,naive,cyclic,360,360,360,0,1.0250248479520374,1.13383093480221,0.9416868873774187,0.40484780481129745,0.1780109289893363,0.6346982485098023,0.2889622627593949,0.23257760657012122,0.21821154016200567,0.1341968445356684,0.28941704462516543
1,outliers,naive,information,360,360,360,0,1.0095197498198478,1.0701155600710506,0.9449068785877295,0.3553605437776148,0.17936184003339145,0.33646100151511055,0.40428102088901274,0.3741065945931759,0.26319615653868944,0.2985028401423489,0.38148409964814434
1,outliers,naive,p2b_uniform,360,360,360,0,1.0209179970160205,1.1531379880976853,0.9401674683514635,0.3979430714119841,0.21851517531512887,0.4896225499855242,0.16554988416162372,0.43685492558928746,0.2878611471955513,0.21471988900877703,0.45612039659021864
1,outliers,gated,cyclic,360,360,342,18,0.9300840170606428,0.9498827883203708,0.926397591868936,0.08272714530973801,0.10235164602702479,0.10822816592241874,0.08650080564110296,0.09422503852227829,0.05634392891319669,0.10510348734851246,0.05235869185339185
1,outliers,gated,information,360,360,344,16,0.92186384413172,0.9626331478860851,0.918038258977068,0.08389697355486586,0.07657759035708178,0.11640142531820077,0.08573488144303536,0.05525812083234328,0.06975720688070117,0.06199658348658865,0.020568857874807524
1,outliers,gated,p2b_uniform,360,360,340,20,0.9243881772200215,0.949265007176991,0.9215501140901347,0.07238017273130776,0.08549225790874737,0.054147770830427606,0.07951684300058258,0.09202906155439482,0.058533957872233165,0.07332743453510907,0.0607587801685501
1,nlos,naive,cyclic,360,360,360,0,0.9380319713070532,1.016963299902379,0.9234058652421968,0.16500177947678646,0.08446397544189042,0.09421073935870636,0.25593838771012223,0.22806090917175006,0.11932904847575068,0.28267935468278166,0.23319479571879817
1,nlos,naive,information,360,360,360,0,0.9301488539595918,0.989502671773586,0.9180536150503579,0.1495140475517646,0.07335928182062197,0.06979435231060732,0.1810229637687259,0.21141212195858097,0.14440997467902375,0.20575070508927987,0.2910687651938689
1,nlos,naive,p2b_uniform,360,360,360,0,0.9330498199878456,1.0007832286033145,0.9196214164848847,0.15772893495388052,0.07590735241487422,0.05068790641201183,0.2722664772085955,0.21863896891717896,0.09300289786963634,0.29775462183908874,0.16384206325669298
1,nlos,gated,cyclic,360,360,340,20,0.93004007951693,0.9469081549630098,0.9266987592893571,0.07876521465357626,0.10174394011729884,0.09421073935870636,0.08008746822370909,0.09099057350973372,0.05080679333967658,0.09595375068040696,0.055690648115145534
1,nlos,gated,information,360,360,330,30,0.931311088875861,0.9615868358895876,0.9238513321465328,0.117639535676653,0.07847871627897261,0.06979435231060732,0.1335551303548242,0.1773274930299979,0.09695737573618902,0.16566382004978547,0.13583816337545426
1,nlos,gated,p2b_uniform,360,360,338,22,0.939013873225304,1.0658775762292125,0.9206077072834344,0.18500946840614813,0.08881731185718135,0.05068790641201183,0.15085149661794472,0.3153518062374602,0.1911938009734408,0.24950351424173575,0.2765223837699181
2,clean,naive,cyclic,360,360,360,0,1.2289760077002214,1.2432754796717573,1.225811816901189,0.08813295097851186,0.05537252592525684,0.061421579414932405,0.06189474200941058,0.10913520473681548,0.059019077291977695,0.10636038758551308,0.09233130533952176
2,clean,naive,information,360,360,360,0,1.2313614523010266,1.2698637963898702,1.228806241065336,0.0792858633791211,0.0449573184869562,0.08708179089543439,0.04866591442661286,0.06382626342685445,0.06081656638547476,0.04265260113507237,0.03349021575400266
2,clean,naive,p2b_uniform,360,360,360,0,1.226101213925508,1.241575546205127,1.2234460435594414,0.08064716540805235,0.04017616035524806,0.07955513198833435,0.061629163991265674,0.06432962799099756,0.05136854927025298,0.07242299535543589,0.0371687962825988
2,clean,gated,cyclic,360,360,360,0,1.2289760077002214,1.2432754796717573,1.225811816901189,0.08813295097851186,0.05537252592525684,0.061421579414932405,0.06189474200941058,0.10913520473681548,0.059019077291977695,0.10636038758551308,0.09233130533952176
2,clean,gated,information,360,360,360,0,1.2313614523010266,1.2698637963898702,1.228806241065336,0.0792858633791211,0.0449573184869562,0.08708179089543439,0.04866591442661286,0.06382626342685445,0.06081656638547476,0.04265260113507237,0.03349021575400266
2,clean,gated,p2b_uniform,360,360,359,1,1.2256916382080554,1.2422600211824042,1.2229819037875975,0.08145707446999108,0.04163863495750533,0.07955513198833435,0.0647692436212146,0.06637366926902596,0.05196729396228797,0.07856877320094025,0.03680985217091578
2,loss30,naive,cyclic,360,239,239,0,1.2321267455034772,1.2627891824776574,1.227818459294867,0.1029473069087754,0.056508528724608695,0.08010468924820788,0.06117847010657707,0.12387468657161434,0.0888336127817292,0.11998448639287353,0.10871296592137648
2,loss30,naive,information,360,255,255,0,1.2260425020517343,1.2457697464555197,1.2223349635581826,0.09527567213351386,0.04224706406275574,0.07371184587470767,0.05015680273418885,0.08474244055134635,0.06629972766005247,0.0668866044166867,0.06686645122082786
2,loss30,naive,p2b_uniform,360,254,254,0,1.2252113692542395,1.237533565321,1.221291084042601,0.09793358661816125,0.03994470679923707,0.13685124620900768,0.0796412450127087,0.06874500795373767,0.055583847092774204,0.07814126227476582,0.07020041144833615
2,loss50,naive,cyclic,360,155,155,0,1.231335545497661,1.2657142244500106,1.2256245323753128,0.11845560875626983,0.060634219040127446,0.1254896639064028,0.05983754288185291,0.10340222607411942,0.08872852260606996,0.0801018791564202,0.11095403944568012
2,loss50,naive,information,360,180,180,0,1.2289028074060642,1.2520037478719528,1.2252554553288673,0.09461067189993262,0.049078894332372835,0.07731004482782688,0.0902548410586103,0.08343378605270833,0.05981023310259584,0.10965401013035207,0.056335869840822096
2,loss50,naive,p2b_uniform,360,173,173,0,1.2253456948027455,1.230970339053191,1.220288775011298,0.11120871077864579,0.044076681918627625,0.14007997249603837,0.09453100506015301,0.06349922904276178,0.06391085786277863,0.07440361533075152,0.07110665082851925
2,network_outage,naive,cyclic,360,300,300,0,1.2292360684017314,1.2499526042385305,1.2259135952465792,0.09031704628337293,0.05201738917964311,0.061421579414932405,0.08295334584157123,0.10052593580463483,0.06348065701828053,0.13780855729557295,0.09847572482808915
2,network_outage,naive,information,360,300,300,0,1.2289158065834977,1.260904465968353,1.226294183534303,0.08022864264528842,0.03678256293033112,0.08708179089543439,0.060211123333819276,0.06669492315971828,0.057743904320176315,0.13365860781988687,0.03504893155722104
2,network_outage,naive,p2b_uniform,360,300,300,0,1.2264109401448453,1.2507151337802493,1.2236588470090788,0.08211467739311455,0.04225494793557364,0.07955513198833435,0.05375426065855718,0.07664138346577525,0.05423815049140553,0.10814375547030022,0.03825286970352531
2,network_outage,gated,cyclic,360,300,300,0,1.2292360684017314,1.2499526042385305,1.2259135952465792,0.09031704628337293,0.05201738917964311,0.061421579414932405,0.08295334584157123,0.10052593580463483,0.06348065701828053,0.13780855729557295,0.09847572482808915
2,network_outage,gated,information,360,300,300,0,1.2289158065834977,1.260904465968353,1.226294183534303,0.08022864264528842,0.03678256293033112,0.08708179089543439,0.060211123333819276,0.06669492315971828,0.057743904320176315,0.13365860781988687,0.03504893155722104
2,network_outage,gated,p2b_uniform,360,300,300,0,1.2264109401448453,1.2507151337802493,1.2236588470090788,0.08211467739311455,0.04225494793557364,0.07955513198833435,0.05375426065855718,0.07664138346577525,0.05423815049140553,0.10814375547030022,0.03825286970352531
2,node_outage,naive,cyclic,360,330,330,0,1.2290271644818316,1.2500171888515859,1.2258502836929683,0.08831111483907385,0.054357950800527986,0.061421579414932405,0.07861198442440165,0.1020315904757995,0.05615444115028969,0.11637334229683188,0.08819452468886539
2,node_outage,naive,information,360,304,304,0,1.2273129725968257,1.263976385167851,1.2240632907148101,0.08925353230481455,0.041162571202624114,0.08708179089543439,0.07195525699787735,0.09493527378494042,0.0697473680241033,0.11824912819048587,0.08617359002912382
2,node_outage,naive,p2b_uniform,360,330,330,0,1.2257637421808791,1.2510974506937307,1.2229280909456077,0.08332848265392032,0.041704659712574206,0.07955513198833435,0.07506082120561479,0.06793675468856487,0.052927698504335284,0.10542527249652973,0.03911063905406467
2,outliers,naive,cyclic,360,360,360,0,1.2292166907666249,1.3631463936020056,1.2118916873494143,0.20565070141538944,0.09086782801091392,0.08108350925992173,0.25116053721967074,0.19356639740322668,0.25668283992885405,0.15177862293419783,0.2838040758046715
2,outliers,naive,information,360,360,360,0,1.251843140791925,1.4094097362568374,1.2119480309685466,0.3135174945346014,0.12426671354697916,0.4495853630097916,0.1484401461212514,0.21184660735000818,0.2734631801926254,0.1676944902261607,0.33462855064247776
2,outliers,naive,p2b_uniform,360,360,360,0,1.2308068921329454,1.3311175659033758,1.2038850445806286,0.25602032176578887,0.11392310510277696,0.326864657517189,0.3286586877260011,0.22939307549457083,0.20497147302100777,0.2991881139387876,0.03153786248651309
2,outliers,gated,cyclic,360,360,344,16,1.2295019359795427,1.247367326085707,1.2263294226583534,0.08826753480115623,0.055576299023248246,0.0612791909120107,0.06688120627460326,0.11250134841317201,0.058717150220839565,0.10666111395594331,0.08902696663525576
2,outliers,gated,information,360,360,344,16,1.2245189450991179,1.2413750337547351,1.222077853457249,0.07728109080479627,0.04237458251596732,0.047880718059945135,0.05502816990661318,0.07844515711647428,0.062127933798661994,0.058767289014074665,0.05173408349866825
2,outliers,gated,p2b_uniform,360,360,346,14,1.2271422801243332,1.2386626623376527,1.2245119463188667,0.0803036050942183,0.03924496920536061,0.07357939951180567,0.06523934453985072,0.06456901687332814,0.05256467979185011,0.07546927514212211,0.03759267311773702
2,nlos,naive,cyclic,360,360,360,0,1.236841674080458,1.2950574907563044,1.2282317541249086,0.14568488219921913,0.06138964166658713,0.061421579414932405,0.21926970685192404,0.19762540691826877,0.09033752082771813,0.24466551459889285,0.25086773058607764
2,nlos,naive,information,360,360,360,0,1.2371805885219536,1.2721008485270942,1.22797303282204,0.1506586847060881,0.052964809105425156,0.08708179089543439,0.20142103402551675,0.19666449388787677,0.12858157064471779,0.170106637491395,0.30748104944443405
2,nlos,naive,p2b_uniform,360,360,360,0,1.2351272862157954,1.2774632463354343,1.2263519781682946,0.1469701969703581,0.0450710777483151,0.07955513198833435,0.2324885060092548,0.18300688524868072,0.09016299633306413,0.2202495415352249,0.16301535794931218
2,nlos,gated,cyclic,360,360,340,20,1.229153872333008,1.2589172902298211,1.2255768036242176,0.0937056043653415,0.0556581228889142,0.061421579414932405,0.07177554725110263,0.11641292626754683,0.07100581167051029,0.10963666702245567,0.08672003942077453
2,nlos,gated,information,360,360,285,75,1.2273768383572021,1.2459887751327425,1.2227373077478152,0.10661791396076811,0.03606445416877431,0.08708179089543439,0.07160704466696038,0.11059191544314334,0.1161107634260894,0.061847365777015814,0.24998735461970864
2,nlos,gated,p2b_uniform,360,360,339,21,1.2259662565337488,1.2506089002118221,1.2231194794010525,0.08349851057996249,0.04179631206085447,0.07955513198833435,0.05992936005629504,0.07542141505426339,0.05806007333128541,0.07912423205509936,0.06279013279687977
3,clean,naive,cyclic,360,360,360,0,1.4406637212329687,1.4676818468372552,1.4391704465479391,0.06557730903163819,0.02873095687214066,0.08306224992069547,0.0673263013288776,0.0701676700000447,0.05647064692803267,0.07437124736470493,0.032877790938717504
3,clean,naive,information,360,360,360,0,1.4362059896678996,1.4535203190036343,1.4341662176121808,0.07651735109059998,0.05770275139889175,0.06447071435111415,0.056050894820947134,0.07703405627796941,0.07210653856991323,0.045476154781005806,0.06949249958067151
3,clean,naive,p2b_uniform,360,360,360,0,1.4428048290029576,1.4636114484381055,1.4408728312668098,0.07464086488928832,0.030450870931982156,0.0436780015788604,0.05104498071358479,0.08670297349170032,0.06334065798732186,0.08549714784415015,0.04322863746201494
3,clean,gated,cyclic,360,360,358,2,1.4404629366270494,1.4655537087019834,1.438906267619955,0.06694941971543793,0.029054524512320577,0.08306224992069547,0.0673263013288776,0.0701676700000447,0.06110872470616641,0.07437124736470493,0.032877790938717504
3,clean,gated,information,360,360,359,1,1.4360678707558365,1.4433292592944116,1.4343578074737848,0.07006146984040987,0.04961430751912369,0.06066876980194476,0.06425073912984611,0.059542804486766965,0.05721749107023494,0.02483344555821416,0.04804810025299778
3,clean,gated,p2b_uniform,360,360,360,0,1.4428048290029576,1.4636114484381055,1.4408728312668098,0.07464086488928832,0.030450870931982156,0.0436780015788604,0.05104498071358479,0.08670297349170032,0.06334065798732186,0.08549714784415015,0.04322863746201494
3,loss30,naive,cyclic,360,256,256,0,1.443684574141275,1.4727230612052515,1.442157681015114,0.06638051447964766,0.03648207491430277,0.0770124463910559,0.07828561763253063,0.06469326529277852,0.06078805827517184,0.03432208356939251,0.04605644564489514
3,loss30,naive,information,360,244,244,0,1.4382295989800213,1.4468262278696553,1.4362825243534378,0.0748123627427252,0.04580272512327885,0.09801753589172761,0.057497620387611706,0.059933938629721864,0.07900947502796847,0.028251412044338155,0.08646016791059913
3,loss30,naive,p2b_uniform,360,254,254,0,1.4433060880777966,1.4741769027699247,1.4409209473259008,0.0829414699644319,0.029472965705454695,0.06973901570764647,0.062456304688384444,0.07318041382541086,0.06940278380423921,0.08269290467954236,0.041356260130041796
3,loss50,naive,cyclic,360,183,183,0,1.4460547221293183,1.5037782842279015,1.4426314906689321,0.09944164883404975,0.030562149531753836,0.10916769932888157,0.1354301029671195,0.09533418998544801,0.07524994207190809,0.11182877654065557,0.02156929082811069
3,loss50,naive,information,360,188,188,0,1.4422705982170871,1.4811784917566697,1.439878862553058,0.08302613838054854,0.030685729951188553,0.11035598277918686,0.08304057297861586,0.09403328409841913,0.058548998033165794,0.08140913287023899,0.023180780719370315
3,loss50,naive,p2b_uniform,360,176,176,0,1.4431866592055649,1.4771350673061077,1.4400075371715988,0.09573936597819158,0.03340887076349892,0.08135725893265452,0.0742929297335394,0.09529694820343482,0.08332651427768048,0.10216818937042134,0.042507327266614894
3,network_outage,naive,cyclic,360,300,300,0,1.440917461855869,1.4929252810761173,1.4372120347400426,0.10327002991936628,0.031829840415534834,0.08306224992069547,0.17655636559377602,0.1254481737647656,0.059651885052754004,0.21333436939523262,0.04463561054345279
3,network_outage,naive,information,360,300,300,0,1.4384031297869897,1.455701038871713,1.4356257746138579,0.08934315332116077,0.044955277555017714,0.06447071435111415,0.1255223837686492,0.0802312295728997,0.0708794833877762,0.12603370912110173,0.06311849093115414
3,network_outage,naive,p2b_uniform,360,300,300,0,1.4454656891128594,1.4728118024402415,1.4432968236631412,0.07915388307848109,0.031505332502323784,0.0436780015788604,0.08390919929435808,0.0875188767497384,0.06169334276047833,0.09859674355447894,0.04514554488456509
3,network_outage,gated,cyclic,360,300,298,2,1.4406772941059958,1.4906931744208527,1.4369096635755487,0.10412340983552955,0.0327562113602766,0.08306224992069547,0.17655636559377602,0.1254481737647656,0.06394627965794222,0.21333436939523262,0.04463561054345279
3,network_outage,gated,information,360,300,299,1,1.440896363083118,1.4665209546558413,1.438584503304836,0.08159017096032463,0.04866216908161094,0.06066876980194476,0.08929832370040369,0.09184953723475064,0.06442673179069425,0.11189626450666777,0.05919799967306392
3,network_outage,gated,p2b_uniform,360,300,300,0,1.4454656891128594,1.4728118024402415,1.4432968236631412,0.07915388307848109,0.031505332502323784,0.0436780015788604,0.08390919929435808,0.0875188767497384,0.06169334276047833,0.09859674355447894,0.04514554488456509
3,node_outage,naive,cyclic,360,330,330,0,1.4400623650981967,1.4831163230244953,1.4376671017738367,0.08302361019269182,0.030864964211941875,0.08306224992069547,0.10759728721538395,0.11654797414020178,0.05581880628117136,0.16416168594085434,0.03707887606796184
3,node_outage,naive,information,360,304,304,0,1.4380671081924743,1.4550799936229641,1.435924678282996,0.07846863043879206,0.03809298873509598,0.06447071435111415,0.07018392423613383,0.07582514952030399,0.07284963383497652,0.0927511950335901,0.030655653909005414
3,node_outage,naive,p2b_uniform,360,330,330,0,1.4450773280488227,1.463398811898665,1.4432131896313356,0.07337692631114708,0.033775938849716663,0.0436780015788604,0.04445094425103754,0.08416774171577474,0.06310431366555647,0.08659762717624163,0.04498250220636207
3,outliers,naive,cyclic,360,360,360,0,1.4634802227050967,1.5589529082453235,1.434540625811881,0.2895989557029101,0.08754360635044854,0.29534874053989874,0.34526167437854477,0.24960854128234639,0.33065308425876827,0.4939773134258296,0.19773767483296303
3,outliers,naive,information,360,360,360,0,1.4713416314552947,1.531820885751778,1.4418327757720046,0.29319693580104933,0.08051763335703212,0.3000272195098032,0.30144869865630836,0.30609290063791744,0.24779421308096206,0.18511842813948762,0.27771494572581956
3,outliers,naive,p2b_uniform,360,360,360,0,1.463848418083227,1.5123772003615925,1.432319532154266,0.30218032519366644,0.11143505659559175,0.3357905956567609,0.3629727710661609,0.2754099223289169,0.15772074593184712,0.4823967955925817,0.16946425614623728
3,outliers,gated,cyclic,360,360,340,20,1.4400940689042285,1.463820122347784,1.438530045585281,0.06709869776341747,0.030793423533987802,0.08177567538453194,0.06442131788363963,0.07136111956132078,0.06269311012412151,0.0748813470155288,0.03193686469314796
3,outliers,gated,information,360,360,335,25,1.4378952004214152,1.4536837878541526,1.4365191273012297,0.06289200499789387,0.03870800432578545,0.06062058439248189,0.052545878926806296,0.06261885456747725,0.05689148000697923,0.041331431515401626,0.045003460418747525
3,outliers,gated,p2b_uniform,360,360,339,21,1.4430502747720104,1.4673185383440346,1.4409525554436529,0.07778064335026916,0.030802288457465278,0.038525912235390355,0.05704464475159906,0.09352438668193522,0.06535756535690292,0.10824905176927012,0.044607444344381714
3,nlos,naive,cyclic,360,360,360,0,1.447341095296825,1.4933434688227614,1.4370656092396605,0.17215888265104612,0.039180351047412874,0.08306224992069547,0.27828914570878566,0.2328923690834193,0.13451898168305307,0.27724709167821704,0.21897545776796382
3,nlos,naive,information,360,360,360,0,1.4422363877548539,1.4675882204255415,1.4354957953743885,0.13927533746726625,0.05286540166846639,0.06447071435111415,0.1687912700541636,0.18459079323219502,0.1381418604179278,0.1433175084560392,0.24928900808358895
3,nlos,naive,p2b_uniform,360,360,360,0,1.4486748362350659,1.4935463167110885,1.4388664613646382,0.16829167389000316,0.041549735754787744,0.0436780015788604,0.2679229509861977,0.2466148947502198,0.10503847419261166,0.31188276995684594,0.18649691290099765
3,nlos,gated,cyclic,360,360,338,22,1.4405698416597839,1.4660475640146708,1.4389178289772186,0.06897064702597917,0.029078654722914155,0.08306224992069547,0.07636200823079659,0.07051029015169286,0.06233178872519392,0.07842371599858015,0.03169356960353662
3,nlos,gated,information,360,360,299,61,1.4412586794793483,1.4763362758525398,1.4334368216926106,0.14995152346789323,0.049149416257082454,0.06066876980194476,0.10823529146157353,0.19931892093253334,0.1846972004312419,0.09909973943519901,0.32253651982181064
3,nlos,gated,p2b_uniform,360,360,340,20,1.4425743802381552,1.4641440776209886,1.4407214386972695,0.0730929449233415,0.03141518747701895,0.0436780015788604,0.05535498714380681,0.07541339037262657,0.0633380237225889,0.07728836214229799,0.04418139616763596
4,clean,naive,cyclic,360,360,360,0,0.39338940027979985,0.4368508317458785,0.37140293737438845,0.12967296696758593,0.07406299576181234,0.12406393198939104,0.11019580799317934,0.045593103014563124,0.08103757647378804,0.05542456425347412,0.04514918029834129
4,clean,naive,information,360,360,360,0,0.38528233890784314,0.4165865106011238,0.3694357971223597,0.10936028748528763,0.07820062215818187,0.07685090403422777,0.0758463593706758,0.07738342627901769,0.06282588731364931,0.034997212660652116,0.052709467263573964
4,clean,naive,p2b_uniform,360,360,360,0,0.3913516088493123,0.43995835514314624,0.37066459631359666,0.1255541269278853,0.09525333139421878,0.08609011341079816,0.05572541943823812,0.04898467062716653,0.10120472525988707,0.04389940484387245,0.04549784799770494
4,clean,gated,cyclic,360,360,360,0,0.39338940027979985,0.4368508317458785,0.37140293737438845,0.12967296696758593,0.07406299576181234,0.12406393198939104,0.11019580799317934,0.045593103014563124,0.08103757647378804,0.05542456425347412,0.04514918029834129
4,clean,gated,information,360,360,359,1,0.3904140756621351,0.4223630336877789,0.37150583352029903,0.12002735577986888,0.05690062616187074,0.09492107956598465,0.08530623891533501,0.0894461874822417,0.07021560467327993,0.03455292193847371,0.08106258696710003
4,clean,gated,p2b_uniform,360,360,360,0,0.3913516088493123,0.43995835514314624,0.37066459631359666,0.1255541269278853,0.09525333139421878,0.08609011341079816,0.05572541943823812,0.04898467062716653,0.10120472525988707,0.04389940484387245,0.04549784799770494
4,loss30,naive,cyclic,360,241,241,0,0.39153862106743686,0.42653652623103755,0.36877097146311755,0.13156923042086435,0.06627026363322654,0.1076556452866269,0.09156160194511966,0.04918442470012913,0.07798713264902077,0.04963769414442291,0.06626481834697989
4,loss30,naive,information,360,252,252,0,0.38682213006188393,0.4253208399565414,0.3653078575214337,0.1272066410951604,0.051403587757415235,0.1462892215891525,0.09599450566259649,0.07301175189369137,0.0709800000482197,0.07239905600055209,0.05166596581249111
4,loss30,naive,p2b_uniform,360,245,245,0,0.39278227384947845,0.4364605177029714,0.36774051254399137,0.13800300751885514,0.07768569263619719,0.07097074658341561,0.05833250059343168,0.0567640281971566,0.09383458061649566,0.03529342209800204,0.025935050728741648
4,loss50,naive,cyclic,360,166,166,0,0.4057842186693557,0.4828483630118544,0.36882511327175965,0.1692006735836862,0.07022622242881282,0.22167801455125052,0.0804468636460637,0.056782845012546684,0.09679416262001524,0.07190013807850026,0.0724857234581894
4,loss50,naive,information,360,183,183,0,0.3931136689728219,0.4169731191752935,0.3691911089238349,0.13504177807205625,0.05869432565518443,0.07226564520250227,0.11534587667825084,0.059027946096891604,0.10486856547299754,0.06246801102499134,0.04459299201519331
4,loss50,naive,p2b_uniform,360,169,169,0,0.4094275679879341,0.49170970760466687,0.36481151752293806,0.18585879078247938,0.08315209398733453,0.20424969226511785,0.04443454321386309,0.07996698492111112,0.1005679518543445,0.07044955041895845,0.02866883892037013
4,network_outage,naive,cyclic,360,300,300,0,0.3950152948450581,0.43848538854990143,0.3695525747736551,0.13952769488417077,0.0662810157779529,0.12406393198939104,0.1389371851669221,0.09849088143330399,0.08447339668218781,0.15704516697766943,0.03741039420485813
4,network_outage,naive,information,360,300,300,0,0.3893304448023383,0.4201844845101773,0.37032301605644674,0.12016263574357605,0.08015964059549516,0.07685090403422777,0.10258764771424547,0.08955679487987211,0.08934530583116025,0.13259941475479614,0.07507817654628364
4,network_outage,naive,p2b_uniform,360,300,300,0,0.3935140497224717,0.43292861206686156,0.3702506999885648,0.1332956356635796,0.08731899704531386,0.08609011341079816,0.10865943613599807,0.0632452022559179,0.1053737475264684,0.08380590744538295,0.042928737408648374
4,network_outage,gated,cyclic,360,300,300,0,0.3950152948450581,0.43848538854990143,0.3695525747736551,0.13952769488417077,0.0662810157779529,0.12406393198939104,0.1389371851669221,0.09849088143330399,0.08447339668218781,0.15704516697766943,0.03741039420485813
4,network_outage,gated,information,360,300,299,1,0.391178656728761,0.4329917252253351,0.37087664407587645,0.12438350517304732,0.063363036649414,0.09492107956598465,0.11223398675967733,0.09355951315639027,0.07133524511820855,0.14203431024540827,0.06068918455244256
4,network_outage,gated,p2b_uniform,360,300,300,0,0.3935140497224717,0.43292861206686156,0.3702506999885648,0.1332956356635796,0.08731899704531386,0.08609011341079816,0.10865943613599807,0.0632452022559179,0.1053737475264684,0.08380590744538295,0.042928737408648374
4,node_outage,naive,cyclic,360,330,330,0,0.39392832258509597,0.4343138298169261,0.3709229491080413,0.13264874352854167,0.07426954313257556,0.12406393198939104,0.11333851723909207,0.07893990011464631,0.08050909325609278,0.09171315101694065,0.04020659329631807
4,node_outage,naive,information,360,307,307,0,0.3842324227493892,0.4015720692824025,0.367481297338605,0.11221430745765486,0.06404284052893404,0.07685090403422777,0.10122545312167744,0.07713077807500213,0.06014371106063543,0.1038230691697599,0.04895840106595903
4,node_outage,naive,p2b_uniform,360,330,330,0,0.3914239359932931,0.4408649772121589,0.370250735256392,0.12699248289006215,0.09166580763532856,0.08609011341079816,0.06858937333122957,0.049465091776560874,0.10251322826242211,0.05438083247887441,0.04456422900087056
4,outliers,naive,cyclic,360,360,360,0,0.4782754005521881,0.5605882310192649,0.3817216071157413,0.28815963186111193,0.0930956011183405,0.22410658602988545,0.25785907402858654,0.2908491382836361,0.24591487850058905,0.3166126170230089,0.20056720548872206
4,outliers,naive,information,360,360,360,0,0.4985831038834544,0.5781921744097029,0.3921313274596633,0.30792553239830844,0.18673965070141088,0.3506507810381681,0.28885637786759905,0.18484405281191368,0.33970044677640954,0.24700725927634698,0.21407577672296751
4,outliers,naive,p2b_uniform,360,360,360,0,0.4276589406484025,0.507841473737164,0.3503937122753541,0.2451864921124534,0.12958713469687555,0.32070822276492755,0.1966348712347001,0.18453535857504155,0.2248460729276069,0.20844797600455053,0.22930486375036266
4,outliers,gated,cyclic,360,360,345,15,0.39619712427243037,0.4433438878170443,0.3715545372322944,0.1375477631364435,0.07236618601286211,0.13939556201964473,0.12683637683121982,0.05781047019893534,0.08736560642867235,0.0771894990120499,0.05281946086105023
4,outliers,gated,information,360,360,338,22,0.38692199589254117,0.40535888029376266,0.36840540959774104,0.11826277979393322,0.05347985728891303,0.07053999636932688,0.08809716607911879,0.07208550659800508,0.06569483962611707,0.032271797990417114,0.05268787344823638
4,outliers,gated,p2b_uniform,360,360,342,18,0.392165288836191,0.4399521036397868,0.370835645256123,0.12757169739189012,0.09532722117967286,0.07973020678981269,0.05874164013813992,0.05707616396878653,0.10598529656097198,0.04303207817088551,0.05611230764742841
4,nlos,naive,cyclic,360,360,360,0,0.42098722775558084,0.4704140245682479,0.37042471910749186,0.2000394296319229,0.09814427271019883,0.12406393198939104,0.2649951955280587,0.22620158760700682,0.15029597803822592,0.253950254670457,0.24202717352686293
4,nlos,naive,information,360,360,360,0,0.40757005707211325,0.4428867581805788,0.3705214968458594,0.16978566428550285,0.07544946310218567,0.07685090403422777,0.16591800720897343,0.21230682480592308,0.155296119985612,0.15621922434543473,0.26665895772753334
4,nlos,naive,p2b_uniform,360,360,360,0,0.41562819031899134,0.469286915044533,0.36920173933290856,0.19088443692819684,0.119071027247836,0.08609011341079816,0.21935584760303445,0.23375138985115726,0.15375039203583926,0.28479377745177226,0.1830438987949092
4,nlos,gated,cyclic,360,360,310,50,0.5164916932303778,0.5565308703660622,0.373944858860523,0.3562708403837819,0.10469767601575966,0.12406393198939104,0.24951814318227986,0.5393092112355504,0.40919099413880766,0.38135983101888055,0.6238294510985103
4,nlos,gated,information,360,360,213,147,0.4706139040730017,0.6244707592174326,0.36870412167854705,0.29246318975912783,0.025219151149653552,0.09492107956598465,0.08642096538610633,0.16425419895934004,0.45679673515404823,0.047108319730503924,0.31883132281808124
4,nlos,gated,p2b_uniform,360,360,341,19,0.392279122926727,0.4438378401635759,0.3705661535841812,0.12869979060584058,0.09540040921076393,0.08609011341079816,0.05050017716496465,0.07386900820217708,0.10672663770148293,0.02416388659920476,0.05364473073173489
5,clean,naive,cyclic,360,360,360,0,1.2026663701870806,1.2493979942056088,1.199281090734265,0.09017351820906065,0.06530963546443945,0.07521108175830686,0.07779884858308023,0.09619641277462053,0.05754944651767082,0.10740095078260894,0.05919844127754731
5,clean,naive,information,360,360,360,0,1.2018883699746912,1.2241978690115767,1.1979176130131868,0.09761683416915974,0.06853110246221097,0.05903646093889052,0.12370323310675012,0.10857196980199214,0.06528363830651893,0.09591800494778321,0.08203927898957489
5,clean,naive,p2b_uniform,360,360,360,0,1.2025629862814444,1.234023866369593,1.1986886363359366,0.09645355925645442,0.08677040513875353,0.07987443733975438,0.1275444454970217,0.06600981743293459,0.06747569962152816,0.0875158120083006,0.07490533091658279
5,clean,gated,cyclic,360,360,359,1,1.202713913629501,1.2498920352610343,1.199040276575402,0.09393174749771362,0.0640672857845178,0.08652084841936167,0.07872478531267449,0.09560722821430516,0.057560464022144535,0.10692454484364391,0.05916162737154253
5,clean,gated,information,360,360,360,0,1.2018883699746912,1.2241978690115767,1.1979176130131868,0.09761683416915974,0.06853110246221097,0.05903646093889052,0.12370323310675012,0.10857196980199214,0.06528363830651893,0.09591800494778321,0.08203927898957489
5,clean,gated,p2b_uniform,360,360,360,0,1.2025629862814444,1.234023866369593,1.1986886363359366,0.09645355925645442,0.08677040513875353,0.07987443733975438,0.1275444454970217,0.06600981743293459,0.06747569962152816,0.0875158120083006,0.07490533091658279
5,loss30,naive,cyclic,360,252,252,0,1.2051898807820718,1.240169092317239,1.2006694743110666,0.10428548411495857,0.06437207272961579,0.07937080328455393,0.1003815410826184,0.10527681741952712,0.057998864410450254,0.13062654668019552,0.04591024921710047
5,loss30,naive,information,360,264,264,0,1.202209808333481,1.2298177051599926,1.1981915887978107,0.09821069079994876,0.07899712576398454,0.09477854463282681,0.11295725962053876,0.06856052702003101,0.04219130088985078,0.10042902782712862,0.026498287490803202
5,loss30,naive,p2b_uniform,360,254,254,0,1.2054479268544818,1.2338039192144794,1.2007281024984793,0.10656795122441326,0.08835405894466598,0.12811187066367566,0.12426621558449936,0.07244451752946542,0.07155530487985967,0.0953796578353813,0.0638699254936463
5,loss50,naive,cyclic,360,167,167,0,1.2036176677817296,1.229695674603717,1.19839307376206,0.11202468904420876,0.06401779160196014,0.0939942507899345,0.09301099604712965,0.11749851156502951,0.0817310561319469,0.11973509447193204,0.06440299065604675
5,loss50,naive,information,360,185,185,0,1.2050756465979173,1.2342926005394974,1.1999366107403249,0.11117303732654817,0.07131564881062724,0.10101425247785549,0.08704015492435727,0.11848125074337054,0.07182600419130494,0.11691344480549115,0.06635879239945773
5,loss50,naive,p2b_uniform,360,182,182,0,1.2103069750682434,1.2479371016741556,1.2007075557900333,0.1521326374173722,0.08747477199440856,0.2761512867135639,0.15555969772143943,0.07763736847813933,0.08460673582310144,0.08533375881534327,0.07644018810072109
5,network_outage,naive,cyclic,360,300,300,0,1.2007694676491105,1.2392562825700475,1.197316168733559,0.09100168420155505,0.06393561212424272,0.07521108175830686,0.0796650160809267,0.0854212654107152,0.0677720763460833,0.10792740843658453,0.06074118953493437
5,network_outage,naive,information,360,300,300,0,1.1989212436330812,1.2030521416914874,1.1946098362779338,0.10158487831711085,0.051814159953133855,0.05903646093889052,0.13877492473619144,0.11194465619813371,0.06545074221843279,0.18858961084668818,0.03833964020375448
5,network_outage,naive,p2b_uniform,360,300,300,0,1.2008388756331347,1.244530829898311,1.1966354100746388,0.10038775118186823,0.08299233717063476,0.07987443733975438,0.11488663933253475,0.10977859534172071,0.0675565475001706,0.1489619458688711,0.07514316024145692
5,network_outage,gated,cyclic,360,300,299,1,1.2008871232017935,1.2397157851781988,1.1971092929444276,0.09517995281555863,0.06317336001926238,0.08652084841936167,0.08237425119467824,0.08560110737381729,0.06806944355149319,0.1104774338067251,0.06083811535559182
5,network_outage,gated,information,360,300,300,0,1.1989212436330812,1.2030521416914874,1.1946098362779338,0.10158487831711085,0.051814159953133855,0.05903646093889052,0.13877492473619144,0.11194465619813371,0.06545074221843279,0.18858961084668818,0.03833964020375448
5,network_outage,gated,p2b_uniform,360,300,300,0,1.2008388756331347,1.244530829898311,1.1966354100746388,0.10038775118186823,0.08299233717063476,0.07987443733975438,0.11488663933253475,0.10977859534172071,0.0675565475001706,0.1489619458688711,0.07514316024145692
5,node_outage,naive,cyclic,360,330,330,0,1.2019217345501092,1.2511302895850325,1.1982794624671675,0.09349965675519294,0.0655830790818812,0.07521108175830686,0.08443975270578352,0.10615849556348109,0.059985204186358276,0.12687638442912294,0.060665077867668796
5,node_outage,naive,information,360,305,305,0,1.2043456716343972,1.225587290794023,1.1992486537728404,0.110684972821684,0.0552438564627823,0.05903646093889052,0.172816728080669,0.1125603407310316,0.06860683676962201,0.2247042571235485,0.049289415068336964
5,node_outage,naive,p2b_uniform,360,330,330,0,1.2012103180901232,1.2321521690672765,1.197419754910131,0.09535281242384562,0.08552872204737548,0.07987443733975438,0.11950504031676878,0.07342323035414222,0.06630068159358321,0.09344565775262798,0.07268423720658707
5,outliers,naive,cyclic,360,360,360,0,1.2085724314123076,1.3435069829974509,1.1903443920948311,0.20911133440883511,0.09559717687591288,0.20406707398700577,0.18471561765941297,0.22266825619337585,0.23469400797669465,0.2720967756493223,0.22223691966472423
5,outliers,naive,information,360,360,360,0,1.2389755422628153,1.401826776386581,1.2020810450907202,0.3001025747291062,0.09868667529892464,0.281993035699519,0.2343556883446485,0.3085277561735271,0.262107873711762,0.23482789681562566,0.17596672324756366
5,outliers,naive,p2b_uniform,360,360,360,0,1.2214180343144319,1.3106595212618524,1.19557760425552,0.24991239815415706,0.12369949906185426,0.20024510950321925,0.2552554743177358,0.1990725562542237,0.24824620128982627,0.42912123387262757,0.07748385375181986
5,outliers,gated,cyclic,360,360,345,15,1.2029517916126464,1.2507088206762949,1.1992088989191059,0.09482104037238422,0.06399065078735192,0.08746445940105359,0.08129269647158621,0.09653080277531544,0.0571189340037285,0.11462837352637405,0.05844568906242321
5,outliers,gated,information,360,360,343,17,1.1979866910925459,1.249796228948118,1.193970006286188,0.0980190600027718,0.06570948082182104,0.07546267628133524,0.07816893420946013,0.09041550630397253,0.0761259731981072,0.08720641974541113,0.06449761960544417
5,outliers,gated,p2b_uniform,360,360,340,20,1.201913462045741,1.2312320658414821,1.1982485966238643,0.09378843711097251,0.08846605291945803,0.0797164479197025,0.1175852753557822,0.07386918607704021,0.07037102628824504,0.0922755577110436,0.07522731762489299
5,nlos,naive,cyclic,360,360,360,0,1.2145633737631525,1.3023367458664465,1.2026052307873578,0.17001425754864474,0.09374403863350347,0.07521108175830686,0.238218272522461,0.22303240189317328,0.1415705481508995,0.2425204225939414,0.2608202925176644
5,nlos,naive,information,360,360,360,0,1.2084605356353102,1.2828248462198264,1.2001588939958032,0.14140542900027375,0.07577999494421879,0.05903646093889052,0.18291561428654654,0.18357290794884898,0.12500985970893694,0.1600016050592177,0.23173812180998515
5,nlos,naive,p2b_uniform,360,360,360,0,1.215611380404483,1.29069463066746,1.2019019824073458,0.18205123689276193,0.1175911248856435,0.07987443733975438,0.2939290105757785,0.24382476587651,0.11605418619346482,0.3026407356065373,0.19219590682649013
5,nlos,gated,cyclic,360,360,339,21,1.2024722202769933,1.2498401252788818,1.1986292826403222,0.0960587493934258,0.06462982683887757,0.08652084841936167,0.08920376406730074,0.10093159729331679,0.05588159150162269,0.12468714147012312,0.0585049014315441
5,nlos,gated,information,360,360,289,71,1.2038482715173475,1.2747550839164263,1.198050982663429,0.11800213461839361,0.05399742647633238,0.05903646093889052,0.12114280701731532,0.1254020485297452,0.12565553860767123,0.0890106444530295,0.21008258912602717
5,nlos,gated,p2b_uniform,360,360,340,20,1.2023313105110163,1.243025059324664,1.1982802551320222,0.09861546732573713,0.08472988094371278,0.07987443733975438,0.1343959885571503,0.0676354401656691,0.06937030133742177,0.08563377425233117,0.0737005866074843
6,clean,naive,cyclic,360,360,360,0,2.3417169007121688,2.354597179008601,2.3395433907380743,0.1008700447843675,0.06715938865791472,0.09825134974144968,0.12148020753903761,0.09876302106987651,0.05346677200052051,0.10466890026697918,0.08003686585675673
6,clean,naive,information,360,360,360,0,2.345492056975091,2.3665870474719637,2.343878180465079,0.08699462324163637,0.07649738784494928,0.08582980768482915,0.09742857438840948,0.06472209022181363,0.0651591319137019,0.050200471433886215,0.06904665756587142
6,clean,naive,p2b_uniform,360,360,360,0,2.347192585748815,2.374846288199439,2.345400110842521,0.09171343769642878,0.07651422360927126,0.08143913778361841,0.1263609792970448,0.09568108981150164,0.04851997061100994,0.1070125229938906,0.08196638441718604
6,clean,gated,cyclic,360,360,358,2,2.3417861124385224,2.359869892095489,2.3395835179009623,0.10154387808275278,0.0684133693252987,0.09825134974144968,0.12148020753903761,0.09570530885018133,0.059706822211077384,0.10466890026697918,0.06726436561304884
6,clean,gated,information,360,360,359,1,2.343610837711584,2.3870795660048727,2.341403838792446,0.10168491691096189,0.08131972069492303,0.09996732172024549,0.14565493214676414,0.07620117651390704,0.06766461048535663,0.06011321091372348,0.07725170184063365
6,clean,gated,p2b_uniform,360,360,357,3,2.347717992209029,2.3728408507944816,2.3457409115564314,0.09632936619950423,0.08018009843645199,0.09525081127012254,0.14092152171418953,0.08987432372577113,0.04828319398714278,0.1134059956700747,0.08167817948889905
6,loss30,naive,cyclic,360,250,250,0,2.3414610104330924,2.357099231203969,2.338603577962965,0.11564155186254135,0.06979151020173893,0.11135385628765125,0.10351768147108346,0.10700474750589534,0.056810762563828915,0.10764663712634243,0.09082787352948019
6,loss30,naive,information,360,250,250,0,2.3394807287640362,2.3739689951718828,2.3361196064366405,0.12536053876967085,0.06366163908872094,0.09340951077224258,0.16195423090019198,0.18343053289220884,0.08271221374058951,0.206222942615871,0.1434244807948364
6,loss30,naive,p2b_uniform,360,252,252,0,2.347337081712201,2.3786747072562187,2.344789852578864,0.10932484815603484,0.0725066585889254,0.10678509636961467,0.14798157942706092,0.13708498160122698,0.05466364813245147,0.15089998409864067,0.07384051537512276
6,loss50,naive,cyclic,360,189,189,0,2.3417920102164334,2.3691911509737915,2.338335498746433,0.1271884995421889,0.07204220540786434,0.13375848612624425,0.11703892002559019,0.10564748822367682,0.06024548770091274,0.08837497161942481,0.0777879729335881
6,loss50,naive,information,360,169,169,0,2.3368212094637224,2.353173301608245,2.333518116133622,0.12420373052241998,0.05694886528159675,0.11702025403022022,0.15600101905224018,0.11574010504297048,0.07849557663715351,0.1821874320333607,0.0849335654696487
6,loss50,naive,p2b_uniform,360,181,181,0,2.34535074658305,2.3624703667674534,2.3429999916049358,0.10498173096753426,0.05715147660647334,0.08452991116190862,0.10488750350503924,0.1366886958652903,0.08432617017386501,0.11921839231822742,0.14851781623598426
6,network_outage,naive,cyclic,360,300,300,0,2.3401185066175447,2.362268820910957,2.3375385504564306,0.10985513253361193,0.06265601990500776,0.09825134974144968,0.13883643480469215,0.12359572828023023,0.05932556238720951,0.18915795647071681,0.09363835150320984
6,network_outage,naive,information,360,300,300,0,2.3480874517121806,2.367903143768491,2.3464479470767046,0.08773090987628467,0.06709748723188086,0.08582980768482915,0.11121924093597436,0.08188552931494111,0.04400038819689329,0.14119927822743775,0.0555941651197216
6,network_outage,naive,p2b_uniform,360,300,300,0,2.3454368703767314,2.379447713615068,2.3431946818295204,0.10253192658118655,0.06861478538186701,0.08143913778361841,0.14621344008187348,0.12743433373881594,0.04910781808309154,0.14734923074200526,0.0900696836374114
6,network_outage,gated,cyclic,360,300,298,2,2.3401411882673893,2.3624633677571127,2.337541142664215,0.11028230763629175,0.06384621096057543,0.09825134974144968,0.13883643480469215,0.12008844752604592,0.0650281547690883,0.18915795647071681,0.07735805385192726
6,network_outage,gated,information,360,300,297,3,2.3467458297965726,2.368960091201746,2.3435850601745574,0.12175818409545129,0.07200567834926452,0.09996732172024549,0.2048704492985125,0.12224915000966403,0.05558594358667795,0.16070556301474123,0.0683195526501461
6,network_outage,gated,p2b_uniform,360,300,298,2,2.3460365095000753,2.387895345030582,2.3430825667674022,0.11769192503302772,0.0721332245594995,0.09525081127012254,0.16693440889727382,0.1633041394830421,0.052439832528002696,0.16105489333432774,0.09896437733237438
6,node_outage,naive,cyclic,360,330,330,0,2.3413437771028627,2.349456008938818,2.338619189940876,0.1129201798554201,0.06341208597085934,0.09825134974144968,0.1463096779070582,0.13122504334761315,0.05942029681782346,0.204321658662882,0.08584443215227819
6,node_outage,naive,information,360,305,305,0,2.34862413586273,2.3619781760226575,2.347067246232838,0.08550247492299023,0.07619446779961814,0.08582980768482915,0.08232020503213065,0.08374613944464611,0.058476022142343716,0.11914576579167052,0.03720096576131436
6,node_outage,naive,p2b_uniform,360,330,330,0,2.347067711331946,2.376563496349982,2.3453261337085087,0.09040004491634401,0.07018757646150309,0.08143913778361841,0.10469053749552105,0.1102609914466778,0.05136684487901558,0.11660336817080189,0.08935791480139202
6,outliers,naive,cyclic,360,360,360,0,2.3681977703973183,2.4345682883191135,2.3449412954656754,0.3310755208930286,0.08966496837576933,0.3674817986221892,0.25936916893769874,0.29533006646282156,0.21158645633765139,0.2792312925003756,0.19520962416539525
6,outliers,naive,information,360,360,360,0,2.347643829911469,2.4097668689330227,2.3258566781138135,0.3190960121887614,0.11041876601114604,0.3352222651834734,0.42927641095305186,0.33997791193818094,0.19912946535994935,0.4803435510064513,0.235254690349806
6,outliers,naive,p2b_uniform,360,360,360,0,2.3510448293309247,2.397082303733921,2.332875422503891,0.29172598890220747,0.08055115686215603,0.3243380406825084,0.4100871262982143,0.22670735156498992,0.102550456130079,0.3437675046620339,0.14960271789820154
6,outliers,gated,cyclic,360,360,339,21,2.342396699246579,2.3598026765090068,2.340289671729081,0.09933050407329909,0.06732407265280041,0.09473438981830275,0.1281402672485092,0.09679050881492043,0.05826118439015691,0.10636843253202143,0.06746196267986375
6,outliers,gated,information,360,360,340,20,2.3472332797461104,2.3731815069014943,2.3460390900181514,0.07486426153036019,0.06264496696925781,0.07423519596639329,0.06569955631974825,0.08395956466193442,0.05207147510774625,0.04510415938770535,0.07107198596290996
6,outliers,gated,p2b_uniform,360,360,347,13,2.3470882264173607,2.373191110761385,2.3448260848860887,0.10302317324161124,0.07988226767231424,0.10083431483163895,0.152550192188427,0.09352048579546388,0.048829997966126915,0.12386017607611129,0.08515743691260061
6,nlos,naive,cyclic,360,360,360,0,2.3456920936122163,2.4652481078989505,2.338650311425809,0.18162081076470493,0.0547483588757157,0.09825134974144968,0.26403489894401694,0.2537179882351585,0.12848929821877128,0.3109857754257875,0.21126589412939972
6,nlos,naive,information,360,360,360,0,2.3455570188560677,2.4125061907711225,2.341303057957264,0.14120098974486991,0.07158727573412267,0.08582980768482915,0.20598454555412335,0.15637956668448494,0.12146664263092592,0.17357825944204516,0.26389889017241347
6,nlos,naive,p2b_uniform,360,360,360,0,2.3513485644035916,2.48426784398434,2.344604832950259,0.17795574907576983,0.06086080759834901,0.08143913778361841,0.2852475017059712,0.2384476625495551,0.12481649310581616,0.25845372600710365,0.22218983569040926
6,nlos,gated,cyclic,360,360,339,21,2.3417461766134617,2.359016496045429,2.3392317383557923,0.1084897688849167,0.07398864659090693,0.09825134974144968,0.137262143764379,0.09075806068962569,0.07975187328771709,0.10246289501243284,0.0993662072410322
6,nlos,gated,information,360,360,283,77,2.344644673336316,2.412701537671036,2.3395793539672867,0.1540360045391167,0.08416450584336994,0.09996732172024549,0.13631013968503436,0.17238858237295668,0.18464585285291107,0.0937170234075951,0.30955763721456936
6,nlos,gated,p2b_uniform,360,360,337,23,2.3474977964473083,2.3672669727762616,2.345515558505704,0.09645034542521688,0.07972546588616175,0.09525081127012254,0.14058163498623516,0.0917376508339194,0.047748398066297444,0.11560513168084469,0.07303508757758788
7,clean,naive,cyclic,360,360,360,0,0.9429591697728238,0.9518490778327838,0.9404343462159067,0.06895822152661378,0.07620656004608325,0.07130106141726818,0.05172094995194718,0.048196931535023815,0.05392932152393354,0.041270114739361013,0.023261212632742553
7,clean,naive,information,360,360,360,0,0.9425313638145671,0.9693905056159352,0.9402688330656184,0.0652678583957541,0.05978934012436875,0.07122393001779617,0.06261823072070183,0.06235488302204929,0.05495505534207763,0.034758250594377926,0.03642247803941234
7,clean,naive,p2b_uniform,360,360,360,0,0.9413080213048147,0.9460531399901592,0.9392979069303221,0.061483599513214464,0.06523956076428053,0.06635744636400813,0.0709719925169913,0.0610421517540128,0.05106283639189267,0.057377697277306274,0.0357399306379733
7,clean,gated,cyclic,360,360,360,0,0.9429591697728238,0.9518490778327838,0.9404343462159067,0.06895822152661378,0.07620656004608325,0.07130106141726818,0.05172094995194718,0.048196931535023815,0.05392932152393354,0.041270114739361013,0.023261212632742553
7,clean,gated,information,360,360,358,2,0.9425274149169697,0.9640350049195687,0.9405200410575286,0.06148154389091171,0.04750416058770683,0.07122393001779617,0.058881201862815,0.04244418499651999,0.05339005872934254,0.02320946492362363,0.05465629963701518
7,clean,gated,p2b_uniform,360,360,360,0,0.9413080213048147,0.9460531399901592,0.9392979069303221,0.061483599513214464,0.06523956076428053,0.06635744636400813,0.0709719925169913,0.0610421517540128,0.05106283639189267,0.057377697277306274,0.0357399306379733
7,loss30,naive,cyclic,360,249,249,0,0.9405132346828664,0.9639184150155963,0.9378543317518295,0.07067104801796634,0.06949016899641386,0.08259966937350546,0.044623457271422716,0.05790305667722246,0.06514223000781239,0.06358890110522748,0.04210595618176702
7,loss30,naive,information,360,253,253,0,0.943902981871668,0.9850711736088102,0.9395677292425899,0.09036216770391078,0.04625716929490413,0.10841065462701055,0.10244529425802487,0.06343932913050095,0.08117934543936599,0.05080484817839153,0.07543002704536063
7,loss30,naive,p2b_uniform,360,249,249,0,0.938422327958595,0.9549721802784794,0.9357291135477551,0.07104570127995957,0.07676666094389206,0.06408894301318602,0.06308775595403356,0.06742056967499603,0.05795043286975357,0.06624097013141698,0.04271632670205773
7,loss50,naive,cyclic,360,169,169,0,0.9439403671947284,0.9590638828306918,0.9403059739318661,0.0827532005892431,0.07458865904126454,0.10685090208845938,0.07103569220991521,0.06826201463766039,0.07329342449242274,0.03283357104651636,0.06810110614431858
7,loss50,naive,information,360,179,179,0,0.9439637307109982,1.0200555343841082,0.9380129754380875,0.10582619150102668,0.043943626640903496,0.08360193909277874,0.0565753161554484,0.07965512322168417,0.13981703409422108,0.04560329116666057,0.13135990027624606
7,loss50,naive,p2b_uniform,360,184,184,0,0.9409216257529139,0.9949860912693942,0.9370149783060071,0.0856529990117093,0.0731279545569768,0.08282434725550859,0.06370811437449277,0.05449895721241768,0.09599717360938184,0.07055276618822637,0.05165035566648928
7,network_outage,naive,cyclic,360,300,300,0,0.9445763720173719,0.953745982647992,0.9417937276002755,0.07245065373258239,0.05858027830162624,0.07130106141726818,0.07413527883471069,0.04764717488592633,0.05482706064489587,0.09648931741061333,0.03123561959353348
7,network_outage,naive,information,360,300,300,0,0.9425777064268327,0.9634466220929443,0.9390845556577483,0.08107360839359375,0.0405830024108297,0.07122393001779617,0.1172466129072312,0.08739284653749328,0.056326693650116555,0.1786045975931505,0.05635345799179107
7,network_outage,naive,p2b_uniform,360,300,300,0,0.9426668001296212,0.9523119687060905,0.9406095349789618,0.062244668633389684,0.05791816649223711,0.06635744636400813,0.07019407166127113,0.06679467744224428,0.050766016576157834,0.09106805752312014,0.047517810681654005
7,network_outage,gated,cyclic,360,300,300,0,0.9445763720173719,0.953745982647992,0.9417937276002755,0.07245065373258239,0.05858027830162624,0.07130106141726818,0.07413527883471069,0.04764717488592633,0.05482706064489587,0.09648931741061333,0.03123561959353348
7,network_outage,gated,information,360,300,300,0,0.9425777064268327,0.9634466220929443,0.9390845556577483,0.08107360839359375,0.0405830024108297,0.07122393001779617,0.1172466129072312,0.08739284653749328,0.056326693650116555,0.1786045975931505,0.05635345799179107
7,network_outage,gated,p2b_uniform,360,300,300,0,0.9426668001296212,0.9523119687060905,0.9406095349789618,0.062244668633389684,0.05791816649223711,0.06635744636400813,0.07019407166127113,0.06679467744224428,0.050766016576157834,0.09106805752312014,0.047517810681654005
7,node_outage,naive,cyclic,360,330,330,0,0.9442534949623181,0.9560662953597292,0.941786533205942,0.06821135257774655,0.0725364891087977,0.07130106141726818,0.0494050415238512,0.04497126093834066,0.05355708759657613,0.03632457441432401,0.025245906964703083
7,node_outage,naive,information,360,305,305,0,0.9437744167127292,0.9723482822819923,0.9408441557231871,0.07431301556911397,0.042196618938144526,0.07122393001779617,0.09649492918633215,0.09073103345876771,0.0440648681848747,0.10546639904027678,0.05635499289769783
7,node_outage,naive,p2b_uniform,360,330,330,0,0.9417196020651705,0.9491215253185203,0.9396065447877717,0.06305037593677221,0.05808879861341203,0.06635744636400813,0.0768939856015415,0.06101443532214422,0.05250378775108797,0.06457172557373447,0.034476229261682104
7,outliers,naive,cyclic,360,360,360,0,1.0245729565263377,1.0896947204551877,0.9461742801307821,0.3930699363524471,0.1097509805477345,0.7360581361491567,0.3257709205710509,0.29995814269448895,0.1785028124619919,0.19399529499124382,0.15620587082917495
7,outliers,naive,information,360,360,360,0,0.9763171381418316,1.0544681935375488,0.9460973724082963,0.24102886995456366,0.10443176553981366,0.30651312167502215,0.15779716991241044,0.14771626759895834,0.14920528246531128,0.09159893626185071,0.19984744352036246
7,outliers,naive,p2b_uniform,360,360,360,0,1.0274744991671718,1.079089597413077,0.967615629441542,0.3455775457104806,0.17413352265070858,0.40604386410240423,0.39256904067841203,0.3721048794674865,0.2790646543552863,0.3206933947920811,0.13962684107252776
7,outliers,gated,cyclic,360,360,344,16,0.9437045154833752,0.9530574490628779,0.9409270714620562,0.07234955931828786,0.0781270241683086,0.08159112515221748,0.0518832424060948,0.04858701153726947,0.053660096426886336,0.042686267889913414,0.024547263484779216
7,outliers,gated,information,360,360,348,12,0.940390568352227,0.9555775935766361,0.9375955381607715,0.07245017506423385,0.05315164903210129,0.08940220135911335,0.07959483526946001,0.06047989254847119,0.0670704057788739,0.08442114936844622,0.05331417815870641
7,outliers,gated,p2b_uniform,360,360,342,18,0.940518003165194,0.9539305245710863,0.9383780245121898,0.06340975784880319,0.06435200848565475,0.07393637702392618,0.06922625111115077,0.06385943959666658,0.05217362390812409,0.04951909871159372,0.03390029642438312
7,nlos,naive,cyclic,360,360,360,0,0.9550528849483445,1.0121097508400483,0.9423760610827536,0.155091497337249,0.07521644226768091,0.07130106141726818,0.24765937341084446,0.21436597347420566,0.09830607381177285,0.2349953389840444,0.22469987958354123
7,nlos,naive,information,360,360,360,0,0.9449629308447719,1.0053486131495504,0.9363552819370624,0.12725457421761066,0.05362410643197695,0.07122393001779617,0.15761743755175014,0.19887892359792353,0.10261732576188455,0.21571934997960784,0.1989798235878008
7,nlos,naive,p2b_uniform,360,360,360,0,0.9540532003202884,1.0155788451998717,0.9421819365170417,0.150035687562598,0.0686470620556162,0.06635744636400813,0.25107827363128077,0.2179999899512274,0.08891000934280702,0.26490659547589385,0.1818477260075249
7,nlos,gated,cyclic,360,360,340,20,0.9429795825405554,0.9564259145244541,0.9403281270122317,0.07066474819900177,0.07475933818196372,0.07130106141726818,0.05298764327588202,0.049442170312604374,0.059126129767404355,0.05047699179903513,0.02728286666385282
7,nlos,gated,information,360,360,292,68,0.9466123130859385,1.0050544528182275,0.9383255902616904,0.12497983015655469,0.05551017785025528,0.07122393001779617,0.07465382806774641,0.16090755852451452,0.15895652647636135,0.07982177619692295,0.3053083088907796
7,nlos,gated,p2b_uniform,360,360,340,20,0.9413597955525962,0.9464452394782675,0.9393070195404715,0.06213362797086831,0.0631560887082588,0.06635744636400813,0.06970689415360881,0.06196017455853992,0.0536740876220296,0.05849167128934656,0.04552652481349156
8,clean,naive,cyclic,360,360,360,0,0.5950548271556779,0.6157530329484263,0.5908434272623763,0.07067030339628387,0.03089013256180793,0.06228109108879599,0.06258933844589651,0.05798809893459924,0.06593806124665814,0.03309925336197224,0.0649214623896272
8,clean,naive,information,360,360,360,0,0.5963139813781881,0.6253368583283696,0.591425745460227,0.0761967977930899,0.03362682481568985,0.05966546765808251,0.056652269731903473,0.049939159264800706,0.06895798898018289,0.04871006815898282,0.06725049673005763
8,clean,naive,p2b_uniform,360,360,360,0,0.5953738784245315,0.6088988234584429,0.5901098696808927,0.07899618228413781,0.026662547497807748,0.06662570359829761,0.09049655735594005,0.08708793959035768,0.07350411633222435,0.07927749618825045,0.04520830400716477
8,clean,gated,cyclic,360,360,359,1,0.593705416008368,0.6103194698972128,0.589570868325628,0.06994506572614216,0.03824020202875974,0.06228109108879599,0.05979637316827182,0.060378873711126255,0.06380745721703528,0.0400561625387464,0.06619495709016779
8,clean,gated,information,360,360,359,1,0.5933590753701606,0.613515330741516,0.5880785670009612,0.07898475396067256,0.0242416824656784,0.06310501594625675,0.07538667366540679,0.06417112831160542,0.06052103616127105,0.07190563604566413,0.06991539334972025
8,clean,gated,p2b_uniform,360,360,358,2,0.594584033879559,0.6011087419748729,0.5884375964081743,0.08527231952901954,0.02804726900319206,0.08954044266734325,0.08497289344444435,0.08997624992226883,0.07373060726657778,0.08247706298192443,0.04634038929202842
8,loss30,naive,cyclic,360,251,251,0,0.5967882666461483,0.6097426762502925,0.5900465772824336,0.08944982864041373,0.040181182503341455,0.13046467433858105,0.07085923913252712,0.05148025928890462,0.06593492276860556,0.03395104368279687,0.06532329684902718
8,loss30,naive,information,360,253,253,0,0.6012763292434168,0.6174556137139007,0.5949007003383223,0.0873291523227576,0.033414765146510726,0.09770798915904004,0.07134576619236734,0.06601937787440199,0.08012522042354421,0.07009002698719259,0.07680415701452362
8,loss30,naive,p2b_uniform,360,250,250,0,0.597874928888485,0.619594267434457,0.5910522788827448,0.0900646113683123,0.027707598575304807,0.06432710366142083,0.11491137715416287,0.08102279437614181,0.07827819739125323,0.07307797734788503,0.03191092449958545
8,loss50,naive,cyclic,360,174,174,0,0.5988701220575594,0.6317945311809199,0.5919569813768711,0.09073232771409931,0.030429485136229006,0.08336918446425665,0.0942994021444439,0.07512532085605315,0.07108900019845046,0.06699792843716972,0.07575525599793172
8,loss50,naive,information,360,181,181,0,0.6037039201402309,0.6136610376265196,0.5935033001990692,0.11050907585124337,0.029236327158144716,0.06353287491354599,0.08488436291774894,0.09555165202489402,0.08568120762272881,0.12492528738753826,0.06333992367925735
8,loss50,naive,p2b_uniform,360,176,176,0,0.603716212378203,0.6688629611524599,0.5907048619813449,0.12466367201347735,0.031150633737405904,0.13332266808601284,0.16115963945520134,0.09393495821683909,0.08534835851446161,0.09454999266161858,0.046796076147327025
8,network_outage,naive,cyclic,360,300,300,0,0.593660264962638,0.61106190107709,0.5890904299338214,0.07351853885854302,0.03110167942760885,0.06228109108879599,0.08133284605247545,0.08036945462129486,0.05180539074159401,0.11935849862251915,0.0552097138835703
8,network_outage,naive,information,360,300,300,0,0.599267508867998,0.6382484260854882,0.5904836660523332,0.1022281140892892,0.034183198493551774,0.05966546765808251,0.16288090940203234,0.1044883893082343,0.05310454443492759,0.0904391540080828,0.040936002878074106
8,network_outage,naive,p2b_uniform,360,300,300,0,0.6000914546879926,0.6330369834562236,0.5908329470504704,0.1050056316071055,0.02688136768097507,0.06662570359829761,0.19096552021874258,0.08880942437818738,0.07397342183648463,0.08089513285884822,0.04637610179756623
8,network_outage,gated,cyclic,360,300,300,0,0.593660264962638,0.61106190107709,0.5890904299338214,0.07351853885854302,0.03110167942760885,0.06228109108879599,0.08133284605247545,0.08036945462129486,0.05180539074159401,0.11935849862251915,0.0552097138835703
8,network_outage,gated,information,360,300,299,1,0.5966021506134637,0.6248573784416394,0.5884702814876929,0.09816747894494122,0.03282219879089048,0.06310501594625675,0.14105687323897273,0.10261159702173299,0.05955495038706808,0.1508433712657647,0.05457373674509045
8,network_outage,gated,p2b_uniform,360,300,298,2,0.5983075182582831,0.6275540783830988,0.5893155790434328,0.1033394150413539,0.028986595324503615,0.08954044266734325,0.16732325367568077,0.0880107699204595,0.07380701171520439,0.07693773960930919,0.04724969628079275
8,node_outage,naive,cyclic,360,330,330,0,0.5930342127306499,0.6171290453050221,0.5887916672871287,0.07080925082434297,0.036642432900125504,0.06228109108879599,0.05411514816713953,0.07779801308025862,0.059638413432821016,0.0679453206914585,0.06174842110626866
8,node_outage,naive,information,360,305,305,0,0.5971338699748028,0.6309888588413369,0.5915320129956557,0.08160108009329266,0.031972912571765016,0.05966546765808251,0.07222034889003635,0.10108708917906516,0.049493905697498494,0.0531849459740724,0.04431316643264809
8,node_outage,naive,p2b_uniform,360,330,330,0,0.5966305548517128,0.6234880037125189,0.5901148656137307,0.08793443218871247,0.02931603371038377,0.06662570359829761,0.11766133372120104,0.102879236461805,0.07451532488433689,0.10136046931292653,0.047775658268788844
8,outliers,naive,cyclic,360,360,360,0,0.6329038647625173,0.7290785461205407,0.588623412763835,0.2325720963004519,0.08762183176009976,0.12657916605343147,0.19501746617152524,0.2712235694454323,0.24396268134571622,0.3998259324060618,0.23422394201246383
8,outliers,naive,information,360,360,360,0,0.6702441427553444,0.8556822619444244,0.5796518909329746,0.33649798845709816,0.0870195658410775,0.2236752186722521,0.26746612814110066,0.23820674131071803,0.4362096598689911,0.27268329831490745,0.16817504800946645
8,outliers,naive,p2b_uniform,360,360,360,0,0.6899781655620015,0.9826811472246986,0.5807474352849372,0.37256178730818923,0.12843458036538108,0.43768673029143523,0.5207571339013525,0.38002706328324437,0.25306614823853396,0.2712513534494078,0.30962001112521775
8,outliers,gated,cyclic,360,360,345,15,0.5935298751495705,0.6122881360373554,0.5895005186474984,0.06904238704879138,0.035874210442246,0.0619535796014178,0.059782643999549315,0.0590730563279764,0.06499160019429873,0.043590507212727586,0.06619636275719644
8,outliers,gated,information,360,360,343,17,0.5906424032249633,0.6299176233080969,0.5843352539587586,0.0860857680938794,0.03941920477637635,0.0566496301847464,0.05848975511669228,0.08254792697442635,0.09595643748380876,0.055282918423438146,0.08307559418423109
8,outliers,gated,p2b_uniform,360,360,342,18,0.5945235835885858,0.6088142475068921,0.5889902738941961,0.0809243393612456,0.028973672125236664,0.060201588619172006,0.09179837776054182,0.09126348167299551,0.07853764672676054,0.08147325273077012,0.058107776149833784
8,nlos,naive,cyclic,360,360,360,0,0.6114717525946921,0.7154443003315788,0.5885147691450506,0.1659761149062479,0.04943602143292507,0.06228109108879599,0.2242111980648181,0.2449675167145763,0.14322188709398298,0.2877506871406603,0.24364945777686883
8,nlos,naive,information,360,360,360,0,0.6052508285882512,0.6915012140447313,0.5875755220706194,0.14520182977567386,0.03647653311329494,0.05966546765808251,0.17893692085450016,0.19822104697981305,0.13336372420930767,0.16242730746751038,0.28799325010585414
8,nlos,naive,p2b_uniform,360,360,360,0,0.6163060400097087,0.7234485560421683,0.588229019553025,0.18390148315915125,0.043398107526797416,0.06662570359829761,0.30949364762932763,0.25616490168226347,0.12382784946782108,0.3207917732405279,0.2006547520022107
8,nlos,gated,cyclic,360,360,339,21,0.5927935419789776,0.6106004146285217,0.5886076579325539,0.07032217598407763,0.03920673333135766,0.06228109108879599,0.05632833552002053,0.07328392445240929,0.05974326399911054,0.06101605671017583,0.06393832261399762
8,nlos,gated,information,360,360,326,34,0.6109937386498306,0.6933677773393856,0.5936859732927692,0.14439637732545435,0.03808951947421334,0.06310501594625675,0.14689721825425112,0.18493733143655045,0.15654100199841756,0.15763956156852924,0.2714440991358379
8,nlos,gated,p2b_uniform,360,360,338,22,0.5946456289252722,0.6043249548289042,0.5887549206390109,0.0834929184020086,0.027783986855858322,0.08954044266734325,0.07695970885369398,0.08467545739306583,0.07514478035948838,0.07460572502835958,0.04696286181946557
9,clean,naive,cyclic,360,360,360,0,1.3759579603796885,1.3958480778351252,1.373508035811602,0.08207304242676963,0.06753856488411478,0.09461505366178512,0.10627699033509931,0.03824139403891259,0.056765255016577566,0.04411843134213604,0.03270476670839551
9,clean,naive,information,360,360,360,0,1.378995401312551,1.3969929607189324,1.3760670310940084,0.08982117109726796,0.05417549744420564,0.09403654220164064,0.0898325741075875,0.08536028910331002,0.059163362553678475,0.056222753035672667,0.03370370120897936
9,clean,naive,p2b_uniform,360,360,360,0,1.37904717583995,1.4175710307098912,1.3753121937438046,0.10142722973514495,0.05022905327801753,0.1403927746064154,0.12044008638930408,0.08161484651378006,0.0662258310070243,0.11629397414402935,0.047888382558293904
9,clean,gated,cyclic,360,360,359,1,1.3765568944620417,1.3911614384593474,1.3741012100296013,0.08218727569499856,0.06763485987779476,0.09461505366178512,0.10627699033509931,0.03824139403891259,0.05725877575900077,0.04411843134213604,0.03270476670839551
9,clean,gated,information,360,360,359,1,1.3789771773957,1.398715732233539,1.376078888439113,0.08935853943740871,0.05410222645188054,0.09403654220164064,0.0898325741075875,0.08536028910331002,0.057023711741215434,0.056222753035672667,0.03370370120897936
9,clean,gated,p2b_uniform,360,360,360,0,1.37904717583995,1.4175710307098912,1.3753121937438046,0.10142722973514495,0.05022905327801753,0.1403927746064154,0.12044008638930408,0.08161484651378006,0.0662258310070243,0.11629397414402935,0.047888382558293904
9,loss30,naive,cyclic,360,247,247,0,1.3780946295857048,1.4046251812158812,1.3758523547540242,0.0785818427549723,0.06290381518261057,0.06643850691374027,0.08105605074318731,0.052667230021409814,0.06499134254724685,0.035565693483651954,0.030155468970082932
9,loss30,naive,information,360,258,258,0,1.3807922098309122,1.4135452618184747,1.3779324234804153,0.08882208650512076,0.04986660929771304,0.07657239065918815,0.07637218509925017,0.07158577351791155,0.062061931027563466,0.07332130721174036,0.04531105217210621
9,loss30,naive,p2b_uniform,360,260,260,0,1.3816092196006164,1.4258208462176598,1.3778410551248859,0.10197089044313305,0.0596115515336204,0.1268914178293127,0.1224178141191118,0.0817425838389036,0.0718366452718562,0.12655290116829712,0.04002757244757396
9,loss50,naive,cyclic,360,167,167,0,1.3798544995952082,1.417206871169848,1.3762015522072044,0.10033806733051638,0.05320638214818208,0.08950655114002214,0.105660794213439,0.08831546673122974,0.08229867022163104,0.09310843029389561,0.08413227398812047
9,loss50,naive,information,360,178,178,0,1.3853015652703242,1.4227747930082024,1.3802275547696046,0.11845810987487818,0.07014492575871772,0.12594414219374603,0.11815418599404302,0.10917241896760496,0.07641941583674612,0.14481571126323664,0.05058762773469878
9,loss50,naive,p2b_uniform,360,187,187,0,1.38140840326871,1.4206715424530398,1.3775289623059936,0.1034559550223148,0.06653602921153642,0.10917149336581233,0.10994065162516607,0.06458479304069524,0.08432271046155042,0.10265781743649474,0.044124968533682425
9,network_outage,naive,cyclic,360,300,300,0,1.3793786757107067,1.4036702163474122,1.375634443226042,0.10156480500449454,0.06036809633573858,0.09461505366178512,0.14903083116643898,0.10166125292683317,0.06378039658510341,0.2105017840544472,0.03449685549447473
9,network_outage,naive,information,360,300,300,0,1.3812936697649005,1.4057843006816098,1.3781371315163955,0.09332871406136022,0.07048031854639626,0.09403654220164064,0.1038971675293516,0.09045068942607364,0.06014935551027879,0.1729452926735378,0.03611496673690333
9,network_outage,naive,p2b_uniform,360,300,300,0,1.3808566626603205,1.4310236562352636,1.374026870742892,0.13716880581930663,0.06012613267960236,0.1403927746064154,0.25965637583604834,0.07805670536878521,0.06164470755347232,0.1415289591440294,0.050090552425148815
9,network_outage,gated,cyclic,360,300,299,1,1.3800120187073177,1.4042536113163886,1.3762738268803305,0.10150628168156009,0.06098074757562333,0.09461505366178512,0.14903083116643898,0.10166125292683317,0.06350037545286091,0.2105017840544472,0.03449685549447473
9,network_outage,gated,information,360,300,300,0,1.3812936697649005,1.4057843006816098,1.3781371315163955,0.09332871406136022,0.07048031854639626,0.09403654220164064,0.1038971675293516,0.09045068942607364,0.06014935551027879,0.1729452926735378,0.03611496673690333
9,network_outage,gated,p2b_uniform,360,300,300,0,1.3808566626603205,1.4310236562352636,1.374026870742892,0.13716880581930663,0.06012613267960236,0.1403927746064154,0.25965637583604834,0.07805670536878521,0.06164470755347232,0.1415289591440294,0.050090552425148815
9,node_outage,naive,cyclic,360,330,330,0,1.380011515818049,1.4072899761297644,1.3763919914302387,0.0998842816319513,0.061710246988017074,0.09461505366178512,0.15199704707334785,0.09194898913309414,0.05954956715890142,0.16025761988270618,0.03310854855938072
9,node_outage,naive,information,360,304,304,0,1.3807589444847528,1.419946204935114,1.37732766206954,0.09728193086438908,0.06152733319449509,0.09403654220164064,0.12287854042609624,0.0978207541791019,0.055074006934009614,0.17594547513514475,0.06250591295507224
9,node_outage,naive,p2b_uniform,360,330,330,0,1.3775824330199329,1.415655055405268,1.3734534984507285,0.10657789338587935,0.0535060509375326,0.1403927746064154,0.15545869624711647,0.06315700698434416,0.06407746507370651,0.10941916429502935,0.05031306695424305
9,outliers,naive,cyclic,360,360,360,0,1.4064880773889832,1.5101346515633187,1.376457287293422,0.2890917641410643,0.0629124964940705,0.34751882088209896,0.22021986772646057,0.23129240682910848,0.3096412133720848,0.1725535524436982,0.21534695929933087
9,outliers,naive,information,360,360,360,0,1.4091192729699336,1.4852394272865792,1.3834214325299514,0.26788479888207817,0.13897129333444397,0.31715610070816613,0.2363825778391994,0.20529810953005764,0.26453906208062244,0.2702102012439058,0.2668432351590383
9,outliers,naive,p2b_uniform,360,360,360,0,1.405369029909009,1.441738399902331,1.3740972452405698,0.2948200652087063,0.07567135945862928,0.3392435014739756,0.3698343934951112,0.23157726247393753,0.16454749573347993,0.4009978619716784,0.12979926599525904
9,outliers,gated,cyclic,360,360,341,19,1.3768300819719965,1.389213842078655,1.3743807248650615,0.08208957145949068,0.06656996441815834,0.10197473100261618,0.0971523509886203,0.03719817521361273,0.0573060405636059,0.03586531333196709,0.034276778235264885
9,outliers,gated,information,360,360,342,18,1.3804225156885643,1.4136920524343892,1.3781103667585268,0.07986325095200317,0.06369455037763287,0.08702910110265887,0.09719108298126733,0.056683522141936525,0.0597068094260348,0.06697823684605186,0.05737510241583765
9,outliers,gated,p2b_uniform,360,360,339,21,1.3789692683581627,1.432068797026547,1.3742984578679334,0.11340190376738256,0.05137568729339408,0.16023555354415006,0.14624307458804,0.08396757571898245,0.07442987833578596,0.12145674294509785,0.048576054397424226
9,nlos,naive,cyclic,360,360,360,0,1.3856619595292907,1.442666810100281,1.37606388428942,0.16281048013217025,0.05918771877571057,0.09461505366178512,0.26170646030197703,0.21728679267556386,0.10520813492467199,0.2519665179722504,0.20357288751393585
9,nlos,naive,information,360,360,360,0,1.3905696441565008,1.4487302043526362,1.3808528055023157,0.1641019950698986,0.05683393296391792,0.09403654220164064,0.2294928617489744,0.2229087467295646,0.12879654445881608,0.2517354868389168,0.2899598008143306
9,nlos,naive,p2b_uniform,360,360,360,0,1.3887894469467905,1.4334798139567473,1.37852155867016,0.16856583352614576,0.041992408997406194,0.1403927746064154,0.2747328910185049,0.22297916041472118,0.08221359111051388,0.294833652871526,0.1573334097298642
9,nlos,gated,cyclic,360,360,340,20,1.3759902074488157,1.395337772293603,1.3735047952121804,0.08266576391821465,0.06850496341622639,0.09461505366178512,0.1074131661781998,0.03930141366561481,0.05790265308915629,0.04720654669471593,0.045622781663565384
9,nlos,gated,information,360,360,305,55,1.3801999507594993,1.4260865251995078,1.3762900606520359,0.10381509055498488,0.04536541661409789,0.09403654220164064,0.1316140570358371,0.06798436188316974,0.09129348504973792,0.10091088686437046,0.04034771804457423
9,nlos,gated,p2b_uniform,360,360,341,19,1.380021977473899,1.4228905297573562,1.3756756240076278,0.10944055839676294,0.04364171591349025,0.1403927746064154,0.14773195058857644,0.0964146318211577,0.0669257887784434,0.17474825265162197,0.059628476606206314
10,clean,naive,cyclic,360,360,360,0,0.3906447374741911,0.42204033506616084,0.3821750715158188,0.08090442279726401,0.08198050076742511,0.08242207383893507,0.1224363545129218,0.05796645707662756,0.06751395065655962,0.047420983112616416,0.05321756145372065
10,clean,naive,information,360,360,360,0,0.388275654590645,0.4035613837050948,0.38204705545154033,0.06926782347238526,0.07929489771977033,0.060136923373842244,0.10887567472310378,0.05669649964027757,0.04443261467293908,0.0905406308591984,0.03254570064332222
10,clean,naive,p2b_uniform,360,360,360,0,0.38885039520520776,0.4289187777261411,0.3795438572977158,0.08456411909798037,0.10176241008683665,0.06456458664823013,0.11944773631980836,0.11272308428436212,0.061613660448827566,0.15738061395663014,0.06334837162325573
10,clean,gated,cyclic,360,360,360,0,0.3906447374741911,0.42204033506616084,0.3821750715158188,0.08090442279726401,0.08198050076742511,0.08242207383893507,0.1224363545129218,0.05796645707662756,0.06751395065655962,0.047420983112616416,0.05321756145372065
10,clean,gated,information,360,360,359,1,0.38599152009827575,0.4158144274975773,0.37743575990473055,0.08081893795959069,0.09837854801046991,0.08850477064364576,0.1081224582525083,0.05896008969106319,0.07034301028265916,0.03657241896815792,0.05454350326888497
10,clean,gated,p2b_uniform,360,360,359,1,0.3921134053919912,0.4428659950569884,0.3797853021082812,0.09755022803984414,0.10268027568639713,0.09130792200936856,0.1417480979079989,0.12103769879902111,0.061157502025616234,0.1766985110674224,0.06212474970193755
10,loss30,naive,cyclic,360,257,257,0,0.3922132337794305,0.4214916474116742,0.382336483782793,0.08746447233207487,0.07104272468731104,0.10806541211940168,0.12103067596552769,0.05979588417589347,0.07436560554911807,0.08343898969395297,0.06377742253386348
10,loss30,naive,information,360,275,275,0,0.3878571482260432,0.41507229125745765,0.3784971085914905,0.08469419235059922,0.07823095239524991,0.10218020093645609,0.09889232568683305,0.061042478594405425,0.06357377180931507,0.06481246370996464,0.08531189260767227
10,loss30,naive,p2b_uniform,360,244,244,0,0.40363741069445147,0.4854143638505169,0.38045642998908885,0.1348186344393045,0.10704853709964585,0.15382693972791744,0.1930616261149113,0.1530397242927343,0.06743945934299786,0.19649049504414048,0.06077941270066959
10,loss50,naive,cyclic,360,197,197,0,0.3982337260602363,0.4324888592627401,0.384137762985001,0.10501561608017425,0.06702206804150013,0.14377124677482817,0.1385838692715681,0.06484570651676329,0.07345326158018595,0.09103740451778901,0.06417093017535105
10,loss50,naive,information,360,162,162,0,0.39734322889267876,0.4424431671080875,0.3814866727071714,0.1111285746046948,0.08368469703758073,0.10196911256999412,0.15672548994974403,0.12629942339720712,0.07090536436373847,0.15436786315902193,0.10070148256920647
10,loss50,naive,p2b_uniform,360,165,165,0,0.4199907053369694,0.5406374452479563,0.3823631654548778,0.17375443094428056,0.10088195483709524,0.21730124560051786,0.27708747313158083,0.18370949162139266,0.07185866799928091,0.22909684171290853,0.06087034175086401
10,network_outage,naive,cyclic,360,300,300,0,0.393136731055161,0.4451769925438218,0.38070219733053007,0.0980934567259414,0.09037304977806353,0.08242207383893507,0.16726823243434802,0.10047276844362221,0.06268217036724245,0.17316639387411092,0.06094184470298093
10,network_outage,naive,information,360,300,300,0,0.3904001069274502,0.42231952060760225,0.3808152930447867,0.08597648557703315,0.07848494903088943,0.060136923373842244,0.1294898931128465,0.090109943101742,0.06961593162672908,0.131659200715474,0.06786418557819919
10,network_outage,naive,p2b_uniform,360,300,300,0,0.3873433266112837,0.42615334382035636,0.3792040607822568,0.07898818238535449,0.09487189635570079,0.06456458664823013,0.09331561591853514,0.11026396082821098,0.06413978172379307,0.11361131796226047,0.06654057755967345
10,network_outage,gated,cyclic,360,300,300,0,0.393136731055161,0.4451769925438218,0.38070219733053007,0.0980934567259414,0.09037304977806353,0.08242207383893507,0.16726823243434802,0.10047276844362221,0.06268217036724245,0.17316639387411092,0.06094184470298093
10,network_outage,gated,information,360,300,299,1,0.39221482465539675,0.40409014867000764,0.3800562386172951,0.0969005890979889,0.09063076595058552,0.08850477064364576,0.1709774696443953,0.09543465949795515,0.04402258380125959,0.12160087350551843,0.03506009384122097
10,network_outage,gated,p2b_uniform,360,300,299,1,0.3910596326365124,0.44509038198254774,0.3794009682034072,0.09477627131366412,0.09677458246877253,0.09130792200936856,0.12706132592650327,0.12181354669566895,0.06339622436992161,0.136759207840882,0.06507110547578726
10,node_outage,naive,cyclic,360,330,330,0,0.3917467358236955,0.44202769765936994,0.3805414122003782,0.09302547301176238,0.09283146317934005,0.08242207383893507,0.1433851183017468,0.10550793449158254,0.06491360529065349,0.1659581129328439,0.054966686260125595
10,node_outage,naive,information,360,306,306,0,0.39062340003745505,0.4190580059668513,0.38108865724424573,0.08577922811846372,0.08114168630018362,0.060136923373842244,0.15045856107432065,0.05732517815741435,0.0650136164176664,0.1084511335946964,0.04824027733849663
10,node_outage,naive,p2b_uniform,360,330,330,0,0.3888266597050736,0.43230229050799596,0.37913778910728435,0.08625953957821389,0.09975837214565751,0.06456458664823013,0.11070142113040465,0.12700988304027988,0.06292162198820801,0.15009578171865648,0.06632512505249445
10,outliers,naive,cyclic,360,360,360,0,0.45358609416468226,0.5401633036728691,0.3807479407917623,0.24651845854297538,0.11104574914473869,0.38660627191062946,0.2902156145138665,0.16408311956706598,0.1293510362805408,0.18897000202011188,0.07646767559106843
10,outliers,naive,information,360,360,360,0,0.5434243058195347,0.6721891187341998,0.3871088883831489,0.38138784024953654,0.11130690599696684,0.6105086036751232,0.23335296545551557,0.2085977557080297,0.1960544165827967,0.04249386589235259,0.1641033528980073
10,outliers,naive,p2b_uniform,360,360,360,0,0.4580663837486127,0.5552877179877169,0.3866436811558558,0.2456246643616644,0.13284982727971684,0.2528149546251493,0.22237775038875401,0.30455558274512917,0.2444829774607899,0.2585366509661602,0.16951914799115092
10,outliers,gated,cyclic,360,360,352,8,0.3913448879013727,0.42324536151888426,0.38226783123175195,0.08379812940579731,0.0828673399806975,0.08512731346512867,0.1282671149288453,0.05895419893473841,0.06579681867219006,0.04534021916246717,0.052870669790713816
10,outliers,gated,information,360,360,342,18,0.3874058199196475,0.4028437077914153,0.38223225794739746,0.06310127013023221,0.07308751413132637,0.05470720595454038,0.0555583689233483,0.05795591787787668,0.07048195110689087,0.044276901024918915,0.023367470774904968
10,outliers,gated,p2b_uniform,360,360,348,12,0.39281486831982415,0.4428594750697808,0.38009247149614134,0.09916266376553126,0.10073755936353278,0.0920915689142664,0.1426294133708728,0.1250128075740465,0.06265110107332073,0.17682582169903666,0.05825071518983703
10,nlos,naive,cyclic,360,360,360,0,0.4202140602538046,0.4895031106716412,0.3801191362300487,0.17913486178494054,0.10572840130211965,0.08242207383893507,0.2831919116492123,0.24004212356872573,0.1464930687212891,0.28470116126862377,0.2583952224431429
10,nlos,naive,information,360,360,360,0,0.41184301228823206,0.45015440050458944,0.3788614444195815,0.16148892439716497,0.0866006321826346,0.060136923373842244,0.2230064735245686,0.1859375531933544,0.1766184701701799,0.18118127446423937,0.3434763491503924
10,nlos,naive,p2b_uniform,360,360,360,0,0.4178839335812031,0.47899699477618624,0.3777207732305214,0.17875681641670738,0.1237125225925685,0.06456458664823013,0.30604524525262766,0.24540647767842239,0.12147018055745534,0.323010436435864,0.21720137668939485
10,nlos,gated,cyclic,360,360,340,20,0.39048419556103425,0.42141367226407794,0.3824002796738074,0.07904386812613583,0.08179546049742915,0.08242207383893507,0.1203681057077696,0.055226524162401834,0.06380917632800452,0.04347258375333622,0.04849181571373422
10,nlos,gated,information,360,360,281,79,0.4053979418870298,0.4585073868455819,0.3796599439664096,0.14214717103643779,0.07982510620589295,0.08850477064364576,0.12894846587474085,0.1467213449192742,0.18565698907300507,0.0958641020154885,0.32832168014397944
10,nlos,gated,p2b_uniform,360,360,339,21,0.39702246330389507,0.4671219645924534,0.37898720854373386,0.11830271395078432,0.09905475480266092,0.09130792200936856,0.14021174353845559,0.1660910779253989,0.10452691849491351,0.20518210552228971,0.1854076588942474
11,clean,naive,cyclic,360,360,360,0,0.6243368780625779,0.6415375702300418,0.6209088247115887,0.06533581486596751,0.03921614289037022,0.05237430406771296,0.09224728995055126,0.08862737830112717,0.046654037694866465,0.08367596410766841,0.020814486216631824
11,clean,naive,information,360,360,360,0,0.6251345472836842,0.6562982237129897,0.6196562056258264,0.0825795921337738,0.034308467000122425,0.09304396242073626,0.09900495755517144,0.06801766609921693,0.07109734530495497,0.03691961742785568,0.05501343438644716
11,clean,naive,p2b_uniform,360,360,360,0,0.6286579680295612,0.6638255202688721,0.6222210826678629,0.08973162792844708,0.049782823604657155,0.09773583855663329,0.11453605534216209,0.12256015623338327,0.05465123884829166,0.12942956998251523,0.042825575061984485
11,clean,gated,cyclic,360,360,359,1,0.6247811415250353,0.6474462558728213,0.6212499334290168,0.06633245826718999,0.037343979153618284,0.05237430406771296,0.09224728995055126,0.08862737830112717,0.050696617433556496,0.08367596410766841,0.020814486216631824
11,clean,gated,information,360,360,359,1,0.6251266985093616,0.6519005155400704,0.6197158168293689,0.0820712834109616,0.03329754197464577,0.09304396242073626,0.09900495755517144,0.06801766609921693,0.06930970878807868,0.03691961742785568,0.05501343438644716
11,clean,gated,p2b_uniform,360,360,359,1,0.6282623594165293,0.6612473662199246,0.6219517931385135,0.08882319106749044,0.04914725783247183,0.09773583855663329,0.11280054891122111,0.12002665340113876,0.0548144122468015,0.12368881188618813,0.04365268803214815
11,loss30,naive,cyclic,360,266,266,0,0.626468266157956,0.6455808764695249,0.6210474381197605,0.0822348351237967,0.033855983820936957,0.0763374693799855,0.11583924638795894,0.09767229141269516,0.057932806673515275,0.11108213978533159,0.032838186396158556
11,loss30,naive,information,360,245,245,0,0.6290645725828187,0.6655853630323166,0.6214614071682737,0.09750874770621062,0.04027324040378143,0.11507787585782084,0.13364519798151872,0.11425270330731749,0.05574310935542253,0.1507371817996104,0.034215231453611224
11,loss30,naive,p2b_uniform,360,267,267,0,0.6298904524804374,0.6755669062419428,0.6209972260228444,0.10547240111964042,0.055965111713745866,0.08929309230850493,0.154333992491254,0.1543042985443127,0.05928582150295493,0.19774416741682613,0.05284721653676235
11,loss50,naive,cyclic,360,190,190,0,0.6322866903458371,0.6720258770769981,0.6205811643186314,0.12110110355163717,0.03997361105539344,0.1620725615007868,0.1871027796329815,0.1168101773618326,0.05870433128777583,0.15245103778029617,0.07158571829778772
11,loss50,naive,information,360,166,166,0,0.6358181367329955,0.6807048049178703,0.6234456821030779,0.12482060913825892,0.05443828508379717,0.17017942786249737,0.16970349366267662,0.12243594477311769,0.07538474019485773,0.12905476031109445,0.04098960946616743
11,loss50,naive,p2b_uniform,360,186,186,0,0.6340945345581006,0.6846839586178635,0.6234113012566848,0.1159061181383507,0.06089984698784033,0.12610129007496487,0.1421091096797387,0.1688825132903341,0.07556221135039139,0.19886700631680024,0.06437144950357057
11,network_outage,naive,cyclic,360,300,300,0,0.6241261233610165,0.6433084783466144,0.6201530144626679,0.07031114075676007,0.03769436606475842,0.05237430406771296,0.11486924933899459,0.09138618218925953,0.0401357813141286,0.1847358672857543,0.027023326604600127
11,network_outage,naive,information,360,300,300,0,0.628799560004355,0.6429673007682002,0.6206545168286309,0.10088041138838127,0.03682063165779788,0.09304396242073626,0.18798708404970318,0.06674378309956432,0.04947195268625142,0.10595500220822116,0.034044947375643564
11,network_outage,naive,p2b_uniform,360,300,300,0,0.6295611764875748,0.6579172521587069,0.6225871453711377,0.09344796070025879,0.04435602209419291,0.09773583855663329,0.1353044291520914,0.11551690736730993,0.0572123385352391,0.11525950131713768,0.045004866053939024
11,network_outage,gated,cyclic,360,300,299,1,0.6245504801834186,0.6491637780278868,0.6204903269336489,0.07109892037937089,0.03581075489749845,0.05237430406771296,0.11486924933899459,0.09138618218925953,0.044101808253048894,0.1847358672857543,0.027023326604600127
11,network_outage,gated,information,360,300,300,0,0.628799560004355,0.6429673007682002,0.6206545168286309,0.10088041138838127,0.03682063165779788,0.09304396242073626,0.18798708404970318,0.06674378309956432,0.04947195268625142,0.10595500220822116,0.034044947375643564
11,network_outage,gated,p2b_uniform,360,300,300,0,0.6295611764875748,0.6579172521587069,0.6225871453711377,0.09344796070025879,0.04435602209419291,0.09773583855663329,0.1353044291520914,0.11551690736730993,0.0572123385352391,0.11525950131713768,0.045004866053939024
11,node_outage,naive,cyclic,360,330,330,0,0.6278905204497315,0.6494424195940133,0.6230530520845412,0.07779074468580818,0.043914643501031976,0.05237430406771296,0.12937930595130293,0.10545098595603752,0.04217005069612046,0.14758859962833473,0.022967184029858437
11,node_outage,naive,information,360,306,306,0,0.6244997192933935,0.6557071783131402,0.6185964457139458,0.08566409252189996,0.03832994054015484,0.09304396242073626,0.12266236630888994,0.0866090136692394,0.05053502962489045,0.09664426308253099,0.05318906894230662
11,node_outage,naive,p2b_uniform,360,330,330,0,0.6317626179000974,0.6582662913251477,0.6239527810996051,0.09902995675073681,0.053338289115122166,0.09773583855663329,0.134514246746221,0.14158665626733424,0.05702913806431137,0.13492302484035584,0.04771029163480548
11,outliers,naive,cyclic,360,360,360,0,0.6896065735875171,0.7301735802988384,0.6251039127600113,0.2912083868765455,0.08461596098754089,0.36520554072649425,0.35606997465215506,0.35116751544365454,0.13052292918501082,0.19553786243232868,0.1272807560130096
11,outliers,naive,information,360,360,360,0,0.6454057731157058,0.6831816450593577,0.6108889205238953,0.20823865815989073,0.10962579168791448,0.13739577740482173,0.20917892977092448,0.24721428016987074,0.19189985799302198,0.19971992659182494,0.22368486782184563
11,outliers,naive,p2b_uniform,360,360,360,0,0.7094104808273454,0.809079921661483,0.6385920832786962,0.3089714897550586,0.08973975203730855,0.42433413852481167,0.3011340581843905,0.2406789133134607,0.2144156362107719,0.21255802666015683,0.204522396654052
11,outliers,gated,cyclic,360,360,343,17,0.6250828848237341,0.6432620018458897,0.62126621567288,0.06897029913709266,0.039445874360200556,0.056073544014783226,0.09968768401365291,0.0866886182560043,0.05295140216482673,0.07916010510820978,0.027808261255655074
11,outliers,gated,information,360,360,344,16,0.6218988217770828,0.6493945146406427,0.6166881431867443,0.08033603538020409,0.036862976386126754,0.08716850188073207,0.07810161329064935,0.0642128510121535,0.07019892709114314,0.05242303302555295,0.07141406241465223
11,outliers,gated,p2b_uniform,360,360,339,21,0.6287027611039873,0.6634631848833407,0.6217522394923675,0.09322721976978086,0.047001836811962044,0.11557839326522684,0.11365881038607105,0.1201327073847482,0.05528133306704674,0.12522944029333097,0.0417618450861035
11,nlos,naive,cyclic,360,360,360,0,0.6378764144106904,0.6954134719833847,0.6179054866028423,0.15836391535808772,0.0479279617315836,0.05237430406771296,0.2510534549398607,0.2463757223072983,0.10455372005442345,0.2768418089912896,0.22593755630498602
11,nlos,naive,information,360,360,360,0,0.6358179591892946,0.6645569108677006,0.6203102402053662,0.13956963539395076,0.05170521058534526,0.09304396242073626,0.16502288590999978,0.2057563513239162,0.12436605905307467,0.2075406134493096,0.24908728362806454
11,nlos,naive,p2b_uniform,360,360,360,0,0.6441882505816358,0.7295841387701597,0.6192306230352825,0.17757234492669233,0.061092662450711356,0.09773583855663329,0.26803338516965425,0.2641846266375875,0.12916737529191333,0.2972512914101467,0.22369170280389727
11,nlos,gated,cyclic,360,360,339,21,0.6252479587059141,0.6507096084743131,0.6214886615565148,0.06846059759163645,0.040485798835453564,0.05237430406771296,0.09824891419007105,0.09192227927636912,0.0506140286966183,0.09900839829308648,0.033854532677397256
11,nlos,gated,information,360,360,282,78,0.6279453351978317,0.6569967015439755,0.6201302377539007,0.09876149158456281,0.043667482145150906,0.09304396242073626,0.11151118344025288,0.15605419113071586,0.05178012230572647,0.12296455066346113,0.0838758872907991
11,nlos,gated,p2b_uniform,360,360,339,21,0.6292413625726992,0.6538126219013213,0.6222859119781671,0.09330024719071268,0.051253991291746404,0.09773583855663329,0.1253260104956006,0.11878366155986919,0.06409136915616132,0.11777231966853986,0.06746635411591687
12,clean,naive,cyclic,360,360,360,0,1.01531276891956,1.0225821550028176,1.0135908376906513,0.05910695797169163,0.048640678141684206,0.06563566935679095,0.05306776101762972,0.06328209066418046,0.04534493850849182,0.04179630482946465,0.04531910109958652
12,clean,naive,information,360,360,360,0,1.0149203173208317,1.0201732158547756,1.0133212791560402,0.056949413694821836,0.05577494424406563,0.06371151253286059,0.05591505055429147,0.052285392488028104,0.045926363395049144,0.042909186430358875,0.033869659549308935
12,clean,naive,p2b_uniform,360,360,360,0,1.0105169245925827,1.0290066373846085,1.0078417182153612,0.07348146645760405,0.06404847661454577,0.11533609168539918,0.08298165732948462,0.052700092616818066,0.041532025739339846,0.06614606508787774,0.03852325162197118
12,clean,gated,cyclic,360,360,359,1,1.0151249765013102,1.0247888079401952,1.0133581363997828,0.05986656252988287,0.050508241393078385,0.06613325961693887,0.05596272432283654,0.0642962039039842,0.045519519712162955,0.043419474994374346,0.04625968333846696
12,clean,gated,information,360,360,360,0,1.0149203173208317,1.0201732158547756,1.0133212791560402,0.056949413694821836,0.05577494424406563,0.06371151253286059,0.05591505055429147,0.052285392488028104,0.045926363395049144,0.042909186430358875,0.033869659549308935
12,clean,gated,p2b_uniform,360,360,358,2,1.0100042160407594,1.0285489398080032,1.0077769224344828,0.06703872782646798,0.06382108673038096,0.09280640573511913,0.07833006402426977,0.05226828509049102,0.04184462557495113,0.06300982650469433,0.03952390952187171
12,loss30,naive,cyclic,360,255,255,0,1.0146496961113094,1.0223292218503655,1.0124414983187002,0.06690454619050996,0.05974178377328632,0.07931910254211613,0.06009029702966067,0.06417328442428238,0.04821915313109038,0.07582312091177648,0.044578302461603575
12,loss30,naive,information,360,257,257,0,1.0103649139289594,1.0126194717548274,1.0087207725357832,0.05761651111865795,0.061315168196355754,0.04856144696364207,0.06941219710147589,0.07132745603101985,0.04594896375368619,0.07337911153652675,0.03955857932846315
12,loss30,naive,p2b_uniform,360,250,250,0,1.0125826323110643,1.0459084989641894,1.008780155772101,0.08767088786147685,0.0576827802954387,0.10099043357135319,0.1324227582558935,0.07368113554411003,0.04585134891087505,0.10435806118165511,0.040724389053581264
12,loss50,naive,cyclic,360,178,178,0,1.0146848101508994,1.0268639522422385,1.0111387285885596,0.08475692006720024,0.06495530994670103,0.08676512446166636,0.0961849780186605,0.10303397057486258,0.05673842242734039,0.12836934199924696,0.054618174226076545
12,loss50,naive,information,360,192,192,0,1.0136114427328367,1.049731495080057,1.0110640814798602,0.07181629327826404,0.05480149975848707,0.05817627310584671,0.060620835625817174,0.09792739135410929,0.05994989546299842,0.05314326906248052,0.07996601894710373
12,loss50,naive,p2b_uniform,360,184,184,0,1.0169815611179949,1.079034388697597,1.008517579697406,0.13093428540791247,0.05803525059497359,0.16735869467140668,0.1970169540173712,0.14224881538557513,0.05377461878099573,0.21565306001098386,0.05170356822476331
12,network_outage,naive,cyclic,360,300,300,0,1.0175237060849425,1.0290285745414467,1.0142021562259018,0.08214912508096445,0.048511770096764766,0.06563566935679095,0.14694919142968407,0.06923264104927304,0.04515674484478584,0.16877059878887937,0.04669069239711334
12,network_outage,naive,information,360,300,300,0,1.0167873516232995,1.050251572537251,1.014785120386145,0.06377834949259834,0.055841804768740975,0.06371151253286059,0.038124248094874906,0.07275561334493295,0.064332445786793,0.0650019612167467,0.06813033317783217
12,network_outage,naive,p2b_uniform,360,300,300,0,1.013693542965006,1.0396033477558637,1.009676892245732,0.09015083091101739,0.050910840998809645,0.11533609168539918,0.11300773496715665,0.11540339388415677,0.04118869086919054,0.16094368784197322,0.03600329432097239
12,network_outage,gated,cyclic,360,300,299,1,1.0177249793843741,1.0334326353422068,1.0140167837187484,0.08679917050070132,0.04735572326862379,0.06613325961693887,0.16086982170092048,0.07155743274490509,0.045358708272848235,0.17916539373105506,0.047710367114663824
12,network_outage,gated,information,360,300,300,0,1.0167873516232995,1.050251572537251,1.014785120386145,0.06377834949259834,0.055841804768740975,0.06371151253286059,0.038124248094874906,0.07275561334493295,0.064332445786793,0.0650019612167467,0.06813033317783217
12,network_outage,gated,p2b_uniform,360,300,298,2,1.013259770987295,1.039097063224438,1.009714986006977,0.08468181938383174,0.05150704813959976,0.09280640573511913,0.11027107820737149,0.11315668510923756,0.04164722197170164,0.15705657876758383,0.037778491891230996
12,node_outage,naive,cyclic,360,330,330,0,1.0174953868477388,1.0264681334295012,1.0152963578498992,0.06685931493186831,0.04705223355856254,0.06563566935679095,0.0886285401541601,0.07155589292280427,0.043693305448675925,0.10194267430256546,0.04167662314071082
12,node_outage,naive,information,360,306,306,0,1.0178015688482775,1.031678970624158,1.0160447052202015,0.05977617036920806,0.051230957301370846,0.06371151253286059,0.046469743048322534,0.06554863265630666,0.052924586489584244,0.0681701037223964,0.054619312838122075
12,node_outage,naive,p2b_uniform,360,330,330,0,1.0125871631050034,1.030474402282512,1.0093801550119408,0.08052617930281579,0.051877526902827716,0.11533609168539918,0.07698576689881645,0.10216451047964101,0.04037013732551683,0.1360003116451996,0.03342181665114381
12,outliers,naive,cyclic,360,360,360,0,1.1160313065933436,1.1815044218274648,1.0377125832757497,0.41070484755797115,0.13498900900584318,0.6399708183986372,0.2181532807977476,0.1445581116072842,0.27071586594392105,0.16479230062855443,0.3166485458132072
12,outliers,naive,information,360,360,360,0,1.0848858080563988,1.1304522958502274,1.0295658092576476,0.3420109076182075,0.10779856309136425,0.5148044030525987,0.27395414236671894,0.10481216600644308,0.27188300286747935,0.1334526880125878,0.0483088457802921
12,outliers,naive,p2b_uniform,360,360,360,0,1.0238084980815867,1.096762588716872,1.0072770098719837,0.1832399141219786,0.08325175491218956,0.2470423108021941,0.22357448874711297,0.09961699169392292,0.1930455440568463,0.15574776168755863,0.08332136346036885
12,outliers,gated,cyclic,360,360,338,22,1.0156161506616237,1.0267633719374132,1.0135166704588998,0.06526962683085813,0.04565824781491571,0.0782853530329777,0.06067538268383843,0.06477279956939487,0.05090767224979176,0.04401833962354479,0.05988324930283182
12,outliers,gated,information,360,360,345,15,1.01503046163485,1.043533130069134,1.01199015075329,0.07850333002484838,0.064884638987784,0.11458747827588643,0.09357347451528458,0.06714667256337925,0.04751217220236596,0.11426008744528524,0.04969017289831713
12,outliers,gated,p2b_uniform,360,360,348,12,1.0099758732107889,1.0306387615221473,1.007564383957671,0.06975153509346387,0.06559869681658724,0.09356205977479012,0.08928599753505587,0.05299849407062967,0.04286406751460981,0.06529290711622186,0.0396044581400134
12,nlos,naive,cyclic,360,360,360,0,1.0223180122574504,1.117590837013487,1.0112695715888076,0.1498932011954328,0.07899668341984356,0.06563566935679095,0.2308817690859772,0.22015038265116438,0.10727561005911092,0.2757994852203455,0.21621353474608723
12,nlos,naive,information,360,360,360,0,1.022688249596237,1.079888908970895,1.0142573567625957,0.13104682413232174,0.07113337721987922,0.06371151253286059,0.18452907410499833,0.1824393307639765,0.11473166636925655,0.13929478005411708,0.24024010160493178
12,nlos,naive,p2b_uniform,360,360,360,0,1.019444616946164,1.1270581012255025,1.0052784676119177,0.16935917328667327,0.09340425814567582,0.11533609168539918,0.2687453551704907,0.23289563278509307,0.11480087651234124,0.30005876915973095,0.19746945428140994
12,nlos,gated,cyclic,360,360,339,21,1.015925914859277,1.0250243623471955,1.0137101339051833,0.06706138158876708,0.045562363300205105,0.06613325961693887,0.08290998752279463,0.07710129579965372,0.045119269194245616,0.054262268990059655,0.03962809532481657
12,nlos,gated,information,360,360,278,82,1.016785512989873,1.0305287805444543,1.0143881289922672,0.06978182561131016,0.05624668174468433,0.06371151253286059,0.04572885660569425,0.08021319240254661,0.07519680187920087,0.03302700739509143,0.1893714743496695
12,nlos,gated,p2b_uniform,360,360,338,22,1.010337018161557,1.0306654956972696,1.0079551873820327,0.06933419428563083,0.06398652136890588,0.09280640573511913,0.0856770755354954,0.05798918356076692,0.042099523199117764,0.0689305317638353,0.03815638691585628
13,clean,naive,cyclic,360,360,360,0,1.3227209127887247,1.3464997163526662,1.3204180324198116,0.0780181567920604,0.05707364834808445,0.05555907621317372,0.08482126148223067,0.07440992495415458,0.08025274320547643,0.06996742013202153,0.04948587864542204
13,clean,naive,information,360,360,360,0,1.3280894900247615,1.3383355041398923,1.3250627289063406,0.08961282261771117,0.04691922538717468,0.133708537942005,0.07096411438270295,0.07817865002127261,0.0878550020304458,0.0957839062513129,0.06780883789661137
13,clean,naive,p2b_uniform,360,360,360,0,1.3285544536446965,1.359698533299443,1.324604399481672,0.1023724629622465,0.05156007602010682,0.16326084885525113,0.0887217019988816,0.09859796905935918,0.061802551788136144,0.14340324983366493,0.06058568332749117
13,clean,gated,cyclic,360,360,360,0,1.3227209127887247,1.3464997163526662,1.3204180324198116,0.0780181567920604,0.05707364834808445,0.05555907621317372,0.08482126148223067,0.07440992495415458,0.08025274320547643,0.06996742013202153,0.04948587864542204
13,clean,gated,information,360,360,360,0,1.3280894900247615,1.3383355041398923,1.3250627289063406,0.08961282261771117,0.04691922538717468,0.133708537942005,0.07096411438270295,0.07817865002127261,0.0878550020304458,0.0957839062513129,0.06780883789661137
13,clean,gated,p2b_uniform,360,360,360,0,1.3285544536446965,1.359698533299443,1.324604399481672,0.1023724629622465,0.05156007602010682,0.16326084885525113,0.0887217019988816,0.09859796905935918,0.061802551788136144,0.14340324983366493,0.06058568332749117
13,loss30,naive,cyclic,360,263,263,0,1.324837692380514,1.3418770327750238,1.322193260671239,0.08366536073957033,0.05656868556366345,0.06797610768085448,0.09451617717508908,0.06742290514760245,0.0792054323985303,0.08065726592060062,0.04890119249539534
13,loss30,naive,information,360,263,263,0,1.3267011733363225,1.3536380709658296,1.3235274129181953,0.09171254323179548,0.06357679372362364,0.11698755766511341,0.07936535649865606,0.08993347990548603,0.07848731546558592,0.07807896150998446,0.056780032276142006
13,loss30,naive,p2b_uniform,360,253,253,0,1.3360566766406707,1.3767503639898535,1.3270944363999462,0.15449207122834094,0.05243336533674184,0.2828558869449194,0.13321428932817472,0.12616670002768346,0.07163069449892033,0.19420129975306788,0.07172289056127469
13,loss50,naive,cyclic,360,200,200,0,1.327052573885765,1.360910484823847,1.3237907431868543,0.09298710722261307,0.05961210250178437,0.09657451553291418,0.07546544067219069,0.07211083713805345,0.09038247204975486,0.057791192125178456,0.07082298001075317
13,loss50,naive,information,360,194,194,0,1.321431368300723,1.3572765994007163,1.3178498558904197,0.09722457744172427,0.059624884850384044,0.13598235822095525,0.0819757087963161,0.10582209712497317,0.08072118723880164,0.0846012072310945,0.08062332316983759
13,loss50,naive,p2b_uniform,360,178,178,0,1.3342360655804162,1.3684096334322604,1.3256073234296768,0.1514962136989463,0.05674401943684986,0.26081350811452275,0.1282713781639188,0.10007954361846566,0.09638177669130019,0.1253723620067819,0.10079187565002524
13,network_outage,naive,cyclic,360,300,300,0,1.3221910923185667,1.337301843049001,1.31974801556609,0.0803396540690369,0.05529597875209917,0.05555907621317372,0.08510224802936138,0.0935036465892287,0.07692145003426917,0.09675593827072622,0.042108703285804856
13,network_outage,naive,information,360,300,300,0,1.3297242100208164,1.358749318164728,1.3261609089574786,0.09728164404736464,0.047799260423017124,0.133708537942005,0.120311833210766,0.11395947366440813,0.06216092137428702,0.1726612243850668,0.069301228543412
13,network_outage,naive,p2b_uniform,360,300,300,0,1.3298313401862154,1.372484715882362,1.3240426143335449,0.12394574930290096,0.04932812142997384,0.16326084885525113,0.1830246263770117,0.10890642133938319,0.06772100739737774,0.13995458857313206,0.07350526525159667
13,network_outage,gated,cyclic,360,300,300,0,1.3221910923185667,1.337301843049001,1.31974801556609,0.0803396540690369,0.05529597875209917,0.05555907621317372,0.08510224802936138,0.0935036465892287,0.07692145003426917,0.09675593827072622,0.042108703285804856
13,network_outage,gated,information,360,300,300,0,1.3297242100208164,1.358749318164728,1.3261609089574786,0.09728164404736464,0.047799260423017124,0.133708537942005,0.120311833210766,0.11395947366440813,0.06216092137428702,0.1726612243850668,0.069301228543412
13,network_outage,gated,p2b_uniform,360,300,300,0,1.3298313401862154,1.372484715882362,1.3240426143335449,0.12394574930290096,0.04932812142997384,0.16326084885525113,0.1830246263770117,0.10890642133938319,0.06772100739737774,0.13995458857313206,0.07350526525159667
13,node_outage,naive,cyclic,360,330,330,0,1.3227474118127798,1.3454420283371797,1.3203067972081963,0.08031610488091713,0.05679688458757331,0.05555907621317372,0.07918947473165824,0.09290081590459977,0.08029438042093129,0.09720603362620113,0.047794744053509586
13,node_outage,naive,information,360,304,304,0,1.3268660914187977,1.3355997449353203,1.3242145611966496,0.08384163924782168,0.05478753175186642,0.133708537942005,0.06941962711954783,0.09500222841133127,0.0580406120616934,0.13453631169843908,0.05333591090553608
13,node_outage,naive,p2b_uniform,360,330,330,0,1.328478928274658,1.358927516763469,1.3245159176984898,0.10253705005075779,0.04858344551363581,0.16326084885525113,0.09578538882517415,0.09034414440030016,0.06362964283177436,0.10164280739722298,0.06399483174089826
13,outliers,naive,cyclic,360,360,360,0,1.3339018604457826,1.3953388637394029,1.3170033753527552,0.21165132319494223,0.12717781938287168,0.1778580027412336,0.3168055440987817,0.24098450779371872,0.16827308614522682,0.2092365545575341,0.11544841459415575
13,outliers,naive,information,360,360,360,0,1.3476283755015386,1.4353065219934744,1.3152124492704613,0.2938000199811264,0.09837384410517884,0.3882153614756946,0.35103435339185673,0.3269388549880205,0.20056571858914884,0.3529523796500114,0.12228561060673253
13,outliers,naive,p2b_uniform,360,360,360,0,1.344236968072662,1.375410169332639,1.3204842940150783,0.2515834962645281,0.08088893667099756,0.320907762194948,0.25708908317703655,0.24905144925113978,0.18104838300832546,0.31865349689231354,0.058348896331331855
13,outliers,gated,cyclic,360,360,345,15,1.3235276602782275,1.348605163623125,1.3213537982874868,0.07582616482976882,0.053491546254658594,0.044320995493120824,0.07789626516542159,0.06810676926021635,0.08338122939500704,0.060085187469093755,0.04664825727774321
13,outliers,gated,information,360,360,339,21,1.3259302264591124,1.344527618960379,1.3238248927263156,0.07469015220276476,0.057567032976506886,0.05120710162641217,0.07151475115499181,0.09368562337847532,0.0725546956385309,0.08832988663279878,0.07406245491710436
13,outliers,gated,p2b_uniform,360,360,342,18,1.326991369756013,1.3593101972357766,1.3236263123215082,0.09444300258412429,0.052995685510036396,0.13474324348935676,0.07642538709670017,0.09900131100553945,0.06441696182368686,0.1360651227155859,0.06043144371997789
13,nlos,naive,cyclic,360,360,360,0,1.3294435669957707,1.4450751624863707,1.3188533026126623,0.16746988987311087,0.08299523137209458,0.05555907621317372,0.24536362426258357,0.25138919906326307,0.1303457873450757,0.3101375730417102,0.23881254386512585
13,nlos,naive,information,360,360,360,0,1.3357497872569768,1.4135217936293991,1.3274377202533627,0.14878371216505307,0.06916732762660566,0.133708537942005,0.16816804759024653,0.21434816262689696,0.1360134510023244,0.1945772247311119,0.2542329537427393
13,nlos,naive,p2b_uniform,360,360,360,0,1.3346117101981423,1.4556773700788959,1.3223774428207793,0.18029507956898616,0.06903219419844146,0.16326084885525113,0.2531718366125307,0.24962671472658518,0.12447942209602043,0.3178377840642857,0.21299086272588114
13,nlos,gated,cyclic,360,360,340,20,1.3218889590116667,1.337930778279864,1.3193495908838235,0.08189674591603434,0.05859934093399229,0.05555907621317372,0.08097888998635541,0.08809008848793343,0.08664889650783829,0.09056966470561081,0.06951989440597826
13,nlos,gated,information,360,360,307,53,1.3389717664624297,1.4074258113302438,1.330384366575652,0.15140286838306682,0.06351579810886436,0.133708537942005,0.10035123469860728,0.18122028319306696,0.19106801879630764,0.1058327057868635,0.3118231846965171
13,nlos,gated,p2b_uniform,360,360,341,19,1.3286226384285063,1.3702956059259639,1.3244128552864627,0.10568208976304759,0.05225966266003727,0.16326084885525113,0.08788144665776791,0.11493966036519151,0.06492198144218292,0.1672508814937029,0.08007500334589984
14,clean,naive,cyclic,360,360,360,0,0.7873125016956992,0.8178999105531102,0.780960607821117,0.09980733619334721,0.04115991759519701,0.09250202713511092,0.05117088819491836,0.07821134397512519,0.0857709847531856,0.0741597121596074,0.08662488420845327
14,clean,naive,information,360,360,360,0,0.7871512193264331,0.817296291432424,0.7808029527659854,0.09976868766806843,0.0379323698066561,0.06772711958118392,0.04579098641604338,0.0659771243544056,0.1105629489099505,0.02560190156592758,0.0723018214092477
14,clean,naive,p2b_uniform,360,360,360,0,0.7881535823124497,0.8031698328768397,0.7815545655262834,0.10177686582406566,0.04744857011542761,0.09183755902666667,0.0715803856650634,0.10647459556487947,0.06163433335691579,0.09286915785893715,0.050014447856905876
14,clean,gated,cyclic,360,360,357,3,0.7867750334525796,0.8177224286630128,0.7808928862122055,0.09602735822399397,0.038578940969990226,0.07374054259181899,0.06428427338585668,0.08118374766943666,0.08955809325618914,0.08350649713081408,0.08530736444399403
14,clean,gated,information,360,360,359,1,0.7864583053635795,0.8124578308781897,0.7804844262392671,0.09675084740360398,0.03760646216304794,0.06772711958118392,0.04579098641604338,0.0659771243544056,0.10220354564674627,0.02560190156592758,0.0723018214092477
14,clean,gated,p2b_uniform,360,360,360,0,0.7881535823124497,0.8031698328768397,0.7815545655262834,0.10177686582406566,0.04744857011542761,0.09183755902666667,0.0715803856650634,0.10647459556487947,0.06163433335691579,0.09286915785893715,0.050014447856905876
14,loss30,naive,cyclic,360,264,264,0,0.7894706182334164,0.8101461824493665,0.7808202363597376,0.11654876895521607,0.03913700447244796,0.08652561072481171,0.08621271442896536,0.09673844297536469,0.11479339044246344,0.1370243289519039,0.07532476458009324
14,loss30,naive,information,360,253,253,0,0.7898264594532426,0.8249876417647872,0.7828082455333459,0.10505754031695856,0.04244750185401858,0.08125216566173663,0.08707649588627507,0.07709802767262652,0.10746836879698059,0.09472834916790215,0.05842864488301169
14,loss30,naive,p2b_uniform,360,239,239,0,0.7931292077885091,0.812458856473245,0.7836891260917864,0.12200530272377601,0.0440122605851568,0.1589893223959779,0.10027710226034871,0.10583702342583477,0.07409098719189075,0.08954936131115762,0.04972071376666085
14,loss50,naive,cyclic,360,178,178,0,0.7909082421237134,0.820818613207087,0.7810147686927126,0.12470677023759029,0.03465227340660487,0.10361818764051632,0.09452752071375094,0.11109658033046944,0.10207314495230214,0.16380616984437016,0.080319124433808
14,loss50,naive,information,360,180,180,0,0.7928691714347302,0.8269349927496628,0.7830199926524288,0.12458416479708005,0.036615901959350265,0.140276464924317,0.07494718996489008,0.10213890416367571,0.11497427785089738,0.07593095888842413,0.059166633302438466
14,loss50,naive,p2b_uniform,360,166,166,0,0.7942841923488102,0.8259639205167479,0.7836060130330963,0.12980367696477899,0.043515825857966976,0.16419833114011567,0.07150444566667657,0.10667116062262406,0.07227693259055483,0.09358929338941538,0.10302754358585413
14,network_outage,naive,cyclic,360,300,300,0,0.7885630916253413,0.8207163493138777,0.7813648431293255,0.10630489826532472,0.04271441564784455,0.09250202713511092,0.0735874249769881,0.09821407552588952,0.09061879048181769,0.10171367275847029,0.09063494188611926
14,network_outage,naive,information,360,300,300,0,0.7861139019207231,0.8112412842122599,0.7797886182627615,0.09952274926305721,0.032437563632794084,0.06772711958118392,0.06832524963781639,0.07014580160719203,0.10251082789345933,0.0927758809191626,0.07984527065022552
14,network_outage,naive,p2b_uniform,360,300,300,0,0.7918128140378046,0.8196406389937965,0.7808753385662782,0.13115349058819364,0.03970782557732388,0.09183755902666667,0.1779529622102769,0.1550247367704142,0.06863098711418926,0.15558567530613956,0.049759889393228895
14,network_outage,gated,cyclic,360,300,297,3,0.7879869037181308,0.8211721022844084,0.7814108620607225,0.1015894929842911,0.04030672133740469,0.07374054259181899,0.06626263491944076,0.10611425331467839,0.09409807650093677,0.0990132542838557,0.08923762172519514
14,network_outage,gated,information,360,300,298,2,0.784687910728708,0.807078154262777,0.7790678925080404,0.093746125823232,0.03029604133083995,0.06772711958118392,0.06832524963781639,0.0709816898297497,0.08426925447585389,0.0927758809191626,0.0808185930146083
14,network_outage,gated,p2b_uniform,360,300,300,0,0.7918128140378046,0.8196406389937965,0.7808753385662782,0.13115349058819364,0.03970782557732388,0.09183755902666667,0.1779529622102769,0.1550247367704142,0.06863098711418926,0.15558567530613956,0.049759889393228895
14,node_outage,naive,cyclic,360,330,330,0,0.7874907570531994,0.8179123713135564,0.7810826271139393,0.10025777807735442,0.03865796665799803,0.09250202713511092,0.05411537734900406,0.087558595310587,0.08183908443859322,0.0746509834186787,0.08594605151149613
14,node_outage,naive,information,360,304,304,0,0.7878694138184631,0.8228282830524565,0.7817429012415251,0.0980624779879221,0.03505844490577762,0.06772711958118392,0.07877835039459406,0.07176521608393886,0.09359415058599636,0.11178982516692264,0.05201965064840923
14,node_outage,naive,p2b_uniform,360,330,330,0,0.7884925860635321,0.807266092071159,0.7814381386396091,0.1052377962360466,0.04764930927928727,0.09183755902666667,0.08073373845296243,0.11816292326405882,0.06275793569048528,0.11048468218229261,0.051989216400250296
14,outliers,naive,cyclic,360,360,360,0,0.8135720851868719,0.8892733012034695,0.763523244996298,0.2809480239219307,0.10875738848768013,0.23545639133076768,0.2470843336367209,0.31938436277285975,0.2322094047671143,0.40137725477598213,0.24433249562819453
14,outliers,naive,information,360,360,360,0,0.8046076586596793,0.8182236362444616,0.7724650105498985,0.22514726702750834,0.05681823518501569,0.2178934813397315,0.15773584613636635,0.26636628169526755,0.1375572623550403,0.23687443302479771,0.17367053029813573
14,outliers,naive,p2b_uniform,360,360,360,0,0.8325032928176613,0.8797397787674813,0.7744037239451673,0.3055496766355774,0.10650941766464805,0.42699358993518316,0.29231117141887003,0.18804575882658273,0.25197404879599006,0.2027533627302531,0.16401078575044262
14,outliers,gated,cyclic,360,360,336,24,0.7867844972112028,0.8079216769327763,0.7810283105012262,0.09499801707133346,0.03783966075005034,0.09823712165587101,0.06128732303030654,0.08062066115333663,0.08126383416389119,0.0739659998063774,0.08354874834679232
14,outliers,gated,information,360,360,336,24,0.7864523211166679,0.8185337352065087,0.7790905855809181,0.1073550783567155,0.04609116527229566,0.05765904181076315,0.05849214045356663,0.09305522007520352,0.12067953248879294,0.09671264636717562,0.10808091415195122
14,outliers,gated,p2b_uniform,360,360,341,19,0.7876363768134819,0.8021275249433726,0.7810674206766365,0.10151229697635387,0.044260147655332996,0.08030863701214919,0.0752007064970488,0.10438123738049682,0.05857612032728071,0.09268258374653301,0.04941197135984495
14,nlos,naive,cyclic,360,360,360,0,0.7989991851825365,0.8693187205094719,0.7794531357528662,0.17564881749496958,0.06574645498138743,0.09250202713511092,0.24735517152785777,0.2475097662947273,0.11481335814449108,0.2827386495451082,0.2618808004362461
14,nlos,naive,information,360,360,360,0,0.7969590682911777,0.8570195715695176,0.7791894739222721,0.16735447487376845,0.05091354164198425,0.06772711958118392,0.20591168074659855,0.23276702874386213,0.14602969788719303,0.23521959366060496,0.2854408205451191
14,nlos,naive,p2b_uniform,360,360,360,0,0.8023725798200257,0.9050884338964588,0.7799725358441312,0.18826736354429355,0.0661733497486638,0.09183755902666667,0.27305774828761264,0.275855563489679,0.10939534604822877,0.32680186101037184,0.21462359186488958
14,nlos,gated,cyclic,360,360,337,23,0.7869704209578292,0.8319472311997523,0.7806865365982709,0.09925207824896982,0.03526565582815906,0.07374054259181899,0.06857634328402731,0.0820321164275535,0.09774971678727662,0.08732676494649327,0.09033780988714371
14,nlos,gated,information,360,360,311,49,0.7901043648670858,0.8261013231921093,0.7816565064597097,0.11523026204614269,0.03390090444200427,0.06772711958118392,0.06594819539655233,0.12629117437943635,0.12358218087964425,0.08010460108306272,0.2564589485600092
14,nlos,gated,p2b_uniform,360,360,337,23,0.7968523880538713,0.8784511782312603,0.7829785780410643,0.1480482174021362,0.044144754792632995,0.09183755902666667,0.074399444815027,0.19244955590770121,0.15942783807282168,0.09083823490885694,0.2693820849496169
15,clean,naive,cyclic,360,360,360,0,0.8351837773197426,0.8734750019957035,0.8321539060207265,0.07107614643831936,0.05994631348862908,0.08485406322055591,0.04840570677264317,0.054749866006716434,0.07341268859724237,0.03352138762153264,0.043488412182189996
15,clean,naive,information,360,360,360,0,0.8344560639238402,0.8401646864616898,0.8317087423395257,0.06765715435393775,0.054433719089816125,0.08274841310921256,0.06052546903399031,0.05674094565641997,0.043787675811763384,0.058154303481078945,0.05003087272571642
15,clean,naive,p2b_uniform,360,360,360,0,0.8361024198354637,0.8549055669222684,0.8298793844285495,0.10182074324620656,0.06613162664240284,0.19198018333749378,0.07548600974564887,0.07236893382606564,0.06155811846601316,0.07576082351106003,0.036031299406728806
15,clean,gated,cyclic,360,360,359,1,0.8349598107442818,0.8643621891164196,0.8319646520411654,0.07065906390654804,0.05971956750973535,0.08485406322055591,0.04840570677264317,0.06073060059404579,0.06976374172543985,0.03352138762153264,0.042835572039626645
15,clean,gated,information,360,360,359,1,0.8337293754702121,0.846367798201424,0.8309165732560732,0.06842747847418156,0.05031477801827639,0.08274841310921256,0.06052546903399031,0.05372232826402667,0.048973293347538076,0.058154303481078945,0.04025835497948125
15,clean,gated,p2b_uniform,360,360,358,2,0.8354121529582039,0.8530949672326791,0.8300411053077998,0.0945792197560726,0.06830460212475782,0.1695664053630801,0.07296656306633355,0.06915590465129474,0.06452976646154843,0.06669010130821262,0.03669848568064552
15,loss30,naive,cyclic,360,258,258,0,0.8344990868289577,0.8584249239653096,0.8310429886322258,0.07587013222331102,0.058691655446762615,0.0668484519357968,0.05878623217658055,0.05424497597391394,0.0666597160548327,0.04903072042129927,0.056078536779660314
15,loss30,naive,information,360,243,243,0,0.8413453752130848,0.8482178869316507,0.8379789842913092,0.07518817911448729,0.0627569550547499,0.07928277678689556,0.09066464707241019,0.06841310430573866,0.048433320761005844,0.039813380503748955,0.0649447967081633
15,loss30,naive,p2b_uniform,360,266,266,0,0.839839129815798,0.855130207581857,0.8318608228806273,0.1154873816748923,0.05946539007127911,0.19663212622865298,0.10409609976018562,0.08181731646280437,0.08445101508873783,0.09634592298405777,0.041932761256787146
15,loss50,naive,cyclic,360,176,176,0,0.8367259783129446,0.9233201991776928,0.8297789629992907,0.10759756199643189,0.05216137644146912,0.123965991861373,0.0685957016367802,0.08547665280607855,0.11004379599446894,0.041100300419362946,0.107340394528861
15,loss50,naive,information,360,193,193,0,0.8384661396410132,0.8471517162765431,0.8344756332420776,0.08170608820483836,0.06112041034287416,0.10605916777957117,0.0720502525580712,0.09633757864598412,0.04496771358987785,0.07602054951884038,0.045667896962714734
15,loss50,naive,p2b_uniform,360,186,186,0,0.8380593094237683,0.8533331907257051,0.8310493413856909,0.10816837936408562,0.056644538096755195,0.1428382579591413,0.08274806121890106,0.08476132036882257,0.10097254315286007,0.06671785610426394,0.06214264586493989
15,network_outage,naive,cyclic,360,300,300,0,0.8359782910803546,0.8678137456225354,0.8317803674150208,0.08367271682312626,0.055051308110803894,0.08485406322055591,0.08322623082099316,0.08628899526558545,0.08198645134194989,0.07390193853679487,0.048694731117968036
15,network_outage,naive,information,360,300,300,0,0.8372988330508795,0.8631007603335152,0.8330879175173219,0.08386809593055324,0.05602460182476089,0.08274841310921256,0.11074153790703861,0.08035490132768566,0.05803532348315034,0.14735574862339268,0.042058922128814936
15,network_outage,naive,p2b_uniform,360,300,300,0,0.8348488713108186,0.8491370991651793,0.8291862062340967,0.09707148561783518,0.058468674813271754,0.19198018333749378,0.0518957411321077,0.06706762419674452,0.05317633150138586,0.05553971270761687,0.04225987632656301
15,network_outage,gated,cyclic,360,300,299,1,0.8351616819841435,0.8585250917672083,0.8309652181539825,0.08361723071764449,0.05338072029074468,0.08485406322055591,0.08322623082099316,0.09377933958529952,0.07758795517758134,0.07390193853679487,0.04629010927659622
15,network_outage,gated,information,360,300,298,2,0.8352547861681403,0.8451620745884604,0.8312361629817612,0.08183519516775808,0.05089299284784344,0.08274841310921256,0.11074153790703861,0.0793308633744287,0.0493921218653929,0.14735574862339268,0.05694319426589242
15,network_outage,gated,p2b_uniform,360,300,298,2,0.8344198580719749,0.8491560211375693,0.8291836029104303,0.09333301778755917,0.06066395933699008,0.1695664053630801,0.0761792610108548,0.07064746931547301,0.05584016230546186,0.06354836382119436,0.04271169284795413
15,node_outage,naive,cyclic,360,330,330,0,0.8354102751509693,0.8758364953804729,0.8322203835942561,0.07293532037392876,0.05549369040584696,0.08485406322055591,0.052537765984473586,0.059072836252197405,0.07574979359604109,0.04448171804847006,0.043780961275244154
15,node_outage,naive,information,360,306,306,0,0.8339517293408361,0.8491812511861093,0.8302002914920803,0.07901242229571306,0.050133031115754706,0.08274841310921256,0.09381941919138413,0.09128302202909486,0.04229387074720062,0.14219713697522904,0.022854451152752787
15,node_outage,naive,p2b_uniform,360,330,330,0,0.8361703079087397,0.8504261823503768,0.8302514572944741,0.09931415552980585,0.05847004667047769,0.19198018333749378,0.06575112766334483,0.06991067106815387,0.05602974093522332,0.06830424742375796,0.03678069367973634
15,outliers,naive,cyclic,360,360,360,0,0.8626260803928197,0.9504698424385278,0.8283709258524468,0.24067688666808007,0.09874058696137407,0.33931448082036986,0.3007158407787579,0.26608005513443983,0.16197789249359773,0.13424534455376633,0.26062468391255783
15,outliers,naive,information,360,360,360,0,0.8494223643082659,0.8960511271859108,0.8194637559459369,0.22360122020691733,0.1405801772892805,0.27609776861813856,0.26989160276483315,0.29126876125726797,0.14303221930713517,0.27718555642010134,0.2017882088110413
15,outliers,naive,p2b_uniform,360,360,360,0,0.8778463204097878,1.049235884747458,0.8165115478416859,0.3223709889214261,0.19234301114065702,0.5944995283758954,0.24095480261904298,0.20933735028945374,0.2732846242505204,0.2295516101161658,0.14608664752371042
15,outliers,gated,cyclic,360,360,344,16,0.8343024567404055,0.8612096864278047,0.8314703231573399,0.06868544992722264,0.06116250476581318,0.08117085819053033,0.047122281697953745,0.058740737441221165,0.06663355715488245,0.036737594731194326,0.04489807829345077
15,outliers,gated,information,360,360,338,22,0.8389056111881297,0.8804688404630133,0.8346864170110441,0.08403100463635378,0.07297834926725254,0.10468923954154596,0.08002229452234792,0.09715710832315082,0.06223858768324162,0.10323714851323988,0.04615759936002305
15,outliers,gated,p2b_uniform,360,360,336,24,0.8337251662518222,0.8452434451635589,0.8287462613542579,0.09097959734450747,0.06961650390532735,0.15714210770549025,0.07799313995737674,0.0771816366759216,0.056762768104431385,0.06885701937815292,0.027073205175924063
15,nlos,naive,cyclic,360,360,360,0,0.8473907086158422,0.9260372539914462,0.8306878219113439,0.16741790697725986,0.08058127451129071,0.08485406322055591,0.24123822149541535,0.23277030109052704,0.144240764446933,0.2708733374319527,0.25483107418711026
15,nlos,naive,information,360,360,360,0,0.8468517051344656,0.9118034941554265,0.8329544878210706,0.15278950130126714,0.05878003581965745,0.08274841310921256,0.18527967153925431,0.21700502779140815,0.14474189264214743,0.17806166193355555,0.29842488579973786
15,nlos,naive,p2b_uniform,360,360,360,0,0.8486070792649912,0.9121385352223621,0.8288756006366905,0.18193189288254197,0.08375938294648087,0.19198018333749378,0.28684093737353233,0.22514366271478736,0.10476844948303825,0.2781118714443862,0.20391148214824434
15,nlos,gated,cyclic,360,360,339,21,0.8359090022945901,0.867178541293192,0.8326503189512022,0.07373809373450227,0.059537085628571,0.08485406322055591,0.052432600080191016,0.06713079141091992,0.07475593279176485,0.03980527278588313,0.08295546263329014
15,nlos,gated,information,360,360,310,50,0.8368366179877361,0.8513383264632277,0.8317670918394503,0.09197298591486408,0.0511877060894623,0.08274841310921256,0.11031934434766262,0.13213049117171696,0.04680603433014617,0.11375684673859604,0.09061461902917542
15,nlos,gated,p2b_uniform,360,360,338,22,0.836139503713541,0.8534770468223685,0.8308644248918896,0.09377407487891407,0.06784541368565061,0.1695664053630801,0.06786784810211333,0.06742908384418046,0.06469942086804181,0.0595989203518613,0.04302065913220475
16,clean,naive,cyclic,360,360,360,0,0.9944084192086577,1.0165190929793244,0.9915291311177291,0.0756180291860544,0.07991167979077113,0.07859695644596676,0.07149121250296499,0.06962000694381722,0.06908877090516152,0.0781319675617326,0.06345006477321437
16,clean,naive,information,360,360,360,0,0.993897639203545,1.036378474590045,0.9907131626791428,0.07949809122658677,0.06855994320587416,0.08778560016478933,0.10281040262439307,0.050278786247728344,0.07087371179191854,0.06968473899085992,0.05379399784590535
16,clean,naive,p2b_uniform,360,360,360,0,0.9957364328448433,1.0110823054463234,0.992581151878117,0.07920669561901485,0.07613144392779532,0.1036999220305868,0.07361390917122042,0.058140839991742764,0.07145994257960675,0.05711166031926173,0.06296064758459308
16,clean,gated,cyclic,360,360,360,0,0.9944084192086577,1.0165190929793244,0.9915291311177291,0.0756180291860544,0.07991167979077113,0.07859695644596676,0.07149121250296499,0.06962000694381722,0.06908877090516152,0.0781319675617326,0.06345006477321437
16,clean,gated,information,360,360,359,1,0.9936785101105896,1.0301510605519921,0.9905446926188605,0.07885552219222396,0.06844846067020906,0.08778560016478933,0.10281040262439307,0.050278786247728344,0.06868715556822902,0.06968473899085992,0.05379399784590535
16,clean,gated,p2b_uniform,360,360,360,0,0.9957364328448433,1.0110823054463234,0.992581151878117,0.07920669561901485,0.07613144392779532,0.1036999220305868,0.07361390917122042,0.058140839991742764,0.07145994257960675,0.05711166031926173,0.06296064758459308
16,loss30,naive,cyclic,360,257,257,0,0.9927440721651952,1.0132909833627122,0.9897021117887665,0.07765644042827538,0.06924827779234108,0.07057312968173027,0.06406950893568752,0.07137041590034887,0.08085328001671536,0.07304707144573694,0.06601648490474438
16,loss30,naive,information,360,260,260,0,0.9964094734359821,1.0176798100053397,0.9936497759261995,0.07410776986783907,0.0684293514206998,0.057869741415144886,0.0464210776379221,0.05884894808555012,0.0700345481429991,0.04515433930447942,0.04030383012020655
16,loss30,naive,p2b_uniform,360,249,249,0,0.9971429768911395,1.0055748130440094,0.9936062927632064,0.08390858921874972,0.0761191572478259,0.08215827271746495,0.07478482371070416,0.08501086634084606,0.07706752213345976,0.07931656107153602,0.06369667666445834
16,loss50,naive,cyclic,360,170,170,0,0.9935336714850407,1.0177507555493026,0.9892752948653137,0.0918887770279436,0.07319749547011493,0.08613332074532676,0.05534099685066948,0.08281437127752894,0.09989560971966509,0.07501998741701268,0.06127075033744702
16,loss50,naive,information,360,165,165,0,1.0007765386482503,1.0246830708253707,0.9964518499307731,0.0929375654851856,0.08218013002580461,0.07405399256389175,0.09218482106467887,0.07209631613135067,0.08579062167139866,0.07350249835301872,0.034973965168327285
16,loss50,naive,p2b_uniform,360,169,169,0,0.9979343539209907,1.0207408930141435,0.992579270613331,0.10324420702592997,0.08090921685042912,0.10436532977939116,0.1019732667000455,0.09759291441208086,0.10518815043660966,0.11698730911492776,0.08552298114758375
16,network_outage,naive,cyclic,360,300,300,0,0.9972079100089186,1.016290533883021,0.993343261767684,0.08770849494258788,0.08245796052378233,0.07859695644596676,0.11324166876948936,0.09831135383762546,0.06658128449692331,0.1337363903962473,0.06079168564834491
16,network_outage,naive,information,360,300,300,0,0.9974085975900124,1.0397553666464014,0.9934211437967164,0.08909737147693705,0.07278436179967587,0.08778560016478933,0.14130223267629005,0.059096729090369754,0.06854804938068544,0.14862461690820059,0.028793312117479153
16,network_outage,naive,p2b_uniform,360,300,300,0,0.9974290758872469,1.0195085930649872,0.9922973148414879,0.10104850510354155,0.08139953184203674,0.1036999220305868,0.16383335325014312,0.07057021734874976,0.0735429196127126,0.1011607767048597,0.06785463077356023
16,network_outage,gated,cyclic,360,300,300,0,0.9972079100089186,1.016290533883021,0.993343261767684,0.08770849494258788,0.08245796052378233,0.07859695644596676,0.11324166876948936,0.09831135383762546,0.06658128449692331,0.1337363903962473,0.06079168564834491
16,network_outage,gated,information,360,300,300,0,0.9974085975900124,1.0397553666464014,0.9934211437967164,0.08909737147693705,0.07278436179967587,0.08778560016478933,0.14130223267629005,0.059096729090369754,0.06854804938068544,0.14862461690820059,0.028793312117479153
16,network_outage,gated,p2b_uniform,360,300,300,0,0.9974290758872469,1.0195085930649872,0.9922973148414879,0.10104850510354155,0.08139953184203674,0.1036999220305868,0.16383335325014312,0.07057021734874976,0.0735429196127126,0.1011607767048597,0.06785463077356023
16,node_outage,naive,cyclic,360,330,330,0,0.9972205555459147,1.0085620038950325,0.9939767123595384,0.0803687233333111,0.08266992175029785,0.07859695644596676,0.09637794230695808,0.0742783551887335,0.06762280356145385,0.07628093659970059,0.06387128121102939
16,node_outage,naive,information,360,305,305,0,0.9961938966278663,1.0196167115204389,0.9925825405599001,0.08474774247297652,0.07046886466277341,0.08778560016478933,0.12363401347378826,0.07308835659924498,0.06201718866933944,0.15289236332778727,0.04996264589502552
16,node_outage,naive,p2b_uniform,360,330,330,0,0.9958940122610844,1.0112650309787008,0.9919566521452904,0.08846967798171569,0.07693293182164823,0.1036999220305868,0.1232824787758652,0.04540696453819228,0.07440521823668134,0.042547091182287014,0.06083261180283471
16,outliers,naive,cyclic,360,360,360,0,1.0206489424049598,1.0579277909867038,0.9855087283828674,0.2655123535987482,0.1335068658208782,0.21937992913894927,0.3958366685958616,0.24933268981080675,0.14195854724654608,0.44684212423266234,0.1912919531500103
16,outliers,naive,information,360,360,360,0,1.0236162979650452,1.0658471012512785,0.9883123897324992,0.2665125621071177,0.08517538476266501,0.28199834142351876,0.20841529422991367,0.2981121827753127,0.24515844040621693,0.28109865833587505,0.34954892114454855
16,outliers,naive,p2b_uniform,360,360,360,0,1.023805196412128,1.0658955372040282,0.9887271522529737,0.2656985107188236,0.143348615290313,0.14631076753733535,0.38925954366178533,0.32252390622539784,0.24168809442481165,0.46203372008055027,0.23661095112040154
16,outliers,gated,cyclic,360,360,347,13,0.9946130499146563,1.0208565173005866,0.9915289762611155,0.0782649876708539,0.07917341383491841,0.07842660108940483,0.07061338499404103,0.0746504485398008,0.0731684473194237,0.08419334355152008,0.07036387148087424
16,outliers,gated,information,360,360,346,14,0.9940059176893389,0.9973883115228244,0.9914765395884558,0.0708663237872962,0.06790402940176316,0.07517817258459371,0.04341528755624741,0.07070217691170212,0.0675552434677449,0.04655351493660152,0.03992122537814758
16,outliers,gated,p2b_uniform,360,360,345,15,0.9961636622550731,1.0108907093174102,0.9927710159161942,0.08214470131522465,0.07769258699774005,0.10148258260109995,0.08424796562180721,0.05630179420644675,0.07049619713843086,0.06862107651152526,0.06398530637775764
16,nlos,naive,cyclic,360,360,360,0,1.004320177690896,1.1094649065019402,0.9893468011744438,0.1727771001115839,0.08688032876446329,0.07859695644596676,0.27159972585445036,0.23298629711665692,0.13466484697422113,0.2885066101125459,0.2481970843373879
16,nlos,naive,information,360,360,360,0,1.0044269679715998,1.0919549744415378,0.9912740065014563,0.1620165979866635,0.0720138720672922,0.08778560016478933,0.22264250082351245,0.21928552022330025,0.1501121025872237,0.22730986889284235,0.28822367829326806
16,nlos,naive,p2b_uniform,360,360,360,0,1.0030506972409752,1.079933606062499,0.9894117127433403,0.16484891240738112,0.08506797921729894,0.1036999220305868,0.26516972915335124,0.22543737627066665,0.10793181704655978,0.2819100707077272,0.17200789945880784
16,nlos,gated,cyclic,360,360,340,20,0.994389174337697,1.0170337470206525,0.9912214407025137,0.07930879857645041,0.07931440592169695,0.07859695644596676,0.08364360895590982,0.08073208945810341,0.06863658286157119,0.08243792526527531,0.06543624104303863
16,nlos,gated,information,360,360,306,54,0.9955051694898019,1.0363424463292141,0.9905555541129331,0.09914755013080019,0.06567497214203061,0.08778560016478933,0.11611229932265078,0.10623676227282165,0.0985807838788366,0.0902087698774822,0.21333523366223292
16,nlos,gated,p2b_uniform,360,360,340,20,0.9951112296423124,1.008601076860607,0.9916651552722937,0.08274405827014115,0.07422826162341045,0.1036999220305868,0.08471815537935858,0.067865564229479,0.0730312541072295,0.07269210382830416,0.07016763066393406
17,clean,naive,cyclic,360,360,360,0,1.1878759231461027,1.2323032925452322,1.1841884997723093,0.09352435937878775,0.040030761311548535,0.08379420138620611,0.07577825964138833,0.08400870222951973,0.09364355158161938,0.05298851952498581,0.046864303703149555
17,clean,naive,information,360,360,360,0,1.1901115132188085,1.2052801923263663,1.1874886253865564,0.07896947811343699,0.027965242104202082,0.058575318474592325,0.06261430612716197,0.061931317797450494,0.04483644101314413,0.07223311297792846,0.05844094663155219
17,clean,naive,p2b_uniform,360,360,360,0,1.1846287496878523,1.2071143210516686,1.1812248695069787,0.08973896726186095,0.029906365536020014,0.08610894251675563,0.09321724975651215,0.06630103350547643,0.06580626070021445,0.04479043737772315,0.053751949655186135
17,clean,gated,cyclic,360,360,360,0,1.1878759231461027,1.2323032925452322,1.1841884997723093,0.09352435937878775,0.040030761311548535,0.08379420138620611,0.07577825964138833,0.08400870222951973,0.09364355158161938,0.05298851952498581,0.046864303703149555
17,clean,gated,information,360,360,358,2,1.1889421764958772,1.2012040753468016,1.1851922900684289,0.0943543036279013,0.03418898295793578,0.06518173009858697,0.0841895193799715,0.07186037410816899,0.06246574309352402,0.07040554762185045,0.05960843123717853
17,clean,gated,p2b_uniform,360,360,359,1,1.1848453889794148,1.2066931309319804,1.1814191500403426,0.09004103344439772,0.028793121058237447,0.08610894251675563,0.09344277714197737,0.06644590545383695,0.06680327268326533,0.0447427826337523,0.055864126153959824
17,loss30,naive,cyclic,360,249,249,0,1.1898723385803633,1.2296652894622584,1.1848971479679713,0.10869650802151096,0.04387942576211956,0.11315586960089509,0.07557644815267521,0.08937557597103238,0.10010626308781384,0.07240321702553765,0.061386160663930205
17,loss30,naive,information,360,245,245,0,1.1922847812231419,1.213386646535499,1.1850431153503482,0.13120904807617617,0.028759468046953632,0.13607265899628884,0.13270536220331594,0.08166957624428257,0.10813937445022763,0.04705163779750036,0.07760414372363275
17,loss30,naive,p2b_uniform,360,256,256,0,1.1860092323607418,1.2077170097721086,1.1817646438990055,0.10025081383795688,0.03480363962271149,0.07916755939144576,0.07928397037716044,0.08150266512721144,0.09233513349953709,0.076623743648798,0.08011374852538143
17,loss50,naive,cyclic,360,161,161,0,1.192524981818597,1.2244551323760577,1.185344316878915,0.13067012934983677,0.047575867392048284,0.21450843905221897,0.0875180347769432,0.10157875432451233,0.08510793833628111,0.045473076158865776,0.07488244288598479
17,loss50,naive,information,360,183,183,0,1.191622436926197,1.226053987751034,1.1851074226109384,0.12443644586047745,0.028672643471159973,0.10761527716880946,0.13637718274305638,0.09683903927368272,0.08443360976943139,0.0685000877304474,0.08399252760107283
17,loss50,naive,p2b_uniform,360,179,179,0,1.1846251896231388,1.1962874740015832,1.179505054679714,0.11002120647703444,0.0423010278764908,0.09570123877450208,0.09026838850519417,0.10441455775954732,0.09348371654840007,0.09304133055805576,0.09661435757411665
17,network_outage,naive,cyclic,360,300,300,0,1.1887571364208986,1.2279363588300722,1.1853660654630946,0.08972636312788693,0.034498049375066564,0.08379420138620611,0.0889497168509864,0.07333728994634117,0.08022888843174163,0.10839528484054596,0.04316227448915824
17,network_outage,naive,information,360,300,300,0,1.191955171156606,1.2151587588747266,1.1873838296199222,0.10429176000097605,0.033461927908992835,0.058575318474592325,0.15122604291858083,0.08189691783672252,0.07087106499930852,0.13194313287463144,0.06757761123654163
17,network_outage,naive,p2b_uniform,360,300,300,0,1.1912306030887583,1.22342633184517,1.1847610975321257,0.12398181927072957,0.024498496937650698,0.08610894251675563,0.23071598803000265,0.06959276654543348,0.06160965432899372,0.05471457281839578,0.0639166049205185
17,network_outage,gated,cyclic,360,300,300,0,1.1887571364208986,1.2279363588300722,1.1853660654630946,0.08972636312788693,0.034498049375066564,0.08379420138620611,0.0889497168509864,0.07333728994634117,0.08022888843174163,0.10839528484054596,0.04316227448915824
17,network_outage,gated,information,360,300,299,1,1.18991101504858,1.222583456716062,1.184866305272384,0.10945347122915759,0.027191759696202956,0.06518173009858697,0.1336550886489055,0.11867082668123367,0.057345166181015886,0.11801291054044685,0.055565257515114444
17,network_outage,gated,p2b_uniform,360,300,300,0,1.1912306030887583,1.22342633184517,1.1847610975321257,0.12398181927072957,0.024498496937650698,0.08610894251675563,0.23071598803000265,0.06959276654543348,0.06160965432899372,0.05471457281839578,0.0639166049205185
17,node_outage,naive,cyclic,360,330,330,0,1.191400141374217,1.2387085222061656,1.187747160269471,0.09322542645819085,0.03172512833501239,0.08379420138620611,0.09285594929821167,0.08415511424642345,0.0845586624320625,0.13686187449175802,0.046544893354166915
17,node_outage,naive,information,360,305,305,0,1.19061900467494,1.2139478427340158,1.1869002616290592,0.09402862988481876,0.04092476078693895,0.058575318474592325,0.10792747583614902,0.087029680309754,0.06397616038549009,0.1239494878354985,0.06766663144245008
17,node_outage,naive,p2b_uniform,360,330,330,0,1.1882473689286785,1.213281742626294,1.1847939113654429,0.09052732933927611,0.02295582938650159,0.08610894251675563,0.10816002399219682,0.0621078539977178,0.05934591639818941,0.04156850944886601,0.056859126157204794
17,outliers,naive,cyclic,360,360,360,0,1.1930934992853743,1.2647690634896025,1.159956228150974,0.279237617112711,0.1381604047709982,0.333734433247483,0.3054706450718552,0.3755101669377652,0.1752817594208633,0.27428722539257744,0.21382787873801806
17,outliers,naive,information,360,360,360,0,1.232295122566991,1.3181014801014883,1.16064328832203,0.41407538730938975,0.11869229451141787,0.5824233045020073,0.36850848300900063,0.42007863510415816,0.35904499403880913,0.4586155002939242,0.25680252938873366
17,outliers,naive,p2b_uniform,360,360,360,0,1.2207994589669218,1.287948056546016,1.1894265319513226,0.2749833524127922,0.0713611091189358,0.29477295164194184,0.19048447524336953,0.3069911385079229,0.2135610443421136,0.2145762511736576,0.20077221241007912
17,outliers,gated,cyclic,360,360,339,21,1.188880664925117,1.2362153927303263,1.185063300126612,0.09519564131729596,0.036900812875444076,0.08244100142760527,0.08414491469863518,0.07916462366263155,0.0930141189367624,0.0409639745838879,0.04504696402573249
17,outliers,gated,information,360,360,341,19,1.1847845236545689,1.1956178934346475,1.1806946321699547,0.09835930589648788,0.04257898707736827,0.08600285652752335,0.0753116062423754,0.08453925770429574,0.06357330124991901,0.055754455456320295,0.040352147275244554
17,outliers,gated,p2b_uniform,360,360,346,14,1.1843959720481925,1.1991068467020878,1.180622958836403,0.09446294338183636,0.02867442594316527,0.09356970600831784,0.10694644980653178,0.06652288923378727,0.062442333469569844,0.04389522157722204,0.05915471168057199
17,nlos,naive,cyclic,360,360,360,0,1.2004486363614948,1.2844874283603878,1.1874328853163951,0.17629540950164527,0.0576241164481232,0.08379420138620611,0.27695441802378773,0.19547048765279482,0.15721252378811978,0.23730777520715282,0.23073048012910533
17,nlos,naive,information,360,360,360,0,1.1972596574503211,1.2245139397144411,1.187281655641197,0.1542496597596206,0.050800814884886705,0.058575318474592325,0.19125636567433157,0.2109381459850993,0.13424785374960352,0.15365169727913672,0.24243479834951398
17,nlos,naive,p2b_uniform,360,360,360,0,1.1970752276780487,1.2570949425924733,1.1843577067390527,0.1740285126301552,0.05361218916968881,0.08610894251675563,0.2632020473503499,0.2196986563065509,0.13712803918681846,0.24051921645250765,0.20462011143260175
17,nlos,gated,cyclic,360,360,341,19,1.1880966218500473,1.2346219875359545,1.184146675874486,0.09679996315546233,0.039357472061320876,0.08379420138620611,0.10171129969639965,0.08245428684228649,0.09202071895184014,0.0513706369469391,0.05071332169276478
17,nlos,gated,information,360,360,311,49,1.1969255537675934,1.2703175648070966,1.1892970343913356,0.13491977338342245,0.029566523914126557,0.06518173009858697,0.12683666425076978,0.14130902371382853,0.14106189248373252,0.07175760713375379,0.24999949831971818
17,nlos,gated,p2b_uniform,360,360,339,21,1.1847737976965012,1.205714529208392,1.1813263480895442,0.09031617251417642,0.029234937440438362,0.08610894251675563,0.09398344704935814,0.07082908791197469,0.06526986076795137,0.048335367318084264,0.0755396134827905
18,clean,naive,cyclic,360,360,360,0,0.8768749572799818,0.9168980151933358,0.873288552234842,0.07922622823499445,0.06851808391718844,0.0717585913365799,0.08798218101603089,0.09426378736458509,0.06036952944183593,0.134443722266008,0.05723600410457807
18,clean,naive,information,360,360,360,0,0.8726728310629466,0.8952976336550884,0.8702138212523519,0.06546583365999355,0.06079961276421965,0.04985160111062177,0.054580744703107476,0.06238308512533084,0.07213387202023233,0.06326082303381927,0.023278499835412098
18,clean,naive,p2b_uniform,360,360,360,0,0.8750205756186094,0.8914386565274579,0.8723705174459712,0.06804915904675717,0.06526829766475502,0.0741766051754488,0.07426144072105578,0.07087937843978667,0.06300684924838185,0.08861672502272339,0.06786836675816484
18,clean,gated,cyclic,360,360,360,0,0.8768749572799818,0.9168980151933358,0.873288552234842,0.07922622823499445,0.06851808391718844,0.0717585913365799,0.08798218101603089,0.09426378736458509,0.06036952944183593,0.134443722266008,0.05723600410457807
18,clean,gated,information,360,360,360,0,0.8726728310629466,0.8952976336550884,0.8702138212523519,0.06546583365999355,0.06079961276421965,0.04985160111062177,0.054580744703107476,0.06238308512533084,0.07213387202023233,0.06326082303381927,0.023278499835412098
18,clean,gated,p2b_uniform,360,360,357,3,0.8761821922475123,0.8957250441650185,0.8729905553799131,0.0747176299753089,0.06602073987252494,0.0741766051754488,0.09242755975277546,0.08780635283934418,0.06300291340354316,0.11981173820417161,0.07021171299465763
18,loss30,naive,cyclic,360,232,232,0,0.8777261258700542,0.9265255348490071,0.8728338883444468,0.09254272198486521,0.06642909549777339,0.10972683526857689,0.07691132486882142,0.09725663533103494,0.05973452900053824,0.12523752526567583,0.06440811203511623
18,loss30,naive,information,360,243,243,0,0.872647203807418,0.9023131453420423,0.8681756308568642,0.08822820580285673,0.04469131556813981,0.0899564183000231,0.07613366177472052,0.06992380109462114,0.098124796627929,0.10135975977222482,0.07729171214252308
18,loss30,naive,p2b_uniform,360,256,256,0,0.8720442857164131,0.9016662183157523,0.8693804194227397,0.06810963643267019,0.06231660966342416,0.06490621163276142,0.07434405571612311,0.05638560224358246,0.06735780106104003,0.0853271516068628,0.043478812595598305
18,loss50,naive,cyclic,360,158,158,0,0.8786531742381448,0.9110373274813346,0.8716050036262736,0.11106807935861443,0.05284387368588585,0.14165901999645303,0.125824439899871,0.08111775631504407,0.08049331935822775,0.07218877173737547,0.07750058027693993
18,loss50,naive,information,360,166,166,0,0.8749180140348307,0.9174672332567452,0.8628309320328102,0.14492865144630349,0.050792563898778786,0.19510804459661593,0.16286165523881915,0.11228495370358792,0.10856475883958995,0.1311350690216931,0.11385969813096412
18,loss50,naive,p2b_uniform,360,188,188,0,0.8750396036181087,0.8999529777459692,0.8715735313469405,0.07780673078571486,0.05728828699206902,0.08009507404209029,0.06448445009142985,0.0647898214252601,0.07682241287658664,0.04798603727419508,0.05851632636006245
18,network_outage,naive,cyclic,360,300,300,0,0.8744262204384318,0.9001444151936303,0.8707113896378843,0.08051640171483775,0.06315812368020247,0.0717585913365799,0.08200233805778553,0.10768395976004291,0.05844773727242374,0.09035086758471918,0.05425311756453846
18,network_outage,naive,information,360,300,300,0,0.8773024328598232,0.9053624567400157,0.8746050541566515,0.06874269376017544,0.06595473496790803,0.04985160111062177,0.056523485859411825,0.08536947465681549,0.06868066607967199,0.09579001551139911,0.06834543815776525
18,network_outage,naive,p2b_uniform,360,300,300,0,0.8730037173458254,0.8848236946295996,0.8700208929980607,0.07210503620751314,0.05697470663550924,0.0741766051754488,0.09901170192901564,0.07029357114892104,0.05977259176356043,0.07762026842225271,0.06088965252193872
18,network_outage,gated,cyclic,360,300,300,0,0.8744262204384318,0.9001444151936303,0.8707113896378843,0.08051640171483775,0.06315812368020247,0.0717585913365799,0.08200233805778553,0.10768395976004291,0.05844773727242374,0.09035086758471918,0.05425311756453846
18,network_outage,gated,information,360,300,300,0,0.8773024328598232,0.9053624567400157,0.8746050541566515,0.06874269376017544,0.06595473496790803,0.04985160111062177,0.056523485859411825,0.08536947465681549,0.06868066607967199,0.09579001551139911,0.06834543815776525
18,network_outage,gated,p2b_uniform,360,300,300,0,0.8730037173458254,0.8848236946295996,0.8700208929980607,0.07210503620751314,0.05697470663550924,0.0741766051754488,0.09901170192901564,0.07029357114892104,0.05977259176356043,0.07762026842225271,0.06088965252193872
18,node_outage,naive,cyclic,360,330,330,0,0.878393672921312,0.9189365453967948,0.8740993111254024,0.08675159317435936,0.07254482292664023,0.0717585913365799,0.09340515290107529,0.12388735501884801,0.06057381050252777,0.10968368333898561,0.05706807959906652
18,node_outage,naive,information,360,305,305,0,0.8730749945879717,0.8855697151437032,0.87081835066421,0.06273233871976952,0.0632555507361937,0.04985160111062177,0.045612588944540566,0.08047701368473323,0.05752916179743061,0.07842742361341062,0.056551263057669464
18,node_outage,naive,p2b_uniform,360,330,330,0,0.8742335250415119,0.8911639678847264,0.8712685570310662,0.0719399599354314,0.06178785992845685,0.0741766051754488,0.08256163471154103,0.08333145733343154,0.06319160841262571,0.08591464706810537,0.0673820369662159
18,outliers,naive,cyclic,360,360,360,0,0.9359836806363926,1.0697189359462278,0.8736073166638563,0.3359698002633947,0.12066530245718098,0.37603068881455387,0.4270700192262647,0.2305188349698632,0.25926209810102946,0.2612963008479538,0.19055029292835104
18,outliers,naive,information,360,360,360,0,0.9318803179368363,1.0287294397070805,0.8812589152659533,0.3029581674461583,0.14098195387349433,0.3247399992135509,0.31918534931901216,0.25491668821775826,0.21938661217849187,0.3344426525276532,0.06897547281698016
18,outliers,naive,p2b_uniform,360,360,360,0,0.9130451397897689,1.0504537420400601,0.8792536249493035,0.24609853779985824,0.1292943204048899,0.22155677639122442,0.3550305960090296,0.2658720452505568,0.20528155466621503,0.27910810965911653,0.3054823257191383
18,outliers,gated,cyclic,360,360,338,22,0.8763213591674296,0.9137666859048756,0.8728058605953576,0.07841590555141402,0.06805155422007235,0.07171705162678373,0.08350902621134978,0.09482343028359176,0.06296534538284798,0.12938151964716685,0.05787942512284835
18,outliers,gated,information,360,360,326,34,0.8788403501935116,0.897068659670545,0.8735502272789211,0.09628271677305099,0.07190464050811964,0.10061195214850041,0.10108411175402715,0.09148336044123921,0.08790731928448574,0.15975234551450682,0.04936060230888628
18,outliers,gated,p2b_uniform,360,360,340,20,0.8768315784130972,0.8960858539704749,0.8733272705474865,0.07831408187855297,0.06836805575304034,0.07900709010724388,0.09912152047034682,0.0932690843196637,0.0634513650213507,0.11992111989914565,0.07938266679506595
18,nlos,naive,cyclic,360,360,360,0,0.8913856857165753,0.9156288700841244,0.8757166620402308,0.16639942465503058,0.0758636616616034,0.0717585913365799,0.23427213393499546,0.23822568742121536,0.142753445995291,0.29850780122232473,0.2637263936094055
18,nlos,naive,information,360,360,360,0,0.8812432450619161,0.8884655644655659,0.8714346265286295,0.13111578339072724,0.059900744679262895,0.04985160111062177,0.1629554724990363,0.18486122541807315,0.13035278284693,0.17131741332133657,0.2647424389975405
18,nlos,naive,p2b_uniform,360,360,360,0,0.8917384025339485,0.9420603815111893,0.8747777029082354,0.17309346910958118,0.07681816721111066,0.0741766051754488,0.271961158884403,0.23963801195081655,0.1397906476919869,0.30945086637820735,0.2170207589066944
18,nlos,gated,cyclic,360,360,340,20,0.8764964146959003,0.9131508647452965,0.8732535965653192,0.0753267619143582,0.07005147881883046,0.0717585913365799,0.08217608624351781,0.0893725864250184,0.05272255048667731,0.12244512330096519,0.03850466732003397
18,nlos,gated,information,360,360,274,86,0.8824019941095675,0.9257576577253837,0.8710358336426675,0.14117314092618546,0.057309435918329016,0.04985160111062177,0.04589545926469792,0.1741264030503386,0.19836441409064962,0.06431005680804609,0.3182301120657682
18,nlos,gated,p2b_uniform,360,360,336,24,0.8763864662482825,0.9019902928926037,0.8732439089052758,0.07415061552668668,0.06761095224799837,0.0741766051754488,0.09465534957926611,0.08514665776307058,0.061137711452588624,0.1115922714005569,0.08550034541182835
19,clean,naive,cyclic,360,360,360,0,1.6074539441202111,1.6230275889255927,1.6050576795981601,0.0877384045363979,0.044147314096952356,0.055772680991923014,0.08402750480600446,0.07845756051284072,0.04482097638251329,0.09913648619878583,0.038203342947742254
19,clean,naive,information,360,360,360,0,1.6056129118082054,1.6319242999297678,1.6034204728782881,0.0838785414751052,0.042676872508130285,0.04212609338976103,0.06801216230242173,0.06750622940740894,0.07116483145559947,0.08056368212106432,0.05312178048696268
19,clean,naive,p2b_uniform,360,360,360,0,1.6066763686984846,1.644521871516755,1.6042586288823024,0.08810905396623095,0.04633173187485881,0.09107191092812221,0.08411552163430673,0.08121052384562216,0.05736502307062354,0.08290320869361156,0.04467374743791635
19,clean,gated,cyclic,360,360,359,1,1.6074194558347408,1.6281615310909832,1.6050607463115671,0.08704773199692979,0.04545295753647125,0.055772680991923014,0.08402750480600446,0.07845756051284072,0.0405817770580207,0.09913648619878583,0.038203342947742254
19,clean,gated,information,360,360,358,2,1.6067022834542404,1.6104559939281828,1.604435719739197,0.08531265370409666,0.042305843929378084,0.036474189604517544,0.07685868857616787,0.0647159699895386,0.07455206969384999,0.08613515407926203,0.07123987027870635
19,clean,gated,p2b_uniform,360,360,359,1,1.606405046976932,1.6434526221890635,1.6039456616479442,0.0888565666323988,0.04408219390078419,0.07799900784448312,0.08029454558529468,0.07977967966337686,0.057120612446352116,0.08056676450606062,0.044470167246070155
19,loss30,naive,cyclic,360,239,239,0,1.6045490641663716,1.635958913297481,1.6009783923290413,0.10698545047200134,0.031969295090273506,0.10452936294621828,0.11860513078809697,0.09453694027575264,0.06105276928101268,0.09768304257708088,0.02753318423937446
19,loss30,naive,information,360,241,241,0,1.6096137136048363,1.6501474600661505,1.6052752523598002,0.11810025904261286,0.04859417399454603,0.09387659905515726,0.08508000289293724,0.09165774280593984,0.10079629012335677,0.10720614875100448,0.06942414617890975
19,loss30,naive,p2b_uniform,360,246,246,0,1.6031489068699976,1.6286072134850567,1.600478980456801,0.09248486748883342,0.04068644778265424,0.09436479352646897,0.061966391862399536,0.0739472261835695,0.06516923469075157,0.07331973872516635,0.044955477755531714
19,loss50,naive,cyclic,360,167,167,0,1.6077081851445405,1.647347463098075,1.6025253681583669,0.12898857697347782,0.03384792926027786,0.12810488117945082,0.11798127537896848,0.10354747180322822,0.08714534091763526,0.13305049837912608,0.04953230299098641
19,loss50,naive,information,360,183,183,0,1.606039234344577,1.6412094401627195,1.6029595474168628,0.09941182826627035,0.04122019650387143,0.08624445636331167,0.13548313350437272,0.10608463228737863,0.057892861078697955,0.1630797185916349,0.060239574672300414
19,loss50,naive,p2b_uniform,360,181,181,0,1.6028280411392997,1.6486902492014708,1.599991554955179,0.09531397344856195,0.04026002028084862,0.09102909364255263,0.06758844149655999,0.07462787219980073,0.06857589332577171,0.05642102266881995,0.07248436598692602
19,network_outage,naive,cyclic,360,300,300,0,1.6057830198474334,1.6279140995252868,1.6032511505001226,0.09013797895657479,0.03675663180446904,0.055772680991923014,0.08004686727194164,0.09526439347031397,0.04643538419853991,0.14692147878911727,0.0413802600775029
19,network_outage,naive,information,360,300,300,0,1.6046170159084305,1.6234444785711883,1.6021836300234866,0.0883367614735764,0.03329295493300379,0.04212609338976103,0.10744852801823192,0.08303646552126664,0.0523502856866081,0.0813460478918353,0.04716811762171908
19,network_outage,naive,p2b_uniform,360,300,300,0,1.6056938433447512,1.64203779690157,1.60307257139527,0.09171177348298928,0.043101049487183976,0.09107191092812221,0.09462915357792401,0.09537341473320272,0.05517814310013757,0.11811593433260877,0.04043716083349284
19,network_outage,gated,cyclic,360,300,299,1,1.6056044818344146,1.6327892879942703,1.6031202021642865,0.08928252628312759,0.036970864846603516,0.055772680991923014,0.08004686727194164,0.09526439347031397,0.041181804988085664,0.14692147878911727,0.0413802600775029
19,network_outage,gated,information,360,300,299,1,1.6065472048110663,1.6164346539292622,1.6043181065476089,0.08460103007496518,0.042270056448029544,0.036474189604517544,0.08345139492333806,0.08492898576671068,0.056174562730212596,0.11929208762835805,0.02082021827880779
19,network_outage,gated,p2b_uniform,360,300,299,1,1.6053647527155464,1.641119189827176,1.602801029934112,0.09069094609494949,0.040886317446935064,0.07799900784448312,0.08105530357126518,0.09318496106959363,0.05504930598927627,0.11671314841980798,0.040214362131851575
19,node_outage,naive,cyclic,360,330,330,0,1.606939988085947,1.6285987998175302,1.6044060423108109,0.09020740937541293,0.04079811858819961,0.055772680991923014,0.08388441612351302,0.09420400341877525,0.044495076108438544,0.1253855771167107,0.038033781609074155
19,node_outage,naive,information,360,305,305,0,1.6084363848802867,1.6198955090770581,1.6060889699175096,0.08686670775434184,0.04556610208288702,0.04212609338976103,0.09794992706362673,0.0662049913315339,0.06479579439697668,0.09885444129147537,0.03684917137318578
19,node_outage,naive,p2b_uniform,360,330,330,0,1.6068100770984854,1.6467740914281874,1.6044372837673022,0.08729047097273658,0.04590962071794566,0.09107191092812221,0.07353675653226825,0.08636082037550218,0.05711666347978866,0.10744120420922071,0.04530150845544701
19,outliers,naive,cyclic,360,360,360,0,1.6418712773696804,1.7715811608945176,1.5904828314389012,0.4075606143258221,0.07869651453843048,0.6390953492892507,0.20002458257327665,0.19367430238449182,0.2662882917296134,0.27352519307443274,0.10545103592860512
19,outliers,naive,information,360,360,360,0,1.61512794527534,1.670615499850392,1.5915813952465065,0.274785265097177,0.060480246348411176,0.3161124513648953,0.16452911705204618,0.2554527461024754,0.22211697646104994,0.14585490886839772,0.14793782299052236
19,outliers,naive,p2b_uniform,360,360,360,0,1.6084556221305075,1.6833678132801175,1.5863168730311417,0.2659478646275228,0.05738774278205237,0.4538451719368555,0.1572938432678958,0.16908577389486149,0.1781814341311777,0.09997724256627716,0.18671365876574614
19,outliers,gated,cyclic,360,360,346,14,1.6071467139394953,1.6245527998371976,1.6045445304861359,0.09141887011740486,0.043947773864013356,0.05617865994696603,0.0759107366008411,0.07694515346427658,0.039618153651856565,0.09602597830887388,0.03352712379443368
19,outliers,gated,information,360,360,344,16,1.607302747672386,1.6327110754533416,1.6052611438340691,0.08098631224928099,0.0546508606484014,0.06778314174191181,0.09119836443452775,0.07895284158570023,0.0539262080606652,0.09464057092819236,0.07594224153907962
19,outliers,gated,p2b_uniform,360,360,347,13,1.6065355777858883,1.6442953284560655,1.6040874290421063,0.08865710733451193,0.045567935988052734,0.07490353754826412,0.07379462540916477,0.0771783675888029,0.05639740800418447,0.07510431196158518,0.04271322098782373
19,nlos,naive,cyclic,360,360,360,0,1.6175801595535229,1.673323186497313,1.6083371571303142,0.17267646502977432,0.06671823096955558,0.055772680991923014,0.23687628487328022,0.2398934257385008,0.13471377822022418,0.2804182004816062,0.25063408766026823
19,nlos,naive,information,360,360,360,0,1.6129203052202308,1.6469458237708878,1.6062834271824546,0.14616929414453148,0.049304425664200825,0.04212609338976103,0.15426598211508913,0.20465743318699842,0.1407260831284531,0.19241254244269282,0.26120374013813474
19,nlos,naive,p2b_uniform,360,360,360,0,1.6175316074949113,1.700976516798611,1.60784527063501,0.17675431237088277,0.06550530178688063,0.09107191092812221,0.2620782431782904,0.24296981011779314,0.12925958112296693,0.30893825612903125,0.2080856518400741
19,nlos,gated,cyclic,360,360,339,21,1.607453766727094,1.6310655672775856,1.6051164123986594,0.08665399479297102,0.04583480838316632,0.055772680991923014,0.0836202171495896,0.07794494217590546,0.038935346602930486,0.11056255105404725,0.029958006245167076
19,nlos,gated,information,360,360,325,35,1.6076382781866825,1.6301561316760116,1.6034846484641767,0.11548946112419181,0.044698482738613154,0.036474189604517544,0.10397474088001243,0.16387545966026082,0.09976118916689992,0.17673933415521156,0.21370673279957883
19,nlos,gated,p2b_uniform,360,360,339,21,1.6063159232674267,1.6418609636295909,1.603854901677626,0.08888363014154244,0.04389718781604743,0.07799900784448312,0.08036816773337925,0.08303726434281083,0.05482897689475029,0.08861873687003344,0.032282991637343175
