case,mode,policy,time_s,mean_fleet_rms_error_m,std_fleet_rms_error_m,mean_centroid_error_m,std_centroid_error_m,mean_shape_rms_error_m,std_shape_rms_error_m
clean,gated,cyclic,0,0,0,0,0,0,0
clean,gated,cyclic,0.5,0.03278935,0.009450625,0.01527247,0.006410403,0.02839605,0.009254729
clean,gated,cyclic,1,0.06372131,0.01895469,0.03049938,0.01284285,0.05454726,0.0189018
clean,gated,cyclic,1.5,0.09134302,0.02476407,0.04574116,0.01927718,0.07671009,0.0250562
clean,gated,cyclic,2,0.1169824,0.03002513,0.06102654,0.02565298,0.09579417,0.03269283
clean,gated,cyclic,2.5,0.1364922,0.03522476,0.07624835,0.03201182,0.1074078,0.03953799
clean,gated,cyclic,3,0.1447168,0.04984525,0.09143159,0.03825539,0.1050387,0.0515047
clean,gated,cyclic,3.5,0.1615336,0.05362824,0.1066467,0.04459417,0.1135594,0.05298323
clean,gated,cyclic,4,0.1764096,0.06421654,0.121904,0.050998,0.1178782,0.06333958
clean,gated,cyclic,4.5,0.1896236,0.06919548,0.1372696,0.05745743,0.1223202,0.06125246
clean,gated,cyclic,5,0.1981665,0.07313073,0.1527154,0.06390476,0.1181457,0.0579533
clean,gated,cyclic,5.5,0.2091933,0.08041843,0.1680698,0.0703343,0.1143759,0.06388089
clean,gated,cyclic,6,0.2250612,0.08030055,0.1834016,0.0767713,0.1199317,0.05766884
clean,gated,cyclic,6.5,0.2392621,0.08968092,0.1988316,0.08326073,0.1203933,0.06706346
clean,gated,cyclic,7,0.2583969,0.09382168,0.2142383,0.08967196,0.1279981,0.07406096
clean,gated,cyclic,7.5,0.2703374,0.097542,0.2295924,0.09602539,0.1253289,0.07211972
clean,gated,cyclic,8,0.2765464,0.09976195,0.244949,0.1023055,0.1168838,0.04950048
clean,gated,cyclic,8.5,0.2911774,0.1035644,0.2603483,0.1085669,0.1158983,0.05193602
clean,gated,cyclic,9,0.3010779,0.1056733,0.2757167,0.1148864,0.09777606,0.05746971
clean,gated,cyclic,9.5,0.3131741,0.1138686,0.2910809,0.1211683,0.09603591,0.05126926
clean,gated,cyclic,10,0.3251448,0.1206609,0.3064345,0.1274851,0.0914505,0.04407016
clean,gated,cyclic,10.5,0.3387171,0.1260505,0.3219464,0.1338255,0.08755547,0.03966092
clean,gated,cyclic,11,0.351606,0.132949,0.3375185,0.1401796,0.08124468,0.03600014
clean,gated,cyclic,11.5,0.3648844,0.1410284,0.3530232,0.1466112,0.07847097,0.02959361
clean,gated,cyclic,12,0.3793409,0.1484908,0.3684369,0.1531312,0.07670117,0.03147358
clean,gated,cyclic,12.5,0.3944387,0.155092,0.38382,0.1596924,0.07580549,0.0346695
clean,gated,cyclic,13,0.4078432,0.1640215,0.3991303,0.1663613,0.0750057,0.0265743
clean,gated,cyclic,13.5,0.4228275,0.1712531,0.4144213,0.1731197,0.07564859,0.02723635
clean,gated,cyclic,14,0.4378671,0.1782767,0.4297236,0.1798277,0.07523745,0.03038147
clean,gated,cyclic,14.5,0.4522467,0.1843976,0.4450387,0.1866392,0.07139141,0.02472501
clean,gated,cyclic,15,0.4678051,0.1910308,0.4602763,0.1933363,0.07377802,0.02718863
clean,gated,cyclic,15.5,0.4828232,0.1973691,0.4755435,0.2000237,0.07293912,0.02624382
clean,gated,cyclic,16,0.4965364,0.204697,0.490843,0.2069691,0.06404199,0.02578421
clean,gated,cyclic,16.5,0.512535,0.2114452,0.5061234,0.2138985,0.06886421,0.028976
clean,gated,cyclic,17,0.5282457,0.2182861,0.5214508,0.2209184,0.07184145,0.03031492
clean,gated,cyclic,17.5,0.5442167,0.2256172,0.5367545,0.2278305,0.07889925,0.03057251
clean,gated,cyclic,18,0.5581273,0.232487,0.5519398,0.2347544,0.0716598,0.02766228
clean,gated,cyclic,18.5,0.5734068,0.2388395,0.5670572,0.2416471,0.07139268,0.03014011
clean,gated,cyclic,19,0.5879015,0.2461206,0.5822186,0.2485949,0.07002105,0.02479094
clean,gated,cyclic,19.5,0.6037488,0.2525213,0.5973447,0.2556455,0.07446382,0.02593193
clean,gated,cyclic,20,0.6194407,0.2584439,0.6125133,0.2627379,0.07474854,0.02939555
clean,gated,cyclic,20.5,0.6349067,0.265043,0.6276316,0.2697684,0.07678815,0.03057014
clean,gated,cyclic,21,0.6499407,0.272253,0.6429081,0.2768348,0.07689273,0.02882867
clean,gated,cyclic,21.5,0.6665891,0.2776018,0.6580523,0.2838998,0.08185631,0.03624713
clean,gated,cyclic,22,0.6809052,0.2861713,0.6731628,0.2908195,0.08274007,0.03387168
clean,gated,cyclic,22.5,0.696027,0.2935314,0.6881592,0.2979082,0.08499843,0.03563689
clean,gated,cyclic,23,0.710805,0.3005831,0.7031839,0.3048996,0.08442058,0.03503945
clean,gated,cyclic,23.5,0.7247045,0.3089402,0.7180611,0.3117654,0.08330898,0.03209518
clean,gated,cyclic,24,0.7398686,0.3157474,0.7330337,0.31859,0.08458131,0.03554233
clean,gated,cyclic,24.5,0.7533613,0.3236956,0.7479216,0.325501,0.07789081,0.03221649
clean,gated,cyclic,25,0.7686376,0.3297707,0.7628731,0.3322783,0.07940832,0.03154968
clean,gated,cyclic,25.5,0.7837028,0.3357587,0.7777615,0.3389423,0.07858154,0.03342745
clean,gated,cyclic,26,0.7979893,0.3429079,0.7927487,0.3456548,0.07426288,0.03284021
clean,gated,cyclic,26.5,0.8126726,0.3496677,0.807765,0.3523457,0.07298711,0.02972436
clean,gated,cyclic,27,0.8276285,0.3564379,0.8227342,0.3593681,0.07288225,0.02852434
clean,gated,cyclic,27.5,0.8419881,0.3644429,0.8376393,0.3660468,0.07383552,0.02790238
clean,gated,cyclic,28,0.8570772,0.3713727,0.8525383,0.3728581,0.07822401,0.02493633
clean,gated,cyclic,28.5,0.8709899,0.3783435,0.8674184,0.3791443,0.07157597,0.02315054
clean,gated,cyclic,29,0.8856735,0.385174,0.8820185,0.3857163,0.07331118,0.02693488
clean,gated,cyclic,29.5,0.900326,0.3912962,0.89664,0.3921967,0.0726838,0.02656152
clean,gated,cyclic,30,0.915068,0.3983985,0.9114141,0.3990649,0.07343849,0.02857335
clean,gated,cyclic,30.5,0.9296431,0.4053272,0.9263208,0.4055469,0.07226481,0.02855643
clean,gated,cyclic,31,0.9448551,0.4116628,0.9411185,0.4120634,0.0771137,0.02878666
clean,gated,cyclic,31.5,0.9596428,0.4186547,0.9558182,0.4189867,0.07842389,0.0309725
clean,gated,cyclic,32,0.9750821,0.4244116,0.970793,0.4253548,0.07973379,0.03593918
clean,gated,cyclic,32.5,0.9896174,0.4310554,0.9856441,0.4318326,0.07993234,0.02941534
clean,gated,cyclic,33,1.004732,0.4372641,1.000597,0.4384495,0.08160796,0.02606256
clean,gated,cyclic,33.5,1.020179,0.4445675,1.015752,0.4455295,0.08529559,0.03117708
clean,gated,cyclic,34,1.035204,0.451426,1.030964,0.4519913,0.08625704,0.02963346
clean,gated,cyclic,34.5,1.050375,0.4569916,1.045881,0.458349,0.08701782,0.02650153
clean,gated,cyclic,35,1.065284,0.4627668,1.061089,0.4644915,0.08178146,0.02740674
clean,gated,cyclic,35.5,1.07952,0.4704051,1.076211,0.4714489,0.07606615,0.02084742
clean,gated,cyclic,36,1.093818,0.4774641,1.091374,0.4779365,0.0651261,0.02659008
clean,gated,cyclic,36.5,1.108759,0.4838956,1.106647,0.4843098,0.06074004,0.02527123
clean,gated,cyclic,37,1.123487,0.4903239,1.121933,0.4905615,0.05332398,0.02110982
clean,gated,cyclic,37.5,1.138638,0.4965653,1.13696,0.4967811,0.05570632,0.02318398
clean,gated,cyclic,38,1.153625,0.5025233,1.152182,0.5028351,0.05133375,0.02037989
clean,gated,cyclic,38.5,1.168684,0.5081334,1.167265,0.5085351,0.05165479,0.01649304
clean,gated,cyclic,39,1.183798,0.5144037,1.182579,0.5147742,0.04779216,0.01581979
clean,gated,cyclic,39.5,1.199309,0.5203315,1.197947,0.5208364,0.04968418,0.01767307
clean,gated,cyclic,40,1.214685,0.5265447,1.213263,0.5270971,0.05079117,0.01834833
clean,gated,cyclic,40.5,1.230305,0.5330119,1.228808,0.5335832,0.0524519,0.0192087
clean,gated,cyclic,41,1.245777,0.5392904,1.244247,0.5399161,0.05402731,0.01623561
clean,gated,cyclic,41.5,1.261241,0.545476,1.259683,0.5462319,0.05344063,0.01738072
clean,gated,cyclic,42,1.276709,0.5516946,1.275082,0.552539,0.05454879,0.01745355
clean,gated,cyclic,42.5,1.29168,0.5582848,1.290183,0.5588749,0.05515857,0.01439844
clean,gated,cyclic,43,1.307191,0.5642834,1.305568,0.5648848,0.05816568,0.0149433
clean,gated,cyclic,43.5,1.322684,0.5705798,1.321186,0.5710747,0.05661153,0.01519511
clean,gated,cyclic,44,1.33808,0.5766651,1.336532,0.5771609,0.05810035,0.01524781
clean,gated,cyclic,44.5,1.354157,0.5824345,1.352582,0.583117,0.0571788,0.01576899
clean,gated,cyclic,45,1.369753,0.5884875,1.368224,0.5889838,0.05842349,0.01517374
clean,gated,cyclic,45.5,1.385261,0.5943708,1.383809,0.5948252,0.05673301,0.01745357
clean,gated,cyclic,46,1.401139,0.6007001,1.399478,0.6011199,0.06167582,0.01974586
clean,gated,cyclic,46.5,1.416783,0.6064383,1.415074,0.6069326,0.0623367,0.02012835
clean,gated,cyclic,47,1.4325,0.6124875,1.430819,0.6129623,0.06137683,0.02272582
clean,gated,cyclic,47.5,1.448098,0.6187042,1.446284,0.6192532,0.06380763,0.02365763
clean,gated,cyclic,48,1.462808,0.6246859,1.461121,0.6252949,0.06140762,0.02152015
clean,gated,cyclic,48.5,1.478565,0.6301527,1.476874,0.6307486,0.0610034,0.02436596
clean,gated,cyclic,49,1.494599,0.6359529,1.492704,0.63702,0.0623407,0.02260241
clean,gated,cyclic,49.5,1.509601,0.6415556,1.507886,0.642408,0.06008079,0.02352868
clean,gated,cyclic,50,1.525285,0.6470698,1.523293,0.6481205,0.06446667,0.02565607
clean,gated,cyclic,50.5,1.541352,0.6536293,1.539402,0.6547607,0.06179495,0.02869462
clean,gated,cyclic,51,1.556906,0.659856,1.555335,0.6607617,0.05575771,0.02605727
clean,gated,cyclic,51.5,1.5724,0.6658531,1.570743,0.6669144,0.05727659,0.02478782
clean,gated,cyclic,52,1.588204,0.6715725,1.586342,0.673043,0.06010205,0.02102349
clean,gated,cyclic,52.5,1.604173,0.6780225,1.602378,0.679372,0.05885195,0.02411615
clean,gated,cyclic,53,1.620024,0.6844158,1.618311,0.6857332,0.05697072,0.02484048
clean,gated,cyclic,53.5,1.635528,0.6907386,1.633972,0.6918167,0.05548382,0.02499141
clean,gated,cyclic,54,1.651691,0.6973668,1.649942,0.6985737,0.05857407,0.02795401
clean,gated,cyclic,54.5,1.667508,0.7039752,1.665901,0.7050996,0.05764533,0.0236232
clean,gated,cyclic,55,1.683737,0.7098956,1.681859,0.7114702,0.0601606,0.02459691
clean,gated,cyclic,55.5,1.69934,0.7161167,1.697347,0.7178841,0.06135973,0.02507001
clean,gated,cyclic,56,1.7146,0.7226975,1.712844,0.7241268,0.05941627,0.02349808
clean,gated,cyclic,56.5,1.730067,0.7295694,1.728427,0.7307518,0.05914808,0.02376284
clean,gated,cyclic,57,1.745987,0.7361937,1.744289,0.7374666,0.05966828,0.02478594
clean,gated,cyclic,57.5,1.761878,0.7429922,1.760078,0.7441437,0.06317942,0.02754851
clean,gated,cyclic,58,1.777471,0.749417,1.775708,0.750414,0.06278992,0.03081548
clean,gated,cyclic,58.5,1.793413,0.7560757,1.791421,0.7570435,0.06911472,0.03198387
clean,gated,cyclic,59,1.809109,0.7623886,1.807041,0.7634385,0.07058026,0.03203738
clean,gated,cyclic,59.5,1.824651,0.7685827,1.822423,0.7702176,0.07008911,0.02942211
clean,gated,cyclic,60,1.840272,0.7752551,1.83797,0.7768952,0.07218059,0.02968169
clean,gated,information,0,0,0,0,0,0,0
clean,gated,information,0.5,0.03208819,0.009391174,0.01527247,0.006410404,0.02756993,0.009236568
clean,gated,information,1,0.06299171,0.01959851,0.03049938,0.01284284,0.0537035,0.01951739
clean,gated,information,1.5,0.08950014,0.02564303,0.0457411,0.01927723,0.07444939,0.02609638
clean,gated,information,2,0.1174847,0.0306057,0.06102641,0.02565308,0.09662293,0.03255982
clean,gated,information,2.5,0.130271,0.03706536,0.07624795,0.03201184,0.1004427,0.0383841
clean,gated,information,3,0.1477745,0.0461119,0.09143147,0.03825511,0.1097106,0.04668915
clean,gated,information,3.5,0.1630827,0.0561473,0.1066469,0.04459334,0.1143087,0.05859473
clean,gated,information,4,0.1837288,0.06210047,0.1219062,0.05099604,0.1272096,0.06412107
clean,gated,information,4.5,0.1939163,0.07182103,0.1372696,0.05745553,0.1255672,0.07076826
clean,gated,information,5,0.2077955,0.06955893,0.152716,0.06390127,0.1283634,0.06567027
clean,gated,information,5.5,0.2314517,0.0790146,0.1680753,0.07033106,0.1433184,0.07955406
clean,gated,information,6,0.236033,0.07835991,0.1834083,0.07676432,0.1376253,0.05953644
clean,gated,information,6.5,0.2410453,0.07852523,0.1988395,0.08325401,0.1257592,0.04615248
clean,gated,information,7,0.251888,0.08649794,0.2142438,0.08966753,0.1147045,0.06373947
clean,gated,information,7.5,0.2638093,0.09443996,0.2296017,0.09601913,0.1129025,0.06362461
clean,gated,information,8,0.275464,0.09242496,0.24496,0.1023027,0.1116638,0.04076799
clean,gated,information,8.5,0.2848649,0.1019499,0.2603645,0.1085569,0.09987676,0.04658572
clean,gated,information,9,0.2984503,0.1071095,0.2757416,0.1148793,0.0974199,0.04483854
clean,gated,information,9.5,0.3085232,0.1138426,0.2911102,0.121157,0.08820238,0.03290896
clean,gated,information,10,0.3224271,0.1199024,0.306468,0.1274577,0.0873885,0.02563629
clean,gated,information,10.5,0.3341273,0.1291562,0.3219894,0.1337885,0.07803959,0.02746471
clean,gated,information,11,0.3463162,0.1380272,0.3375745,0.140141,0.07005936,0.02320174
clean,gated,information,11.5,0.3613344,0.1448503,0.353086,0.1465751,0.06759758,0.02983974
clean,gated,information,12,0.3771798,0.1511513,0.3685081,0.1530497,0.07216477,0.02733865
clean,gated,information,12.5,0.3933158,0.1571657,0.3838295,0.1596429,0.07494187,0.03261211
clean,gated,information,13,0.4096245,0.162169,0.3991517,0.1663587,0.07749693,0.03489496
clean,gated,information,13.5,0.4233853,0.1688836,0.4144055,0.1730925,0.0712195,0.03377289
clean,gated,information,14,0.4369205,0.1762524,0.4297144,0.1798064,0.06649683,0.02556865
clean,gated,information,14.5,0.4521248,0.1834311,0.4450369,0.1865725,0.06730512,0.02762149
clean,gated,information,15,0.4677079,0.1900225,0.4603855,0.1932334,0.06837532,0.03164893
clean,gated,information,15.5,0.4839329,0.1962537,0.4755634,0.2000237,0.07570496,0.03043472
clean,gated,information,16,0.4975617,0.204132,0.490793,0.2069162,0.07044925,0.02594747
clean,gated,information,16.5,0.5131215,0.2109675,0.5060903,0.2139468,0.07163282,0.02960069
clean,gated,information,17,0.5286344,0.2178757,0.52135,0.2211168,0.07478615,0.02722033
clean,gated,information,17.5,0.5443463,0.2246175,0.5366313,0.2280337,0.07743638,0.03033738
clean,gated,information,18,0.5584817,0.2326811,0.5519699,0.2350763,0.07407904,0.02673507
clean,gated,information,18.5,0.5726393,0.2404647,0.5671367,0.2419742,0.07018927,0.02622764
clean,gated,information,19,0.5881102,0.2478828,0.5822721,0.2490435,0.07405221,0.02903853
clean,gated,information,19.5,0.6038259,0.2545341,0.5973986,0.2560555,0.07625254,0.0350678
clean,gated,information,20,0.6191263,0.2602015,0.6124093,0.2631362,0.07648901,0.03183338
clean,gated,information,20.5,0.6356221,0.2675768,0.6274828,0.2702061,0.08547651,0.04143872
clean,gated,information,21,0.6502291,0.2745188,0.6425415,0.277378,0.08448787,0.03700807
clean,gated,information,21.5,0.6659599,0.2797867,0.6576369,0.2844849,0.08688363,0.03160566
clean,gated,information,22,0.6803803,0.286843,0.6727298,0.2915437,0.07998958,0.03798445
clean,gated,information,22.5,0.6957422,0.2939378,0.6876823,0.2984735,0.08336811,0.04164112
clean,gated,information,23,0.7087099,0.3033094,0.7025019,0.3055924,0.07767,0.03849159
clean,gated,information,23.5,0.7235641,0.3107605,0.7174303,0.3125957,0.08045653,0.03668931
clean,gated,information,24,0.7385024,0.3176126,0.7323685,0.3194986,0.08109564,0.03704941
clean,gated,information,24.5,0.7529728,0.3243812,0.7471683,0.3263862,0.08060841,0.03195914
clean,gated,information,25,0.7672404,0.3318336,0.7622177,0.3331751,0.07628416,0.03269021
clean,gated,information,25.5,0.7817453,0.339412,0.7772146,0.3400855,0.07252908,0.0379458
clean,gated,information,26,0.7967876,0.3461842,0.7922146,0.3470821,0.07413506,0.03523099
clean,gated,information,26.5,0.8114684,0.3524558,0.807128,0.3537604,0.07227971,0.03121697
clean,gated,information,27,0.8262237,0.3593149,0.8220356,0.3605856,0.07253172,0.02852656
clean,gated,information,27.5,0.8406286,0.366493,0.8367534,0.3673653,0.07005254,0.032195
clean,gated,information,28,0.8547408,0.3734466,0.8516718,0.3739223,0.06390563,0.02929305
clean,gated,information,28.5,0.8690663,0.3800898,0.866453,0.3803451,0.05909877,0.03005731
clean,gated,information,29,0.8836844,0.3868058,0.8813024,0.3869374,0.0582202,0.02749117
clean,gated,information,29.5,0.898024,0.3931063,0.896108,0.3933386,0.05148765,0.02539858
clean,gated,information,30,0.9129804,0.3995507,0.9110347,0.3997038,0.05440254,0.02231481
clean,gated,information,30.5,0.9282433,0.4055955,0.926013,0.4061976,0.05707235,0.02087733
clean,gated,information,31,0.9430873,0.4123733,0.9408018,0.4129887,0.05732024,0.02378698
clean,gated,information,31.5,0.9581132,0.418347,0.9553718,0.4192899,0.06308969,0.02328383
clean,gated,information,32,0.9736692,0.4243071,0.9701817,0.4259053,0.06908195,0.02745258
clean,gated,information,32.5,0.988136,0.4309928,0.9849293,0.4324334,0.06627412,0.02815365
clean,gated,information,33,1.003513,0.4370933,0.9996737,0.4390991,0.07304942,0.02684279
clean,gated,information,33.5,1.017621,0.4449387,1.01429,0.4460051,0.07205648,0.02661929
clean,gated,information,34,1.033006,0.4505144,1.029425,0.4526734,0.07095097,0.02290841
clean,gated,information,34.5,1.048021,0.4581446,1.044674,0.4594397,0.07238346,0.02587
clean,gated,information,35,1.063264,0.4641038,1.05962,0.4657887,0.07412759,0.02813018
clean,gated,information,35.5,1.078218,0.4712303,1.075158,0.4726025,0.06878487,0.02572765
clean,gated,information,36,1.093579,0.4768962,1.090403,0.4789679,0.06547315,0.02842573
clean,gated,information,36.5,1.108274,0.4841699,1.105631,0.4856415,0.06227323,0.02552151
clean,gated,information,37,1.123553,0.4904884,1.121167,0.4918554,0.05913354,0.02480777
clean,gated,information,37.5,1.138511,0.4970026,1.136354,0.4982371,0.05725444,0.02200981
clean,gated,information,38,1.153716,0.5031554,1.151743,0.5041477,0.05685738,0.0196118
clean,gated,information,38.5,1.168708,0.5094496,1.166999,0.5102983,0.0533132,0.0185868
clean,gated,information,39,1.183719,0.5155989,1.18204,0.516325,0.05404442,0.01891927
clean,gated,information,39.5,1.199183,0.5215413,1.197496,0.5223236,0.0542875,0.01834516
clean,gated,information,40,1.214742,0.527433,1.212984,0.5284157,0.05456977,0.01788799
clean,gated,information,40.5,1.230603,0.533901,1.228734,0.5347927,0.05849171,0.0168673
clean,gated,information,41,1.245656,0.5405841,1.243976,0.5413934,0.05553382,0.01680202
clean,gated,information,41.5,1.261113,0.5467222,1.259315,0.5476215,0.05774949,0.0166055
clean,gated,information,42,1.276486,0.5530213,1.274897,0.5538176,0.05393212,0.01800843
clean,gated,information,42.5,1.291605,0.5591129,1.289951,0.5599874,0.05451911,0.01964858
clean,gated,information,43,1.306557,0.5653913,1.305058,0.5661041,0.05320818,0.01832392
clean,gated,information,43.5,1.321955,0.5716255,1.320401,0.5722147,0.05573658,0.0194819
clean,gated,information,44,1.337583,0.577705,1.335913,0.5783976,0.05749523,0.02044767
clean,gated,information,44.5,1.352955,0.583845,1.35129,0.5843626,0.05841607,0.02329406
clean,gated,information,45,1.368535,0.5902012,1.366916,0.5905312,0.05979339,0.02256297
clean,gated,information,45.5,1.384273,0.5959171,1.382545,0.5965516,0.06039854,0.02084582
clean,gated,information,46,1.399789,0.6019149,1.397985,0.6025836,0.06301855,0.01807891
clean,gated,information,46.5,1.415206,0.6078666,1.41326,0.6086037,0.06590811,0.01797967
clean,gated,information,47,1.430861,0.6141213,1.428942,0.6149154,0.06463654,0.02008178
clean,gated,information,47.5,1.44627,0.6200982,1.444378,0.620923,0.06437817,0.01924087
clean,gated,information,48,1.4619,0.6260055,1.459861,0.6270089,0.06508705,0.02356599
clean,gated,information,48.5,1.477534,0.6316752,1.475496,0.6327038,0.06454376,0.02547612
clean,gated,information,49,1.493248,0.6374076,1.491254,0.6386974,0.06283777,0.02150817
clean,gated,information,49.5,1.50922,0.6430596,1.507231,0.6444588,0.06275179,0.01916026
clean,gated,information,50,1.524948,0.6488252,1.522996,0.650223,0.06213542,0.01954529
clean,gated,information,50.5,1.540391,0.655327,1.538738,0.6564496,0.05784927,0.01903148
clean,gated,information,51,1.556219,0.6615153,1.554478,0.662778,0.05897666,0.01916548
clean,gated,information,51.5,1.572722,0.6679865,1.57069,0.6692758,0.0658905,0.02070289
clean,gated,information,52,1.588595,0.6735648,1.586409,0.6752512,0.06566379,0.02213014
clean,gated,information,52.5,1.604267,0.6798312,1.602064,0.6815498,0.06543168,0.02425885
clean,gated,information,53,1.619989,0.6867025,1.617929,0.6881813,0.06473332,0.02403369
clean,gated,information,53.5,1.635207,0.6925765,1.633173,0.6937638,0.06723723,0.02436407
clean,gated,information,54,1.650512,0.6992804,1.64868,0.7004375,0.0630073,0.02376677
clean,gated,information,54.5,1.666437,0.7058157,1.664866,0.706606,0.06151947,0.02020294
clean,gated,information,55,1.682404,0.712573,1.680785,0.7133337,0.06271982,0.02251101
clean,gated,information,55.5,1.698311,0.7183682,1.696613,0.7191607,0.06370448,0.02563399
clean,gated,information,56,1.713994,0.7247329,1.712467,0.7253189,0.06327023,0.02106099
clean,gated,information,56.5,1.729449,0.7313746,1.727964,0.7318607,0.06271511,0.02347688
clean,gated,information,57,1.744736,0.7381332,1.743179,0.7386268,0.06443432,0.02486383
clean,gated,information,57.5,1.760245,0.7445945,1.758733,0.745102,0.0628164,0.02634009
clean,gated,information,58,1.776028,0.7510851,1.774359,0.7518529,0.06380031,0.02824713
clean,gated,information,58.5,1.791273,0.7572981,1.789545,0.7581315,0.06561415,0.026818
clean,gated,information,59,1.806847,0.7643511,1.805155,0.7651692,0.06602744,0.0243498
clean,gated,information,59.5,1.822425,0.7707372,1.820804,0.771582,0.06486521,0.02202809
clean,gated,information,60,1.838248,0.7773381,1.836457,0.7782633,0.06935049,0.020641
clean,gated,p2b_uniform,0,0,0,0,0,0,0
clean,gated,p2b_uniform,0.5,0.0329652,0.009203608,0.01527247,0.006410404,0.02858988,0.009032506
clean,gated,p2b_uniform,1,0.06316448,0.01873036,0.03049939,0.01284283,0.05440688,0.01704557
clean,gated,p2b_uniform,1.5,0.0946875,0.02793201,0.04574116,0.01927717,0.08152644,0.02544482
clean,gated,p2b_uniform,2,0.1073752,0.03393738,0.06102641,0.02565307,0.08505094,0.03309523
clean,gated,p2b_uniform,2.5,0.1341981,0.0424064,0.07624831,0.03201176,0.1062993,0.0414303
clean,gated,p2b_uniform,3,0.1404323,0.05224716,0.09143155,0.0382552,0.1009394,0.0500076
clean,gated,p2b_uniform,3.5,0.1640503,0.06098673,0.1066471,0.04459378,0.1180742,0.05841447
clean,gated,p2b_uniform,4,0.1762228,0.06727054,0.121905,0.05099718,0.1185471,0.06463359
clean,gated,p2b_uniform,4.5,0.1984865,0.07564101,0.1372686,0.0574573,0.1336611,0.07246166
clean,gated,p2b_uniform,5,0.2021994,0.07020236,0.1527139,0.0639058,0.1203843,0.06384929
clean,gated,p2b_uniform,5.5,0.2225554,0.07722342,0.1680718,0.07033707,0.1325847,0.07010833
clean,gated,p2b_uniform,6,0.2205682,0.07380306,0.1834003,0.07677357,0.1081367,0.05521426
clean,gated,p2b_uniform,6.5,0.2392235,0.07992903,0.1988303,0.08326325,0.1174237,0.05972869
clean,gated,p2b_uniform,7,0.246184,0.09047919,0.2142328,0.0896764,0.1012665,0.06953487
clean,gated,p2b_uniform,7.5,0.2640251,0.09682568,0.2295914,0.09602994,0.1088998,0.07457722
clean,gated,p2b_uniform,8,0.271239,0.09876071,0.2449551,0.1023047,0.1014701,0.05225908
clean,gated,p2b_uniform,8.5,0.2883803,0.1048423,0.2603596,0.1085658,0.1081504,0.05548514
clean,gated,p2b_uniform,9,0.2925487,0.1047659,0.2757187,0.1149074,0.07880783,0.03608181
clean,gated,p2b_uniform,9.5,0.3088787,0.1104873,0.2910792,0.1211818,0.08346627,0.03781711
clean,gated,p2b_uniform,10,0.3220368,0.119871,0.3064637,0.1275068,0.07850019,0.04390061
clean,gated,p2b_uniform,10.5,0.3383962,0.1258046,0.3220022,0.1338468,0.08264145,0.04603457
clean,gated,p2b_uniform,11,0.3543094,0.1341527,0.3375544,0.1401954,0.0874678,0.04991207
clean,gated,p2b_uniform,11.5,0.3706347,0.1403025,0.3530558,0.1466363,0.09177214,0.05204242
clean,gated,p2b_uniform,12,0.3839663,0.1487806,0.3684577,0.1531102,0.08708117,0.05471652
clean,gated,p2b_uniform,12.5,0.4000535,0.1551649,0.3837842,0.1597196,0.09113692,0.05697707
clean,gated,p2b_uniform,13,0.4116187,0.1633662,0.3990656,0.1664046,0.08674028,0.04231308
clean,gated,p2b_uniform,13.5,0.4274981,0.1699426,0.41435,0.1731184,0.09042128,0.04422062
clean,gated,p2b_uniform,14,0.4408891,0.1795598,0.429794,0.1798121,0.08546631,0.04887908
clean,gated,p2b_uniform,14.5,0.4566842,0.186285,0.4450767,0.1865363,0.08892582,0.05099447
clean,gated,p2b_uniform,15,0.4715214,0.1906297,0.4603856,0.1931727,0.08863889,0.04095552
clean,gated,p2b_uniform,15.5,0.4872183,0.1972855,0.475657,0.1998853,0.09185218,0.04247985
clean,gated,p2b_uniform,16,0.499668,0.2057181,0.490933,0.2068378,0.08075368,0.0422134
clean,gated,p2b_uniform,16.5,0.5153341,0.2126293,0.5061962,0.2138381,0.08382603,0.04374638
clean,gated,p2b_uniform,17,0.5293985,0.219744,0.5214735,0.2209801,0.08193354,0.03398921
clean,gated,p2b_uniform,17.5,0.545013,0.2266171,0.536715,0.2279785,0.08492485,0.03518417
clean,gated,p2b_uniform,18,0.558611,0.2340863,0.5520638,0.2350496,0.07576621,0.03405849
clean,gated,p2b_uniform,18.5,0.5740972,0.2409926,0.5672228,0.2420489,0.07861571,0.03525408
clean,gated,p2b_uniform,19,0.5894279,0.2478363,0.58228,0.2489637,0.08089316,0.03698571
clean,gated,p2b_uniform,19.5,0.6050504,0.2547574,0.5974504,0.256038,0.08444189,0.03821109
clean,gated,p2b_uniform,20,0.620262,0.2617857,0.6125541,0.2631667,0.08521629,0.04041722
clean,gated,p2b_uniform,20.5,0.6358665,0.2687434,0.6276732,0.270287,0.08902741,0.04150017
clean,gated,p2b_uniform,21,0.6484495,0.276602,0.6426668,0.277394,0.0783613,0.03092982
clean,gated,p2b_uniform,21.5,0.6639052,0.2835386,0.6577229,0.2844985,0.0818442,0.03169318
clean,gated,p2b_uniform,22,0.6789082,0.2910001,0.6727783,0.2914246,0.0826563,0.03581826
clean,gated,p2b_uniform,22.5,0.6942907,0.2979535,0.6877629,0.2984843,0.08627964,0.03666095
clean,gated,p2b_uniform,23,0.7080056,0.304569,0.7027364,0.3054188,0.07739965,0.03162758
clean,gated,p2b_uniform,23.5,0.7232699,0.3113579,0.7176654,0.3123138,0.08074442,0.03227521
clean,gated,p2b_uniform,24,0.7386204,0.3180788,0.7325462,0.3193166,0.08333137,0.03616533
clean,gated,p2b_uniform,24.5,0.753843,0.3248364,0.7473941,0.3261911,0.08689457,0.03689124
clean,gated,p2b_uniform,25,0.7682029,0.3311127,0.7624539,0.3329029,0.07950631,0.03768533
clean,gated,p2b_uniform,25.5,0.7834787,0.337778,0.7773853,0.3396773,0.0830296,0.03831712
clean,gated,p2b_uniform,26,0.7980441,0.3440269,0.7925389,0.3464789,0.07941418,0.02975997
clean,gated,p2b_uniform,26.5,0.8133476,0.3506683,0.8074892,0.3532697,0.08291814,0.03044486
clean,gated,p2b_uniform,27,0.8282759,0.3565223,0.8224151,0.3602235,0.07849956,0.03231437
clean,gated,p2b_uniform,27.5,0.843418,0.3631206,0.8372577,0.3669702,0.08157763,0.03290437
clean,gated,p2b_uniform,28,0.8591885,0.3684756,0.8520733,0.3736715,0.08410663,0.03891825
clean,gated,p2b_uniform,28.5,0.8743439,0.3748783,0.8668624,0.3802811,0.08745983,0.03975697
clean,gated,p2b_uniform,29,0.8881036,0.3831431,0.8815841,0.3869998,0.08606208,0.03712044
clean,gated,p2b_uniform,29.5,0.9031604,0.3896209,0.8963149,0.393632,0.08930559,0.03781178
clean,gated,p2b_uniform,30,0.9174334,0.3969712,0.9111879,0.4002227,0.08852231,0.03436692
clean,gated,p2b_uniform,30.5,0.9326054,0.4034042,0.9259912,0.4068627,0.09209415,0.03478651
clean,gated,p2b_uniform,31,0.9467302,0.410526,0.9406104,0.4131286,0.09167657,0.03416728
clean,gated,p2b_uniform,31.5,0.9619049,0.416926,0.9554102,0.4197786,0.09514722,0.03451799
clean,gated,p2b_uniform,32,0.9764096,0.4227692,0.9703691,0.426225,0.08859309,0.03439044
clean,gated,p2b_uniform,32.5,0.9915828,0.4290642,0.9851653,0.43279,0.09206712,0.03492862
clean,gated,p2b_uniform,33,1.005762,0.4360574,1.000075,0.4393742,0.08461982,0.03957487
clean,gated,p2b_uniform,33.5,1.021091,0.4425027,1.01507,0.4460476,0.08786089,0.04036597
clean,gated,p2b_uniform,34,1.034856,0.449766,1.030104,0.4524549,0.08188304,0.0290714
clean,gated,p2b_uniform,34.5,1.050272,0.4561684,1.045228,0.4590289,0.0850499,0.02989624
clean,gated,p2b_uniform,35,1.063968,0.4629636,1.059961,0.4652732,0.07388376,0.03269767
clean,gated,p2b_uniform,35.5,1.079426,0.4694713,1.075197,0.4718819,0.07663999,0.03375612
clean,gated,p2b_uniform,36,1.093262,0.4779209,1.090644,0.4790917,0.06536387,0.01999658
clean,gated,p2b_uniform,36.5,1.108669,0.484242,1.105873,0.4855025,0.0680735,0.02042965
clean,gated,p2b_uniform,37,1.122817,0.4911897,1.12087,0.491873,0.0575742,0.02095218
clean,gated,p2b_uniform,37.5,1.13814,0.4974126,1.136062,0.4981238,0.06002608,0.02175911
clean,gated,p2b_uniform,38,1.152711,0.5036271,1.151343,0.5040499,0.05009543,0.01585133
clean,gated,p2b_uniform,38.5,1.168107,0.5097611,1.166641,0.510195,0.05259866,0.01575901
clean,gated,p2b_uniform,39,1.183435,0.5163873,1.182192,0.51678,0.0479469,0.01645283
clean,gated,p2b_uniform,39.5,1.198874,0.5225779,1.197532,0.5229703,0.05044288,0.01721759
clean,gated,p2b_uniform,40,1.214254,0.5285939,1.212909,0.529054,0.0513026,0.01338729
clean,gated,p2b_uniform,40.5,1.229723,0.534827,1.228269,0.5353079,0.05372435,0.01444059
clean,gated,p2b_uniform,41,1.244651,0.540987,1.243243,0.541548,0.05226193,0.0143933
clean,gated,p2b_uniform,41.5,1.260173,0.5472745,1.25865,0.5478598,0.05486541,0.01510618
clean,gated,p2b_uniform,42,1.275571,0.5533019,1.274103,0.5540711,0.05185773,0.0160231
clean,gated,p2b_uniform,42.5,1.291157,0.5594796,1.289569,0.5602964,0.05445207,0.01666334
clean,gated,p2b_uniform,43,1.306551,0.5657442,1.304983,0.5665531,0.0546501,0.01583779
clean,gated,p2b_uniform,43.5,1.322083,0.5716985,1.320383,0.5725563,0.05751285,0.01621362
clean,gated,p2b_uniform,44,1.337061,0.5773616,1.335507,0.5783412,0.05262925,0.01801234
clean,gated,p2b_uniform,44.5,1.352663,0.5833343,1.350983,0.5843707,0.05533305,0.01863465
clean,gated,p2b_uniform,45,1.367857,0.5897203,1.366416,0.5904358,0.05282405,0.01915523
clean,gated,p2b_uniform,45.5,1.383544,0.5956982,1.381998,0.5964441,0.05531677,0.01973792
clean,gated,p2b_uniform,46,1.399417,0.6021836,1.397881,0.6028154,0.05718941,0.01781707
clean,gated,p2b_uniform,46.5,1.415131,0.6082039,1.413465,0.6088796,0.06008057,0.01838753
clean,gated,p2b_uniform,47,1.430735,0.6143075,1.429135,0.6150987,0.05797304,0.01744833
clean,gated,p2b_uniform,47.5,1.446401,0.6202882,1.44468,0.6211214,0.06075957,0.01782083
clean,gated,p2b_uniform,48,1.461263,0.6267115,1.459861,0.6276224,0.05339861,0.01286503
clean,gated,p2b_uniform,48.5,1.477048,0.6325475,1.47551,0.6335525,0.05623725,0.01340644
clean,gated,p2b_uniform,49,1.493209,0.6386304,1.491725,0.6396187,0.05474475,0.01567347
clean,gated,p2b_uniform,49.5,1.509001,0.6446419,1.507383,0.6457195,0.05738186,0.01676903
clean,gated,p2b_uniform,50,1.52494,0.650855,1.523256,0.6520872,0.05654764,0.020788
clean,gated,p2b_uniform,50.5,1.540886,0.6568703,1.539066,0.6581891,0.05903556,0.02229159
clean,gated,p2b_uniform,51,1.556827,0.6620841,1.554797,0.6637671,0.06006817,0.02483966
clean,gated,p2b_uniform,51.5,1.572835,0.6681997,1.570657,0.6699797,0.06272351,0.02611568
clean,gated,p2b_uniform,52,1.588574,0.6747287,1.586868,0.6759636,0.05798938,0.02222044
clean,gated,p2b_uniform,52.5,1.604537,0.6810354,1.602705,0.6823387,0.06068045,0.02304792
clean,gated,p2b_uniform,53,1.620014,0.6875638,1.618594,0.688478,0.05489423,0.02030059
clean,gated,p2b_uniform,53.5,1.635933,0.693832,1.634415,0.6948011,0.05712159,0.02105767
clean,gated,p2b_uniform,54,1.651569,0.7003013,1.649867,0.7016138,0.05816708,0.02263704
clean,gated,p2b_uniform,54.5,1.667479,0.7065064,1.665651,0.7079091,0.06052785,0.02393423
clean,gated,p2b_uniform,55,1.683366,0.7124887,1.681531,0.7140911,0.05933831,0.02252149
clean,gated,p2b_uniform,55.5,1.699248,0.7187034,1.697282,0.720403,0.06182467,0.02367828
clean,gated,p2b_uniform,56,1.715302,0.7247442,1.713458,0.7262715,0.0608189,0.02338037
clean,gated,p2b_uniform,56.5,1.731056,0.7311147,1.729078,0.7327313,0.06344891,0.02452108
clean,gated,p2b_uniform,57,1.746114,0.7380334,1.744213,0.7395647,0.06300648,0.02330847
clean,gated,p2b_uniform,57.5,1.761837,0.7445513,1.759788,0.7461951,0.06582742,0.02421126
clean,gated,p2b_uniform,58,1.777727,0.7511072,1.775751,0.7527177,0.06417224,0.02518658
clean,gated,p2b_uniform,58.5,1.793483,0.7576722,1.791353,0.7593974,0.06715203,0.02594067
clean,gated,p2b_uniform,59,1.808799,0.7643609,1.807048,0.7657252,0.06255421,0.02140354
clean,gated,p2b_uniform,59.5,1.824659,0.7709034,1.822782,0.7723633,0.06507027,0.022278
clean,gated,p2b_uniform,60,1.839808,0.7783132,1.838265,0.7790467,0.06335376,0.0246869
clean,naive,cyclic,0,0,0,0,0,0,0
clean,naive,cyclic,0.5,0.03278935,0.009450625,0.01527247,0.006410403,0.02839605,0.009254729
clean,naive,cyclic,1,0.06372131,0.01895469,0.03049938,0.01284285,0.05454726,0.0189018
clean,naive,cyclic,1.5,0.09134302,0.02476407,0.04574116,0.01927718,0.07671009,0.0250562
clean,naive,cyclic,2,0.1169824,0.03002513,0.06102654,0.02565298,0.09579417,0.03269283
clean,naive,cyclic,2.5,0.1364922,0.03522476,0.07624835,0.03201182,0.1074078,0.03953799
clean,naive,cyclic,3,0.1447168,0.04984525,0.09143159,0.03825539,0.1050387,0.0515047
clean,naive,cyclic,3.5,0.1615336,0.05362824,0.1066467,0.04459417,0.1135594,0.05298323
clean,naive,cyclic,4,0.1764096,0.06421654,0.121904,0.050998,0.1178782,0.06333958
clean,naive,cyclic,4.5,0.1878088,0.0690445,0.1372696,0.05745739,0.1201078,0.05978753
clean,naive,cyclic,5,0.1955983,0.07297995,0.1527152,0.06390459,0.1146483,0.0559388
clean,naive,cyclic,5.5,0.209,0.08010239,0.1680694,0.07033422,0.1140312,0.06346611
clean,naive,cyclic,6,0.2242275,0.07996122,0.1834013,0.07677133,0.1186679,0.05652027
clean,naive,cyclic,6.5,0.2397957,0.0884783,0.1988315,0.08326092,0.1219473,0.06446617
clean,naive,cyclic,7,0.2589082,0.09304436,0.2142382,0.08967223,0.1291551,0.0728353
clean,naive,cyclic,7.5,0.272037,0.09697613,0.2295927,0.0960258,0.1278585,0.07339721
clean,naive,cyclic,8,0.277788,0.09966139,0.2449493,0.102306,0.1184709,0.05254794
clean,naive,cyclic,8.5,0.2929573,0.1040929,0.260349,0.1085675,0.1180876,0.05798095
clean,naive,cyclic,9,0.3024572,0.1061561,0.2757175,0.1148871,0.0993583,0.06286735
clean,naive,cyclic,9.5,0.3144424,0.1139354,0.2910821,0.121169,0.09737375,0.05664257
clean,naive,cyclic,10,0.3260155,0.1203983,0.3064357,0.1274861,0.09253702,0.04758463
clean,naive,cyclic,10.5,0.339263,0.1256852,0.3219479,0.1338263,0.08829667,0.04161933
clean,naive,cyclic,11,0.3519052,0.1326481,0.33752,0.1401806,0.08188041,0.03642955
clean,naive,cyclic,11.5,0.3652196,0.1407477,0.3530251,0.1466119,0.07914744,0.03066723
clean,naive,cyclic,12,0.3803136,0.1481689,0.3684371,0.1531324,0.07938453,0.03509306
clean,naive,cyclic,12.5,0.3953801,0.1547679,0.3838214,0.1596931,0.07844148,0.03814304
clean,naive,cyclic,13,0.408339,0.163747,0.3991318,0.1663622,0.07685969,0.02727953
clean,naive,cyclic,13.5,0.423302,0.171041,0.4144163,0.1731201,0.07778108,0.02741632
clean,naive,cyclic,14,0.4380947,0.1780682,0.4297175,0.179828,0.07667739,0.02887513
clean,naive,cyclic,14.5,0.4523251,0.1842369,0.4450383,0.1866391,0.07105277,0.02603728
clean,naive,cyclic,15,0.4679101,0.1908113,0.4602756,0.1933362,0.07357518,0.02812661
clean,naive,cyclic,15.5,0.4828074,0.1972823,0.475548,0.2000232,0.07239288,0.02679062
clean,naive,cyclic,16,0.4965079,0.2046818,0.4908478,0.2069683,0.0632035,0.02713846
clean,naive,cyclic,16.5,0.5125558,0.2114194,0.5061335,0.2138975,0.06858283,0.02969178
clean,naive,cyclic,17,0.5282519,0.2182833,0.5214616,0.2209171,0.07098756,0.03227727
clean,naive,cyclic,17.5,0.5440184,0.2256482,0.5367707,0.2278289,0.07644257,0.03325004
clean,naive,cyclic,18,0.557987,0.2325151,0.551957,0.2347525,0.06936497,0.03057598
clean,naive,cyclic,18.5,0.5733874,0.2388191,0.5670786,0.2416451,0.07103677,0.03006786
clean,naive,cyclic,19,0.5878795,0.2460989,0.5822411,0.2485928,0.06981685,0.02408883
clean,naive,cyclic,19.5,0.6036809,0.2525344,0.5973709,0.2556432,0.07388549,0.02552127
clean,naive,cyclic,20,0.6193554,0.2584974,0.6125413,0.2627352,0.07343216,0.03083947
clean,naive,cyclic,20.5,0.6348322,0.2651207,0.6276625,0.2697652,0.07566315,0.03190146
clean,naive,cyclic,21,0.649826,0.2723386,0.6429413,0.2768313,0.07563316,0.02966682
clean,naive,cyclic,21.5,0.6664476,0.2776986,0.6580877,0.2838958,0.08060275,0.03656158
clean,naive,cyclic,22,0.680917,0.286197,0.6732009,0.2908145,0.08193994,0.03558896
clean,naive,cyclic,22.5,0.6960455,0.2935601,0.6881989,0.2979028,0.08406587,0.03775757
clean,naive,cyclic,23,0.7108173,0.3006238,0.7032267,0.3048932,0.08372578,0.03652709
clean,naive,cyclic,23.5,0.7247103,0.3089883,0.7181047,0.3117588,0.08269712,0.03337185
clean,naive,cyclic,24,0.7398883,0.3157921,0.7330801,0.3185822,0.08414757,0.03650464
clean,naive,cyclic,24.5,0.7533526,0.3237475,0.747969,0.3254928,0.077421,0.03263977
clean,naive,cyclic,25,0.7686562,0.3298047,0.7629226,0.3322692,0.07907803,0.03208449
clean,naive,cyclic,25.5,0.7837383,0.3357773,0.7778118,0.3389329,0.07835587,0.03390797
clean,naive,cyclic,26,0.7980587,0.3428969,0.7928007,0.3456445,0.0744569,0.03282521
clean,naive,cyclic,26.5,0.8127658,0.3496365,0.8078258,0.3523277,0.07328929,0.02972992
clean,naive,cyclic,27,0.8277473,0.3563728,0.8227985,0.3593473,0.07336441,0.02834657
clean,naive,cyclic,27.5,0.8421113,0.3643804,0.8376997,0.3660295,0.07449919,0.02745764
clean,naive,cyclic,28,0.857176,0.3713236,0.8526008,0.3728387,0.07848284,0.0249638
clean,naive,cyclic,28.5,0.8710728,0.3783034,0.8674764,0.3791288,0.07195081,0.02251869
clean,naive,cyclic,29,0.885762,0.3851269,0.8820777,0.3856993,0.07369238,0.02642776
clean,naive,cyclic,29.5,0.9003683,0.391275,0.8966955,0.3921833,0.0727811,0.02569572
clean,naive,cyclic,30,0.9150541,0.3984368,0.9114702,0.3990503,0.07266163,0.02904506
clean,naive,cyclic,30.5,0.929649,0.4053679,0.9263753,0.4055336,0.07169152,0.02917696
clean,naive,cyclic,31,0.9449009,0.4116677,0.9411728,0.4120497,0.07698161,0.02913255
clean,naive,cyclic,31.5,0.9596906,0.4186515,0.9558727,0.4189721,0.07838578,0.0310185
clean,naive,cyclic,32,0.9751268,0.4243998,0.9708472,0.4253394,0.07960242,0.03602577
clean,naive,cyclic,32.5,0.9896851,0.4310266,0.9857004,0.431814,0.08003111,0.0293966
clean,naive,cyclic,33,1.004784,0.437224,1.000654,0.4384295,0.08160039,0.0255909
clean,naive,cyclic,33.5,1.020179,0.4445638,1.015814,0.4455028,0.08473077,0.03102229
clean,naive,cyclic,34,1.035111,0.4514304,1.031011,0.4519708,0.0836941,0.03249665
clean,naive,cyclic,34.5,1.050111,0.4571642,1.045931,0.4583183,0.08316987,0.02976638
clean,naive,cyclic,35,1.065244,0.4628309,1.061141,0.4644568,0.08114916,0.02727145
clean,naive,cyclic,35.5,1.079567,0.4703878,1.076275,0.4713981,0.07598554,0.0209806
clean,naive,cyclic,36,1.093831,0.4774611,1.091433,0.4778849,0.06457316,0.02685136
clean,naive,cyclic,36.5,1.108815,0.4838427,1.106718,0.4842442,0.06055999,0.02536649
clean,naive,cyclic,37,1.123542,0.4902676,1.122005,0.4904922,0.05312909,0.0210209
clean,naive,cyclic,37.5,1.138702,0.4964909,1.137039,0.4967004,0.0554415,0.02324215
clean,naive,cyclic,38,1.153698,0.5024416,1.152264,0.5027496,0.05115573,0.0203652
clean,naive,cyclic,38.5,1.168878,0.5084514,1.16746,0.508758,0.05211897,0.01774281
clean,naive,cyclic,39,1.184018,0.5147513,1.18277,0.5149647,0.04910206,0.018806
clean,naive,cyclic,39.5,1.199468,0.5204383,1.198098,0.5208664,0.05030211,0.01861919
clean,naive,cyclic,40,1.21486,0.5266307,1.213421,0.5271285,0.05142447,0.01922946
clean,naive,cyclic,40.5,1.230456,0.5329873,1.228947,0.5335094,0.05289712,0.02008841
clean,naive,cyclic,41,1.245933,0.5392495,1.244391,0.5398409,0.05443406,0.01690168
clean,naive,cyclic,41.5,1.261328,0.5452473,1.25972,0.5459676,0.05487399,0.01762478
clean,naive,cyclic,42,1.276818,0.5514725,1.275128,0.5522785,0.05623329,0.01791629
clean,naive,cyclic,42.5,1.291784,0.5580004,1.290259,0.5586246,0.05547733,0.01440982
clean,naive,cyclic,43,1.307297,0.5639823,1.305651,0.564634,0.0582257,0.01493363
clean,naive,cyclic,43.5,1.322675,0.5701793,1.321206,0.5707767,0.0547006,0.01601522
clean,naive,cyclic,44,1.338082,0.5762436,1.336562,0.5768627,0.05618053,0.01558187
clean,naive,cyclic,44.5,1.354227,0.5820683,1.352654,0.5828548,0.05606185,0.01607682
clean,naive,cyclic,45,1.369835,0.5881169,1.368301,0.5887186,0.05736922,0.01580015
clean,naive,cyclic,45.5,1.385401,0.5940467,1.383918,0.5945959,0.05657007,0.01739064
clean,naive,cyclic,46,1.401269,0.6003702,1.399587,0.6008849,0.06145108,0.01913496
clean,naive,cyclic,46.5,1.416957,0.60618,1.415213,0.6067321,0.06273699,0.01962921
clean,naive,cyclic,47,1.43267,0.612234,1.430959,0.6127582,0.06189759,0.02193417
clean,naive,cyclic,47.5,1.448275,0.6184675,1.44644,0.6190745,0.06439065,0.02180731
clean,naive,cyclic,48,1.462959,0.6244462,1.461274,0.6251115,0.06116767,0.02037951
clean,naive,cyclic,48.5,1.478733,0.6299409,1.477036,0.6305816,0.06060348,0.02464058
clean,naive,cyclic,49,1.494786,0.6357492,1.492864,0.6368494,0.06256583,0.02290329
clean,naive,cyclic,49.5,1.509817,0.6413807,1.508049,0.6422436,0.06159473,0.02271607
clean,naive,cyclic,50,1.525493,0.646885,1.523452,0.6479548,0.06558374,0.02523531
clean,naive,cyclic,50.5,1.541565,0.6534444,1.539568,0.6546056,0.06266326,0.02869782
clean,naive,cyclic,51,1.557057,0.6596759,1.555348,0.6607042,0.0569339,0.02876761
clean,naive,cyclic,51.5,1.572549,0.6656943,1.570744,0.6668688,0.05879761,0.0277057
clean,naive,cyclic,52,1.588387,0.6714064,1.586402,0.6729531,0.06170922,0.02336212
clean,naive,cyclic,52.5,1.604343,0.6778626,1.602433,0.6792917,0.06022596,0.02620479
clean,naive,cyclic,53,1.619955,0.684508,1.618228,0.6857998,0.05731769,0.02568163
clean,naive,cyclic,53.5,1.635094,0.6910606,1.633726,0.6919894,0.05347726,0.02025932
clean,naive,cyclic,54,1.651248,0.6976823,1.64974,0.6987058,0.05574099,0.0232351
clean,naive,cyclic,54.5,1.667264,0.7041539,1.665791,0.7051661,0.05593987,0.02118022
clean,naive,cyclic,55,1.683543,0.7100241,1.681795,0.7114959,0.05843942,0.02243792
clean,naive,cyclic,55.5,1.699153,0.7158885,1.697256,0.7176178,0.05940949,0.02426945
clean,naive,cyclic,56,1.714465,0.7225158,1.712808,0.7238989,0.05735211,0.02269539
clean,naive,cyclic,56.5,1.730013,0.7293797,1.72844,0.7305058,0.05775071,0.02395842
clean,naive,cyclic,57,1.745983,0.7359895,1.744344,0.7372359,0.05808681,0.02521575
clean,naive,cyclic,57.5,1.761912,0.7427753,1.760161,0.7438852,0.06207615,0.02800755
clean,naive,cyclic,58,1.777544,0.7492116,1.775816,0.7501675,0.0623302,0.03065312
clean,naive,cyclic,58.5,1.793403,0.7557256,1.791532,0.756739,0.06618709,0.03023889
clean,naive,cyclic,59,1.809125,0.7620289,1.807164,0.763134,0.06765882,0.03099965
clean,naive,cyclic,59.5,1.824752,0.7681941,1.822565,0.7698758,0.06853916,0.0294125
clean,naive,cyclic,60,1.840389,0.7748637,1.838119,0.7765521,0.07069528,0.03011951
clean,naive,information,0,0,0,0,0,0,0
clean,naive,information,0.5,0.03208819,0.009391174,0.01527247,0.006410404,0.02756993,0.009236568
clean,naive,information,1,0.06299171,0.01959851,0.03049938,0.01284284,0.0537035,0.01951739
clean,naive,information,1.5,0.0889885,0.02540623,0.04574111,0.01927723,0.07388253,0.02571599
clean,naive,information,2,0.1173601,0.03055824,0.06102643,0.02565308,0.09648368,0.03247687
clean,naive,information,2.5,0.1298881,0.03688717,0.07624798,0.03201184,0.1000037,0.03805186
clean,naive,information,3,0.148025,0.04617256,0.09143143,0.03825512,0.1100093,0.04684428
clean,naive,information,3.5,0.1624998,0.05590056,0.1066469,0.04459335,0.1136124,0.05807743
clean,naive,information,4,0.1826508,0.06163445,0.121906,0.05099607,0.12591,0.06312239
clean,naive,information,4.5,0.1933492,0.0715249,0.1372701,0.05745547,0.1248738,0.0701226
clean,naive,information,5,0.2085158,0.07034986,0.1527164,0.06390123,0.1292077,0.06715539
clean,naive,information,5.5,0.2325045,0.0803851,0.1680756,0.07033102,0.1445246,0.08182876
clean,naive,information,6,0.2371944,0.07943292,0.1834085,0.07676431,0.1390446,0.06228217
clean,naive,information,6.5,0.2397105,0.07811394,0.1988392,0.08325403,0.1238274,0.04356349
clean,naive,information,7,0.2494115,0.08681289,0.2142447,0.08966743,0.1096956,0.06319209
clean,naive,information,7.5,0.258236,0.09519977,0.2296026,0.09601874,0.1040121,0.05620636
clean,naive,information,8,0.2715619,0.09431056,0.2449594,0.1023021,0.1060397,0.03250439
clean,naive,information,8.5,0.2781844,0.1063199,0.2603629,0.1085551,0.08936346,0.03487838
clean,naive,information,9,0.2942362,0.1110911,0.275739,0.1148781,0.0908379,0.03944976
clean,naive,information,9.5,0.30519,0.1164655,0.2911097,0.121154,0.08157926,0.02680365
clean,naive,information,10,0.3189235,0.1227769,0.3064762,0.1274624,0.07737573,0.02682674
clean,naive,information,10.5,0.3312917,0.1315685,0.3219961,0.133791,0.06907177,0.02793782
clean,naive,information,11,0.3456222,0.1383374,0.3375842,0.1401511,0.06628618,0.02550429
clean,naive,information,11.5,0.3612832,0.1450024,0.3530882,0.1465905,0.06861041,0.02727778
clean,naive,information,12,0.3773759,0.1519349,0.3685073,0.1530761,0.07479087,0.026962
clean,naive,information,12.5,0.3925179,0.1587026,0.3838192,0.1596842,0.07341167,0.03351349
clean,naive,information,13,0.4082317,0.1642089,0.3991461,0.166404,0.07375173,0.0356409
clean,naive,information,13.5,0.4219589,0.1713298,0.4144388,0.1731292,0.06842346,0.0327544
clean,naive,information,14,0.435756,0.1783868,0.429755,0.1798846,0.06373459,0.02558705
clean,naive,information,14.5,0.4510949,0.1851436,0.4450658,0.1866054,0.06525551,0.0257218
clean,naive,information,15,0.4667936,0.1919671,0.4604107,0.1932917,0.06782869,0.0296069
clean,naive,information,15.5,0.4829415,0.1976901,0.4756128,0.2000926,0.07238916,0.03038204
clean,naive,information,16,0.4967723,0.2053974,0.4908832,0.2070653,0.06719871,0.02610023
clean,naive,information,16.5,0.5122427,0.2124607,0.5061745,0.2140779,0.06906264,0.02819029
clean,naive,information,17,0.5277849,0.2193078,0.5214425,0.2211955,0.07302113,0.02367732
clean,naive,information,17.5,0.5433286,0.2261903,0.5367211,0.228168,0.07360858,0.03016585
clean,naive,information,18,0.5578248,0.2334586,0.5520066,0.2351937,0.07130912,0.02512503
clean,naive,information,18.5,0.5722184,0.2402513,0.5671719,0.2420842,0.06704503,0.02090281
clean,naive,information,19,0.5877937,0.2472706,0.58225,0.2490829,0.07225949,0.02078377
clean,naive,information,19.5,0.6027565,0.2537135,0.5974054,0.2560877,0.06958102,0.02129572
clean,naive,information,20,0.6181074,0.2604477,0.6124065,0.2631557,0.07198217,0.02262967
clean,naive,information,20.5,0.6337502,0.26747,0.6274682,0.2701977,0.07622069,0.02753198
clean,naive,information,21,0.6481487,0.2749009,0.6425254,0.2772869,0.0718552,0.02978973
clean,naive,information,21.5,0.6639143,0.2809808,0.6576311,0.2844111,0.07668585,0.02471746
clean,naive,information,22,0.6779627,0.2883938,0.6727431,0.2914709,0.06857701,0.02620204
clean,naive,information,22.5,0.69311,0.2948688,0.6877757,0.2985182,0.0688613,0.02442927
clean,naive,information,23,0.7073657,0.3031092,0.7025967,0.3055226,0.06813292,0.02688251
clean,naive,information,23.5,0.7227942,0.309976,0.7175293,0.3123682,0.07244065,0.03114013
clean,naive,information,24,0.7389511,0.3154412,0.7324976,0.3193442,0.0781171,0.03308582
clean,naive,information,24.5,0.7535025,0.3220377,0.7473068,0.3260743,0.07714285,0.03012818
clean,naive,information,25,0.7675461,0.3308381,0.7623409,0.3328747,0.07458784,0.03427427
clean,naive,information,25.5,0.7822695,0.3381488,0.7774369,0.3397128,0.07180949,0.03802625
clean,naive,information,26,0.7972796,0.3448475,0.792434,0.346529,0.07321234,0.03610742
clean,naive,information,26.5,0.8117545,0.3518951,0.8073797,0.3532034,0.07238341,0.03191482
clean,naive,information,27,0.8264252,0.3587738,0.8223072,0.3601637,0.07188443,0.02661133
clean,naive,information,27.5,0.8412593,0.3655945,0.8370956,0.3669655,0.07234502,0.02902536
clean,naive,information,28,0.8553774,0.3721831,0.8519447,0.3734856,0.06507466,0.0272112
clean,naive,information,28.5,0.8693767,0.3791973,0.8666585,0.3800166,0.05862243,0.02697672
clean,naive,information,29,0.8839314,0.3858826,0.8814882,0.3866277,0.05607934,0.02557815
clean,naive,information,29.5,0.8982271,0.3924807,0.8963318,0.3930292,0.05059506,0.02132266
clean,naive,information,30,0.9136777,0.3989303,0.9113866,0.3996237,0.05689013,0.02099689
clean,naive,information,30.5,0.9287067,0.4053078,0.9263653,0.4060606,0.05839591,0.01928031
clean,naive,information,31,0.9437817,0.4116326,0.941224,0.4126818,0.05926474,0.02265063
clean,naive,information,31.5,0.9585904,0.4177799,0.9558683,0.4190038,0.06096652,0.02343128
clean,naive,information,32,0.9735744,0.4246387,0.9706365,0.42572,0.06551686,0.02396987
clean,naive,information,32.5,0.9881877,0.4313551,0.985429,0.4322016,0.06379897,0.02674964
clean,naive,information,33,1.003975,0.4372347,1.000251,0.4387781,0.07452055,0.02567847
clean,naive,information,33.5,1.018616,0.4440591,1.014982,0.4455326,0.07353157,0.02784012
clean,naive,information,34,1.033938,0.4498684,1.030077,0.4521607,0.07368623,0.02456944
clean,naive,information,34.5,1.048447,0.4578985,1.045255,0.4590234,0.07139004,0.02526867
clean,naive,information,35,1.063294,0.464248,1.05999,0.4653268,0.07358198,0.02612963
clean,naive,information,35.5,1.078524,0.4713328,1.075378,0.472195,0.07487416,0.02048618
clean,naive,information,36,1.093282,0.4778769,1.090706,0.4784606,0.06748191,0.02388423
clean,naive,information,36.5,1.108299,0.4846331,1.106113,0.4851154,0.06271706,0.02207331
clean,naive,information,37,1.123425,0.4909805,1.121447,0.4914123,0.05947213,0.02298191
clean,naive,information,37.5,1.13853,0.4968841,1.136593,0.4976696,0.05694375,0.02107131
clean,naive,information,38,1.15331,0.5031103,1.151872,0.5038785,0.04961076,0.01125367
clean,naive,information,38.5,1.168753,0.5096536,1.167113,0.5103463,0.05344309,0.01787231
clean,naive,information,39,1.183875,0.5156493,1.182347,0.5163907,0.05109915,0.01716424
clean,naive,information,39.5,1.199187,0.5217382,1.197823,0.522194,0.05029394,0.01740085
clean,naive,information,40,1.214778,0.5280867,1.213377,0.5285512,0.05167415,0.01671036
clean,naive,information,40.5,1.230271,0.5343491,1.228893,0.5347527,0.05147318,0.01865826
clean,naive,information,41,1.245766,0.5405439,1.244404,0.5410159,0.05073461,0.01870542
clean,naive,information,41.5,1.261086,0.5465379,1.259694,0.5471101,0.0511929,0.01757366
clean,naive,information,42,1.276444,0.5528678,1.275158,0.5533742,0.04849995,0.02044129
clean,naive,information,42.5,1.291844,0.558863,1.29043,0.5594939,0.05126005,0.01922761
clean,naive,information,43,1.307147,0.5652405,1.305763,0.5657954,0.05184965,0.01875155
clean,naive,information,43.5,1.322475,0.5715685,1.321098,0.5719989,0.05234808,0.02136262
clean,naive,information,44,1.337934,0.5773693,1.336473,0.5778263,0.05425504,0.02210496
clean,naive,information,44.5,1.35368,0.5834559,1.352043,0.5839781,0.056916,0.02532861
clean,naive,information,45,1.369397,0.5898392,1.367765,0.5902379,0.05990116,0.02126495
clean,naive,information,45.5,1.385053,0.596006,1.383482,0.5963351,0.05939323,0.02174866
clean,naive,information,46,1.400696,0.6019077,1.39916,0.6022946,0.05885117,0.02036078
clean,naive,information,46.5,1.415932,0.6077437,1.414414,0.6079849,0.05962282,0.02207985
clean,naive,information,47,1.431738,0.6138771,1.430194,0.6141008,0.0595848,0.02524714
clean,naive,information,47.5,1.447357,0.6195145,1.445555,0.6201379,0.06240301,0.02477966
clean,naive,information,48,1.462958,0.6256435,1.461002,0.6263761,0.06521765,0.02504431
clean,naive,information,48.5,1.478379,0.631094,1.476549,0.6317363,0.06369522,0.02470472
clean,naive,information,49,1.493716,0.6371854,1.491927,0.6379259,0.06340422,0.02113554
clean,naive,information,49.5,1.509424,0.6433822,1.50787,0.6439493,0.0602732,0.01958185
clean,naive,information,50,1.524954,0.649061,1.523356,0.6497763,0.05934278,0.02212331
clean,naive,information,50.5,1.540566,0.655624,1.539173,0.6561131,0.05714742,0.02089348
clean,naive,information,51,1.556354,0.6614392,1.554609,0.6622823,0.06244306,0.02222568
clean,naive,information,51.5,1.573057,0.6677978,1.571232,0.6685976,0.0650037,0.02287764
clean,naive,information,52,1.588797,0.6740309,1.587041,0.6747582,0.06403467,0.02393441
clean,naive,information,52.5,1.604685,0.68044,1.603052,0.6810579,0.06267293,0.0232231
clean,naive,information,53,1.620485,0.6871153,1.618931,0.6875253,0.06250293,0.02497807
clean,naive,information,53.5,1.635822,0.693402,1.634334,0.6939027,0.0606085,0.02367168
clean,naive,information,54,1.651619,0.6996404,1.650122,0.7000676,0.06179301,0.02423576
clean,naive,information,54.5,1.668096,0.7061277,1.666575,0.7066465,0.06151883,0.02497165
clean,naive,information,55,1.684138,0.7124441,1.682586,0.7129805,0.0627099,0.02441071
clean,naive,information,55.5,1.700065,0.718877,1.698363,0.7195881,0.06424175,0.02688554
clean,naive,information,56,1.715642,0.7255463,1.71389,0.7263417,0.06550487,0.02559004
clean,naive,information,56.5,1.731325,0.732445,1.729483,0.7332975,0.06627258,0.02898993
clean,naive,information,57,1.746403,0.7388895,1.744414,0.7398891,0.06873839,0.0292563
clean,naive,information,57.5,1.761803,0.7454686,1.759895,0.7462855,0.06841758,0.03045164
clean,naive,information,58,1.777767,0.7517498,1.77565,0.7528224,0.06961366,0.03471341
clean,naive,information,58.5,1.792983,0.7581315,1.791134,0.7591697,0.06513042,0.03060706
clean,naive,information,59,1.808258,0.7644581,1.806512,0.7654486,0.06478299,0.02668635
clean,naive,information,59.5,1.824239,0.7706124,1.822388,0.7718387,0.06644281,0.02378095
clean,naive,information,60,1.839833,0.7774222,1.83808,0.7786348,0.06537411,0.02002448
clean,naive,p2b_uniform,0,0,0,0,0,0,0
clean,naive,p2b_uniform,0.5,0.0329652,0.009203608,0.01527247,0.006410404,0.02858988,0.009032506
clean,naive,p2b_uniform,1,0.06316448,0.01873036,0.03049939,0.01284283,0.05440688,0.01704557
clean,naive,p2b_uniform,1.5,0.0946875,0.02793201,0.04574116,0.01927717,0.08152644,0.02544482
clean,naive,p2b_uniform,2,0.1069754,0.033213,0.06102645,0.02565313,0.08457182,0.03227988
clean,naive,p2b_uniform,2.5,0.1337019,0.0415011,0.07624838,0.03201184,0.1057042,0.04041502
clean,naive,p2b_uniform,3,0.140127,0.05189401,0.09143153,0.03825517,0.1005153,0.04963619
clean,naive,p2b_uniform,3.5,0.1636959,0.06057324,0.106647,0.04459374,0.1175824,0.0579803
clean,naive,p2b_uniform,4,0.1755514,0.0664501,0.1219048,0.05099694,0.1175718,0.0637311
clean,naive,p2b_uniform,4.5,0.1977338,0.07471628,0.1372684,0.057457,0.1325664,0.07144641
clean,naive,p2b_uniform,5,0.2014905,0.0694466,0.1527135,0.06390524,0.1190429,0.06331051
clean,naive,p2b_uniform,5.5,0.2217787,0.07639334,0.1680712,0.0703364,0.1311158,0.06951564
clean,naive,p2b_uniform,6,0.2174492,0.07585697,0.1833986,0.07677393,0.1034192,0.05448924
clean,naive,p2b_uniform,6.5,0.235835,0.08217776,0.1988283,0.08326368,0.1123144,0.0589406
clean,naive,p2b_uniform,7,0.2455898,0.09050709,0.2142318,0.08967515,0.09943091,0.07015022
clean,naive,p2b_uniform,7.5,0.2633719,0.0968708,0.2295902,0.09602851,0.1069084,0.07524025
clean,naive,p2b_uniform,8,0.2684937,0.09988821,0.2449514,0.1023035,0.09593152,0.05048079
clean,naive,p2b_uniform,8.5,0.2854423,0.1060588,0.2603555,0.1085644,0.1022793,0.05351216
clean,naive,p2b_uniform,9,0.2916213,0.1067368,0.2757141,0.114905,0.07733858,0.03732646
clean,naive,p2b_uniform,9.5,0.3078976,0.1125727,0.2910742,0.1211791,0.08191126,0.03915066
clean,naive,p2b_uniform,10,0.3217984,0.1217161,0.3064639,0.1274995,0.07814034,0.04767138
clean,naive,p2b_uniform,10.5,0.338095,0.1277459,0.3220024,0.1338388,0.0821922,0.04976796
clean,naive,p2b_uniform,11,0.3543276,0.136043,0.3375499,0.1401887,0.08786605,0.05428733
clean,naive,p2b_uniform,11.5,0.3706296,0.1422795,0.3530511,0.1466289,0.09215992,0.0565128
clean,naive,p2b_uniform,12,0.3853453,0.150017,0.3684465,0.1531045,0.09041787,0.06218511
clean,naive,p2b_uniform,12.5,0.4014688,0.1564363,0.3837727,0.1597134,0.09461256,0.06456304
clean,naive,p2b_uniform,13,0.411808,0.1636071,0.3990485,0.1663929,0.08545804,0.04778985
clean,naive,p2b_uniform,13.5,0.4276855,0.1701656,0.414332,0.1731055,0.08915909,0.0495855
clean,naive,p2b_uniform,14,0.4414584,0.1795296,0.4297736,0.1798047,0.08600582,0.05320555
clean,naive,p2b_uniform,14.5,0.457277,0.1862245,0.4450555,0.1865282,0.08955488,0.05525285
clean,naive,p2b_uniform,15,0.4714435,0.1911455,0.4603623,0.1931711,0.0874769,0.0451168
clean,naive,p2b_uniform,15.5,0.4871497,0.1977981,0.475633,0.1998835,0.09068115,0.04676033
clean,naive,p2b_uniform,16,0.4996477,0.2060944,0.4909071,0.2068427,0.08017586,0.04514723
clean,naive,p2b_uniform,16.5,0.515328,0.2129975,0.5061698,0.2138432,0.08347033,0.0463956
clean,naive,p2b_uniform,17,0.5288176,0.2204015,0.5214456,0.2209926,0.07994426,0.03408301
clean,naive,p2b_uniform,17.5,0.5444189,0.2272865,0.5366868,0.2279916,0.08294162,0.03516796
clean,naive,p2b_uniform,18,0.5579704,0.2347142,0.5520352,0.235071,0.07382572,0.03209643
clean,naive,p2b_uniform,18.5,0.573441,0.2416327,0.5671942,0.2420714,0.07672104,0.03304785
clean,naive,p2b_uniform,19,0.5890958,0.2481188,0.5822524,0.2489951,0.07885989,0.03815977
clean,naive,p2b_uniform,19.5,0.6047183,0.2550404,0.5974234,0.2560708,0.08233624,0.03960311
clean,naive,p2b_uniform,20,0.6199159,0.2620892,0.6125279,0.2632081,0.08432038,0.03889349
clean,naive,p2b_uniform,20.5,0.635519,0.2690493,0.6276481,0.27033,0.08810545,0.04004502
clean,naive,p2b_uniform,21,0.6478099,0.277012,0.6426343,0.2774523,0.0743064,0.03121219
clean,naive,p2b_uniform,21.5,0.6632466,0.2839591,0.6576914,0.2845584,0.0776996,0.03207188
clean,naive,p2b_uniform,22,0.678593,0.2911,0.6727292,0.291499,0.08179848,0.03264072
clean,naive,p2b_uniform,22.5,0.6939543,0.2980631,0.687715,0.2985597,0.08532209,0.03339088
clean,naive,p2b_uniform,23,0.7074899,0.3049016,0.7027358,0.3054646,0.0747455,0.0288573
clean,naive,p2b_uniform,23.5,0.7227134,0.3117181,0.717666,0.3123611,0.07786427,0.02948812
clean,naive,p2b_uniform,24,0.7379379,0.3185621,0.7325753,0.3193682,0.07963085,0.03334263
clean,naive,p2b_uniform,24.5,0.7531221,0.3253448,0.7474261,0.3262441,0.08298232,0.03409555
clean,naive,p2b_uniform,25,0.7674996,0.3317487,0.7624707,0.3329549,0.07525857,0.03654101
clean,naive,p2b_uniform,25.5,0.7827458,0.3384348,0.7774047,0.3397304,0.07858765,0.0373058
clean,naive,p2b_uniform,26,0.7975536,0.3445008,0.7925526,0.3465342,0.07639317,0.02867625
clean,naive,p2b_uniform,26.5,0.8128425,0.3511565,0.8075059,0.3533256,0.07975924,0.02963029
clean,naive,p2b_uniform,27,0.8277958,0.3570489,0.8224317,0.3602848,0.07577567,0.030863
clean,naive,p2b_uniform,27.5,0.8429339,0.3636536,0.8372777,0.3670318,0.07873211,0.03178781
clean,naive,p2b_uniform,28,0.8585982,0.3691729,0.8520965,0.3737378,0.08070109,0.03822429
clean,naive,p2b_uniform,28.5,0.8737482,0.3755832,0.8668895,0.3803475,0.08395606,0.0393171
clean,naive,p2b_uniform,29,0.8874875,0.3838196,0.8816137,0.3870758,0.08233742,0.03594144
clean,naive,p2b_uniform,29.5,0.9025352,0.3903049,0.8963485,0.3937083,0.08552291,0.03670729
clean,naive,p2b_uniform,30,0.9168183,0.397613,0.9112256,0.4003081,0.08479312,0.03229731
clean,naive,p2b_uniform,30.5,0.9319769,0.4040551,0.9260333,0.4069481,0.08834376,0.03260204
clean,naive,p2b_uniform,31,0.9465718,0.4115692,0.9407822,0.413597,0.0899103,0.03632519
clean,naive,p2b_uniform,31.5,0.9617391,0.4179795,0.9555868,0.4202466,0.09333666,0.03669005
clean,naive,p2b_uniform,32,0.9761728,0.4234161,0.9705009,0.4265337,0.08616693,0.03401406
clean,naive,p2b_uniform,32.5,0.991339,0.4297122,0.9853021,0.4330973,0.08959061,0.03451261
clean,naive,p2b_uniform,33,1.005591,0.4365901,1.000187,0.4395715,0.08289199,0.03955732
clean,naive,p2b_uniform,33.5,1.020917,0.4430427,1.015188,0.4462433,0.08611072,0.04031833
clean,naive,p2b_uniform,34,1.03473,0.4501848,1.03022,0.4525887,0.08012217,0.02961687
clean,naive,p2b_uniform,34.5,1.050144,0.4565944,1.045349,0.4591611,0.08325436,0.03049222
clean,naive,p2b_uniform,35,1.063898,0.4632057,1.060085,0.4653503,0.07227081,0.03216947
clean,naive,p2b_uniform,35.5,1.079358,0.469711,1.075328,0.4719572,0.07498997,0.03325464
clean,naive,p2b_uniform,36,1.093317,0.4780351,1.090773,0.4791163,0.06503047,0.0190637
clean,naive,p2b_uniform,36.5,1.10873,0.4843524,1.106008,0.4855252,0.06771776,0.01953035
clean,naive,p2b_uniform,37,1.12293,0.4912285,1.121005,0.4918673,0.05735852,0.02134819
clean,naive,p2b_uniform,37.5,1.138259,0.4974467,1.136203,0.4981158,0.0597922,0.02219281
clean,naive,p2b_uniform,38,1.152838,0.5036163,1.151486,0.5040248,0.04983567,0.0159309
clean,naive,p2b_uniform,38.5,1.168237,0.5097474,1.16679,0.5101671,0.05229057,0.0158405
clean,naive,p2b_uniform,39,1.183571,0.5163538,1.182343,0.5167409,0.04750581,0.01678638
clean,naive,p2b_uniform,39.5,1.199013,0.52254,1.197688,0.5229277,0.04996812,0.01757003
clean,naive,p2b_uniform,40,1.214396,0.5285447,1.213068,0.5290046,0.05084129,0.01356618
clean,naive,p2b_uniform,40.5,1.229867,0.534773,1.228433,0.5352542,0.05322784,0.01460958
clean,naive,p2b_uniform,41,1.244801,0.5409244,1.243408,0.5414855,0.05186479,0.01444658
clean,naive,p2b_uniform,41.5,1.260324,0.5472067,1.258819,0.5477925,0.05444264,0.01517189
clean,naive,p2b_uniform,42,1.275728,0.5532228,1.274272,0.5539942,0.05156507,0.01598025
clean,naive,p2b_uniform,42.5,1.291316,0.5593948,1.28974,0.5602141,0.05415986,0.01659688
clean,naive,p2b_uniform,43,1.306719,0.5656548,1.305155,0.5664638,0.05460883,0.01563822
clean,naive,p2b_uniform,43.5,1.322251,0.5716027,1.320556,0.5724613,0.05746918,0.01601131
clean,naive,p2b_uniform,44,1.337212,0.5772745,1.335678,0.5782358,0.05223336,0.01831122
clean,naive,p2b_uniform,44.5,1.352814,0.5832415,1.351154,0.5842591,0.05491779,0.01897235
clean,naive,p2b_uniform,45,1.367997,0.589621,1.366584,0.5903132,0.05223192,0.01945908
clean,naive,p2b_uniform,45.5,1.383681,0.5955929,1.382166,0.5963146,0.05469878,0.02003917
clean,naive,p2b_uniform,46,1.399575,0.6020585,1.398045,0.6026781,0.0569506,0.0185994
clean,naive,p2b_uniform,46.5,1.415289,0.6080712,1.413628,0.6087348,0.05985564,0.01913096
clean,naive,p2b_uniform,47,1.43089,0.6141503,1.429292,0.614939,0.05798294,0.017434
clean,naive,p2b_uniform,47.5,1.446554,0.6201227,1.444834,0.6209535,0.06074671,0.01783785
clean,naive,p2b_uniform,48,1.461396,0.6265385,1.46001,0.6274401,0.05304029,0.01297944
clean,naive,p2b_uniform,48.5,1.477176,0.632367,1.475656,0.6333617,0.05585308,0.01351942
clean,naive,p2b_uniform,49,1.493324,0.6384396,1.491865,0.6394097,0.05427216,0.01563171
clean,naive,p2b_uniform,49.5,1.509109,0.6444447,1.507518,0.645502,0.0568948,0.0167018
clean,naive,p2b_uniform,50,1.525055,0.6506186,1.523385,0.6518502,0.05618415,0.02075356
clean,naive,p2b_uniform,50.5,1.540994,0.656626,1.53919,0.6579431,0.05865366,0.02223842
clean,naive,p2b_uniform,51,1.556921,0.6618233,1.554912,0.6634996,0.05957435,0.02490992
clean,naive,p2b_uniform,51.5,1.572922,0.6679311,1.570767,0.6697031,0.06220473,0.02619643
clean,naive,p2b_uniform,52,1.588655,0.6744307,1.58697,0.6756643,0.05760087,0.0218105
clean,naive,p2b_uniform,52.5,1.604612,0.6807292,1.602802,0.6820302,0.06028386,0.02262148
clean,naive,p2b_uniform,53,1.620089,0.687231,1.618682,0.68815,0.05454342,0.02009374
clean,naive,p2b_uniform,53.5,1.636003,0.6934903,1.634499,0.6944639,0.05676955,0.02084804
clean,naive,p2b_uniform,54,1.651655,0.6999205,1.649943,0.7012541,0.05817255,0.02272065
clean,naive,p2b_uniform,54.5,1.667561,0.7061168,1.665724,0.7075409,0.06054417,0.02399754
clean,naive,p2b_uniform,55,1.683443,0.7120834,1.681597,0.713704,0.05946699,0.02253226
clean,naive,p2b_uniform,55.5,1.699322,0.7182905,1.697344,0.7200083,0.06195623,0.02371177
clean,naive,p2b_uniform,56,1.715366,0.7243201,1.713513,0.7258616,0.06096333,0.02326636
clean,naive,p2b_uniform,56.5,1.731117,0.7306839,1.729129,0.7323147,0.06359278,0.02442392
clean,naive,p2b_uniform,57,1.746035,0.7376698,1.744181,0.739178,0.0621322,0.02282013
clean,naive,p2b_uniform,57.5,1.761754,0.7441836,1.759752,0.745803,0.06493716,0.02379178
clean,naive,p2b_uniform,58,1.777703,0.7506944,1.775751,0.752295,0.06377125,0.0248189
clean,naive,p2b_uniform,58.5,1.793456,0.7572551,1.791351,0.7589702,0.06675452,0.02558826
clean,naive,p2b_uniform,59,1.808808,0.7639081,1.807067,0.7652814,0.06218121,0.02135057
clean,naive,p2b_uniform,59.5,1.824666,0.7704459,1.822799,0.7719157,0.06469767,0.02222676
clean,naive,p2b_uniform,60,1.839821,0.7778532,1.838285,0.7785955,0.0630322,0.02466189
loss30,naive,cyclic,0,0,0,0,0,0,0
loss30,naive,cyclic,0.5,0.03272234,0.009049198,0.01527247,0.006410403,0.02831973,0.008840787
loss30,naive,cyclic,1,0.06540279,0.01933945,0.03049938,0.01284285,0.05652691,0.01921192
loss30,naive,cyclic,1.5,0.09473141,0.02620759,0.04574115,0.01927719,0.0804725,0.02724991
loss30,naive,cyclic,2,0.1207827,0.03369986,0.06102651,0.025653,0.1004011,0.03609296
loss30,naive,cyclic,2.5,0.1427587,0.03795009,0.0762483,0.0320117,0.1161364,0.03938015
loss30,naive,cyclic,3,0.1608417,0.04445315,0.09143174,0.03825519,0.1258506,0.04767105
loss30,naive,cyclic,3.5,0.1835648,0.05011169,0.1066475,0.04459438,0.1417816,0.05347623
loss30,naive,cyclic,4,0.1917257,0.06858173,0.1219047,0.05099854,0.13928,0.06879839
loss30,naive,cyclic,4.5,0.2006489,0.07283496,0.1372694,0.05745788,0.1388408,0.06524184
loss30,naive,cyclic,5,0.2146511,0.07505166,0.152715,0.06390537,0.144135,0.06026017
loss30,naive,cyclic,5.5,0.2324758,0.07927862,0.1680707,0.07033571,0.1516717,0.06540581
loss30,naive,cyclic,6,0.2481747,0.08358771,0.1834023,0.07677104,0.1565085,0.06880796
loss30,naive,cyclic,6.5,0.2594755,0.09968847,0.1988322,0.08326049,0.1530015,0.08729292
loss30,naive,cyclic,7,0.2646122,0.0981265,0.2142392,0.0896727,0.1380187,0.08322594
loss30,naive,cyclic,7.5,0.2781269,0.1011459,0.2295913,0.0960241,0.1369192,0.08494514
loss30,naive,cyclic,8,0.2859496,0.09879109,0.2449492,0.1023018,0.1310575,0.06423909
loss30,naive,cyclic,8.5,0.3000814,0.1031597,0.2603536,0.1085619,0.1300305,0.06704554
loss30,naive,cyclic,9,0.3067376,0.1102755,0.2757214,0.1148801,0.1139299,0.06570022
loss30,naive,cyclic,9.5,0.316791,0.1170907,0.2910894,0.1211636,0.1080337,0.0564786
loss30,naive,cyclic,10,0.3281832,0.1215192,0.3064444,0.1274807,0.104721,0.03865309
loss30,naive,cyclic,10.5,0.343275,0.1274437,0.3219549,0.1338241,0.1052375,0.04005514
loss30,naive,cyclic,11,0.355894,0.1333565,0.3375211,0.1401839,0.09721727,0.03992943
loss30,naive,cyclic,11.5,0.3709044,0.1388295,0.3530368,0.1466187,0.09801474,0.03577612
loss30,naive,cyclic,12,0.3844792,0.1445922,0.368446,0.1531297,0.09301292,0.03253634
loss30,naive,cyclic,12.5,0.4002082,0.1503683,0.3838011,0.1597148,0.09491395,0.03404921
loss30,naive,cyclic,13,0.4107572,0.160801,0.3991138,0.1663896,0.08417787,0.0252698
loss30,naive,cyclic,13.5,0.4262522,0.168733,0.4143955,0.1731503,0.0852107,0.03658845
loss30,naive,cyclic,14,0.4403588,0.1763348,0.4296913,0.1798588,0.08317071,0.03511559
loss30,naive,cyclic,14.5,0.4555287,0.1824141,0.4449917,0.1866834,0.08360166,0.03248624
loss30,naive,cyclic,15,0.4700994,0.1900201,0.4602341,0.193398,0.08293779,0.03354386
loss30,naive,cyclic,15.5,0.4851013,0.1959536,0.4754877,0.2001231,0.08106654,0.03393698
loss30,naive,cyclic,16,0.4992217,0.2029057,0.4907934,0.2070497,0.07633789,0.03082693
loss30,naive,cyclic,16.5,0.5148602,0.210758,0.5060622,0.2139836,0.08022495,0.03619431
loss30,naive,cyclic,17,0.5302389,0.2169773,0.5213636,0.2209971,0.08099236,0.03404375
loss30,naive,cyclic,17.5,0.5461751,0.2248915,0.5366367,0.2279682,0.08717533,0.03845826
loss30,naive,cyclic,18,0.5594828,0.2321425,0.5518137,0.2348944,0.07910891,0.03314119
loss30,naive,cyclic,18.5,0.5732118,0.2391312,0.5669605,0.2417472,0.072712,0.02606622
loss30,naive,cyclic,19,0.5877665,0.2463314,0.5821713,0.2487103,0.07111888,0.01971966
loss30,naive,cyclic,19.5,0.6035687,0.253577,0.5973125,0.2556999,0.07694673,0.02438989
loss30,naive,cyclic,20,0.6195299,0.2595886,0.612484,0.2627463,0.07911458,0.0299927
loss30,naive,cyclic,20.5,0.6347928,0.266021,0.627588,0.2697283,0.07769505,0.03511943
loss30,naive,cyclic,21,0.6502355,0.2723247,0.6428283,0.2767945,0.08148244,0.02527486
loss30,naive,cyclic,21.5,0.6661948,0.2782957,0.6579504,0.2839006,0.08416926,0.02971718
loss30,naive,cyclic,22,0.6800106,0.2868929,0.672982,0.2908242,0.08190774,0.0260189
loss30,naive,cyclic,22.5,0.6950775,0.2940344,0.6880124,0.2979154,0.08300736,0.0271241
loss30,naive,cyclic,23,0.7096928,0.301628,0.7029108,0.3049379,0.08168479,0.03245448
loss30,naive,cyclic,23.5,0.7238786,0.3100266,0.717845,0.3118399,0.08119923,0.03299483
loss30,naive,cyclic,24,0.7387558,0.3163758,0.7327982,0.3186411,0.0795548,0.03358238
loss30,naive,cyclic,24.5,0.7528354,0.3238276,0.7477065,0.325503,0.07557558,0.03163759
loss30,naive,cyclic,25,0.7686291,0.3297276,0.7627321,0.332215,0.08119317,0.03033045
loss30,naive,cyclic,25.5,0.7836759,0.3358295,0.7776117,0.338938,0.08041585,0.03258432
loss30,naive,cyclic,26,0.7978866,0.3430326,0.7924571,0.3457016,0.07678075,0.03233517
loss30,naive,cyclic,26.5,0.8125715,0.3496698,0.8074897,0.352509,0.07364542,0.03103914
loss30,naive,cyclic,27,0.8278454,0.3566367,0.8224619,0.359625,0.07679299,0.03168632
loss30,naive,cyclic,27.5,0.8425832,0.3642194,0.8373765,0.3662126,0.0806426,0.03010193
loss30,naive,cyclic,28,0.8576467,0.371244,0.8523034,0.3730422,0.08429986,0.02826487
loss30,naive,cyclic,28.5,0.8725223,0.3772085,0.8671344,0.3793773,0.08420006,0.02761643
loss30,naive,cyclic,29,0.8870758,0.3843506,0.8817924,0.3860648,0.08516753,0.02969292
loss30,naive,cyclic,29.5,0.9020713,0.3907835,0.8964402,0.3926183,0.08886016,0.03019253
loss30,naive,cyclic,30,0.9160993,0.3979463,0.9111727,0.3994567,0.08239421,0.03354918
loss30,naive,cyclic,30.5,0.9302172,0.4054991,0.9261252,0.4058877,0.07722659,0.03745362
loss30,naive,cyclic,31,0.9451534,0.4121288,0.9410388,0.4124232,0.0806852,0.03276911
loss30,naive,cyclic,31.5,0.9596063,0.4188866,0.9556535,0.419123,0.07964339,0.03307743
loss30,naive,cyclic,32,0.9747046,0.4246548,0.9705612,0.4254266,0.0787479,0.03606305
loss30,naive,cyclic,32.5,0.9891628,0.4316081,0.9853017,0.4319291,0.07998885,0.03182247
loss30,naive,cyclic,33,1.004032,0.4380878,1.000263,0.4384989,0.08010215,0.0289146
loss30,naive,cyclic,33.5,1.019319,0.4447219,1.015255,0.4452959,0.0825107,0.03203476
loss30,naive,cyclic,34,1.03435,0.4511848,1.030371,0.4518155,0.08333167,0.02772102
loss30,naive,cyclic,34.5,1.049695,0.4574302,1.04536,0.4581879,0.08560882,0.03392807
loss30,naive,cyclic,35,1.064655,0.4635427,1.060599,0.4644636,0.0831279,0.03072817
loss30,naive,cyclic,35.5,1.079632,0.470447,1.075953,0.4715528,0.08034775,0.02262223
loss30,naive,cyclic,36,1.094104,0.4775764,1.091191,0.4780152,0.07270424,0.02675682
loss30,naive,cyclic,36.5,1.109286,0.4839199,1.106493,0.4844062,0.07031161,0.02898005
loss30,naive,cyclic,37,1.124106,0.4899509,1.121792,0.490598,0.06341181,0.02456932
loss30,naive,cyclic,37.5,1.139374,0.4960747,1.137051,0.4966121,0.06485778,0.02459574
loss30,naive,cyclic,38,1.154625,0.5021459,1.152317,0.5027167,0.06516265,0.02369658
loss30,naive,cyclic,38.5,1.170059,0.5085985,1.167777,0.5091671,0.06578241,0.02191963
loss30,naive,cyclic,39,1.185009,0.5148057,1.183085,0.5152849,0.06064221,0.02080746
loss30,naive,cyclic,39.5,1.200148,0.5203961,1.198236,0.521104,0.0585651,0.02187346
loss30,naive,cyclic,40,1.21551,0.5265453,1.213624,0.5273584,0.05824553,0.01979961
loss30,naive,cyclic,40.5,1.230935,0.532925,1.228944,0.533759,0.06060859,0.01992177
loss30,naive,cyclic,41,1.246412,0.5393121,1.244355,0.5401773,0.06125691,0.02262187
loss30,naive,cyclic,41.5,1.261592,0.5456695,1.259589,0.5463383,0.0624334,0.02195292
loss30,naive,cyclic,42,1.277085,0.5517996,1.275002,0.5526083,0.06401603,0.01970739
loss30,naive,cyclic,42.5,1.291952,0.5582914,1.290141,0.5588872,0.06128313,0.01746356
loss30,naive,cyclic,43,1.307433,0.5642844,1.305484,0.5648989,0.06332753,0.02110457
loss30,naive,cyclic,43.5,1.322843,0.5704147,1.320916,0.5710262,0.06273927,0.02282996
loss30,naive,cyclic,44,1.338291,0.5763736,1.33626,0.5770689,0.0650925,0.02140073
loss30,naive,cyclic,44.5,1.354298,0.5820356,1.352417,0.5828083,0.06221966,0.01958806
loss30,naive,cyclic,45,1.369851,0.5881184,1.368026,0.5887174,0.06271981,0.02036168
loss30,naive,cyclic,45.5,1.385044,0.5938649,1.383124,0.5945344,0.06412146,0.02171139
loss30,naive,cyclic,46,1.40099,0.6001227,1.398858,0.6008343,0.06804134,0.02355782
loss30,naive,cyclic,46.5,1.416582,0.6061998,1.414456,0.6068296,0.06893279,0.02386674
loss30,naive,cyclic,47,1.43206,0.612337,1.430093,0.6127578,0.06714695,0.02580855
loss30,naive,cyclic,47.5,1.447712,0.6188884,1.445686,0.6193384,0.06827809,0.02652202
loss30,naive,cyclic,48,1.46253,0.6247696,1.460629,0.6253683,0.06552713,0.02410582
loss30,naive,cyclic,48.5,1.478125,0.6304921,1.476277,0.6310409,0.0643432,0.02640836
loss30,naive,cyclic,49,1.494093,0.6362867,1.491926,0.6372781,0.0670957,0.02846401
loss30,naive,cyclic,49.5,1.509479,0.6424978,1.507424,0.6431386,0.06937234,0.02520076
loss30,naive,cyclic,50,1.525175,0.6480095,1.522895,0.6488463,0.07187131,0.02815941
loss30,naive,cyclic,50.5,1.541099,0.6545426,1.538942,0.6553804,0.06923276,0.02913008
loss30,naive,cyclic,51,1.556519,0.660898,1.554799,0.6613989,0.06415889,0.02524664
loss30,naive,cyclic,51.5,1.572138,0.6671421,1.570403,0.6678359,0.06420256,0.02175808
loss30,naive,cyclic,52,1.587936,0.6729352,1.585896,0.6739863,0.06863093,0.02103118
loss30,naive,cyclic,52.5,1.603882,0.6792304,1.601872,0.6802361,0.06840073,0.02211891
loss30,naive,cyclic,53,1.619925,0.6854086,1.617978,0.686479,0.06693515,0.02129417
loss30,naive,cyclic,53.5,1.635233,0.6914138,1.633539,0.6923924,0.06273937,0.01820073
loss30,naive,cyclic,54,1.651423,0.69765,1.649483,0.6989833,0.06413542,0.02341941
loss30,naive,cyclic,54.5,1.667532,0.703997,1.66553,0.7054391,0.06375985,0.02671275
loss30,naive,cyclic,55,1.683283,0.7101007,1.681135,0.7116764,0.06637597,0.02705344
loss30,naive,cyclic,55.5,1.699009,0.7156063,1.696521,0.7176946,0.06851996,0.03090353
loss30,naive,cyclic,56,1.714843,0.7220739,1.712397,0.723988,0.07002909,0.02990611
loss30,naive,cyclic,56.5,1.730658,0.7291028,1.728245,0.730848,0.07112593,0.03015243
loss30,naive,cyclic,57,1.74652,0.7358786,1.744128,0.7376552,0.07074667,0.03000643
loss30,naive,cyclic,57.5,1.762386,0.7425628,1.759835,0.7443614,0.07350986,0.03309101
loss30,naive,cyclic,58,1.778032,0.7491685,1.775756,0.7506725,0.07157302,0.02941756
loss30,naive,cyclic,58.5,1.79387,0.7558033,1.791438,0.7573127,0.07542469,0.0301274
loss30,naive,cyclic,59,1.809123,0.7622837,1.806651,0.7639236,0.07581706,0.02925255
loss30,naive,cyclic,59.5,1.824907,0.7687069,1.822304,0.7705735,0.07716184,0.02919519
loss30,naive,cyclic,60,1.840802,0.7753275,1.838067,0.7772838,0.07927197,0.0306902
loss30,naive,information,0,0,0,0,0,0,0
loss30,naive,information,0.5,0.03236969,0.009180458,0.01527247,0.006410404,0.02792117,0.008943361
loss30,naive,information,1,0.06384204,0.01620791,0.03049938,0.01284286,0.05488598,0.01542357
loss30,naive,information,1.5,0.09195344,0.0250615,0.04574114,0.01927721,0.07784285,0.02400259
loss30,naive,information,2,0.1119647,0.03325967,0.06102638,0.02565305,0.0903336,0.03367703
loss30,naive,information,2.5,0.1314269,0.04384675,0.07624832,0.03201165,0.1014353,0.04614646
loss30,naive,information,3,0.1454995,0.04740194,0.0914317,0.03825474,0.1074391,0.04601518
loss30,naive,information,3.5,0.1660509,0.05434977,0.1066472,0.04459282,0.1208054,0.0515287
loss30,naive,information,4,0.1853605,0.06142382,0.1219055,0.05099631,0.1323743,0.0570158
loss30,naive,information,4.5,0.1997386,0.06842247,0.137269,0.05745559,0.135645,0.06460115
loss30,naive,information,5,0.2123411,0.0678465,0.1527156,0.06390324,0.1381675,0.05776518
loss30,naive,information,5.5,0.2371579,0.08050304,0.1680729,0.07033407,0.1554329,0.07464425
loss30,naive,information,6,0.241547,0.08334886,0.1834035,0.07676928,0.1455093,0.06909942
loss30,naive,information,6.5,0.2534333,0.07953512,0.1988347,0.08325826,0.1449903,0.05707961
loss30,naive,information,7,0.2741202,0.08733106,0.2142418,0.08967164,0.1536503,0.07427077
loss30,naive,information,7.5,0.2865865,0.09078074,0.2295978,0.09602511,0.1533622,0.07230091
loss30,naive,information,8,0.2883142,0.09108567,0.2449498,0.102304,0.1328707,0.05990338
loss30,naive,information,8.5,0.302011,0.1013862,0.2603582,0.1085634,0.1364202,0.05966793
loss30,naive,information,9,0.3065588,0.106635,0.275718,0.1148877,0.112542,0.06117605
loss30,naive,information,9.5,0.3167551,0.1122473,0.291083,0.1211707,0.1077764,0.0459977
loss30,naive,information,10,0.3290911,0.1179735,0.3064383,0.1274842,0.1029361,0.04081931
loss30,naive,information,10.5,0.3393233,0.1260903,0.321966,0.1338164,0.09329587,0.03020031
loss30,naive,information,11,0.3517449,0.1333783,0.3375268,0.1401772,0.08610635,0.02552488
loss30,naive,information,11.5,0.3658436,0.1428178,0.3530075,0.1466036,0.08461373,0.03287727
loss30,naive,information,12,0.3822856,0.1500162,0.3684019,0.1531071,0.09334994,0.02934388
loss30,naive,information,12.5,0.3971245,0.155666,0.3837091,0.159715,0.09344062,0.02364083
loss30,naive,information,13,0.4100497,0.1630936,0.3990193,0.1663598,0.08559727,0.02460736
loss30,naive,information,13.5,0.4262206,0.1688729,0.4142819,0.1730787,0.08950727,0.02629218
loss30,naive,information,14,0.44198,0.1741155,0.4295844,0.1798169,0.08915807,0.03141112
loss30,naive,information,14.5,0.4580585,0.1803008,0.4448474,0.186594,0.09132984,0.03830257
loss30,naive,information,15,0.4719781,0.1859579,0.4601508,0.193315,0.08387095,0.03754946
loss30,naive,information,15.5,0.4880258,0.1921684,0.4754025,0.2000293,0.08993596,0.0347064
loss30,naive,information,16,0.5027726,0.1992757,0.4907378,0.2069947,0.08867933,0.03423639
loss30,naive,information,16.5,0.5182302,0.2060765,0.5060419,0.2139349,0.08963461,0.03719279
loss30,naive,information,17,0.5332805,0.2131803,0.5212707,0.2210039,0.08895954,0.04005304
loss30,naive,information,17.5,0.5477267,0.219888,0.5365083,0.227942,0.08532811,0.03915011
loss30,naive,information,18,0.5642691,0.2268372,0.551717,0.2349328,0.09544644,0.03764944
loss30,naive,information,18.5,0.5783257,0.2350166,0.5667925,0.241766,0.09251303,0.04092469
loss30,naive,information,19,0.592338,0.2436999,0.5819165,0.248833,0.09232568,0.03715868
loss30,naive,information,19.5,0.6070048,0.2513299,0.5969499,0.255831,0.09093787,0.04189404
loss30,naive,information,20,0.623021,0.257552,0.6120397,0.2628088,0.09417717,0.04695377
loss30,naive,information,20.5,0.6374896,0.2646675,0.6270678,0.2699144,0.09211069,0.04622456
loss30,naive,information,21,0.6524726,0.2716911,0.6421514,0.2771212,0.09248781,0.04561814
loss30,naive,information,21.5,0.6681192,0.2782094,0.6572248,0.2842488,0.09740988,0.04258906
loss30,naive,information,22,0.6813421,0.2864118,0.6722231,0.2912984,0.09281853,0.03318111
loss30,naive,information,22.5,0.6959168,0.2936112,0.6871796,0.2984016,0.09154036,0.03261528
loss30,naive,information,23,0.7095027,0.302654,0.7019897,0.3054623,0.08883072,0.03389221
loss30,naive,information,23.5,0.7234182,0.3106743,0.7170061,0.3123384,0.08445737,0.03430869
loss30,naive,information,24,0.7384209,0.3169821,0.731806,0.3191643,0.08398745,0.03773576
loss30,naive,information,24.5,0.7525287,0.324155,0.7465755,0.3260998,0.08022449,0.03680953
loss30,naive,information,25,0.7675069,0.3307757,0.7615761,0.3329143,0.08138205,0.03398384
loss30,naive,information,25.5,0.7825559,0.3368916,0.7765322,0.339577,0.08249605,0.03008976
loss30,naive,information,26,0.7973213,0.3445862,0.7914857,0.3462835,0.08620916,0.02763728
loss30,naive,information,26.5,0.8122294,0.3514672,0.8064745,0.3531398,0.08517108,0.03148482
loss30,naive,information,27,0.8267552,0.3588155,0.8214929,0.3598874,0.08309925,0.03302539
loss30,naive,information,27.5,0.8422339,0.3653442,0.8364966,0.3666998,0.08664418,0.03526612
loss30,naive,information,28,0.8572559,0.3715681,0.8512909,0.3733259,0.0880996,0.03533223
loss30,naive,information,28.5,0.8715089,0.3786606,0.8662401,0.3798694,0.08381716,0.03641054
loss30,naive,information,29,0.8863802,0.3853854,0.8810966,0.3865127,0.08539941,0.03582186
loss30,naive,information,29.5,0.9009927,0.3916723,0.8959106,0.3929248,0.0822679,0.03880307
loss30,naive,information,30,0.9156549,0.3984083,0.9107389,0.3992484,0.082441,0.04033378
loss30,naive,information,30.5,0.9306333,0.4050081,0.9258715,0.4057272,0.08112864,0.04235927
loss30,naive,information,31,0.9461987,0.4129638,0.9408278,0.4126736,0.08766338,0.05309113
loss30,naive,information,31.5,0.9605532,0.4195226,0.9555705,0.4192463,0.08519517,0.05139491
loss30,naive,information,32,0.9758338,0.4250103,0.9703056,0.4257403,0.0876501,0.05115703
loss30,naive,information,32.5,0.9897921,0.4311895,0.9851327,0.432053,0.08170228,0.04375398
loss30,naive,information,33,1.004671,0.4378107,1.000075,0.4385196,0.08448102,0.03955124
loss30,naive,information,33.5,1.018923,0.4433117,1.014642,0.4446499,0.08168371,0.03084753
loss30,naive,information,34,1.033145,0.449584,1.029428,0.4511217,0.07612998,0.02416857
loss30,naive,information,34.5,1.04735,0.4562059,1.044459,0.4573601,0.06685854,0.02463364
loss30,naive,information,35,1.062158,0.4636578,1.059794,0.463907,0.06516792,0.0240718
loss30,naive,information,35.5,1.078477,0.4701931,1.07545,0.4706929,0.07336758,0.02698243
loss30,naive,information,36,1.093814,0.4765172,1.090807,0.4770477,0.07346072,0.02701034
loss30,naive,information,36.5,1.109055,0.48322,1.105973,0.4835877,0.076404,0.02619297
loss30,naive,information,37,1.123532,0.4898185,1.120876,0.489965,0.07159597,0.0271396
loss30,naive,information,37.5,1.13915,0.4961362,1.136338,0.4962765,0.07346411,0.03028536
loss30,naive,information,38,1.154187,0.5020818,1.151565,0.5024221,0.07119604,0.02617839
loss30,naive,information,38.5,1.169124,0.5084694,1.166712,0.5086557,0.06764972,0.03041634
loss30,naive,information,39,1.184391,0.5146875,1.181991,0.5148924,0.06822352,0.02946451
loss30,naive,information,39.5,1.199649,0.5206639,1.19742,0.520911,0.06645724,0.02681335
loss30,naive,information,40,1.214999,0.5265325,1.212859,0.5270338,0.06368847,0.02591908
loss30,naive,information,40.5,1.230533,0.5331166,1.22855,0.5333999,0.06094652,0.03036362
loss30,naive,information,41,1.24637,0.5391687,1.244149,0.5397674,0.06360113,0.03028484
loss30,naive,information,41.5,1.261583,0.5451478,1.259461,0.5459186,0.06301013,0.02471081
loss30,naive,information,42,1.276769,0.5519109,1.274774,0.5522701,0.06446487,0.02425301
loss30,naive,information,42.5,1.291916,0.5577577,1.290005,0.5581046,0.06320408,0.02452778
loss30,naive,information,43,1.307406,0.5639759,1.305371,0.5643078,0.0651347,0.02750837
loss30,naive,information,43.5,1.322823,0.5702869,1.320835,0.5704882,0.06490993,0.02945215
loss30,naive,information,44,1.338541,0.5759724,1.336444,0.5762425,0.0672607,0.02881975
loss30,naive,information,44.5,1.354167,0.5816975,1.352065,0.5820723,0.06867355,0.02420199
loss30,naive,information,45,1.36992,0.5876715,1.367708,0.5880139,0.07013464,0.02822093
loss30,naive,information,45.5,1.385517,0.5935784,1.38334,0.5941453,0.06902738,0.02564305
loss30,naive,information,46,1.400938,0.5997502,1.398965,0.6000155,0.06602717,0.03012305
loss30,naive,information,46.5,1.416345,0.6053678,1.414529,0.605657,0.06339034,0.02881315
loss30,naive,information,47,1.432072,0.6112152,1.430172,0.6116169,0.06561363,0.02645918
loss30,naive,information,47.5,1.447535,0.6172531,1.445458,0.6177857,0.06854131,0.02683758
loss30,naive,information,48,1.462446,0.6236898,1.460754,0.6241275,0.06174705,0.02544761
loss30,naive,information,48.5,1.478047,0.6294823,1.476378,0.6298603,0.06034306,0.02968807
loss30,naive,information,49,1.493848,0.6354459,1.492075,0.6359687,0.06176661,0.02987263
loss30,naive,information,49.5,1.509263,0.6419533,1.507682,0.6423361,0.05993203,0.02740569
loss30,naive,information,50,1.525103,0.6479635,1.523289,0.6483086,0.066081,0.02789178
loss30,naive,information,50.5,1.54044,0.6539668,1.538729,0.6542871,0.0644435,0.02752389
loss30,naive,information,51,1.556414,0.6603238,1.554347,0.6608095,0.07024991,0.03051898
loss30,naive,information,51.5,1.573122,0.6666972,1.570693,0.6672939,0.07546378,0.03529196
loss30,naive,information,52,1.588877,0.6723802,1.586138,0.6734323,0.07845996,0.03548504
loss30,naive,information,52.5,1.60486,0.6787111,1.602165,0.6798572,0.07840004,0.03275333
loss30,naive,information,53,1.620297,0.6851418,1.617847,0.6864021,0.07303711,0.03170685
loss30,naive,information,53.5,1.636111,0.6916384,1.633331,0.693079,0.0783296,0.03335911
loss30,naive,information,54,1.651953,0.6981211,1.649151,0.699769,0.077836,0.03249598
loss30,naive,information,54.5,1.667896,0.7048495,1.66499,0.7065542,0.07994868,0.03254924
loss30,naive,information,55,1.683663,0.710595,1.680557,0.7124923,0.08161781,0.0359006
loss30,naive,information,55.5,1.699225,0.7172448,1.696497,0.7186401,0.07881475,0.03475793
loss30,naive,information,56,1.714898,0.7234669,1.712157,0.7246971,0.07963772,0.03785279
loss30,naive,information,56.5,1.730414,0.7302555,1.727817,0.7313707,0.07974703,0.03362755
loss30,naive,information,57,1.74526,0.7366266,1.742956,0.7376112,0.07673882,0.02843256
loss30,naive,information,57.5,1.760649,0.7429684,1.758577,0.7437204,0.07550373,0.02366371
loss30,naive,information,58,1.776596,0.7495225,1.774587,0.750311,0.07235162,0.02861562
loss30,naive,information,58.5,1.792299,0.7560842,1.790357,0.7569916,0.06965376,0.02906964
loss30,naive,information,59,1.807999,0.7628575,1.806047,0.7638305,0.07092993,0.02540896
loss30,naive,information,59.5,1.823809,0.7689386,1.821698,0.7700453,0.07298286,0.02813541
loss30,naive,information,60,1.839682,0.7756971,1.837422,0.7768947,0.07649692,0.02699284
loss30,naive,p2b_uniform,0,0,0,0,0,0,0
loss30,naive,p2b_uniform,0.5,0.0329652,0.009203608,0.01527247,0.006410404,0.02858988,0.009032506
loss30,naive,p2b_uniform,1,0.06429514,0.01790047,0.03049938,0.01284284,0.05573298,0.01606573
loss30,naive,p2b_uniform,1.5,0.09637801,0.02673162,0.04574114,0.01927719,0.08351487,0.02400781
loss30,naive,p2b_uniform,2,0.111122,0.03320038,0.0610265,0.02565301,0.09005586,0.03138527
loss30,naive,p2b_uniform,2.5,0.1388929,0.04140321,0.07624845,0.03201166,0.1125638,0.0392268
loss30,naive,p2b_uniform,3,0.1512681,0.04690425,0.09143155,0.03825531,0.1152965,0.04505823
loss30,naive,p2b_uniform,3.5,0.1766213,0.05479028,0.1066471,0.04459393,0.1347101,0.05268946
loss30,naive,p2b_uniform,4,0.1848221,0.06432532,0.1219052,0.0509973,0.1318,0.05971218
loss30,naive,p2b_uniform,4.5,0.2081658,0.07228413,0.1372688,0.05745746,0.1485346,0.06692633
loss30,naive,p2b_uniform,5,0.2179268,0.06945591,0.1527146,0.06390681,0.1465211,0.05986795
loss30,naive,p2b_uniform,5.5,0.2399072,0.07632769,0.1680726,0.07033832,0.1613451,0.06576973
loss30,naive,p2b_uniform,6,0.2333359,0.07745589,0.1834007,0.07677396,0.1310073,0.06280138
loss30,naive,p2b_uniform,6.5,0.253089,0.08388793,0.1988307,0.08326375,0.1422097,0.06802404
loss30,naive,p2b_uniform,7,0.2571644,0.09094382,0.2142342,0.08967607,0.1183899,0.08232554
loss30,naive,p2b_uniform,7.5,0.2757184,0.09740239,0.2295931,0.09602967,0.1270363,0.08838706
loss30,naive,p2b_uniform,8,0.280306,0.09703399,0.2449485,0.102305,0.1138892,0.06960563
loss30,naive,p2b_uniform,8.5,0.29798,0.1030393,0.2603525,0.108566,0.1212304,0.07399025
loss30,naive,p2b_uniform,9,0.3019201,0.1019914,0.2757181,0.1148995,0.1008306,0.04929811
loss30,naive,p2b_uniform,9.5,0.3188533,0.1075159,0.2910791,0.1211729,0.1067652,0.05205838
loss30,naive,p2b_uniform,10,0.3253399,0.1185754,0.3064536,0.1274836,0.08912078,0.04480823
loss30,naive,p2b_uniform,10.5,0.341898,0.1244857,0.3219917,0.1338216,0.09394017,0.04701474
loss30,naive,p2b_uniform,11,0.3566821,0.1354454,0.3375569,0.1401865,0.09267962,0.06023168
loss30,naive,p2b_uniform,11.5,0.3731194,0.1417331,0.3530585,0.1466273,0.09729097,0.06292407
loss30,naive,p2b_uniform,12,0.3915401,0.1490174,0.368445,0.1531259,0.1056054,0.07412741
loss30,naive,p2b_uniform,12.5,0.407917,0.1554359,0.3837708,0.1597363,0.1102927,0.07721618
loss30,naive,p2b_uniform,13,0.4173782,0.1654816,0.3990854,0.1663995,0.1040948,0.06333099
loss30,naive,p2b_uniform,13.5,0.4334716,0.1721566,0.4143707,0.1731121,0.1083407,0.06604198
loss30,naive,p2b_uniform,14,0.4472068,0.1829291,0.4297375,0.1798517,0.1031353,0.07775331
loss30,naive,p2b_uniform,14.5,0.4632496,0.1897645,0.4450176,0.186575,0.1071063,0.08096849
loss30,naive,p2b_uniform,15,0.4773627,0.1926511,0.4603264,0.1932821,0.1076682,0.06610172
loss30,naive,p2b_uniform,15.5,0.4933076,0.1993205,0.4755962,0.1999984,0.1115444,0.0685284
loss30,naive,p2b_uniform,16,0.5076119,0.2075351,0.4908852,0.206915,0.1110141,0.06974836
loss30,naive,p2b_uniform,16.5,0.5236419,0.2144151,0.5061437,0.213913,0.1154161,0.07183895
loss30,naive,p2b_uniform,17,0.5339648,0.2201289,0.5214316,0.2210102,0.1003641,0.05414545
loss30,naive,p2b_uniform,17.5,0.549715,0.2269522,0.5366722,0.2280042,0.1038283,0.05557872
loss30,naive,p2b_uniform,18,0.5635912,0.2328095,0.552056,0.2350939,0.09636341,0.05198981
loss30,naive,p2b_uniform,18.5,0.5792403,0.239605,0.5672175,0.2420913,0.09969038,0.05338688
loss30,naive,p2b_uniform,19,0.5942912,0.2455873,0.5822731,0.2491536,0.09948286,0.05198185
loss30,naive,p2b_uniform,19.5,0.6100641,0.2523684,0.5974466,0.2562345,0.1030373,0.05381318
loss30,naive,p2b_uniform,20,0.6242492,0.258909,0.6126187,0.2633723,0.1013112,0.04480209
loss30,naive,p2b_uniform,20.5,0.640001,0.2657037,0.6277377,0.2705004,0.1052729,0.04612192
loss30,naive,p2b_uniform,21,0.6513997,0.2737883,0.6426688,0.2776526,0.08683955,0.04270948
loss30,naive,p2b_uniform,21.5,0.6669867,0.2806025,0.6577254,0.2847671,0.09044336,0.04414915
loss30,naive,p2b_uniform,22,0.68044,0.2891585,0.6727945,0.2916571,0.08734118,0.03754303
loss30,naive,p2b_uniform,22.5,0.6958667,0.2960495,0.6877838,0.2987217,0.09095385,0.03840843
loss30,naive,p2b_uniform,23,0.7107481,0.3019651,0.7027085,0.3056448,0.09018479,0.03412445
loss30,naive,p2b_uniform,23.5,0.7261101,0.3086565,0.7176394,0.3125438,0.09365625,0.03500423
loss30,naive,p2b_uniform,24,0.74201,0.3159852,0.7326127,0.3195002,0.09926149,0.04451515
loss30,naive,p2b_uniform,24.5,0.7573339,0.3226558,0.7474605,0.3263763,0.1028671,0.04567345
loss30,naive,p2b_uniform,25,0.7710577,0.3292804,0.7624981,0.3330646,0.09281519,0.0473602
loss30,naive,p2b_uniform,25.5,0.7864239,0.33589,0.7774292,0.3398404,0.09641746,0.04849365
loss30,naive,p2b_uniform,26,0.8011307,0.3423133,0.7924911,0.3466388,0.09566309,0.04335569
loss30,naive,p2b_uniform,26.5,0.8165505,0.3489072,0.807441,0.3534294,0.09950574,0.04442578
loss30,naive,p2b_uniform,27,0.8311442,0.3543423,0.8223749,0.360387,0.09309177,0.04267162
loss30,naive,p2b_uniform,27.5,0.8463641,0.3608881,0.8372164,0.3671308,0.09636758,0.04348788
loss30,naive,p2b_uniform,28,0.8619611,0.366657,0.8521212,0.3738689,0.09798069,0.04804091
loss30,naive,p2b_uniform,28.5,0.8771607,0.3730451,0.8669081,0.3804764,0.1014561,0.04886425
loss30,naive,p2b_uniform,29,0.89159,0.3810799,0.8816312,0.3873096,0.103099,0.0511159
loss30,naive,p2b_uniform,29.5,0.9067441,0.3875069,0.8963623,0.3939375,0.1066829,0.05195355
loss30,naive,p2b_uniform,30,0.9198136,0.3962951,0.9111541,0.4005143,0.1030116,0.04645468
loss30,naive,p2b_uniform,30.5,0.9350232,0.402735,0.9259548,0.4071471,0.1067383,0.04688588
loss30,naive,p2b_uniform,31,0.9492192,0.411345,0.9409421,0.4139617,0.106414,0.04887667
loss30,naive,p2b_uniform,31.5,0.9644242,0.4177737,0.9557349,0.4206051,0.1099955,0.0495318
loss30,naive,p2b_uniform,32,0.9784623,0.4220242,0.9705063,0.4267224,0.09795752,0.04726368
loss30,naive,p2b_uniform,32.5,0.9936369,0.4282837,0.9852892,0.433276,0.1011409,0.04816548
loss30,naive,p2b_uniform,33,1.007177,0.4351744,1.000072,0.4398034,0.09163961,0.04607233
loss30,naive,p2b_uniform,33.5,1.022478,0.4416159,1.015054,0.4464676,0.0944048,0.04724555
loss30,naive,p2b_uniform,34,1.036017,0.449079,1.030339,0.4526493,0.08478157,0.03956915
loss30,naive,p2b_uniform,34.5,1.051438,0.4554517,1.045455,0.4592145,0.0878095,0.04059134
loss30,naive,p2b_uniform,35,1.066217,0.4615109,1.06054,0.465502,0.08481854,0.03789149
loss30,naive,p2b_uniform,35.5,1.081747,0.4679248,1.075772,0.4720975,0.08798415,0.03869609
loss30,naive,p2b_uniform,36,1.09385,0.4773488,1.090677,0.4791002,0.06779751,0.02797468
loss30,naive,p2b_uniform,36.5,1.109271,0.4836246,1.105896,0.4854983,0.07033979,0.02908994
loss30,naive,p2b_uniform,37,1.122977,0.4908468,1.120889,0.4916544,0.0585443,0.0230392
loss30,naive,p2b_uniform,37.5,1.138307,0.4970459,1.136071,0.4978941,0.06114521,0.02394824
loss30,naive,p2b_uniform,38,1.152782,0.503379,1.151165,0.503738,0.05419212,0.02161728
loss30,naive,p2b_uniform,38.5,1.168191,0.5094772,1.16645,0.5098665,0.05677975,0.02210329
loss30,naive,p2b_uniform,39,1.183329,0.5159462,1.181993,0.5162366,0.04914592,0.02200856
loss30,naive,p2b_uniform,39.5,1.198761,0.522108,1.197321,0.5224109,0.05159418,0.02266287
loss30,naive,p2b_uniform,40,1.214062,0.5282626,1.212783,0.5285238,0.05123156,0.01511769
loss30,naive,p2b_uniform,40.5,1.229516,0.53448,1.228132,0.5347638,0.05370598,0.01547911
loss30,naive,p2b_uniform,41,1.244866,0.5406992,1.243366,0.5411086,0.05425995,0.01966976
loss30,naive,p2b_uniform,41.5,1.260385,0.5469758,1.258764,0.5474072,0.05694266,0.02034184
loss30,naive,p2b_uniform,42,1.275579,0.5531609,1.274009,0.5537151,0.05538843,0.01922538
loss30,naive,p2b_uniform,42.5,1.291154,0.5593432,1.289461,0.5599291,0.05811333,0.01971239
loss30,naive,p2b_uniform,43,1.306571,0.56564,1.304748,0.566166,0.06192131,0.01955225
loss30,naive,p2b_uniform,43.5,1.322109,0.5716039,1.320133,0.5721608,0.06499704,0.02022858
loss30,naive,p2b_uniform,44,1.337582,0.5770632,1.335816,0.5778243,0.05934903,0.01955603
loss30,naive,p2b_uniform,44.5,1.353197,0.5830332,1.351288,0.5838438,0.06216462,0.02051477
loss30,naive,p2b_uniform,45,1.368487,0.5895602,1.366816,0.5901334,0.05844932,0.02317573
loss30,naive,p2b_uniform,45.5,1.384177,0.5955466,1.382393,0.5961362,0.06096445,0.02412976
loss30,naive,p2b_uniform,46,1.400109,0.6013816,1.398071,0.6022292,0.06545948,0.02166863
loss30,naive,p2b_uniform,46.5,1.415841,0.6073909,1.413645,0.6082875,0.06865761,0.02206117
loss30,naive,p2b_uniform,47,1.431042,0.6139242,1.429298,0.6146663,0.06195185,0.01733661
loss30,naive,p2b_uniform,47.5,1.446715,0.619891,1.44483,0.6206879,0.06488842,0.01780018
loss30,naive,p2b_uniform,48,1.461815,0.6263335,1.459981,0.6272759,0.06375003,0.01341357
loss30,naive,p2b_uniform,48.5,1.477613,0.6321816,1.475616,0.6332093,0.06693451,0.01389613
loss30,naive,p2b_uniform,49,1.493801,0.6379746,1.491786,0.6391084,0.06554195,0.01906584
loss30,naive,p2b_uniform,49.5,1.50961,0.6439827,1.50743,0.6452117,0.06838556,0.02040824
loss30,naive,p2b_uniform,50,1.525347,0.6500082,1.52317,0.6514837,0.0667464,0.01933494
loss30,naive,p2b_uniform,50.5,1.54132,0.6559749,1.538962,0.6575836,0.06968834,0.0204822
loss30,naive,p2b_uniform,51,1.557404,0.6619342,1.554972,0.6636569,0.07029821,0.02198224
loss30,naive,p2b_uniform,51.5,1.573439,0.6680398,1.570817,0.6698815,0.07353593,0.02284476
loss30,naive,p2b_uniform,52,1.588677,0.6743753,1.586552,0.6754812,0.06876033,0.02512556
loss30,naive,p2b_uniform,52.5,1.604658,0.6806836,1.60237,0.6818601,0.07186788,0.02617644
loss30,naive,p2b_uniform,53,1.620223,0.6869534,1.618202,0.6880077,0.06697538,0.02675342
loss30,naive,p2b_uniform,53.5,1.636169,0.693211,1.634004,0.6943345,0.06976517,0.02775307
loss30,naive,p2b_uniform,54,1.651779,0.6993882,1.649431,0.7012123,0.06754442,0.02831505
loss30,naive,p2b_uniform,54.5,1.667712,0.705544,1.665197,0.707507,0.07020802,0.02936864
loss30,naive,p2b_uniform,55,1.683157,0.71193,1.680874,0.713634,0.06949299,0.02392215
loss30,naive,p2b_uniform,55.5,1.699064,0.718097,1.696605,0.7199482,0.07227566,0.02505752
loss30,naive,p2b_uniform,56,1.714967,0.7246514,1.712817,0.7262084,0.0678095,0.02564304
loss30,naive,p2b_uniform,56.5,1.730733,0.7310088,1.728424,0.7326759,0.07071448,0.02653436
loss30,naive,p2b_uniform,57,1.74547,0.7378899,1.743293,0.739562,0.06890009,0.02300825
loss30,naive,p2b_uniform,57.5,1.761219,0.7443831,1.758856,0.7461941,0.07207918,0.0242292
loss30,naive,p2b_uniform,58,1.777137,0.7513898,1.775204,0.7525671,0.06958711,0.01894442
loss30,naive,p2b_uniform,58.5,1.792887,0.757989,1.790802,0.7592467,0.07266269,0.01997012
loss30,naive,p2b_uniform,59,1.808103,0.7642847,1.806378,0.765474,0.06528073,0.0160423
loss30,naive,p2b_uniform,59.5,1.823964,0.7708312,1.822109,0.7721079,0.06810143,0.01638421
loss30,naive,p2b_uniform,60,1.8396,0.7780173,1.837967,0.778712,0.06709305,0.02232407
loss50,naive,cyclic,0,0,0,0,0,0,0
loss50,naive,cyclic,0.5,0.0328937,0.009175856,0.01527247,0.006410404,0.02851707,0.008972013
loss50,naive,cyclic,1,0.06542067,0.01945504,0.03049938,0.01284284,0.05656083,0.01928748
loss50,naive,cyclic,1.5,0.09620565,0.02793349,0.04574116,0.01927719,0.08230892,0.02859426
loss50,naive,cyclic,2,0.1251471,0.03691251,0.06102656,0.02565301,0.1059285,0.0381955
loss50,naive,cyclic,2.5,0.1468122,0.04119716,0.07624839,0.03201183,0.121372,0.0416459
loss50,naive,cyclic,3,0.1682788,0.0451772,0.09143171,0.0382554,0.1355168,0.04748202
loss50,naive,cyclic,3.5,0.195389,0.05409798,0.1066474,0.04459459,0.1566892,0.05751631
loss50,naive,cyclic,4,0.2057865,0.07036274,0.1219049,0.05099907,0.1572312,0.07253415
loss50,naive,cyclic,4.5,0.223427,0.074136,0.1372696,0.05745862,0.1676014,0.07306363
loss50,naive,cyclic,5,0.2320106,0.08396833,0.1527145,0.06390682,0.1667132,0.07631095
loss50,naive,cyclic,5.5,0.2464094,0.08952944,0.1680699,0.07033739,0.1712122,0.07994248
loss50,naive,cyclic,6,0.2645613,0.09552633,0.1834015,0.07677312,0.1802181,0.08551769
loss50,naive,cyclic,6.5,0.2708875,0.1000788,0.1988318,0.0832632,0.1688168,0.09333406
loss50,naive,cyclic,7,0.2862907,0.1116251,0.2142388,0.08967309,0.1709154,0.1078497
loss50,naive,cyclic,7.5,0.2900693,0.1034546,0.2295967,0.09602214,0.1592091,0.08877224
loss50,naive,cyclic,8,0.2950341,0.1015542,0.2449559,0.102301,0.1482536,0.07195011
loss50,naive,cyclic,8.5,0.3128903,0.1025197,0.2603642,0.1085609,0.1542304,0.07335866
loss50,naive,cyclic,9,0.3185369,0.1128087,0.2757343,0.1148793,0.1394385,0.07640176
loss50,naive,cyclic,9.5,0.3301837,0.1211786,0.2911113,0.1211574,0.1367363,0.07666397
loss50,naive,cyclic,10,0.3448832,0.1221415,0.3064676,0.1274805,0.1398135,0.06655493
loss50,naive,cyclic,10.5,0.358533,0.1269061,0.3219859,0.1338207,0.135944,0.0701692
loss50,naive,cyclic,11,0.3695258,0.1314718,0.3375476,0.1401806,0.1314928,0.05687575
loss50,naive,cyclic,11.5,0.3847215,0.1380423,0.3530616,0.1466136,0.1318308,0.06207699
loss50,naive,cyclic,12,0.3987363,0.1429507,0.3684673,0.1531226,0.1284574,0.06374416
loss50,naive,cyclic,12.5,0.4156992,0.1467495,0.3838309,0.1597286,0.1308588,0.06940852
loss50,naive,cyclic,13,0.4230802,0.155453,0.3991508,0.1664089,0.115228,0.05664351
loss50,naive,cyclic,13.5,0.4391038,0.1630951,0.4144313,0.1731271,0.1186913,0.06296951
loss50,naive,cyclic,14,0.4530147,0.1664416,0.4297263,0.1798452,0.1123635,0.06089382
loss50,naive,cyclic,14.5,0.4651423,0.1730322,0.4449994,0.1866703,0.1050254,0.05273711
loss50,naive,cyclic,15,0.4809215,0.179687,0.4602366,0.1934009,0.1097004,0.05204098
loss50,naive,cyclic,15.5,0.4961717,0.1871965,0.4754551,0.2001231,0.1089984,0.06062617
loss50,naive,cyclic,16,0.5102571,0.1953621,0.4907604,0.2070425,0.1076109,0.0604473
loss50,naive,cyclic,16.5,0.5255029,0.2039434,0.5060233,0.2139881,0.1102292,0.06452359
loss50,naive,cyclic,17,0.5400985,0.2091098,0.5213108,0.2209992,0.1105453,0.05489851
loss50,naive,cyclic,17.5,0.5539237,0.2185597,0.5365235,0.2279891,0.1117918,0.05105674
loss50,naive,cyclic,18,0.5668311,0.2266005,0.5517479,0.2349239,0.1026769,0.05311069
loss50,naive,cyclic,18.5,0.5796228,0.2357169,0.5669183,0.2418064,0.09951044,0.0447376
loss50,naive,cyclic,19,0.5931333,0.2442817,0.5820938,0.2487955,0.09608255,0.04139274
loss50,naive,cyclic,19.5,0.6094237,0.2512583,0.5972782,0.2557879,0.1014186,0.04799639
loss50,naive,cyclic,20,0.6247461,0.2579474,0.6124179,0.2628172,0.101634,0.05143455
loss50,naive,cyclic,20.5,0.6397206,0.2636027,0.6275889,0.2698884,0.0988438,0.0504588
loss50,naive,cyclic,21,0.6533267,0.2715871,0.6427386,0.2769504,0.09745405,0.03880928
loss50,naive,cyclic,21.5,0.6688474,0.2769096,0.6577933,0.284067,0.09654924,0.04011416
loss50,naive,cyclic,22,0.6830168,0.2859009,0.6727712,0.2910156,0.0974468,0.04093284
loss50,naive,cyclic,22.5,0.6971065,0.2927485,0.687699,0.2980527,0.09423576,0.03509626
loss50,naive,cyclic,23,0.7126128,0.2992649,0.7026319,0.3050126,0.09702525,0.03855124
loss50,naive,cyclic,23.5,0.7271629,0.3073151,0.7175642,0.3118844,0.09981403,0.03578935
loss50,naive,cyclic,24,0.741415,0.3147526,0.732455,0.3185885,0.09905116,0.03382248
loss50,naive,cyclic,24.5,0.7556646,0.3220129,0.7473822,0.325427,0.09576496,0.03521532
loss50,naive,cyclic,25,0.7718496,0.3274543,0.762375,0.3321292,0.1021976,0.0349803
loss50,naive,cyclic,25.5,0.7873594,0.3334623,0.7772447,0.3389345,0.1049773,0.03713255
loss50,naive,cyclic,26,0.8011809,0.3407192,0.7922103,0.3457265,0.09586782,0.0439806
loss50,naive,cyclic,26.5,0.8151177,0.347868,0.8072206,0.3524765,0.09105347,0.03913332
loss50,naive,cyclic,27,0.8291323,0.3561718,0.822259,0.3595151,0.08789623,0.03771719
loss50,naive,cyclic,27.5,0.843874,0.3635346,0.8372356,0.3661097,0.08912121,0.03882967
loss50,naive,cyclic,28,0.8594321,0.3703126,0.8521306,0.3729667,0.09548378,0.03981072
loss50,naive,cyclic,28.5,0.8738536,0.3760016,0.8668744,0.379221,0.09123266,0.03994096
loss50,naive,cyclic,29,0.8879815,0.3832344,0.8815614,0.3858711,0.09012033,0.03716921
loss50,naive,cyclic,29.5,0.902203,0.3900657,0.8960989,0.3924062,0.08916177,0.03681172
loss50,naive,cyclic,30,0.9165709,0.3968931,0.9107783,0.3991507,0.08697228,0.03718567
loss50,naive,cyclic,30.5,0.9306895,0.4038972,0.9256225,0.4057175,0.08462808,0.02980997
loss50,naive,cyclic,31,0.9456301,0.4107783,0.9405606,0.4122929,0.08750895,0.02752899
loss50,naive,cyclic,31.5,0.9604103,0.4176715,0.955128,0.4189315,0.09111453,0.02929325
loss50,naive,cyclic,32,0.9753707,0.4243333,0.9699204,0.4251769,0.0922819,0.03846536
loss50,naive,cyclic,32.5,0.9900982,0.4312896,0.9847446,0.4317708,0.09525669,0.03409318
loss50,naive,cyclic,33,1.004662,0.4377543,0.9998101,0.4383867,0.09161008,0.02913313
loss50,naive,cyclic,33.5,1.020731,0.44391,1.014922,0.4451765,0.0986555,0.03283594
loss50,naive,cyclic,34,1.035924,0.4501534,1.030017,0.4517962,0.0995452,0.03055596
loss50,naive,cyclic,34.5,1.050306,0.4571691,1.045004,0.4581209,0.09542076,0.03519388
loss50,naive,cyclic,35,1.06451,0.4633602,1.06024,0.464334,0.08710394,0.02571336
loss50,naive,cyclic,35.5,1.080025,0.4698925,1.075753,0.4712874,0.0867668,0.02139814
loss50,naive,cyclic,36,1.094641,0.4769498,1.090989,0.4778057,0.08312091,0.01764294
loss50,naive,cyclic,36.5,1.109803,0.4833785,1.106331,0.4841549,0.08091449,0.02138659
loss50,naive,cyclic,37,1.12545,0.488827,1.12154,0.4903285,0.08298658,0.02299344
loss50,naive,cyclic,37.5,1.140647,0.49568,1.136851,0.4965769,0.08489779,0.02494073
loss50,naive,cyclic,38,1.155408,0.5020189,1.152186,0.5027152,0.07873503,0.02452115
loss50,naive,cyclic,38.5,1.17126,0.5088836,1.167761,0.5092312,0.0839459,0.02907803
loss50,naive,cyclic,39,1.186382,0.5149842,1.183055,0.5152657,0.08237454,0.02941506
loss50,naive,cyclic,39.5,1.201064,0.5200483,1.198209,0.5210366,0.07365288,0.02173274
loss50,naive,cyclic,40,1.216563,0.5260015,1.213608,0.5272147,0.07438766,0.02134098
loss50,naive,cyclic,40.5,1.231595,0.5327891,1.228938,0.5337594,0.07223482,0.01882932
loss50,naive,cyclic,41,1.246808,0.5393217,1.244366,0.5401485,0.06825491,0.02466002
loss50,naive,cyclic,41.5,1.262415,0.5455208,1.259806,0.5463647,0.07112656,0.02607157
loss50,naive,cyclic,42,1.278005,0.5516207,1.275228,0.5525954,0.07297924,0.0279531
loss50,naive,cyclic,42.5,1.292971,0.5580879,1.290364,0.5589232,0.07142943,0.02800523
loss50,naive,cyclic,43,1.308461,0.5638712,1.305761,0.5649028,0.07248088,0.02716174
loss50,naive,cyclic,43.5,1.324028,0.5698646,1.321264,0.5708492,0.07434238,0.02749646
loss50,naive,cyclic,44,1.3395,0.5759077,1.336671,0.5768796,0.07666747,0.02571591
loss50,naive,cyclic,44.5,1.355476,0.5816154,1.352803,0.5826755,0.07434637,0.0238462
loss50,naive,cyclic,45,1.3712,0.5874777,1.368365,0.5886055,0.07651174,0.02621653
loss50,naive,cyclic,45.5,1.386324,0.5935638,1.38349,0.5946499,0.07608717,0.02960766
loss50,naive,cyclic,46,1.401969,0.5996281,1.39906,0.6007037,0.07875104,0.02750436
loss50,naive,cyclic,46.5,1.417413,0.6056747,1.414446,0.6066972,0.08104517,0.02627581
loss50,naive,cyclic,47,1.432899,0.6120783,1.429995,0.6128151,0.08207272,0.02753608
loss50,naive,cyclic,47.5,1.448443,0.6181472,1.445486,0.6191328,0.08211084,0.02632392
loss50,naive,cyclic,48,1.463412,0.6242446,1.460839,0.6252964,0.07611952,0.02248036
loss50,naive,cyclic,48.5,1.479053,0.6301274,1.476677,0.6310325,0.07341557,0.0240353
loss50,naive,cyclic,49,1.494947,0.635788,1.492378,0.6370758,0.07311767,0.02847872
loss50,naive,cyclic,49.5,1.510503,0.6420796,1.507826,0.6430649,0.07646811,0.03291057
loss50,naive,cyclic,50,1.525893,0.6476613,1.523204,0.6489911,0.07628625,0.02794336
loss50,naive,cyclic,50.5,1.542139,0.6538727,1.539513,0.6552814,0.07425716,0.02950152
loss50,naive,cyclic,51,1.557632,0.6600225,1.55536,0.6612044,0.06957942,0.02810811
loss50,naive,cyclic,51.5,1.57342,0.6663716,1.571249,0.6675733,0.06909419,0.02361215
loss50,naive,cyclic,52,1.58923,0.6722914,1.586738,0.6738484,0.07408958,0.0213749
loss50,naive,cyclic,52.5,1.605209,0.678575,1.60277,0.6800988,0.07410743,0.01963316
loss50,naive,cyclic,53,1.621036,0.6851585,1.618681,0.686409,0.07448823,0.02187846
loss50,naive,cyclic,53.5,1.636458,0.6914414,1.634348,0.6924873,0.07122889,0.02185176
loss50,naive,cyclic,54,1.652774,0.6973177,1.650408,0.6987006,0.07477335,0.0202451
loss50,naive,cyclic,54.5,1.6688,0.7036918,1.666416,0.7052066,0.07378915,0.02250686
loss50,naive,cyclic,55,1.684481,0.7096164,1.681928,0.7112406,0.07726177,0.02136603
loss50,naive,cyclic,55.5,1.700467,0.7151184,1.697461,0.7174522,0.07989385,0.02622322
loss50,naive,cyclic,56,1.716002,0.7217527,1.713065,0.7238625,0.080335,0.02754011
loss50,naive,cyclic,56.5,1.731652,0.7288817,1.728796,0.730647,0.08223147,0.02658544
loss50,naive,cyclic,57,1.747075,0.7356593,1.744351,0.7373448,0.08063388,0.02616154
loss50,naive,cyclic,57.5,1.762976,0.7422506,1.759928,0.7439904,0.08614708,0.03007085
loss50,naive,cyclic,58,1.778876,0.7487933,1.775969,0.7502188,0.08818292,0.02358408
loss50,naive,cyclic,58.5,1.794494,0.7557991,1.791511,0.757012,0.09087105,0.02712079
loss50,naive,cyclic,59,1.809678,0.7623438,1.806852,0.7636314,0.08775209,0.02623115
loss50,naive,cyclic,59.5,1.825295,0.7684262,1.822612,0.7700148,0.08318111,0.02404865
loss50,naive,cyclic,60,1.841191,0.7749258,1.838372,0.7767623,0.08410443,0.02491727
loss50,naive,information,0,0,0,0,0,0,0
loss50,naive,information,0.5,0.03284781,0.009193098,0.01527247,0.006410404,0.02846618,0.008982777
loss50,naive,information,1,0.06285714,0.01699922,0.03049938,0.01284285,0.05391443,0.01562304
loss50,naive,information,1.5,0.09333046,0.02690175,0.04574114,0.01927722,0.07967094,0.02524308
loss50,naive,information,2,0.1197919,0.03369854,0.06102645,0.02565301,0.1002461,0.03293106
loss50,naive,information,2.5,0.1453401,0.0361122,0.07624819,0.03201165,0.1200821,0.03487746
loss50,naive,information,3,0.1604994,0.0465766,0.09143128,0.03825528,0.1265854,0.04642086
loss50,naive,information,3.5,0.1773896,0.05087283,0.1066469,0.04459377,0.1344625,0.0521415
loss50,naive,information,4,0.1954274,0.05590438,0.1219053,0.05099784,0.1437164,0.05780995
loss50,naive,information,4.5,0.2113656,0.06379798,0.1372695,0.05745814,0.1497537,0.06598779
loss50,naive,information,5,0.2221509,0.07101336,0.1527154,0.06390518,0.1486398,0.07142375
loss50,naive,information,5.5,0.2391506,0.08190485,0.1680739,0.07033514,0.1558569,0.08160312
loss50,naive,information,6,0.2579762,0.08392654,0.1834057,0.07677011,0.1656393,0.08316264
loss50,naive,information,6.5,0.270595,0.08397053,0.1988362,0.08325979,0.1634557,0.08633459
loss50,naive,information,7,0.2753851,0.08453238,0.2142406,0.08966907,0.1541465,0.07488013
loss50,naive,information,7.5,0.2872178,0.08794081,0.229597,0.09602188,0.1513638,0.07578365
loss50,naive,information,8,0.2989815,0.0938069,0.244956,0.1023033,0.1525047,0.06917499
loss50,naive,information,8.5,0.3032542,0.1039514,0.2603646,0.1085662,0.1398966,0.06215971
loss50,naive,information,9,0.3247713,0.1137876,0.2757332,0.1148849,0.1511465,0.08184663
loss50,naive,information,9.5,0.3239046,0.1157945,0.2910961,0.1211557,0.1261564,0.0567076
loss50,naive,information,10,0.3339206,0.1240856,0.3064551,0.1274723,0.1161609,0.05880845
loss50,naive,information,10.5,0.3476844,0.1295756,0.3219949,0.1338123,0.1179591,0.04844145
loss50,naive,information,11,0.3599061,0.1363661,0.3375678,0.1401696,0.1111056,0.04852241
loss50,naive,information,11.5,0.3737272,0.1433218,0.3530713,0.1466186,0.1091934,0.04791864
loss50,naive,information,12,0.3881928,0.1496371,0.3684434,0.1531092,0.1112263,0.04069377
loss50,naive,information,12.5,0.4001495,0.1556718,0.3837799,0.1597183,0.1018755,0.03615053
loss50,naive,information,13,0.415088,0.1623675,0.399075,0.1663775,0.1017386,0.03885306
loss50,naive,information,13.5,0.4317124,0.1657076,0.414332,0.1730417,0.1004384,0.0487371
loss50,naive,information,14,0.4444342,0.173675,0.4296132,0.1797663,0.09409684,0.04650671
loss50,naive,information,14.5,0.4596246,0.179758,0.444901,0.1864735,0.09342674,0.04869774
loss50,naive,information,15,0.4742237,0.1873363,0.4601479,0.1931283,0.09250798,0.05130751
loss50,naive,information,15.5,0.4888045,0.194272,0.4754196,0.1998752,0.09115063,0.05129503
loss50,naive,information,16,0.5016888,0.2024976,0.4907174,0.2068606,0.08724294,0.0407822
loss50,naive,information,16.5,0.5167821,0.2094361,0.5059502,0.2137868,0.08686142,0.0433338
loss50,naive,information,17,0.5311336,0.2161607,0.5212471,0.2208815,0.08522858,0.03524839
loss50,naive,information,17.5,0.5466834,0.2223548,0.536414,0.2278731,0.08504557,0.04012729
loss50,naive,information,18,0.5631406,0.2290586,0.5515831,0.2348459,0.09094756,0.04658266
loss50,naive,information,18.5,0.5786112,0.2367489,0.5666866,0.2418189,0.09853101,0.04159774
loss50,naive,information,19,0.5929825,0.245241,0.5817501,0.2488401,0.09906693,0.04219566
loss50,naive,information,19.5,0.6101399,0.2520985,0.5970049,0.2557812,0.1108493,0.04342534
loss50,naive,information,20,0.6271834,0.2565224,0.6121568,0.2627153,0.1168834,0.04479867
loss50,naive,information,20.5,0.6428566,0.2619022,0.6272667,0.2698166,0.1146082,0.05299775
loss50,naive,information,21,0.6577632,0.2680601,0.6424297,0.2768804,0.113628,0.0508768
loss50,naive,information,21.5,0.6703718,0.2758975,0.6574678,0.2839735,0.1032775,0.04782336
loss50,naive,information,22,0.6831337,0.2850745,0.6724402,0.2909955,0.09780832,0.04216599
loss50,naive,information,22.5,0.6982727,0.2912228,0.6875657,0.2979881,0.0955115,0.04505988
loss50,naive,information,23,0.7117411,0.2988617,0.7024175,0.3049312,0.08850259,0.04437814
loss50,naive,information,23.5,0.7260391,0.3075036,0.7174223,0.311776,0.09189913,0.0394585
loss50,naive,information,24,0.7415437,0.3131742,0.7322961,0.3185652,0.09188766,0.04531408
loss50,naive,information,24.5,0.7547399,0.3211601,0.747066,0.3254097,0.0854321,0.04124026
loss50,naive,information,25,0.7699051,0.3279874,0.7619154,0.3321153,0.08954058,0.04145489
loss50,naive,information,25.5,0.7851962,0.335245,0.7768733,0.3389211,0.09335581,0.04508755
loss50,naive,information,26,0.8009557,0.3406393,0.7917372,0.3456583,0.09814721,0.04325029
loss50,naive,information,26.5,0.8156635,0.3476788,0.806672,0.3523801,0.09883575,0.04220442
loss50,naive,information,27,0.8302092,0.3548081,0.8215429,0.3591203,0.09878104,0.04144928
loss50,naive,information,27.5,0.8449213,0.3624633,0.8366829,0.365703,0.0983369,0.04522038
loss50,naive,information,28,0.8592282,0.369433,0.8513948,0.3723414,0.09637093,0.04660177
loss50,naive,information,28.5,0.8744913,0.3754991,0.8662497,0.3788597,0.1007221,0.04344647
loss50,naive,information,29,0.8890523,0.3825081,0.8810091,0.3854687,0.1015666,0.04305749
loss50,naive,information,29.5,0.9035024,0.3896762,0.895851,0.3920933,0.101208,0.04266747
loss50,naive,information,30,0.9177289,0.3966423,0.9104688,0.3986641,0.1010286,0.04024444
loss50,naive,information,30.5,0.9322866,0.4022706,0.9252224,0.4048089,0.099923,0.0354061
loss50,naive,information,31,0.947691,0.4089532,0.9400914,0.4115576,0.1043348,0.0388045
loss50,naive,information,31.5,0.9624346,0.415084,0.9548386,0.4180981,0.1050303,0.03474149
loss50,naive,information,32,0.9776628,0.4211975,0.9698239,0.4246048,0.1070913,0.03340058
loss50,naive,information,32.5,0.992071,0.4285053,0.9847317,0.4311272,0.1072304,0.03024077
loss50,naive,information,33,1.006985,0.4350437,0.9996161,0.4375611,0.108685,0.03057106
loss50,naive,information,33.5,1.021586,0.4409484,1.014493,0.4437903,0.1042522,0.03532837
loss50,naive,information,34,1.036242,0.4472588,1.029203,0.4502616,0.1049579,0.03182651
loss50,naive,information,34.5,1.051618,0.4534463,1.044209,0.456332,0.1082673,0.03713833
loss50,naive,information,35,1.065384,0.4607993,1.059457,0.4631105,0.097415,0.03366418
loss50,naive,information,35.5,1.080321,0.4682997,1.07521,0.4701533,0.09116339,0.03329418
loss50,naive,information,36,1.095771,0.4744485,1.090538,0.4766139,0.09290158,0.02998301
loss50,naive,information,36.5,1.111177,0.4819194,1.105962,0.4833631,0.09525559,0.03501809
loss50,naive,information,37,1.125524,0.4890768,1.121217,0.4899381,0.08781841,0.03499738
loss50,naive,information,37.5,1.14032,0.4950853,1.136446,0.4960015,0.08510366,0.02742507
loss50,naive,information,38,1.15564,0.500947,1.151803,0.5021508,0.08303152,0.02923689
loss50,naive,information,38.5,1.17049,0.5073967,1.167066,0.5081441,0.08067225,0.02852609
loss50,naive,information,39,1.185779,0.5133181,1.182571,0.5143091,0.07604622,0.02986569
loss50,naive,information,39.5,1.2007,0.5190622,1.197834,0.5202385,0.07002693,0.02921565
loss50,naive,information,40,1.21589,0.5249863,1.21317,0.5262217,0.06826974,0.0273543
loss50,naive,information,40.5,1.231231,0.5313523,1.22866,0.5324703,0.06747076,0.02597529
loss50,naive,information,41,1.246374,0.5377304,1.244069,0.5387471,0.06470884,0.02323257
loss50,naive,information,41.5,1.261767,0.5441072,1.259607,0.5450582,0.06269784,0.02365261
loss50,naive,information,42,1.277366,0.5505483,1.275142,0.5514791,0.0640104,0.02521445
loss50,naive,information,42.5,1.292955,0.5566989,1.290604,0.5576161,0.06663904,0.02643738
loss50,naive,information,43,1.308622,0.5627067,1.30596,0.5637519,0.07188129,0.02666154
loss50,naive,information,43.5,1.324339,0.5686587,1.321546,0.5697702,0.07388036,0.02773251
loss50,naive,information,44,1.340228,0.5742356,1.337173,0.5755875,0.07729906,0.02770315
loss50,naive,information,44.5,1.355835,0.5805236,1.353092,0.5815668,0.07443342,0.02786062
loss50,naive,information,45,1.371161,0.5864251,1.368506,0.5875113,0.07194027,0.03054652
loss50,naive,information,45.5,1.386657,0.5923933,1.38405,0.5935755,0.070881,0.03020339
loss50,naive,information,46,1.402249,0.5984922,1.39959,0.599732,0.07138638,0.03148893
loss50,naive,information,46.5,1.418186,0.6045695,1.415405,0.6057383,0.0733188,0.03495144
loss50,naive,information,47,1.433515,0.6106168,1.430815,0.6117307,0.07425771,0.03123362
loss50,naive,information,47.5,1.448768,0.6165184,1.446013,0.6177753,0.07558327,0.02880155
loss50,naive,information,48,1.464068,0.6225501,1.46138,0.6237254,0.07566174,0.02805367
loss50,naive,information,48.5,1.479581,0.6281961,1.477048,0.6292548,0.07405885,0.02789344
loss50,naive,information,49,1.495572,0.6338741,1.492674,0.6352726,0.07850804,0.02916713
loss50,naive,information,49.5,1.511813,0.6397581,1.508689,0.6414959,0.08005017,0.0309901
loss50,naive,information,50,1.527752,0.6453708,1.524398,0.6473662,0.08200692,0.03344471
loss50,naive,information,50.5,1.543963,0.6514536,1.540465,0.6534312,0.08523344,0.0336065
loss50,naive,information,51,1.559643,0.6575785,1.556147,0.6595715,0.08523022,0.03457277
loss50,naive,information,51.5,1.575962,0.6635363,1.57224,0.665664,0.0878696,0.03715725
loss50,naive,information,52,1.591675,0.6697224,1.587862,0.672065,0.08829823,0.03758878
loss50,naive,information,52.5,1.607454,0.6761902,1.603598,0.6786054,0.08977339,0.03572862
loss50,naive,information,53,1.623145,0.6826913,1.619364,0.6850287,0.08959094,0.03550183
loss50,naive,information,53.5,1.638278,0.689589,1.634654,0.6917709,0.08851072,0.03498367
loss50,naive,information,54,1.653995,0.6955018,1.65013,0.6979993,0.09078082,0.03590153
loss50,naive,information,54.5,1.669394,0.7020304,1.66601,0.7041924,0.08512141,0.03482852
loss50,naive,information,55,1.685285,0.7082188,1.681793,0.7106844,0.08448761,0.03695627
loss50,naive,information,55.5,1.700789,0.7149056,1.697903,0.7167774,0.08021242,0.02951275
loss50,naive,information,56,1.7168,0.7213519,1.714167,0.7231116,0.075465,0.03120397
loss50,naive,information,56.5,1.732445,0.7278756,1.730044,0.7292826,0.07478722,0.02851477
loss50,naive,information,57,1.748176,0.7339232,1.745581,0.7354664,0.07851951,0.02800096
loss50,naive,information,57.5,1.763902,0.7405707,1.761327,0.7420066,0.07916817,0.02876215
loss50,naive,information,58,1.779648,0.7471775,1.776993,0.7487389,0.07860705,0.03315934
loss50,naive,information,58.5,1.795057,0.7540566,1.792204,0.7556842,0.08039687,0.03888658
loss50,naive,information,59,1.810315,0.7604394,1.807503,0.7620961,0.08088997,0.03603067
loss50,naive,information,59.5,1.826008,0.766908,1.823422,0.7684484,0.07828491,0.03341374
loss50,naive,information,60,1.841594,0.773771,1.838996,0.7753691,0.0773924,0.03586498
loss50,naive,p2b_uniform,0,0,0,0,0,0,0
loss50,naive,p2b_uniform,0.5,0.0329652,0.009203608,0.01527247,0.006410404,0.02858988,0.009032506
loss50,naive,p2b_uniform,1,0.06413229,0.01970545,0.03049939,0.01284284,0.05541127,0.01848262
loss50,naive,p2b_uniform,1.5,0.09617331,0.02944479,0.04574116,0.0192772,0.08308269,0.02762407
loss50,naive,p2b_uniform,2,0.112467,0.03905909,0.06102644,0.02565307,0.09137013,0.03839203
loss50,naive,p2b_uniform,2.5,0.1405677,0.04876133,0.07624837,0.03201175,0.1141878,0.04803388
loss50,naive,p2b_uniform,3,0.1563179,0.05380773,0.09143155,0.0382552,0.1216045,0.05279669
loss50,naive,p2b_uniform,3.5,0.1825915,0.06283093,0.1066471,0.04459377,0.1421745,0.06167521
loss50,naive,p2b_uniform,4,0.1942615,0.07460055,0.1219042,0.05099717,0.1436182,0.07303223
loss50,naive,p2b_uniform,4.5,0.218808,0.08381169,0.1372676,0.05745729,0.1618428,0.08193948
loss50,naive,p2b_uniform,5,0.2191145,0.07395769,0.1527144,0.06390579,0.1474854,0.06691745
loss50,naive,p2b_uniform,5.5,0.2412146,0.08124624,0.1680723,0.07033719,0.1624353,0.07342679
loss50,naive,p2b_uniform,6,0.2451699,0.08179659,0.1834042,0.07677304,0.1501829,0.07013537
loss50,naive,p2b_uniform,6.5,0.2658898,0.08864183,0.1988348,0.08326304,0.1629312,0.07604661
loss50,naive,p2b_uniform,7,0.2725955,0.09384726,0.2142361,0.08967264,0.1460101,0.09072822
loss50,naive,p2b_uniform,7.5,0.2921852,0.100405,0.2295954,0.09602608,0.1565236,0.09720139
loss50,naive,p2b_uniform,8,0.3002681,0.09350526,0.2449565,0.1022979,0.1453583,0.08821434
loss50,naive,p2b_uniform,8.5,0.3191657,0.09920029,0.2603614,0.1085582,0.1545624,0.09370839
loss50,naive,p2b_uniform,9,0.3279201,0.1097455,0.2757335,0.1148882,0.1438953,0.1010436
loss50,naive,p2b_uniform,9.5,0.3462416,0.1157257,0.2910958,0.1211609,0.1520371,0.1066625
loss50,naive,p2b_uniform,10,0.3496405,0.1171514,0.3064658,0.1274793,0.1339931,0.09161046
loss50,naive,p2b_uniform,10.5,0.3674177,0.1229891,0.3220047,0.1338172,0.1409802,0.09619935
loss50,naive,p2b_uniform,11,0.3670441,0.1280816,0.337567,0.1401733,0.1225043,0.05312486
loss50,naive,p2b_uniform,11.5,0.3840755,0.1339294,0.353069,0.1466128,0.1284963,0.05586327
loss50,naive,p2b_uniform,12,0.3976405,0.1406885,0.3684424,0.1530989,0.1229426,0.06315891
loss50,naive,p2b_uniform,12.5,0.4143633,0.1467073,0.3837681,0.1597072,0.128495,0.06588526
loss50,naive,p2b_uniform,13,0.4266053,0.1549778,0.399084,0.1663596,0.1239335,0.06399022
loss50,naive,p2b_uniform,13.5,0.4431933,0.1611447,0.4143685,0.1730686,0.129387,0.06642926
loss50,naive,p2b_uniform,14,0.4574983,0.1706254,0.4296916,0.1797919,0.128161,0.07393533
loss50,naive,p2b_uniform,14.5,0.4740044,0.1768679,0.4449694,0.1865105,0.1332655,0.07673598
loss50,naive,p2b_uniform,15,0.4856993,0.186103,0.4602528,0.1931921,0.1264658,0.07624869
loss50,naive,p2b_uniform,15.5,0.5020076,0.1924885,0.4755191,0.1999022,0.1312106,0.07889608
loss50,naive,p2b_uniform,16,0.5147506,0.2026788,0.4908278,0.2067958,0.1316739,0.07338876
loss50,naive,p2b_uniform,16.5,0.5310385,0.2093842,0.5060844,0.2137847,0.1365145,0.07591706
loss50,naive,p2b_uniform,17,0.5426933,0.2168984,0.5213677,0.2208491,0.1178163,0.08686449
loss50,naive,p2b_uniform,17.5,0.5587323,0.2236168,0.5366036,0.2278283,0.1217384,0.08951296
loss50,naive,p2b_uniform,18,0.5707085,0.2315116,0.5519381,0.2348225,0.110931,0.08766002
loss50,naive,p2b_uniform,18.5,0.5866037,0.2382627,0.5670933,0.2418014,0.1146754,0.09029023
loss50,naive,p2b_uniform,19,0.5983272,0.2409132,0.5822088,0.2489148,0.1052653,0.06668188
loss50,naive,p2b_uniform,19.5,0.6141747,0.2475871,0.597377,0.2559856,0.1088029,0.06878963
loss50,naive,p2b_uniform,20,0.6286708,0.2542331,0.6125055,0.2631455,0.1084746,0.06420968
loss50,naive,p2b_uniform,20.5,0.6444991,0.2609232,0.627618,0.2702647,0.112356,0.06599016
loss50,naive,p2b_uniform,21,0.6584058,0.266548,0.6426695,0.2774254,0.1003519,0.07095177
loss50,naive,p2b_uniform,21.5,0.6741209,0.2732259,0.6577232,0.2845332,0.1039273,0.07288771
loss50,naive,p2b_uniform,22,0.6834771,0.285022,0.6727016,0.2914691,0.09529268,0.04590569
loss50,naive,p2b_uniform,22.5,0.6989141,0.2918391,0.6876848,0.2985308,0.09853727,0.04710532
loss50,naive,p2b_uniform,23,0.7139685,0.2981663,0.7026115,0.3053109,0.09879687,0.04846257
loss50,naive,p2b_uniform,23.5,0.7293698,0.3048061,0.7175367,0.3121986,0.1021959,0.04967501
loss50,naive,p2b_uniform,24,0.7458881,0.3124736,0.7325598,0.3191172,0.1088632,0.06380743
loss50,naive,p2b_uniform,24.5,0.7612857,0.3190844,0.747404,0.325983,0.1124758,0.06541251
loss50,naive,p2b_uniform,25,0.7748589,0.3257502,0.7623446,0.3325978,0.1044239,0.06529215
loss50,naive,p2b_uniform,25.5,0.7902825,0.3322855,0.7772665,0.3393606,0.1079145,0.06683293
loss50,naive,p2b_uniform,26,0.8046984,0.3390135,0.7922943,0.3461547,0.1094901,0.05779164
loss50,naive,p2b_uniform,26.5,0.8201866,0.3455247,0.8072344,0.3529341,0.1132928,0.05917931
loss50,naive,p2b_uniform,27,0.8341086,0.3526842,0.8222537,0.3598671,0.1067934,0.05955051
loss50,naive,p2b_uniform,27.5,0.849404,0.3591968,0.8370887,0.366601,0.1101404,0.06098824
loss50,naive,p2b_uniform,28,0.8640137,0.3647837,0.8519841,0.373364,0.105372,0.06089362
loss50,naive,p2b_uniform,28.5,0.8792688,0.3711312,0.8667634,0.3799619,0.1089639,0.06207467
loss50,naive,p2b_uniform,29,0.8934273,0.3786039,0.88144,0.3867293,0.1081811,0.06211223
loss50,naive,p2b_uniform,29.5,0.9086367,0.3849653,0.8961622,0.3933484,0.1119975,0.06301253
loss50,naive,p2b_uniform,30,0.9212807,0.3933114,0.9108905,0.3998981,0.1079063,0.05057001
loss50,naive,p2b_uniform,30.5,0.9365404,0.3996668,0.9256858,0.4065213,0.1116174,0.05135485
loss50,naive,p2b_uniform,31,0.950771,0.407845,0.9406252,0.4133433,0.1107465,0.05266944
loss50,naive,p2b_uniform,31.5,0.9660603,0.4141854,0.9554141,0.4199828,0.1145338,0.05374447
loss50,naive,p2b_uniform,32,0.9807391,0.4179995,0.9702053,0.4259385,0.1052905,0.05712259
loss50,naive,p2b_uniform,32.5,0.996038,0.4241419,0.9849861,0.4324886,0.1089284,0.05836635
loss50,naive,p2b_uniform,33,1.008561,0.4325848,0.9997887,0.4390927,0.09648567,0.05543944
loss50,naive,p2b_uniform,33.5,1.023948,0.4389745,1.014769,0.4457557,0.09993969,0.05643197
loss50,naive,p2b_uniform,34,1.03744,0.446555,1.029805,0.4521618,0.0962621,0.04265501
loss50,naive,p2b_uniform,34.5,1.052935,0.45287,1.044917,0.458732,0.0998524,0.04321817
loss50,naive,p2b_uniform,35,1.066642,0.4610055,1.060148,0.4650191,0.09423279,0.03838068
loss50,naive,p2b_uniform,35.5,1.082212,0.4674296,1.075384,0.4716146,0.09771519,0.03906515
loss50,naive,p2b_uniform,36,1.09481,0.4763024,1.090459,0.4787174,0.07987334,0.03140461
loss50,naive,p2b_uniform,36.5,1.110318,0.482562,1.105676,0.4851136,0.0832628,0.0325969
loss50,naive,p2b_uniform,37,1.12435,0.4897388,1.12065,0.4914097,0.07672587,0.03013544
loss50,naive,p2b_uniform,37.5,1.139792,0.4958727,1.135836,0.4976473,0.07998746,0.03125416
loss50,naive,p2b_uniform,38,1.153946,0.502517,1.151037,0.5037083,0.07052034,0.0250043
loss50,naive,p2b_uniform,38.5,1.169431,0.5085564,1.166321,0.5098378,0.07352951,0.02550394
loss50,naive,p2b_uniform,39,1.184064,0.515853,1.181754,0.5160542,0.0663382,0.03020908
loss50,naive,p2b_uniform,39.5,1.199548,0.5220222,1.197077,0.5222241,0.06938098,0.03090435
loss50,naive,p2b_uniform,40,1.214736,0.5283362,1.212502,0.5283124,0.06873545,0.02753102
loss50,naive,p2b_uniform,40.5,1.230242,0.5345642,1.227845,0.5345439,0.071843,0.02815112
loss50,naive,p2b_uniform,41,1.245353,0.5403265,1.243065,0.5408405,0.0678763,0.02429047
loss50,naive,p2b_uniform,41.5,1.260906,0.5465822,1.258453,0.5471307,0.07095542,0.02460155
loss50,naive,p2b_uniform,42,1.275866,0.5530198,1.27371,0.553553,0.06706941,0.02144479
loss50,naive,p2b_uniform,42.5,1.291466,0.5591931,1.289159,0.559757,0.06995819,0.02200465
loss50,naive,p2b_uniform,43,1.307167,0.56507,1.304575,0.5658134,0.07408083,0.02255431
loss50,naive,p2b_uniform,43.5,1.322729,0.5710057,1.319959,0.5717954,0.07715798,0.02317682
loss50,naive,p2b_uniform,44,1.337984,0.5767182,1.335522,0.5774584,0.07282169,0.02213545
loss50,naive,p2b_uniform,44.5,1.35361,0.5826744,1.350991,0.5834645,0.07550852,0.02305924
loss50,naive,p2b_uniform,45,1.368692,0.5891688,1.366625,0.5897077,0.06834656,0.01993776
loss50,naive,p2b_uniform,45.5,1.384377,0.5951426,1.382201,0.5956928,0.07063131,0.02070807
loss50,naive,p2b_uniform,46,1.400292,0.6009369,1.397769,0.6017523,0.07580765,0.02007521
loss50,naive,p2b_uniform,46.5,1.416033,0.6069196,1.413339,0.6077921,0.07878475,0.02075698
loss50,naive,p2b_uniform,47,1.431642,0.6131902,1.428881,0.6140286,0.07975786,0.02422117
loss50,naive,p2b_uniform,47.5,1.447363,0.6191187,1.444407,0.6200293,0.08295314,0.02500866
loss50,naive,p2b_uniform,48,1.462476,0.6258931,1.459992,0.6267329,0.07686659,0.01922724
loss50,naive,p2b_uniform,48.5,1.47828,0.6317359,1.475619,0.6326436,0.07991886,0.02000866
loss50,naive,p2b_uniform,49,1.49426,0.6374937,1.491577,0.6384409,0.08038802,0.02049008
loss50,naive,p2b_uniform,49.5,1.510079,0.6434829,1.507212,0.6445187,0.08339428,0.02126854
loss50,naive,p2b_uniform,50,1.525691,0.6492863,1.523035,0.6505498,0.07861045,0.01945609
loss50,naive,p2b_uniform,50.5,1.541669,0.6552352,1.538818,0.6566179,0.08172629,0.0200501
loss50,naive,p2b_uniform,51,1.557017,0.66108,1.554297,0.6627403,0.07729183,0.0206028
loss50,naive,p2b_uniform,51.5,1.57305,0.6671663,1.570129,0.6689387,0.08050305,0.02179104
loss50,naive,p2b_uniform,52,1.588388,0.6732337,1.585789,0.6746079,0.07683397,0.02479843
loss50,naive,p2b_uniform,52.5,1.604373,0.679505,1.601589,0.6809618,0.08003278,0.02585653
loss50,naive,p2b_uniform,53,1.620222,0.68562,1.617489,0.6872518,0.07688634,0.02918185
loss50,naive,p2b_uniform,53.5,1.636207,0.691826,1.63328,0.6935646,0.08003248,0.03036112
loss50,naive,p2b_uniform,54,1.65215,0.6978001,1.648764,0.7003401,0.08267556,0.03189054
loss50,naive,p2b_uniform,54.5,1.668142,0.7038924,1.664521,0.7066217,0.08580422,0.0332492
loss50,naive,p2b_uniform,55,1.683223,0.7105987,1.680133,0.7127086,0.08261803,0.02743412
loss50,naive,p2b_uniform,55.5,1.699171,0.7167277,1.695856,0.7190102,0.08585083,0.02851355
loss50,naive,p2b_uniform,56,1.715297,0.7229791,1.712113,0.7251129,0.08287974,0.0341702
loss50,naive,p2b_uniform,56.5,1.731125,0.7292812,1.727712,0.7315729,0.08628269,0.03524583
loss50,naive,p2b_uniform,57,1.745073,0.7364939,1.742467,0.7382114,0.07687677,0.02853683
loss50,naive,p2b_uniform,57.5,1.76083,0.7429792,1.758024,0.744836,0.0800876,0.0296203
loss50,naive,p2b_uniform,58,1.776769,0.7500585,1.774394,0.7511162,0.07831234,0.02889115
loss50,naive,p2b_uniform,58.5,1.792514,0.7566892,1.789987,0.7577937,0.08145772,0.02954667
loss50,naive,p2b_uniform,59,1.807857,0.7629542,1.805545,0.7646503,0.07118326,0.02953865
loss50,naive,p2b_uniform,59.5,1.82374,0.7695044,1.821275,0.7712946,0.07402017,0.03054872
loss50,naive,p2b_uniform,60,1.839095,0.7767116,1.837091,0.7778052,0.07125814,0.02661251
network_outage,gated,cyclic,0,0,0,0,0,0,0
network_outage,gated,cyclic,0.5,0.03278935,0.009450625,0.01527247,0.006410403,0.02839605,0.009254729
network_outage,gated,cyclic,1,0.06372131,0.01895469,0.03049938,0.01284285,0.05454726,0.0189018
network_outage,gated,cyclic,1.5,0.09134302,0.02476407,0.04574116,0.01927718,0.07671009,0.0250562
network_outage,gated,cyclic,2,0.1169824,0.03002513,0.06102654,0.02565298,0.09579417,0.03269283
network_outage,gated,cyclic,2.5,0.1364922,0.03522476,0.07624835,0.03201182,0.1074078,0.03953799
network_outage,gated,cyclic,3,0.1447168,0.04984525,0.09143159,0.03825539,0.1050387,0.0515047
network_outage,gated,cyclic,3.5,0.1615336,0.05362824,0.1066467,0.04459417,0.1135594,0.05298323
network_outage,gated,cyclic,4,0.1764096,0.06421654,0.121904,0.050998,0.1178782,0.06333958
network_outage,gated,cyclic,4.5,0.1896236,0.06919548,0.1372696,0.05745743,0.1223202,0.06125246
network_outage,gated,cyclic,5,0.1981665,0.07313073,0.1527154,0.06390476,0.1181457,0.0579533
network_outage,gated,cyclic,5.5,0.2091933,0.08041843,0.1680698,0.0703343,0.1143759,0.06388089
network_outage,gated,cyclic,6,0.2250612,0.08030055,0.1834016,0.0767713,0.1199317,0.05766884
network_outage,gated,cyclic,6.5,0.2392621,0.08968092,0.1988316,0.08326073,0.1203933,0.06706346
network_outage,gated,cyclic,7,0.2583969,0.09382168,0.2142383,0.08967196,0.1279981,0.07406096
network_outage,gated,cyclic,7.5,0.2703374,0.097542,0.2295924,0.09602539,0.1253289,0.07211972
network_outage,gated,cyclic,8,0.2765464,0.09976195,0.244949,0.1023055,0.1168838,0.04950048
network_outage,gated,cyclic,8.5,0.2911774,0.1035644,0.2603483,0.1085669,0.1158983,0.05193602
network_outage,gated,cyclic,9,0.3010779,0.1056733,0.2757167,0.1148864,0.09777606,0.05746971
network_outage,gated,cyclic,9.5,0.3131741,0.1138686,0.2910809,0.1211683,0.09603591,0.05126926
network_outage,gated,cyclic,10,0.3251448,0.1206609,0.3064345,0.1274851,0.0914505,0.04407016
network_outage,gated,cyclic,10.5,0.3387171,0.1260505,0.3219464,0.1338255,0.08755547,0.03966092
network_outage,gated,cyclic,11,0.351606,0.132949,0.3375185,0.1401796,0.08124468,0.03600014
network_outage,gated,cyclic,11.5,0.3648844,0.1410284,0.3530232,0.1466112,0.07847097,0.02959361
network_outage,gated,cyclic,12,0.3793409,0.1484908,0.3684369,0.1531312,0.07670117,0.03147358
network_outage,gated,cyclic,12.5,0.3944387,0.155092,0.38382,0.1596924,0.07580549,0.0346695
network_outage,gated,cyclic,13,0.4078432,0.1640215,0.3991303,0.1663613,0.0750057,0.0265743
network_outage,gated,cyclic,13.5,0.4228275,0.1712531,0.4144213,0.1731197,0.07564859,0.02723635
network_outage,gated,cyclic,14,0.4378671,0.1782767,0.4297236,0.1798277,0.07523745,0.03038147
network_outage,gated,cyclic,14.5,0.4522467,0.1843976,0.4450387,0.1866392,0.07139141,0.02472501
network_outage,gated,cyclic,15,0.4678051,0.1910308,0.4602763,0.1933363,0.07377802,0.02718863
network_outage,gated,cyclic,15.5,0.4828232,0.1973691,0.4755435,0.2000237,0.07293912,0.02624382
network_outage,gated,cyclic,16,0.4965364,0.204697,0.490843,0.2069691,0.06404199,0.02578421
network_outage,gated,cyclic,16.5,0.512535,0.2114452,0.5061234,0.2138985,0.06886421,0.028976
network_outage,gated,cyclic,17,0.5282457,0.2182861,0.5214508,0.2209184,0.07184145,0.03031492
network_outage,gated,cyclic,17.5,0.5442167,0.2256172,0.5367545,0.2278305,0.07889925,0.03057251
network_outage,gated,cyclic,18,0.5581273,0.232487,0.5519398,0.2347544,0.0716598,0.02766228
network_outage,gated,cyclic,18.5,0.5734068,0.2388395,0.5670572,0.2416471,0.07139268,0.03014011
network_outage,gated,cyclic,19,0.5879015,0.2461206,0.5822186,0.2485949,0.07002105,0.02479094
network_outage,gated,cyclic,19.5,0.6037488,0.2525213,0.5973447,0.2556455,0.07446382,0.02593193
network_outage,gated,cyclic,20,0.6192078,0.2590265,0.6125328,0.2627152,0.07563687,0.02660783
network_outage,gated,cyclic,20.5,0.63464,0.2660108,0.6276554,0.2698121,0.07854694,0.02737744
network_outage,gated,cyclic,21,0.6500287,0.2729658,0.6427299,0.276888,0.08144445,0.02816404
network_outage,gated,cyclic,21.5,0.6654192,0.2799422,0.6577981,0.2839746,0.0843953,0.02904741
network_outage,gated,cyclic,22,0.6807649,0.2868728,0.6728015,0.291007,0.08747579,0.03004122
network_outage,gated,cyclic,22.5,0.6961197,0.2938125,0.6877984,0.2980545,0.09060554,0.03114281
network_outage,gated,cyclic,23,0.7114571,0.3006692,0.7027557,0.3050357,0.09386075,0.0321709
network_outage,gated,cyclic,23.5,0.7267997,0.3074079,0.7176958,0.3119203,0.09722124,0.03314602
network_outage,gated,cyclic,24,0.7421769,0.3140961,0.7326475,0.3187802,0.1006351,0.03419023
network_outage,gated,cyclic,24.5,0.7574888,0.3207704,0.7475025,0.3256428,0.1042006,0.03523491
network_outage,gated,cyclic,25,0.7729106,0.3274116,0.7624402,0.3324715,0.1079771,0.03619559
network_outage,gated,cyclic,25.5,0.7883238,0.334014,0.7773757,0.3392358,0.1117913,0.03705472
network_outage,gated,cyclic,26,0.8037566,0.3405671,0.7923057,0.3459681,0.1157058,0.03791733
network_outage,gated,cyclic,26.5,0.819223,0.3471637,0.8072506,0.35275,0.1197185,0.038741
network_outage,gated,cyclic,27,0.8346514,0.3538037,0.8221496,0.3595716,0.1237927,0.0394617
network_outage,gated,cyclic,27.5,0.8500271,0.360368,0.8369917,0.3663052,0.1279139,0.04013669
network_outage,gated,cyclic,28,0.8653549,0.3668788,0.8517884,0.3729758,0.1319964,0.04087489
network_outage,gated,cyclic,28.5,0.8806869,0.3732938,0.8665797,0.3795771,0.1360822,0.0415093
network_outage,gated,cyclic,29,0.8960119,0.3796817,0.8813676,0.3861603,0.1401019,0.04213312
network_outage,gated,cyclic,29.5,0.9112954,0.3861024,0.8961055,0.3927802,0.1441553,0.04270257
network_outage,gated,cyclic,30,0.9244918,0.3942433,0.9109204,0.3994444,0.139128,0.04143288
network_outage,gated,cyclic,30.5,0.935391,0.4019911,0.925745,0.4059488,0.1194771,0.02595666
network_outage,gated,cyclic,31,0.9487562,0.4096619,0.9405836,0.4124389,0.1116331,0.02920074
network_outage,gated,cyclic,31.5,0.9640774,0.4154407,0.9553809,0.4192518,0.1117875,0.03515599
network_outage,gated,cyclic,32,0.9780423,0.4227461,0.9702707,0.4256121,0.1085724,0.03314703
network_outage,gated,cyclic,32.5,0.9926077,0.4289499,0.9850476,0.4320575,0.1057519,0.03592226
network_outage,gated,cyclic,33,1.007536,0.4347021,0.9999222,0.4385737,0.1030421,0.03912274
network_outage,gated,cyclic,33.5,1.022617,0.4427,1.015059,0.4455297,0.10859,0.03585346
network_outage,gated,cyclic,34,1.037172,0.4504472,1.030202,0.4519287,0.1063543,0.04387013
network_outage,gated,cyclic,34.5,1.051667,0.4546245,1.04509,0.4580935,0.09840704,0.03400042
network_outage,gated,cyclic,35,1.06647,0.460682,1.060409,0.46408,0.09411603,0.03323573
network_outage,gated,cyclic,35.5,1.079201,0.4695332,1.075655,0.4709674,0.07597696,0.02486332
network_outage,gated,cyclic,36,1.093593,0.4767708,1.09087,0.4774277,0.0674151,0.02915967
network_outage,gated,cyclic,36.5,1.108274,0.4831276,1.106102,0.4837072,0.05933694,0.02822315
network_outage,gated,cyclic,37,1.123273,0.4894704,1.121445,0.4899179,0.05603947,0.02398629
network_outage,gated,cyclic,37.5,1.138188,0.4958905,1.136492,0.4960636,0.05545031,0.02552551
network_outage,gated,cyclic,38,1.15321,0.5017702,1.15172,0.5020934,0.05183832,0.02146197
network_outage,gated,cyclic,38.5,1.168329,0.5073308,1.166802,0.5078104,0.05288314,0.01794528
network_outage,gated,cyclic,39,1.183388,0.5136886,1.182108,0.5140577,0.04904532,0.01658594
network_outage,gated,cyclic,39.5,1.198826,0.5196956,1.197405,0.5201254,0.05172869,0.01792717
network_outage,gated,cyclic,40,1.214183,0.5258886,1.212712,0.5263638,0.05266633,0.01841818
network_outage,gated,cyclic,40.5,1.229639,0.5325052,1.228217,0.5328929,0.0522785,0.01969879
network_outage,gated,cyclic,41,1.245114,0.5388184,1.243649,0.5392635,0.05384613,0.01754176
network_outage,gated,cyclic,41.5,1.260489,0.5451199,1.259045,0.54566,0.0528373,0.0173832
network_outage,gated,cyclic,42,1.275919,0.5513448,1.274404,0.5519415,0.05443595,0.01697962
network_outage,gated,cyclic,42.5,1.29082,0.557966,1.289417,0.5583176,0.05526608,0.01424409
network_outage,gated,cyclic,43,1.306319,0.5639638,1.304775,0.5643212,0.05865757,0.01482008
network_outage,gated,cyclic,43.5,1.321839,0.5703144,1.320445,0.570573,0.05652726,0.01477864
network_outage,gated,cyclic,44,1.337251,0.5764101,1.335804,0.5766727,0.05817767,0.01435978
network_outage,gated,cyclic,44.5,1.353428,0.5821824,1.351974,0.5826358,0.05632459,0.01649268
network_outage,gated,cyclic,45,1.369086,0.5882073,1.367611,0.5885118,0.05852706,0.0168449
network_outage,gated,cyclic,45.5,1.384512,0.5941086,1.383103,0.5943575,0.05723161,0.01896646
network_outage,gated,cyclic,46,1.4004,0.6003674,1.39875,0.6006565,0.06217482,0.02111133
network_outage,gated,cyclic,46.5,1.415913,0.6062166,1.414269,0.6065512,0.06205158,0.02093592
network_outage,gated,cyclic,47,1.431565,0.6122781,1.429957,0.612598,0.06106665,0.02297265
network_outage,gated,cyclic,47.5,1.447171,0.6184185,1.445395,0.6188813,0.06340881,0.02450666
network_outage,gated,cyclic,48,1.461903,0.6244099,1.460285,0.6249581,0.05986057,0.02278129
network_outage,gated,cyclic,48.5,1.477702,0.629867,1.476067,0.630452,0.05889444,0.0263757
network_outage,gated,cyclic,49,1.493672,0.6357191,1.491857,0.6367559,0.06093841,0.02178316
network_outage,gated,cyclic,49.5,1.508615,0.6413951,1.507025,0.6421687,0.05767833,0.02350253
network_outage,gated,cyclic,50,1.524262,0.6469811,1.522435,0.6479187,0.06198587,0.02453554
network_outage,gated,cyclic,50.5,1.540307,0.6534807,1.538506,0.6545292,0.06000395,0.02599291
network_outage,gated,cyclic,51,1.555882,0.6596538,1.554403,0.6605762,0.05376065,0.0241175
network_outage,gated,cyclic,51.5,1.571403,0.6657339,1.569825,0.6667833,0.05569031,0.02357461
network_outage,gated,cyclic,52,1.587205,0.6715238,1.585392,0.67296,0.05919709,0.02083074
network_outage,gated,cyclic,52.5,1.603196,0.6779425,1.601442,0.679281,0.05808642,0.0233721
network_outage,gated,cyclic,53,1.619088,0.6843256,1.617337,0.6856745,0.05738463,0.02551971
network_outage,gated,cyclic,53.5,1.634573,0.6906776,1.632974,0.6917775,0.05653634,0.02478932
network_outage,gated,cyclic,54,1.650741,0.6972852,1.648902,0.6985499,0.0605972,0.02751726
network_outage,gated,cyclic,54.5,1.666543,0.7039233,1.66485,0.7050922,0.05956234,0.02358548
network_outage,gated,cyclic,55,1.682768,0.7098258,1.680784,0.7114795,0.0617294,0.02574007
network_outage,gated,cyclic,55.5,1.698333,0.7160661,1.696266,0.7178976,0.06229039,0.02600991
network_outage,gated,cyclic,56,1.713547,0.7226671,1.711734,0.7241502,0.05991257,0.02473525
network_outage,gated,cyclic,56.5,1.729049,0.729555,1.727327,0.7307983,0.06040028,0.02471271
network_outage,gated,cyclic,57,1.744955,0.7361983,1.743163,0.7375263,0.06131396,0.02578829
network_outage,gated,cyclic,57.5,1.760848,0.7430212,1.758956,0.7442077,0.06500671,0.02820851
network_outage,gated,cyclic,58,1.776442,0.7494349,1.774576,0.7504774,0.06459173,0.0319479
network_outage,gated,cyclic,58.5,1.792401,0.756095,1.790294,0.7571072,0.07074002,0.03385992
network_outage,gated,cyclic,59,1.808092,0.7624003,1.80591,0.7635,0.0719808,0.03415907
network_outage,gated,cyclic,59.5,1.823535,0.7686823,1.821299,0.7702729,0.07052728,0.02992287
network_outage,gated,cyclic,60,1.839151,0.7753566,1.836847,0.7769469,0.07267429,0.02978445
network_outage,gated,information,0,0,0,0,0,0,0
network_outage,gated,information,0.5,0.03208819,0.009391174,0.01527247,0.006410404,0.02756993,0.009236568
network_outage,gated,information,1,0.06299171,0.01959851,0.03049938,0.01284284,0.0537035,0.01951739
network_outage,gated,information,1.5,0.08950014,0.02564303,0.0457411,0.01927723,0.07444939,0.02609638
network_outage,gated,information,2,0.1174847,0.0306057,0.06102641,0.02565308,0.09662293,0.03255982
network_outage,gated,information,2.5,0.130271,0.03706536,0.07624795,0.03201184,0.1004427,0.0383841
network_outage,gated,information,3,0.1477745,0.0461119,0.09143147,0.03825511,0.1097106,0.04668915
network_outage,gated,information,3.5,0.1630827,0.0561473,0.1066469,0.04459334,0.1143087,0.05859473
network_outage,gated,information,4,0.1837288,0.06210047,0.1219062,0.05099604,0.1272096,0.06412107
network_outage,gated,information,4.5,0.1939163,0.07182103,0.1372696,0.05745553,0.1255672,0.07076826
network_outage,gated,information,5,0.2077955,0.06955893,0.152716,0.06390127,0.1283634,0.06567027
network_outage,gated,information,5.5,0.2314517,0.0790146,0.1680753,0.07033106,0.1433184,0.07955406
network_outage,gated,information,6,0.236033,0.07835991,0.1834083,0.07676432,0.1376253,0.05953644
network_outage,gated,information,6.5,0.2410453,0.07852523,0.1988395,0.08325401,0.1257592,0.04615248
network_outage,gated,information,7,0.251888,0.08649794,0.2142438,0.08966753,0.1147045,0.06373947
network_outage,gated,information,7.5,0.2638093,0.09443996,0.2296017,0.09601913,0.1129025,0.06362461
network_outage,gated,information,8,0.275464,0.09242496,0.24496,0.1023027,0.1116638,0.04076799
network_outage,gated,information,8.5,0.2848649,0.1019499,0.2603645,0.1085569,0.09987676,0.04658572
network_outage,gated,information,9,0.2984503,0.1071095,0.2757416,0.1148793,0.0974199,0.04483854
network_outage,gated,information,9.5,0.3085232,0.1138426,0.2911102,0.121157,0.08820238,0.03290896
network_outage,gated,information,10,0.3224271,0.1199024,0.306468,0.1274577,0.0873885,0.02563629
network_outage,gated,information,10.5,0.3341273,0.1291562,0.3219894,0.1337885,0.07803959,0.02746471
network_outage,gated,information,11,0.3463162,0.1380272,0.3375745,0.140141,0.07005936,0.02320174
network_outage,gated,information,11.5,0.3613344,0.1448503,0.353086,0.1465751,0.06759758,0.02983974
network_outage,gated,information,12,0.3771798,0.1511513,0.3685081,0.1530497,0.07216477,0.02733865
network_outage,gated,information,12.5,0.3933158,0.1571657,0.3838295,0.1596429,0.07494187,0.03261211
network_outage,gated,information,13,0.4096245,0.162169,0.3991517,0.1663587,0.07749693,0.03489496
network_outage,gated,information,13.5,0.4233853,0.1688836,0.4144055,0.1730925,0.0712195,0.03377289
network_outage,gated,information,14,0.4369205,0.1762524,0.4297144,0.1798064,0.06649683,0.02556865
network_outage,gated,information,14.5,0.4521248,0.1834311,0.4450369,0.1865725,0.06730512,0.02762149
network_outage,gated,information,15,0.4677079,0.1900225,0.4603855,0.1932334,0.06837532,0.03164893
network_outage,gated,information,15.5,0.4839329,0.1962537,0.4755634,0.2000237,0.07570496,0.03043472
network_outage,gated,information,16,0.4975617,0.204132,0.490793,0.2069162,0.07044925,0.02594747
network_outage,gated,information,16.5,0.5131215,0.2109675,0.5060903,0.2139468,0.07163282,0.02960069
network_outage,gated,information,17,0.5286344,0.2178757,0.52135,0.2211168,0.07478615,0.02722033
network_outage,gated,information,17.5,0.5443463,0.2246175,0.5366313,0.2280337,0.07743638,0.03033738
network_outage,gated,information,18,0.5584817,0.2326811,0.5519699,0.2350763,0.07407904,0.02673507
network_outage,gated,information,18.5,0.5726393,0.2404647,0.5671367,0.2419742,0.07018927,0.02622764
network_outage,gated,information,19,0.5881102,0.2478828,0.5822721,0.2490435,0.07405221,0.02903853
network_outage,gated,information,19.5,0.6038259,0.2545341,0.5973986,0.2560555,0.07625254,0.0350678
network_outage,gated,information,20,0.6191674,0.2601629,0.6124479,0.26311,0.07618676,0.03254679
network_outage,gated,information,20.5,0.6346674,0.267071,0.6275662,0.2702127,0.07929968,0.03358104
network_outage,gated,information,21,0.6501561,0.2739215,0.642637,0.2772936,0.08258196,0.03456615
network_outage,gated,information,21.5,0.665672,0.2807698,0.6577022,0.284384,0.08603781,0.03560114
network_outage,gated,information,22,0.6811423,0.287564,0.6727036,0.2914186,0.08960511,0.03664034
network_outage,gated,information,22.5,0.6966222,0.2943755,0.6876994,0.2984677,0.09324487,0.03773376
network_outage,gated,information,23,0.7120792,0.3011072,0.7026563,0.30545,0.09694225,0.03880674
network_outage,gated,information,23.5,0.7275461,0.3077163,0.717597,0.3123344,0.1007188,0.03991217
network_outage,gated,information,24,0.7430264,0.3143035,0.7325501,0.3191934,0.1044786,0.04103832
network_outage,gated,information,24.5,0.7584181,0.320877,0.7474072,0.3260546,0.1082168,0.04214707
network_outage,gated,information,25,0.7738867,0.3274356,0.7623483,0.3328804,0.1119094,0.04336571
network_outage,gated,information,25.5,0.7893624,0.3339262,0.777288,0.3396416,0.1156663,0.0444908
network_outage,gated,information,26,0.8048801,0.3403517,0.7922236,0.34637,0.1196312,0.04560497
network_outage,gated,information,26.5,0.8204349,0.3468195,0.8071754,0.3531468,0.1237085,0.04667933
network_outage,gated,information,27,0.8359324,0.3533473,0.8220822,0.3599628,0.1277528,0.04768379
network_outage,gated,information,27.5,0.8513827,0.3597886,0.836933,0.3666906,0.1318025,0.04877701
network_outage,gated,information,28,0.8667766,0.3661811,0.8517392,0.373355,0.1357793,0.04990394
network_outage,gated,information,28.5,0.8821664,0.3724869,0.8665415,0.3799486,0.1396392,0.0512029
network_outage,gated,information,29,0.8975502,0.3787637,0.8813417,0.3865226,0.1434061,0.05258631
network_outage,gated,information,29.5,0.9128962,0.3850839,0.8960924,0.3931328,0.1471956,0.05410374
network_outage,gated,information,30,0.9229681,0.3956899,0.9107642,0.3997077,0.1355315,0.03201809
network_outage,gated,information,30.5,0.9330024,0.4048089,0.9258102,0.4065162,0.1051051,0.03254077
network_outage,gated,information,31,0.9470833,0.4104273,0.9404959,0.4127429,0.09728213,0.03493739
network_outage,gated,information,31.5,0.9622721,0.4168977,0.9552412,0.419469,0.1007114,0.03693411
network_outage,gated,information,32,0.9758082,0.4243541,0.97015,0.4259829,0.09295167,0.03332185
network_outage,gated,information,32.5,0.9902332,0.4308506,0.9849116,0.4323259,0.09052153,0.03413634
network_outage,gated,information,33,1.005762,0.4370634,0.999819,0.4390358,0.09487105,0.0366638
network_outage,gated,information,33.5,1.020023,0.4445921,1.014528,0.4457469,0.09415606,0.03753624
network_outage,gated,information,34,1.034694,0.45151,1.029599,0.4525002,0.09161416,0.03662974
network_outage,gated,information,34.5,1.050123,0.4568785,1.044843,0.459014,0.08888299,0.03704708
network_outage,gated,information,35,1.065033,0.4632476,1.059994,0.4657285,0.08574154,0.03506931
network_outage,gated,information,35.5,1.080108,0.4694364,1.075385,0.4722418,0.08154935,0.03274949
network_outage,gated,information,36,1.094211,0.4773908,1.090713,0.4786805,0.07665293,0.02503676
network_outage,gated,information,36.5,1.108975,0.4831779,1.105773,0.4848509,0.07067197,0.02425283
network_outage,gated,information,37,1.124347,0.4897945,1.121269,0.4914464,0.0680894,0.02784064
network_outage,gated,information,37.5,1.139649,0.4959169,1.136252,0.4976319,0.07413104,0.02550203
network_outage,gated,information,38,1.154289,0.5024443,1.151312,0.5037758,0.07081569,0.02460248
network_outage,gated,information,38.5,1.16868,0.5092755,1.166717,0.5098376,0.06069492,0.01934474
network_outage,gated,information,39,1.18377,0.5153096,1.181888,0.5159362,0.05881862,0.01993852
network_outage,gated,information,39.5,1.199373,0.5214142,1.197704,0.5220929,0.05457665,0.01915437
network_outage,gated,information,40,1.214887,0.5276548,1.213473,0.5282828,0.05023406,0.01717129
network_outage,gated,information,40.5,1.230094,0.5339157,1.228811,0.5343345,0.04942091,0.01736762
network_outage,gated,information,41,1.245294,0.5400664,1.243938,0.5405183,0.05071855,0.01887698
network_outage,gated,information,41.5,1.260326,0.5459935,1.258774,0.5466142,0.05397872,0.01921073
network_outage,gated,information,42,1.275721,0.5523779,1.274255,0.5530826,0.05174406,0.01839268
network_outage,gated,information,42.5,1.291397,0.5586971,1.289873,0.5594415,0.05278071,0.01936465
network_outage,gated,information,43,1.307493,0.5650236,1.306011,0.565702,0.0533392,0.01776116
network_outage,gated,information,43.5,1.323133,0.5713958,1.321613,0.5720669,0.05466502,0.01782703
network_outage,gated,information,44,1.338738,0.577538,1.337191,0.5782148,0.05584528,0.01706262
network_outage,gated,information,44.5,1.354513,0.5839053,1.35285,0.5845405,0.05855648,0.01972561
network_outage,gated,information,45,1.370159,0.5899494,1.368608,0.5905488,0.05603672,0.02144746
network_outage,gated,information,45.5,1.385451,0.5965114,1.384169,0.5969901,0.05163052,0.01897225
network_outage,gated,information,46,1.401056,0.6027956,1.399715,0.6032964,0.05347255,0.01846805
network_outage,gated,information,46.5,1.416612,0.6087508,1.415133,0.6092615,0.05741054,0.01784372
network_outage,gated,information,47,1.431837,0.6150133,1.430275,0.6154873,0.06028977,0.01727597
network_outage,gated,information,47.5,1.447391,0.6214836,1.44581,0.6218672,0.06180308,0.01787439
network_outage,gated,information,48,1.462947,0.6275725,1.461308,0.6282231,0.06141526,0.01612582
network_outage,gated,information,48.5,1.478709,0.6336212,1.477087,0.6341911,0.06219414,0.01587906
network_outage,gated,information,49,1.494458,0.6396005,1.493012,0.6401686,0.05868646,0.01402899
network_outage,gated,information,49.5,1.510104,0.6454693,1.508787,0.6458206,0.05765381,0.01523573
network_outage,gated,information,50,1.525954,0.6514911,1.52473,0.6517306,0.05554578,0.01920604
network_outage,gated,information,50.5,1.541771,0.6575542,1.540559,0.6578972,0.05438135,0.01919032
network_outage,gated,information,51,1.557375,0.6632096,1.556165,0.6637472,0.0522144,0.01962138
network_outage,gated,information,51.5,1.573034,0.6686615,1.571816,0.6692353,0.05351274,0.01588667
network_outage,gated,information,52,1.588769,0.6751711,1.587337,0.6760029,0.05573217,0.01981219
network_outage,gated,information,52.5,1.604529,0.6814214,1.603138,0.6821814,0.05586012,0.0194554
network_outage,gated,information,53,1.620299,0.6878896,1.618899,0.6886135,0.05735726,0.01771597
network_outage,gated,information,53.5,1.63556,0.6946009,1.634285,0.6950853,0.05702052,0.01705688
network_outage,gated,information,54,1.651442,0.7010062,1.650163,0.7014792,0.0565329,0.02044216
network_outage,gated,information,54.5,1.667705,0.707445,1.66652,0.7077871,0.05632988,0.01834488
network_outage,gated,information,55,1.683264,0.7135404,1.682012,0.713973,0.05811436,0.01615058
network_outage,gated,information,55.5,1.699116,0.7195749,1.697807,0.7201874,0.05737345,0.01826903
network_outage,gated,information,56,1.714911,0.7258449,1.713565,0.7264273,0.05983811,0.01561108
network_outage,gated,information,56.5,1.730419,0.7323933,1.729095,0.7330168,0.05860391,0.01717905
network_outage,gated,information,57,1.745929,0.7385287,1.744426,0.7392753,0.06208154,0.01900326
network_outage,gated,information,57.5,1.761739,0.7446599,1.760052,0.7455655,0.06626295,0.01683593
network_outage,gated,information,58,1.777987,0.7515178,1.776177,0.7526509,0.06626532,0.02106809
network_outage,gated,information,58.5,1.79343,0.7578451,1.791745,0.7589321,0.06338108,0.02192436
network_outage,gated,information,59,1.809103,0.7643113,1.807166,0.7655575,0.06834589,0.02346966
network_outage,gated,information,59.5,1.824644,0.7707599,1.822979,0.7717486,0.0654422,0.01900366
network_outage,gated,information,60,1.840556,0.7774808,1.838823,0.7784461,0.06796152,0.01866493
network_outage,gated,p2b_uniform,0,0,0,0,0,0,0
network_outage,gated,p2b_uniform,0.5,0.0329652,0.009203608,0.01527247,0.006410404,0.02858988,0.009032506
network_outage,gated,p2b_uniform,1,0.06316448,0.01873036,0.03049939,0.01284283,0.05440688,0.01704557
network_outage,gated,p2b_uniform,1.5,0.0946875,0.02793201,0.04574116,0.01927717,0.08152644,0.02544482
network_outage,gated,p2b_uniform,2,0.1073752,0.03393738,0.06102641,0.02565307,0.08505094,0.03309523
network_outage,gated,p2b_uniform,2.5,0.1341981,0.0424064,0.07624831,0.03201176,0.1062993,0.0414303
network_outage,gated,p2b_uniform,3,0.1404323,0.05224716,0.09143155,0.0382552,0.1009394,0.0500076
network_outage,gated,p2b_uniform,3.5,0.1640503,0.06098673,0.1066471,0.04459378,0.1180742,0.05841447
network_outage,gated,p2b_uniform,4,0.1762228,0.06727054,0.121905,0.05099718,0.1185471,0.06463359
network_outage,gated,p2b_uniform,4.5,0.1984865,0.07564101,0.1372686,0.0574573,0.1336611,0.07246166
network_outage,gated,p2b_uniform,5,0.2021994,0.07020236,0.1527139,0.0639058,0.1203843,0.06384929
network_outage,gated,p2b_uniform,5.5,0.2225554,0.07722342,0.1680718,0.07033707,0.1325847,0.07010833
network_outage,gated,p2b_uniform,6,0.2205682,0.07380306,0.1834003,0.07677357,0.1081367,0.05521426
network_outage,gated,p2b_uniform,6.5,0.2392235,0.07992903,0.1988303,0.08326325,0.1174237,0.05972869
network_outage,gated,p2b_uniform,7,0.246184,0.09047919,0.2142328,0.0896764,0.1012665,0.06953487
network_outage,gated,p2b_uniform,7.5,0.2640251,0.09682568,0.2295914,0.09602994,0.1088998,0.07457722
network_outage,gated,p2b_uniform,8,0.271239,0.09876071,0.2449551,0.1023047,0.1014701,0.05225908
network_outage,gated,p2b_uniform,8.5,0.2883803,0.1048423,0.2603596,0.1085658,0.1081504,0.05548514
network_outage,gated,p2b_uniform,9,0.2925487,0.1047659,0.2757187,0.1149074,0.07880783,0.03608181
network_outage,gated,p2b_uniform,9.5,0.3088787,0.1104873,0.2910792,0.1211818,0.08346627,0.03781711
network_outage,gated,p2b_uniform,10,0.3220368,0.119871,0.3064637,0.1275068,0.07850019,0.04390061
network_outage,gated,p2b_uniform,10.5,0.3383962,0.1258046,0.3220022,0.1338468,0.08264145,0.04603457
network_outage,gated,p2b_uniform,11,0.3543094,0.1341527,0.3375544,0.1401954,0.0874678,0.04991207
network_outage,gated,p2b_uniform,11.5,0.3706347,0.1403025,0.3530558,0.1466363,0.09177214,0.05204242
network_outage,gated,p2b_uniform,12,0.3839663,0.1487806,0.3684577,0.1531102,0.08708117,0.05471652
network_outage,gated,p2b_uniform,12.5,0.4000535,0.1551649,0.3837842,0.1597196,0.09113692,0.05697707
network_outage,gated,p2b_uniform,13,0.4116187,0.1633662,0.3990656,0.1664046,0.08674028,0.04231308
network_outage,gated,p2b_uniform,13.5,0.4274981,0.1699426,0.41435,0.1731184,0.09042128,0.04422062
network_outage,gated,p2b_uniform,14,0.4408891,0.1795598,0.429794,0.1798121,0.08546631,0.04887908
network_outage,gated,p2b_uniform,14.5,0.4566842,0.186285,0.4450767,0.1865363,0.08892582,0.05099447
network_outage,gated,p2b_uniform,15,0.4715214,0.1906297,0.4603856,0.1931727,0.08863889,0.04095552
network_outage,gated,p2b_uniform,15.5,0.4872183,0.1972855,0.475657,0.1998853,0.09185218,0.04247985
network_outage,gated,p2b_uniform,16,0.499668,0.2057181,0.490933,0.2068378,0.08075368,0.0422134
network_outage,gated,p2b_uniform,16.5,0.5153341,0.2126293,0.5061962,0.2138381,0.08382603,0.04374638
network_outage,gated,p2b_uniform,17,0.5293985,0.219744,0.5214735,0.2209801,0.08193354,0.03398921
network_outage,gated,p2b_uniform,17.5,0.545013,0.2266171,0.536715,0.2279785,0.08492485,0.03518417
network_outage,gated,p2b_uniform,18,0.558611,0.2340863,0.5520638,0.2350496,0.07576621,0.03405849
network_outage,gated,p2b_uniform,18.5,0.5740972,0.2409926,0.5672228,0.2420489,0.07861571,0.03525408
network_outage,gated,p2b_uniform,19,0.5894279,0.2478363,0.58228,0.2489637,0.08089316,0.03698571
network_outage,gated,p2b_uniform,19.5,0.6050504,0.2547574,0.5974504,0.256038,0.08444189,0.03821109
network_outage,gated,p2b_uniform,20,0.6206579,0.2616425,0.6125811,0.2630731,0.08811506,0.03951299
network_outage,gated,p2b_uniform,20.5,0.6362806,0.2685858,0.627699,0.2701895,0.09189256,0.04080688
network_outage,gated,p2b_uniform,21,0.6518827,0.2754792,0.6427682,0.2772851,0.09574712,0.04210472
network_outage,gated,p2b_uniform,21.5,0.6675189,0.2823644,0.6578305,0.2843914,0.09977501,0.04345785
network_outage,gated,p2b_uniform,22,0.6831041,0.2891935,0.6728276,0.2914434,0.1038461,0.04482837
network_outage,gated,p2b_uniform,22.5,0.6987073,0.2960449,0.6878181,0.2985108,0.1080378,0.04626216
network_outage,gated,p2b_uniform,23,0.7143009,0.3028309,0.702768,0.3055124,0.1123707,0.04774993
network_outage,gated,p2b_uniform,23.5,0.7299045,0.3095069,0.7177003,0.3124173,0.1167851,0.04929565
network_outage,gated,p2b_uniform,24,0.7455357,0.316156,0.7326436,0.3192975,0.1212509,0.05087266
network_outage,gated,p2b_uniform,24.5,0.7610976,0.3227951,0.7474896,0.3261809,0.1257759,0.05253453
network_outage,gated,p2b_uniform,25,0.7767429,0.3294236,0.762418,0.3330301,0.1303574,0.05415015
network_outage,gated,p2b_uniform,25.5,0.7923887,0.3359853,0.7773434,0.3398154,0.1349009,0.05581751
network_outage,gated,p2b_uniform,26,0.8080638,0.3424887,0.7922632,0.3465687,0.139582,0.0574197
network_outage,gated,p2b_uniform,26.5,0.8237649,0.3490432,0.8071977,0.353371,0.1443306,0.058949
network_outage,gated,p2b_uniform,27,0.8394027,0.3556472,0.8220859,0.3602129,0.1490652,0.06023065
network_outage,gated,p2b_uniform,27.5,0.8549823,0.3621591,0.836917,0.3669663,0.1537745,0.06145844
network_outage,gated,p2b_uniform,28,0.8705169,0.3686206,0.8517022,0.3736564,0.158464,0.06275361
network_outage,gated,p2b_uniform,28.5,0.8860515,0.3749818,0.8664821,0.3802764,0.1630956,0.06404757
network_outage,gated,p2b_uniform,29,0.901574,0.3813232,0.8812589,0.3868773,0.1676269,0.06542441
network_outage,gated,p2b_uniform,29.5,0.9170693,0.3876953,0.8959856,0.3935144,0.1722371,0.06682092
network_outage,gated,p2b_uniform,30,0.9195747,0.397968,0.9109628,0.4001489,0.1141866,0.03359658
network_outage,gated,p2b_uniform,30.5,0.9348272,0.4044373,0.9257624,0.4067797,0.1180471,0.03442233
network_outage,gated,p2b_uniform,31,0.9492337,0.4111053,0.9405943,0.4133149,0.114939,0.03818859
network_outage,gated,p2b_uniform,31.5,0.9644906,0.4175163,0.955393,0.4199643,0.1185675,0.03920716
network_outage,gated,p2b_uniform,32,0.9788548,0.4234498,0.97034,0.4263719,0.1114786,0.04365587
network_outage,gated,p2b_uniform,32.5,0.9941231,0.4297681,0.9851375,0.4329323,0.1151721,0.04503695
network_outage,gated,p2b_uniform,33,1.00903,0.4368807,0.999973,0.4395878,0.1154424,0.05246647
network_outage,gated,p2b_uniform,33.5,1.024498,0.4433344,1.014972,0.4462568,0.1190589,0.05412442
network_outage,gated,p2b_uniform,34,1.036744,0.4504455,1.029949,0.4525811,0.09851448,0.05136001
network_outage,gated,p2b_uniform,34.5,1.052229,0.4568515,1.045068,0.4591519,0.1019017,0.0526425
network_outage,gated,p2b_uniform,35,1.065157,0.4620947,1.059806,0.465011,0.08504373,0.0406561
network_outage,gated,p2b_uniform,35.5,1.080654,0.468584,1.07504,0.4716116,0.08804583,0.04162009
network_outage,gated,p2b_uniform,36,1.093915,0.4776864,1.090589,0.4785943,0.07631061,0.0255137
network_outage,gated,p2b_uniform,36.5,1.109354,0.4839996,1.105818,0.4849922,0.07920776,0.02607096
network_outage,gated,p2b_uniform,37,1.123308,0.4907542,1.120902,0.4912673,0.0652116,0.02652712
network_outage,gated,p2b_uniform,37.5,1.138654,0.4969807,1.136097,0.4975072,0.06782999,0.02746988
network_outage,gated,p2b_uniform,38,1.152882,0.5030404,1.1513,0.5033507,0.05549752,0.01677272
network_outage,gated,p2b_uniform,38.5,1.168286,0.5091816,1.166599,0.5094865,0.05804591,0.01697697
network_outage,gated,p2b_uniform,39,1.183546,0.5157439,1.182131,0.5160031,0.05195102,0.02041784
network_outage,gated,p2b_uniform,39.5,1.198992,0.5219363,1.197469,0.522186,0.05452808,0.02122809
network_outage,gated,p2b_uniform,40,1.214322,0.5278759,1.212851,0.5282476,0.05442626,0.01568327
network_outage,gated,p2b_uniform,40.5,1.229798,0.5341083,1.22821,0.5344968,0.05693528,0.01673435
network_outage,gated,p2b_uniform,41,1.244619,0.5403128,1.243126,0.5408235,0.05428152,0.01601713
network_outage,gated,p2b_uniform,41.5,1.260141,0.5466048,1.25853,0.5471353,0.05690013,0.01685091
network_outage,gated,p2b_uniform,42,1.275438,0.5526349,1.273936,0.5533727,0.0526103,0.01734482
network_outage,gated,p2b_uniform,42.5,1.291023,0.558815,1.289398,0.5596005,0.05516247,0.01820768
network_outage,gated,p2b_uniform,43,1.306325,0.5651012,1.304737,0.5658657,0.0550716,0.01757959
network_outage,gated,p2b_uniform,43.5,1.321853,0.5710594,1.320131,0.5718722,0.05798863,0.01791951
network_outage,gated,p2b_uniform,44,1.336859,0.5767461,1.335312,0.5776788,0.05284036,0.01836528
network_outage,gated,p2b_uniform,44.5,1.352459,0.5827281,1.350783,0.5837149,0.05560946,0.01900695
network_outage,gated,p2b_uniform,45,1.36776,0.5890987,1.366325,0.5897869,0.05284197,0.01949478
network_outage,gated,p2b_uniform,45.5,1.383444,0.5950859,1.381904,0.5958026,0.05542482,0.0199598
network_outage,gated,p2b_uniform,46,1.399396,0.6015143,1.397841,0.60216,0.05734972,0.01839454
network_outage,gated,p2b_uniform,46.5,1.41511,0.6075392,1.413422,0.6082317,0.06026684,0.01902901
network_outage,gated,p2b_uniform,47,1.430754,0.6135744,1.429086,0.6144415,0.05841711,0.01910827
network_outage,gated,p2b_uniform,47.5,1.44642,0.6195578,1.444626,0.6204722,0.06117373,0.01963257
network_outage,gated,p2b_uniform,48,1.461358,0.6260081,1.459894,0.6269759,0.05404455,0.01469717
network_outage,gated,p2b_uniform,48.5,1.477142,0.6318472,1.475537,0.6329141,0.05685961,0.01535335
network_outage,gated,p2b_uniform,49,1.493409,0.6379493,1.491874,0.638968,0.05556248,0.01656135
network_outage,gated,p2b_uniform,49.5,1.509201,0.6439677,1.507528,0.6450769,0.05830109,0.01750694
network_outage,gated,p2b_uniform,50,1.525174,0.6500095,1.523415,0.6513995,0.05700691,0.02036631
network_outage,gated,p2b_uniform,50.5,1.541121,0.6560218,1.53922,0.6575074,0.0595739,0.02180358
network_outage,gated,p2b_uniform,51,1.55713,0.6611862,1.554982,0.6630904,0.06009861,0.02669958
network_outage,gated,p2b_uniform,51.5,1.573143,0.6672948,1.570838,0.6693088,0.06275672,0.02809579
network_outage,gated,p2b_uniform,52,1.588825,0.6738872,1.58706,0.6752846,0.0575957,0.02289791
network_outage,gated,p2b_uniform,52.5,1.604788,0.6801895,1.602893,0.6816637,0.06029421,0.02377345
network_outage,gated,p2b_uniform,53,1.620214,0.6867819,1.618766,0.6878077,0.05430962,0.02053499
network_outage,gated,p2b_uniform,53.5,1.636129,0.6930477,1.634583,0.6941335,0.0565094,0.02131089
network_outage,gated,p2b_uniform,54,1.651855,0.69939,1.650025,0.7009391,0.05838541,0.02455966
network_outage,gated,p2b_uniform,54.5,1.667768,0.7055855,1.665805,0.7072361,0.06076697,0.02587952
network_outage,gated,p2b_uniform,55,1.683686,0.7115832,1.681699,0.7134154,0.06049223,0.02400392
network_outage,gated,p2b_uniform,55.5,1.699573,0.7177887,1.697446,0.7197285,0.06303438,0.02515193
network_outage,gated,p2b_uniform,56,1.715558,0.7238668,1.713607,0.7255831,0.06178713,0.02312298
network_outage,gated,p2b_uniform,56.5,1.731312,0.7302293,1.729223,0.7320424,0.06444688,0.02424784
network_outage,gated,p2b_uniform,57,1.746303,0.7372371,1.744368,0.7388782,0.06268511,0.02352888
network_outage,gated,p2b_uniform,57.5,1.762024,0.7437495,1.759938,0.7455065,0.065454,0.02458402
network_outage,gated,p2b_uniform,58,1.777888,0.7503051,1.775896,0.7520112,0.06322236,0.02614598
network_outage,gated,p2b_uniform,58.5,1.793641,0.7568645,1.791494,0.7586872,0.06618079,0.02700368
network_outage,gated,p2b_uniform,59,1.808944,0.7635365,1.807183,0.764999,0.06135614,0.02247308
network_outage,gated,p2b_uniform,59.5,1.824799,0.7700713,1.822913,0.7716324,0.06381268,0.02347864
network_outage,gated,p2b_uniform,60,1.839958,0.7774889,1.838398,0.7783109,0.06247056,0.02560973
network_outage,naive,cyclic,0,0,0,0,0,0,0
network_outage,naive,cyclic,0.5,0.03278935,0.009450625,0.01527247,0.006410403,0.02839605,0.009254729
network_outage,naive,cyclic,1,0.06372131,0.01895469,0.03049938,0.01284285,0.05454726,0.0189018
network_outage,naive,cyclic,1.5,0.09134302,0.02476407,0.04574116,0.01927718,0.07671009,0.0250562
network_outage,naive,cyclic,2,0.1169824,0.03002513,0.06102654,0.02565298,0.09579417,0.03269283
network_outage,naive,cyclic,2.5,0.1364922,0.03522476,0.07624835,0.03201182,0.1074078,0.03953799
network_outage,naive,cyclic,3,0.1447168,0.04984525,0.09143159,0.03825539,0.1050387,0.0515047
network_outage,naive,cyclic,3.5,0.1615336,0.05362824,0.1066467,0.04459417,0.1135594,0.05298323
network_outage,naive,cyclic,4,0.1764096,0.06421654,0.121904,0.050998,0.1178782,0.06333958
network_outage,naive,cyclic,4.5,0.1878088,0.0690445,0.1372696,0.05745739,0.1201078,0.05978753
network_outage,naive,cyclic,5,0.1955983,0.07297995,0.1527152,0.06390459,0.1146483,0.0559388
network_outage,naive,cyclic,5.5,0.209,0.08010239,0.1680694,0.07033422,0.1140312,0.06346611
network_outage,naive,cyclic,6,0.2242275,0.07996122,0.1834013,0.07677133,0.1186679,0.05652027
network_outage,naive,cyclic,6.5,0.2397957,0.0884783,0.1988315,0.08326092,0.1219473,0.06446617
network_outage,naive,cyclic,7,0.2589082,0.09304436,0.2142382,0.08967223,0.1291551,0.0728353
network_outage,naive,cyclic,7.5,0.272037,0.09697613,0.2295927,0.0960258,0.1278585,0.07339721
network_outage,naive,cyclic,8,0.277788,0.09966139,0.2449493,0.102306,0.1184709,0.05254794
network_outage,naive,cyclic,8.5,0.2929573,0.1040929,0.260349,0.1085675,0.1180876,0.05798095
network_outage,naive,cyclic,9,0.3024572,0.1061561,0.2757175,0.1148871,0.0993583,0.06286735
network_outage,naive,cyclic,9.5,0.3144424,0.1139354,0.2910821,0.121169,0.09737375,0.05664257
network_outage,naive,cyclic,10,0.3260155,0.1203983,0.3064357,0.1274861,0.09253702,0.04758463
network_outage,naive,cyclic,10.5,0.339263,0.1256852,0.3219479,0.1338263,0.08829667,0.04161933
network_outage,naive,cyclic,11,0.3519052,0.1326481,0.33752,0.1401806,0.08188041,0.03642955
network_outage,naive,cyclic,11.5,0.3652196,0.1407477,0.3530251,0.1466119,0.07914744,0.03066723
network_outage,naive,cyclic,12,0.3803136,0.1481689,0.3684371,0.1531324,0.07938453,0.03509306
network_outage,naive,cyclic,12.5,0.3953801,0.1547679,0.3838214,0.1596931,0.07844148,0.03814304
network_outage,naive,cyclic,13,0.408339,0.163747,0.3991318,0.1663622,0.07685969,0.02727953
network_outage,naive,cyclic,13.5,0.423302,0.171041,0.4144163,0.1731201,0.07778108,0.02741632
network_outage,naive,cyclic,14,0.4380947,0.1780682,0.4297175,0.179828,0.07667739,0.02887513
network_outage,naive,cyclic,14.5,0.4523251,0.1842369,0.4450383,0.1866391,0.07105277,0.02603728
network_outage,naive,cyclic,15,0.4679101,0.1908113,0.4602756,0.1933362,0.07357518,0.02812661
network_outage,naive,cyclic,15.5,0.4828074,0.1972823,0.475548,0.2000232,0.07239288,0.02679062
network_outage,naive,cyclic,16,0.4965079,0.2046818,0.4908478,0.2069683,0.0632035,0.02713846
network_outage,naive,cyclic,16.5,0.5125558,0.2114194,0.5061335,0.2138975,0.06858283,0.02969178
network_outage,naive,cyclic,17,0.5282519,0.2182833,0.5214616,0.2209171,0.07098756,0.03227727
network_outage,naive,cyclic,17.5,0.5440184,0.2256482,0.5367707,0.2278289,0.07644257,0.03325004
network_outage,naive,cyclic,18,0.557987,0.2325151,0.551957,0.2347525,0.06936497,0.03057598
network_outage,naive,cyclic,18.5,0.5733874,0.2388191,0.5670786,0.2416451,0.07103677,0.03006786
network_outage,naive,cyclic,19,0.5878795,0.2460989,0.5822411,0.2485928,0.06981685,0.02408883
network_outage,naive,cyclic,19.5,0.6036809,0.2525344,0.5973709,0.2556432,0.07388549,0.02552127
network_outage,naive,cyclic,20,0.6191641,0.2590342,0.612561,0.2627124,0.07516024,0.02637817
network_outage,naive,cyclic,20.5,0.6346009,0.266016,0.6276848,0.2698089,0.07812571,0.02706208
network_outage,naive,cyclic,21,0.6499951,0.2729678,0.6427606,0.2768845,0.08108416,0.02775558
network_outage,naive,cyclic,21.5,0.6653913,0.2799409,0.6578299,0.2839707,0.08409909,0.02854029
network_outage,naive,cyclic,22,0.6807413,0.2868688,0.6728344,0.2910027,0.08723217,0.02944532
network_outage,naive,cyclic,22.5,0.6960999,0.2938058,0.6878323,0.2980498,0.09041103,0.03045878
network_outage,naive,cyclic,23,0.7114406,0.3006596,0.7027905,0.3050308,0.09370862,0.03140095
network_outage,naive,cyclic,23.5,0.7267861,0.3073956,0.7177314,0.3119151,0.09710711,0.03229619
network_outage,naive,cyclic,24,0.7421659,0.3140808,0.7326838,0.3187747,0.1005587,0.03325385
network_outage,naive,cyclic,24.5,0.7574801,0.320752,0.7475394,0.3256371,0.1041606,0.03420919
network_outage,naive,cyclic,25,0.772903,0.3273906,0.7624776,0.3324655,0.1079617,0.03509228
network_outage,naive,cyclic,25.5,0.7883181,0.3339899,0.7774134,0.3392297,0.1118014,0.035882
network_outage,naive,cyclic,26,0.8037505,0.3405406,0.7923436,0.3459619,0.115726,0.03668218
network_outage,naive,cyclic,26.5,0.8192134,0.3471356,0.8072886,0.3527437,0.1197277,0.03744857
network_outage,naive,cyclic,27,0.8346366,0.3537746,0.8221874,0.3595652,0.1237813,0.03811689
network_outage,naive,cyclic,27.5,0.8500081,0.3603375,0.8370293,0.3662987,0.1278856,0.03874263
network_outage,naive,cyclic,28,0.8653305,0.3668472,0.8518256,0.3729693,0.1319452,0.03944145
network_outage,naive,cyclic,28.5,0.8806567,0.3732616,0.8666163,0.3795706,0.136004,0.0400422
network_outage,naive,cyclic,29,0.8959755,0.3796492,0.8814036,0.3861539,0.1399939,0.0406427
network_outage,naive,cyclic,29.5,0.9112519,0.38607,0.8961408,0.392774,0.144009,0.041204
network_outage,naive,cyclic,30,0.924494,0.394222,0.9109652,0.3994309,0.1389616,0.04096137
network_outage,naive,cyclic,30.5,0.9353347,0.4020521,0.9257908,0.4059367,0.1187495,0.02673721
network_outage,naive,cyclic,31,0.9487184,0.4097156,0.9406292,0.412427,0.1110307,0.02969693
network_outage,naive,cyclic,31.5,0.9639993,0.4155126,0.9554255,0.4192404,0.1112205,0.03449671
network_outage,naive,cyclic,32,0.9779776,0.4228049,0.9703137,0.4256014,0.1079123,0.03296809
network_outage,naive,cyclic,32.5,0.9925207,0.4290211,0.9850889,0.4320475,0.1050041,0.03547574
network_outage,naive,cyclic,33,1.007409,0.4347814,0.9999613,0.4385642,0.102087,0.03826285
network_outage,naive,cyclic,33.5,1.022492,0.4427634,1.015095,0.4455215,0.1074334,0.03558148
network_outage,naive,cyclic,34,1.036767,0.4506568,1.030274,0.4519018,0.1018409,0.04566845
network_outage,naive,cyclic,34.5,1.051251,0.4548516,1.045147,0.4580742,0.09416643,0.03455409
network_outage,naive,cyclic,35,1.066495,0.4606855,1.060436,0.4640751,0.09477853,0.03121935
network_outage,naive,cyclic,35.5,1.079251,0.4695213,1.075679,0.4709644,0.07666918,0.02361016
network_outage,naive,cyclic,36,1.093597,0.4767777,1.090884,0.4774286,0.06729977,0.02915496
network_outage,naive,cyclic,36.5,1.108256,0.4831452,1.106116,0.4837073,0.05888394,0.02821982
network_outage,naive,cyclic,37,1.123259,0.4894831,1.121457,0.4899186,0.05576877,0.02359809
network_outage,naive,cyclic,37.5,1.138166,0.495907,1.136505,0.4960632,0.05501645,0.02520986
network_outage,naive,cyclic,38,1.153197,0.5017819,1.151733,0.5020926,0.05151777,0.02114875
network_outage,naive,cyclic,38.5,1.168461,0.5077696,1.166916,0.5081159,0.05378374,0.02006025
network_outage,naive,cyclic,39,1.183546,0.514166,1.182212,0.5143316,0.05069677,0.02110482
network_outage,naive,cyclic,39.5,1.198914,0.5199106,1.197466,0.5202485,0.0526163,0.01968496
network_outage,naive,cyclic,40,1.214283,0.5260881,1.212776,0.5264936,0.05361543,0.01998025
network_outage,naive,cyclic,40.5,1.229714,0.5325832,1.228261,0.5329219,0.0529891,0.0210905
network_outage,naive,cyclic,41,1.245192,0.5388856,1.243695,0.5392966,0.05451576,0.01876228
network_outage,naive,cyclic,41.5,1.260491,0.544983,1.258968,0.5454858,0.05472523,0.0183371
network_outage,naive,cyclic,42,1.275941,0.5512204,1.274334,0.5517757,0.05657636,0.01820491
network_outage,naive,cyclic,42.5,1.290835,0.5577829,1.289388,0.5581692,0.0558839,0.01450856
network_outage,naive,cyclic,43,1.306337,0.563768,1.304752,0.5641794,0.05907122,0.01474464
network_outage,naive,cyclic,43.5,1.321728,0.5700163,1.320358,0.5703844,0.05486676,0.01482752
network_outage,naive,cyclic,44,1.337148,0.5760957,1.335725,0.5764894,0.05647416,0.01387313
network_outage,naive,cyclic,44.5,1.353404,0.5819382,1.351949,0.5824947,0.05540032,0.01630704
network_outage,naive,cyclic,45,1.369073,0.5879638,1.367592,0.5883748,0.05765007,0.01684706
network_outage,naive,cyclic,45.5,1.384567,0.5939211,1.383126,0.594261,0.05710903,0.01900278
network_outage,naive,cyclic,46,1.400448,0.6001738,1.398775,0.6005602,0.06191539,0.02073157
network_outage,naive,cyclic,46.5,1.416014,0.6061058,1.414333,0.6064958,0.06250474,0.02055348
network_outage,naive,cyclic,47,1.431659,0.6121803,1.430024,0.6125428,0.06161969,0.02205329
network_outage,naive,cyclic,47.5,1.44728,0.6183397,1.445484,0.6188539,0.0640785,0.02259611
network_outage,naive,cyclic,48,1.461989,0.6243269,1.460374,0.6249281,0.05979252,0.02126499
network_outage,naive,cyclic,48.5,1.47781,0.6298167,1.476169,0.6304393,0.05862234,0.02643544
network_outage,naive,cyclic,49,1.493792,0.6356892,1.49196,0.6367395,0.06115302,0.0220111
network_outage,naive,cyclic,49.5,1.508762,0.6414039,1.507133,0.6421593,0.05932996,0.02228176
network_outage,naive,cyclic,50,1.524401,0.6469826,1.522544,0.6479075,0.06307315,0.02390176
network_outage,naive,cyclic,50.5,1.540454,0.6534823,1.538624,0.65453,0.06072183,0.0260623
network_outage,naive,cyclic,51,1.556,0.6596347,1.554379,0.6606688,0.05496321,0.02756244
network_outage,naive,cyclic,51.5,1.571517,0.6657409,1.569789,0.6668892,0.05720866,0.02715224
network_outage,naive,cyclic,52,1.587348,0.6715295,1.585419,0.6730198,0.06080784,0.02335958
network_outage,naive,cyclic,52.5,1.603324,0.6779562,1.601466,0.6793508,0.05942452,0.02560763
network_outage,naive,cyclic,53,1.618997,0.6845717,1.617228,0.6858881,0.05765765,0.02689853
network_outage,naive,cyclic,53.5,1.634102,0.6911624,1.632707,0.6920947,0.05433005,0.0199342
network_outage,naive,cyclic,54,1.65027,0.6977536,1.648681,0.6988276,0.0575923,0.02294385
network_outage,naive,cyclic,54.5,1.666281,0.7042476,1.664721,0.7053065,0.05784282,0.02137966
network_outage,naive,cyclic,55,1.682553,0.7101036,1.680704,0.7116515,0.05990837,0.02384497
network_outage,naive,cyclic,55.5,1.69813,0.7159999,1.69616,0.7177859,0.06033781,0.02537945
network_outage,naive,cyclic,56,1.713395,0.7226481,1.711687,0.7240735,0.05771485,0.02425544
network_outage,naive,cyclic,56.5,1.728982,0.7295204,1.727328,0.7307019,0.0589368,0.02517288
network_outage,naive,cyclic,57,1.744939,0.7361479,1.743209,0.737443,0.05964402,0.02645574
network_outage,naive,cyclic,57.5,1.760866,0.7429593,1.75903,0.744096,0.06391776,0.02849047
network_outage,naive,cyclic,58,1.7765,0.7493836,1.774677,0.7503758,0.06404881,0.03176751
network_outage,naive,cyclic,58.5,1.792372,0.755884,1.790393,0.7569451,0.06785386,0.03180871
network_outage,naive,cyclic,59,1.808091,0.7621789,1.806023,0.7633365,0.06907976,0.03282683
network_outage,naive,cyclic,59.5,1.823612,0.7684497,1.821431,0.7700742,0.06878082,0.02981925
network_outage,naive,cyclic,60,1.839242,0.7751221,1.836986,0.7767459,0.07097018,0.03017033
network_outage,naive,information,0,0,0,0,0,0,0
network_outage,naive,information,0.5,0.03208819,0.009391174,0.01527247,0.006410404,0.02756993,0.009236568
network_outage,naive,information,1,0.06299171,0.01959851,0.03049938,0.01284284,0.0537035,0.01951739
network_outage,naive,information,1.5,0.0889885,0.02540623,0.04574111,0.01927723,0.07388253,0.02571599
network_outage,naive,information,2,0.1173601,0.03055824,0.06102643,0.02565308,0.09648368,0.03247687
network_outage,naive,information,2.5,0.1298881,0.03688717,0.07624798,0.03201184,0.1000037,0.03805186
network_outage,naive,information,3,0.148025,0.04617256,0.09143143,0.03825512,0.1100093,0.04684428
network_outage,naive,information,3.5,0.1624998,0.05590056,0.1066469,0.04459335,0.1136124,0.05807743
network_outage,naive,information,4,0.1826508,0.06163445,0.121906,0.05099607,0.12591,0.06312239
network_outage,naive,information,4.5,0.1933492,0.0715249,0.1372701,0.05745547,0.1248738,0.0701226
network_outage,naive,information,5,0.2085158,0.07034986,0.1527164,0.06390123,0.1292077,0.06715539
network_outage,naive,information,5.5,0.2325045,0.0803851,0.1680756,0.07033102,0.1445246,0.08182876
network_outage,naive,information,6,0.2371944,0.07943292,0.1834085,0.07676431,0.1390446,0.06228217
network_outage,naive,information,6.5,0.2397105,0.07811394,0.1988392,0.08325403,0.1238274,0.04356349
network_outage,naive,information,7,0.2494115,0.08681289,0.2142447,0.08966743,0.1096956,0.06319209
network_outage,naive,information,7.5,0.258236,0.09519977,0.2296026,0.09601874,0.1040121,0.05620636
network_outage,naive,information,8,0.2715619,0.09431056,0.2449594,0.1023021,0.1060397,0.03250439
network_outage,naive,information,8.5,0.2781844,0.1063199,0.2603629,0.1085551,0.08936346,0.03487838
network_outage,naive,information,9,0.2942362,0.1110911,0.275739,0.1148781,0.0908379,0.03944976
network_outage,naive,information,9.5,0.30519,0.1164655,0.2911097,0.121154,0.08157926,0.02680365
network_outage,naive,information,10,0.3189235,0.1227769,0.3064762,0.1274624,0.07737573,0.02682674
network_outage,naive,information,10.5,0.3312917,0.1315685,0.3219961,0.133791,0.06907177,0.02793782
network_outage,naive,information,11,0.3456222,0.1383374,0.3375842,0.1401511,0.06628618,0.02550429
network_outage,naive,information,11.5,0.3612832,0.1450024,0.3530882,0.1465905,0.06861041,0.02727778
network_outage,naive,information,12,0.3773759,0.1519349,0.3685073,0.1530761,0.07479087,0.026962
network_outage,naive,information,12.5,0.3925179,0.1587026,0.3838192,0.1596842,0.07341167,0.03351349
network_outage,naive,information,13,0.4082317,0.1642089,0.3991461,0.166404,0.07375173,0.0356409
network_outage,naive,information,13.5,0.4219589,0.1713298,0.4144388,0.1731292,0.06842346,0.0327544
network_outage,naive,information,14,0.435756,0.1783868,0.429755,0.1798846,0.06373459,0.02558705
network_outage,naive,information,14.5,0.4510949,0.1851436,0.4450658,0.1866054,0.06525551,0.0257218
network_outage,naive,information,15,0.4667936,0.1919671,0.4604107,0.1932917,0.06782869,0.0296069
network_outage,naive,information,15.5,0.4829415,0.1976901,0.4756128,0.2000926,0.07238916,0.03038204
network_outage,naive,information,16,0.4967723,0.2053974,0.4908832,0.2070653,0.06719871,0.02610023
network_outage,naive,information,16.5,0.5122427,0.2124607,0.5061745,0.2140779,0.06906264,0.02819029
network_outage,naive,information,17,0.5277849,0.2193078,0.5214425,0.2211955,0.07302113,0.02367732
network_outage,naive,information,17.5,0.5433286,0.2261903,0.5367211,0.228168,0.07360858,0.03016585
network_outage,naive,information,18,0.5578248,0.2334586,0.5520066,0.2351937,0.07130912,0.02512503
network_outage,naive,information,18.5,0.5722184,0.2402513,0.5671719,0.2420842,0.06704503,0.02090281
network_outage,naive,information,19,0.5877937,0.2472706,0.58225,0.2490829,0.07225949,0.02078377
network_outage,naive,information,19.5,0.6027565,0.2537135,0.5974054,0.2560877,0.06958102,0.02129572
network_outage,naive,information,20,0.6182949,0.2603053,0.6124421,0.2631603,0.07259893,0.02323506
network_outage,naive,information,20.5,0.6338074,0.2672173,0.6275606,0.2702764,0.07585699,0.02434578
network_outage,naive,information,21,0.6492986,0.27408,0.6426318,0.2773711,0.07921606,0.02541806
network_outage,naive,information,21.5,0.6648293,0.2809361,0.6576974,0.2844753,0.08283284,0.02655149
network_outage,naive,information,22,0.6803155,0.2877321,0.6726989,0.2915238,0.08654469,0.02769932
network_outage,naive,information,22.5,0.695817,0.294543,0.6876947,0.2985867,0.0903537,0.02892811
network_outage,naive,information,23,0.7112974,0.30129,0.7026517,0.3055823,0.0942425,0.03023307
network_outage,naive,information,23.5,0.7267804,0.3079268,0.7175923,0.3124794,0.09817195,0.03162287
network_outage,naive,information,24,0.7422734,0.3145445,0.7325456,0.3193507,0.1020691,0.03299737
network_outage,naive,information,24.5,0.7576807,0.3211545,0.7474029,0.3262233,0.105947,0.03443961
network_outage,naive,information,25,0.7731736,0.3277353,0.7623441,0.3330604,0.1097985,0.03598662
network_outage,naive,information,25.5,0.7886778,0.3342333,0.7772839,0.3398318,0.1136866,0.03745516
network_outage,naive,information,26,0.8042125,0.3406744,0.7922196,0.3465698,0.1177247,0.03890151
network_outage,naive,information,26.5,0.8197723,0.3471694,0.8071714,0.3533554,0.1218264,0.04029418
network_outage,naive,information,27,0.8352755,0.3537299,0.8220782,0.3601791,0.1258776,0.04172039
network_outage,naive,information,27.5,0.8507344,0.3602063,0.8369291,0.3669134,0.1299458,0.0432824
network_outage,naive,information,28,0.866143,0.3666331,0.8517354,0.373583,0.1339738,0.0448887
network_outage,naive,information,28.5,0.8815485,0.3729673,0.8665376,0.3801809,0.1378869,0.04663755
network_outage,naive,information,29,0.8969399,0.3792886,0.8813376,0.3867585,0.1417131,0.04841066
network_outage,naive,information,29.5,0.912287,0.385641,0.896088,0.3933713,0.1455282,0.05020464
network_outage,naive,information,30,0.9223571,0.3964882,0.9108763,0.4001456,0.1310732,0.03400843
network_outage,naive,information,30.5,0.9329568,0.4041078,0.9259169,0.4067862,0.1009621,0.02954975
network_outage,naive,information,31,0.9469733,0.4097603,0.9406608,0.4130265,0.09089634,0.03403542
network_outage,naive,information,31.5,0.9620056,0.4162777,0.9554431,0.4196561,0.09278061,0.03687894
network_outage,naive,information,32,0.9755579,0.4236333,0.9702381,0.4261018,0.08671029,0.02973548
network_outage,naive,information,32.5,0.9901087,0.4304056,0.9849711,0.4323377,0.08734592,0.03135928
network_outage,naive,information,33,1.005909,0.43672,0.9999158,0.4390207,0.09539614,0.03254469
network_outage,naive,information,33.5,1.020641,0.4440409,1.014639,0.4460614,0.09699056,0.03400362
network_outage,naive,information,34,1.03505,0.4502261,1.029711,0.4525481,0.08912143,0.03386124
network_outage,naive,information,34.5,1.049385,0.4575688,1.044875,0.4592909,0.08481379,0.02811402
network_outage,naive,information,35,1.063788,0.4636912,1.059994,0.465293,0.07776324,0.02503506
network_outage,naive,information,35.5,1.078573,0.4700764,1.075265,0.4719596,0.0703404,0.02274635
network_outage,naive,information,36,1.094234,0.4764807,1.090623,0.4786491,0.07270023,0.0258515
network_outage,naive,information,36.5,1.108709,0.4836904,1.105862,0.4850958,0.0678017,0.02088062
network_outage,naive,information,37,1.123417,0.4906349,1.121221,0.491373,0.06220213,0.01979623
network_outage,naive,information,37.5,1.138737,0.4968124,1.13635,0.4975709,0.06512023,0.02232876
network_outage,naive,information,38,1.153512,0.5030623,1.151594,0.503877,0.05837778,0.01561817
network_outage,naive,information,38.5,1.168902,0.5096802,1.167046,0.5103015,0.05891947,0.01660556
network_outage,naive,information,39,1.18409,0.5157248,1.182188,0.5165666,0.05782841,0.0186614
network_outage,naive,information,39.5,1.199445,0.521823,1.197684,0.5227514,0.05486314,0.01751422
network_outage,naive,information,40,1.215254,0.5279342,1.213577,0.52897,0.05259672,0.01672347
network_outage,naive,information,40.5,1.2302,0.5341909,1.228666,0.5350469,0.0517196,0.01546661
network_outage,naive,information,41,1.245527,0.5407555,1.243846,0.5417588,0.0535424,0.01730357
network_outage,naive,information,41.5,1.260562,0.5470722,1.25879,0.5481246,0.05552109,0.01734695
network_outage,naive,information,42,1.2761,0.5531157,1.274495,0.5542077,0.05172552,0.01680083
network_outage,naive,information,42.5,1.291727,0.5593234,1.290102,0.5603732,0.05240167,0.01869978
network_outage,naive,information,43,1.307905,0.5653519,1.306118,0.5665563,0.05499124,0.0192076
network_outage,naive,information,43.5,1.323463,0.5715226,1.32161,0.5726885,0.05712374,0.01970777
network_outage,naive,information,44,1.339126,0.5772131,1.337213,0.578384,0.05940592,0.01795835
network_outage,naive,information,44.5,1.354873,0.5834772,1.353107,0.5844416,0.05724313,0.02142048
network_outage,naive,information,45,1.370532,0.5896689,1.368795,0.5905956,0.05846054,0.01781509
network_outage,naive,information,45.5,1.385821,0.5957162,1.38427,0.5963975,0.05701831,0.01694733
network_outage,naive,information,46,1.401246,0.6016435,1.399684,0.6024201,0.05674791,0.01677306
network_outage,naive,information,46.5,1.416959,0.6074892,1.415149,0.6083842,0.06155017,0.01781872
network_outage,naive,information,47,1.432248,0.613581,1.43039,0.6144,0.06366391,0.01808527
network_outage,naive,information,47.5,1.44789,0.6198229,1.446081,0.6206863,0.06098732,0.02287361
network_outage,naive,information,48,1.463569,0.6259418,1.461746,0.6267933,0.06112501,0.0247491
network_outage,naive,information,48.5,1.479454,0.6314634,1.477529,0.6324843,0.0625614,0.02413418
network_outage,naive,information,49,1.495643,0.6377341,1.493641,0.6389938,0.06206581,0.02524063
network_outage,naive,information,49.5,1.511223,0.644088,1.509288,0.6452812,0.06192712,0.02405063
network_outage,naive,information,50,1.527237,0.6503931,1.525225,0.6514714,0.0634016,0.02878067
network_outage,naive,information,50.5,1.543172,0.6566003,1.541241,0.657682,0.06289169,0.02619076
network_outage,naive,information,51,1.558658,0.6623366,1.556811,0.6633863,0.06165059,0.02576198
network_outage,naive,information,51.5,1.57419,0.6684581,1.572482,0.6694964,0.06082013,0.01929158
network_outage,naive,information,52,1.59065,0.6742236,1.588397,0.6760656,0.06540125,0.02343029
network_outage,naive,information,52.5,1.606199,0.6809076,1.604221,0.6824792,0.0620968,0.02198185
network_outage,naive,information,53,1.622035,0.6866135,1.619752,0.6885527,0.06586011,0.0235969
network_outage,naive,information,53.5,1.637156,0.6929929,1.635159,0.6944959,0.06465329,0.01975795
network_outage,naive,information,54,1.652981,0.6992488,1.651096,0.7006513,0.06241286,0.02222437
network_outage,naive,information,54.5,1.668593,0.7066166,1.667176,0.7073752,0.05798143,0.01908621
network_outage,naive,information,55,1.684248,0.7130719,1.682809,0.7137901,0.06003812,0.01673236
network_outage,naive,information,55.5,1.699912,0.7188035,1.698398,0.7197171,0.05955345,0.01917767
network_outage,naive,information,56,1.715867,0.7249851,1.714398,0.7258334,0.05970031,0.01789477
network_outage,naive,information,56.5,1.731405,0.7318046,1.729957,0.7325742,0.05955472,0.02033236
network_outage,naive,information,57,1.747115,0.738122,1.745475,0.7391058,0.06200174,0.02301584
network_outage,naive,information,57.5,1.763022,0.7449337,1.76138,0.7457738,0.06523957,0.01888133
network_outage,naive,information,58,1.779263,0.7513205,1.777392,0.7525564,0.0662992,0.02271657
network_outage,naive,information,58.5,1.79464,0.7577853,1.792655,0.7591774,0.06723677,0.02496996
network_outage,naive,information,59,1.810316,0.763769,1.808151,0.7653802,0.06936392,0.026771
network_outage,naive,information,59.5,1.826186,0.7703829,1.823988,0.7719845,0.07066122,0.02689196
network_outage,naive,information,60,1.842039,0.7772859,1.839962,0.7786766,0.07062054,0.02526064
network_outage,naive,p2b_uniform,0,0,0,0,0,0,0
network_outage,naive,p2b_uniform,0.5,0.0329652,0.009203608,0.01527247,0.006410404,0.02858988,0.009032506
network_outage,naive,p2b_uniform,1,0.06316448,0.01873036,0.03049939,0.01284283,0.05440688,0.01704557
network_outage,naive,p2b_uniform,1.5,0.0946875,0.02793201,0.04574116,0.01927717,0.08152644,0.02544482
network_outage,naive,p2b_uniform,2,0.1069754,0.033213,0.06102645,0.02565313,0.08457182,0.03227988
network_outage,naive,p2b_uniform,2.5,0.1337019,0.0415011,0.07624838,0.03201184,0.1057042,0.04041502
network_outage,naive,p2b_uniform,3,0.140127,0.05189401,0.09143153,0.03825517,0.1005153,0.04963619
network_outage,naive,p2b_uniform,3.5,0.1636959,0.06057324,0.106647,0.04459374,0.1175824,0.0579803
network_outage,naive,p2b_uniform,4,0.1755514,0.0664501,0.1219048,0.05099694,0.1175718,0.0637311
network_outage,naive,p2b_uniform,4.5,0.1977338,0.07471628,0.1372684,0.057457,0.1325664,0.07144641
network_outage,naive,p2b_uniform,5,0.2014905,0.0694466,0.1527135,0.06390524,0.1190429,0.06331051
network_outage,naive,p2b_uniform,5.5,0.2217787,0.07639334,0.1680712,0.0703364,0.1311158,0.06951564
network_outage,naive,p2b_uniform,6,0.2174492,0.07585697,0.1833986,0.07677393,0.1034192,0.05448924
network_outage,naive,p2b_uniform,6.5,0.235835,0.08217776,0.1988283,0.08326368,0.1123144,0.0589406
network_outage,naive,p2b_uniform,7,0.2455898,0.09050709,0.2142318,0.08967515,0.09943091,0.07015022
network_outage,naive,p2b_uniform,7.5,0.2633719,0.0968708,0.2295902,0.09602851,0.1069084,0.07524025
network_outage,naive,p2b_uniform,8,0.2684937,0.09988821,0.2449514,0.1023035,0.09593152,0.05048079
network_outage,naive,p2b_uniform,8.5,0.2854423,0.1060588,0.2603555,0.1085644,0.1022793,0.05351216
network_outage,naive,p2b_uniform,9,0.2916213,0.1067368,0.2757141,0.114905,0.07733858,0.03732646
network_outage,naive,p2b_uniform,9.5,0.3078976,0.1125727,0.2910742,0.1211791,0.08191126,0.03915066
network_outage,naive,p2b_uniform,10,0.3217984,0.1217161,0.3064639,0.1274995,0.07814034,0.04767138
network_outage,naive,p2b_uniform,10.5,0.338095,0.1277459,0.3220024,0.1338388,0.0821922,0.04976796
network_outage,naive,p2b_uniform,11,0.3543276,0.136043,0.3375499,0.1401887,0.08786605,0.05428733
network_outage,naive,p2b_uniform,11.5,0.3706296,0.1422795,0.3530511,0.1466289,0.09215992,0.0565128
network_outage,naive,p2b_uniform,12,0.3853453,0.150017,0.3684465,0.1531045,0.09041787,0.06218511
network_outage,naive,p2b_uniform,12.5,0.4014688,0.1564363,0.3837727,0.1597134,0.09461256,0.06456304
network_outage,naive,p2b_uniform,13,0.411808,0.1636071,0.3990485,0.1663929,0.08545804,0.04778985
network_outage,naive,p2b_uniform,13.5,0.4276855,0.1701656,0.414332,0.1731055,0.08915909,0.0495855
network_outage,naive,p2b_uniform,14,0.4414584,0.1795296,0.4297736,0.1798047,0.08600582,0.05320555
network_outage,naive,p2b_uniform,14.5,0.457277,0.1862245,0.4450555,0.1865282,0.08955488,0.05525285
network_outage,naive,p2b_uniform,15,0.4714435,0.1911455,0.4603623,0.1931711,0.0874769,0.0451168
network_outage,naive,p2b_uniform,15.5,0.4871497,0.1977981,0.475633,0.1998835,0.09068115,0.04676033
network_outage,naive,p2b_uniform,16,0.4996477,0.2060944,0.4909071,0.2068427,0.08017586,0.04514723
network_outage,naive,p2b_uniform,16.5,0.515328,0.2129975,0.5061698,0.2138432,0.08347033,0.0463956
network_outage,naive,p2b_uniform,17,0.5288176,0.2204015,0.5214456,0.2209926,0.07994426,0.03408301
network_outage,naive,p2b_uniform,17.5,0.5444189,0.2272865,0.5366868,0.2279916,0.08294162,0.03516796
network_outage,naive,p2b_uniform,18,0.5579704,0.2347142,0.5520352,0.235071,0.07382572,0.03209643
network_outage,naive,p2b_uniform,18.5,0.573441,0.2416327,0.5671942,0.2420714,0.07672104,0.03304785
network_outage,naive,p2b_uniform,19,0.5890958,0.2481188,0.5822524,0.2489951,0.07885989,0.03815977
network_outage,naive,p2b_uniform,19.5,0.6047183,0.2550404,0.5974234,0.2560708,0.08233624,0.03960311
network_outage,naive,p2b_uniform,20,0.6203269,0.2619238,0.6125549,0.2631073,0.08595764,0.04107679
network_outage,naive,p2b_uniform,20.5,0.6359491,0.2688681,0.627674,0.2702249,0.0896828,0.04253415
network_outage,naive,p2b_uniform,21,0.6515506,0.2757635,0.6427448,0.2773216,0.093503,0.04395945
network_outage,naive,p2b_uniform,21.5,0.6671897,0.2826483,0.657809,0.2844288,0.09754217,0.04537306
network_outage,naive,p2b_uniform,22,0.6827803,0.2894754,0.6728084,0.2914815,0.1016436,0.0467818
network_outage,naive,p2b_uniform,22.5,0.6983919,0.2963211,0.6878014,0.2985495,0.1058748,0.04824917
network_outage,naive,p2b_uniform,23,0.7139946,0.3031031,0.7027543,0.3055516,0.1102393,0.0498008
network_outage,naive,p2b_uniform,23.5,0.7296052,0.3097798,0.7176899,0.3124567,0.1146731,0.05142858
network_outage,naive,p2b_uniform,24,0.7452403,0.3164304,0.7326368,0.319337,0.119146,0.05306475
network_outage,naive,p2b_uniform,24.5,0.7608074,0.3230727,0.7474867,0.3262203,0.1236841,0.05479422
network_outage,naive,p2b_uniform,25,0.7764592,0.3297036,0.7624194,0.3330692,0.128292,0.05645339
network_outage,naive,p2b_uniform,25.5,0.7921148,0.3362646,0.7773496,0.3398538,0.1328752,0.0581497
network_outage,naive,p2b_uniform,26,0.8077978,0.3427721,0.7922744,0.3466061,0.1375891,0.05979694
network_outage,naive,p2b_uniform,26.5,0.8235048,0.3493348,0.8072142,0.3534072,0.1423679,0.06137123
network_outage,naive,p2b_uniform,27,0.8391502,0.3559462,0.822108,0.3602477,0.1471148,0.06276256
network_outage,naive,p2b_uniform,27.5,0.8547408,0.3624596,0.836945,0.3669993,0.1518364,0.06411039
network_outage,naive,p2b_uniform,28,0.8702889,0.3689186,0.8517365,0.3736875,0.1565338,0.06553836
network_outage,naive,p2b_uniform,28.5,0.885834,0.3752808,0.8665229,0.3803055,0.1611634,0.06696118
network_outage,naive,p2b_uniform,29,0.9013654,0.3816236,0.8813065,0.3869042,0.1656765,0.06847515
network_outage,naive,p2b_uniform,29.5,0.9168663,0.3879986,0.8960401,0.3935388,0.170255,0.07000653
network_outage,naive,p2b_uniform,30,0.9192486,0.3983574,0.9110133,0.4002045,0.1124058,0.033031
network_outage,naive,p2b_uniform,30.5,0.9345004,0.4048324,0.9258189,0.4068342,0.1162597,0.03388048
network_outage,naive,p2b_uniform,31,0.9489618,0.4111374,0.9406138,0.413246,0.1138691,0.03489058
network_outage,naive,p2b_uniform,31.5,0.9642126,0.4175368,0.9554174,0.4198903,0.117437,0.03583144
network_outage,naive,p2b_uniform,32,0.9784082,0.4231319,0.9703473,0.4262301,0.1081834,0.03980327
network_outage,naive,p2b_uniform,32.5,0.9936686,0.4294263,0.98515,0.4327858,0.1117948,0.04112641
network_outage,naive,p2b_uniform,33,1.008498,0.4361788,0.9999706,0.4393825,0.1112638,0.0468255
network_outage,naive,p2b_uniform,33.5,1.023955,0.4426042,1.014975,0.4460473,0.1147827,0.04843094
network_outage,naive,p2b_uniform,34,1.036251,0.4497272,1.029954,0.4523682,0.09398409,0.04487268
network_outage,naive,p2b_uniform,34.5,1.051729,0.4561098,1.04508,0.4589361,0.09727603,0.0461366
network_outage,naive,p2b_uniform,35,1.064997,0.4619429,1.059848,0.4648781,0.0823746,0.04066253
network_outage,naive,p2b_uniform,35.5,1.0805,0.468425,1.075089,0.4714772,0.08537336,0.04169097
network_outage,naive,p2b_uniform,36,1.093903,0.4775045,1.090664,0.4785178,0.07489205,0.02400604
network_outage,naive,p2b_uniform,36.5,1.10935,0.4838082,1.105899,0.4849142,0.07779163,0.02460201
network_outage,naive,p2b_uniform,37,1.12336,0.4906296,1.121,0.491216,0.06429944,0.02547178
network_outage,naive,p2b_uniform,37.5,1.138715,0.4968466,1.136201,0.4974537,0.06695013,0.02642889
network_outage,naive,p2b_uniform,38,1.152989,0.5029628,1.15142,0.5033214,0.05503636,0.01607553
network_outage,naive,p2b_uniform,38.5,1.1684,0.509096,1.166724,0.5094543,0.05759422,0.01622646
network_outage,naive,p2b_uniform,39,1.183661,0.5156442,1.182266,0.5159833,0.05136757,0.01862239
network_outage,naive,p2b_uniform,39.5,1.199112,0.5218255,1.19761,0.5221623,0.05394809,0.01938113
network_outage,naive,p2b_uniform,40,1.214461,0.5278121,1.213002,0.5282422,0.0539111,0.01463296
network_outage,naive,p2b_uniform,40.5,1.229941,0.5340344,1.228365,0.5344865,0.05641671,0.01568079
network_outage,naive,p2b_uniform,41,1.24478,0.5402808,1.243288,0.5408238,0.05394708,0.01604935
network_outage,naive,p2b_uniform,41.5,1.260306,0.5465629,1.258695,0.5471298,0.05655102,0.01685778
network_outage,naive,p2b_uniform,42,1.275611,0.5526125,1.274107,0.5533772,0.05228436,0.01769103
network_outage,naive,p2b_uniform,42.5,1.291198,0.5587826,1.289571,0.5595985,0.05482255,0.01853986
network_outage,naive,p2b_uniform,43,1.306502,0.5650703,1.304912,0.5658679,0.05476383,0.01762071
network_outage,naive,p2b_uniform,43.5,1.32203,0.571017,1.320307,0.5718674,0.05766878,0.01789331
network_outage,naive,p2b_uniform,44,1.337032,0.5767384,1.33549,0.5776758,0.05262675,0.01847421
network_outage,naive,p2b_uniform,44.5,1.352631,0.5827096,1.350962,0.5837042,0.05535002,0.01910473
network_outage,naive,p2b_uniform,45,1.367929,0.5890983,1.366504,0.589779,0.05263234,0.01955785
network_outage,naive,p2b_uniform,45.5,1.383612,0.5950764,1.382083,0.5957865,0.0551763,0.02001299
network_outage,naive,p2b_uniform,46,1.399564,0.6014918,1.39802,0.6021443,0.05700218,0.01839388
network_outage,naive,p2b_uniform,46.5,1.415276,0.6075061,1.4136,0.6082074,0.05988876,0.01899266
network_outage,naive,p2b_uniform,47,1.430927,0.6135417,1.429266,0.614421,0.05803726,0.01939974
network_outage,naive,p2b_uniform,47.5,1.44659,0.6195154,1.444805,0.620443,0.06076574,0.01994864
network_outage,naive,p2b_uniform,48,1.461528,0.6259679,1.460072,0.6269478,0.05348164,0.01544287
network_outage,naive,p2b_uniform,48.5,1.47731,0.6317983,1.475714,0.6328777,0.05627883,0.01612991
network_outage,naive,p2b_uniform,49,1.493578,0.637918,1.49205,0.6389307,0.05535501,0.01684443
network_outage,naive,p2b_uniform,49.5,1.509367,0.6439299,1.507702,0.645032,0.05808453,0.01780775
network_outage,naive,p2b_uniform,50,1.525351,0.6499523,1.523588,0.6513546,0.05681327,0.02083997
network_outage,naive,p2b_uniform,50.5,1.541295,0.6559577,1.539391,0.657455,0.05938396,0.02226572
network_outage,naive,p2b_uniform,51,1.557296,0.6611304,1.555152,0.6630373,0.0597705,0.02716203
network_outage,naive,p2b_uniform,51.5,1.573305,0.6672333,1.571005,0.669249,0.0624353,0.02854975
network_outage,naive,p2b_uniform,52,1.588993,0.6738207,1.587226,0.6752216,0.05779232,0.02241971
network_outage,naive,p2b_uniform,52.5,1.604954,0.6801179,1.603057,0.6815947,0.06051321,0.02324958
network_outage,naive,p2b_uniform,53,1.620373,0.6866963,1.618926,0.6877337,0.05414049,0.02058778
network_outage,naive,p2b_uniform,53.5,1.636286,0.6929568,1.634741,0.694054,0.05635136,0.0213346
network_outage,naive,p2b_uniform,54,1.652026,0.6992844,1.650182,0.7008548,0.05853322,0.02462547
network_outage,naive,p2b_uniform,54.5,1.667938,0.7054754,1.66596,0.7071472,0.06092559,0.02592571
network_outage,naive,p2b_uniform,55,1.683854,0.7114744,1.681851,0.7133206,0.06077932,0.02397532
network_outage,naive,p2b_uniform,55.5,1.699739,0.7176764,1.697597,0.7196302,0.0633153,0.02514365
network_outage,naive,p2b_uniform,56,1.715716,0.7237516,1.713754,0.7254797,0.06205882,0.02288266
network_outage,naive,p2b_uniform,56.5,1.731469,0.7301115,1.729369,0.7319365,0.06470539,0.0240285
network_outage,naive,p2b_uniform,57,1.746338,0.7371931,1.744436,0.7388144,0.06200811,0.02346237
network_outage,naive,p2b_uniform,57.5,1.762056,0.7437053,1.760005,0.7454417,0.06475145,0.02460147
network_outage,naive,p2b_uniform,58,1.777975,0.7502288,1.776,0.7519276,0.06286162,0.02602227
network_outage,naive,p2b_uniform,58.5,1.793726,0.7567881,1.791598,0.7586037,0.06581585,0.02689982
network_outage,naive,p2b_uniform,59,1.809065,0.7634318,1.807311,0.7649082,0.06096936,0.02250807
network_outage,naive,p2b_uniform,59.5,1.82492,0.7699666,1.82304,0.7715426,0.06342011,0.02350945
network_outage,naive,p2b_uniform,60,1.840087,0.7773891,1.838531,0.7782251,0.0621031,0.02578028
nlos,gated,cyclic,0,0,0,0,0,0,0
nlos,gated,cyclic,0.5,0.03278935,0.009450625,0.01527247,0.006410403,0.02839605,0.009254729
nlos,gated,cyclic,1,0.06372131,0.01895469,0.03049938,0.01284285,0.05454726,0.0189018
nlos,gated,cyclic,1.5,0.09134302,0.02476407,0.04574116,0.01927718,0.07671009,0.0250562
nlos,gated,cyclic,2,0.1169824,0.03002513,0.06102654,0.02565298,0.09579417,0.03269283
nlos,gated,cyclic,2.5,0.1364922,0.03522476,0.07624835,0.03201182,0.1074078,0.03953799
nlos,gated,cyclic,3,0.1447168,0.04984525,0.09143159,0.03825539,0.1050387,0.0515047
nlos,gated,cyclic,3.5,0.1615336,0.05362824,0.1066467,0.04459417,0.1135594,0.05298323
nlos,gated,cyclic,4,0.1764096,0.06421654,0.121904,0.050998,0.1178782,0.06333958
nlos,gated,cyclic,4.5,0.1896236,0.06919548,0.1372696,0.05745743,0.1223202,0.06125246
nlos,gated,cyclic,5,0.1981665,0.07313073,0.1527154,0.06390476,0.1181457,0.0579533
nlos,gated,cyclic,5.5,0.2091933,0.08041843,0.1680698,0.0703343,0.1143759,0.06388089
nlos,gated,cyclic,6,0.2250612,0.08030055,0.1834016,0.0767713,0.1199317,0.05766884
nlos,gated,cyclic,6.5,0.2392621,0.08968092,0.1988316,0.08326073,0.1203933,0.06706346
nlos,gated,cyclic,7,0.2583969,0.09382168,0.2142383,0.08967196,0.1279981,0.07406096
nlos,gated,cyclic,7.5,0.2703374,0.097542,0.2295924,0.09602539,0.1253289,0.07211972
nlos,gated,cyclic,8,0.2765464,0.09976195,0.244949,0.1023055,0.1168838,0.04950048
nlos,gated,cyclic,8.5,0.2911774,0.1035644,0.2603483,0.1085669,0.1158983,0.05193602
nlos,gated,cyclic,9,0.3010779,0.1056733,0.2757167,0.1148864,0.09777606,0.05746971
nlos,gated,cyclic,9.5,0.3131741,0.1138686,0.2910809,0.1211683,0.09603591,0.05126926
nlos,gated,cyclic,10,0.3251448,0.1206609,0.3064345,0.1274851,0.0914505,0.04407016
nlos,gated,cyclic,10.5,0.3387171,0.1260505,0.3219464,0.1338255,0.08755547,0.03966092
nlos,gated,cyclic,11,0.351606,0.132949,0.3375185,0.1401796,0.08124468,0.03600014
nlos,gated,cyclic,11.5,0.3648844,0.1410284,0.3530232,0.1466112,0.07847097,0.02959361
nlos,gated,cyclic,12,0.3793409,0.1484908,0.3684369,0.1531312,0.07670117,0.03147358
nlos,gated,cyclic,12.5,0.3944387,0.155092,0.38382,0.1596924,0.07580549,0.0346695
nlos,gated,cyclic,13,0.4078432,0.1640215,0.3991303,0.1663613,0.0750057,0.0265743
nlos,gated,cyclic,13.5,0.4228275,0.1712531,0.4144213,0.1731197,0.07564859,0.02723635
nlos,gated,cyclic,14,0.4378671,0.1782767,0.4297236,0.1798277,0.07523745,0.03038147
nlos,gated,cyclic,14.5,0.4522467,0.1843976,0.4450387,0.1866392,0.07139141,0.02472501
nlos,gated,cyclic,15,0.4678051,0.1910308,0.4602763,0.1933363,0.07377802,0.02718863
nlos,gated,cyclic,15.5,0.4828232,0.1973691,0.4755435,0.2000237,0.07293912,0.02624382
nlos,gated,cyclic,16,0.4965364,0.204697,0.490843,0.2069691,0.06404199,0.02578421
nlos,gated,cyclic,16.5,0.512535,0.2114452,0.5061234,0.2138985,0.06886421,0.028976
nlos,gated,cyclic,17,0.5282457,0.2182861,0.5214508,0.2209184,0.07184145,0.03031492
nlos,gated,cyclic,17.5,0.5442167,0.2256172,0.5367545,0.2278305,0.07889925,0.03057251
nlos,gated,cyclic,18,0.5581273,0.232487,0.5519398,0.2347544,0.0716598,0.02766228
nlos,gated,cyclic,18.5,0.5734068,0.2388395,0.5670572,0.2416471,0.07139268,0.03014011
nlos,gated,cyclic,19,0.5879015,0.2461206,0.5822186,0.2485949,0.07002105,0.02479094
nlos,gated,cyclic,19.5,0.6037488,0.2525213,0.5973447,0.2556455,0.07446382,0.02593193
nlos,gated,cyclic,20,0.6194407,0.2584439,0.6125133,0.2627379,0.07474854,0.02939555
nlos,gated,cyclic,20.5,0.6350458,0.2649798,0.6275957,0.2697946,0.07814688,0.02998063
nlos,gated,cyclic,21,0.6501668,0.2723342,0.6428665,0.2768545,0.07924731,0.02903802
nlos,gated,cyclic,21.5,0.666795,0.277741,0.6580256,0.2839689,0.08372643,0.03676924
nlos,gated,cyclic,22,0.6811511,0.2861431,0.6731056,0.2908787,0.08423138,0.03561249
nlos,gated,cyclic,22.5,0.6965106,0.2933157,0.688121,0.2979636,0.08830251,0.03566383
nlos,gated,cyclic,23,0.711174,0.300515,0.7031252,0.304954,0.08754235,0.03504088
nlos,gated,cyclic,23.5,0.7260878,0.3075242,0.7180439,0.311789,0.08889973,0.03560305
nlos,gated,cyclic,24,0.7409301,0.3146718,0.7329598,0.3185965,0.08955037,0.03793122
nlos,gated,cyclic,24.5,0.7558158,0.3206651,0.7478716,0.3254374,0.08730458,0.03831189
nlos,gated,cyclic,25,0.7709216,0.3271204,0.7628333,0.3322211,0.08794646,0.03941622
nlos,gated,cyclic,25.5,0.7874062,0.3311328,0.7777236,0.3388829,0.09089931,0.04540836
nlos,gated,cyclic,26,0.8028069,0.3371554,0.7927551,0.3455321,0.09216878,0.04713287
nlos,gated,cyclic,26.5,0.8193715,0.3420225,0.80789,0.3522779,0.09530688,0.05463352
nlos,gated,cyclic,27,0.8348659,0.3483339,0.8229016,0.3593381,0.09640738,0.05750566
nlos,gated,cyclic,27.5,0.8504197,0.3542834,0.8377705,0.3659689,0.09855404,0.0619484
nlos,gated,cyclic,28,0.8654398,0.3609752,0.8526462,0.3727811,0.1008028,0.0614714
nlos,gated,cyclic,28.5,0.879835,0.3664598,0.8674323,0.3791089,0.09378913,0.0641958
nlos,gated,cyclic,29,0.8947208,0.3728751,0.8820337,0.3857116,0.09384684,0.06870038
nlos,gated,cyclic,29.5,0.9097561,0.3784365,0.8966282,0.3921504,0.09439222,0.07081978
nlos,gated,cyclic,30,0.9247225,0.385117,0.9114675,0.3989805,0.09485557,0.07265088
nlos,gated,cyclic,30.5,0.9404964,0.3903824,0.9263308,0.4055017,0.09511373,0.07924975
nlos,gated,cyclic,31,0.9558605,0.3964691,0.9411704,0.4119692,0.09984691,0.07943137
nlos,gated,cyclic,31.5,0.972708,0.4007151,0.9557636,0.4188467,0.103703,0.09064428
nlos,gated,cyclic,32,0.9888405,0.4056915,0.9707014,0.4253248,0.1071407,0.09495315
nlos,gated,cyclic,32.5,1.003422,0.4121643,0.9854754,0.4318113,0.1068182,0.09476017
nlos,gated,cyclic,33,1.019111,0.4177691,1.00039,0.4384311,0.1091465,0.09781281
nlos,gated,cyclic,33.5,1.035472,0.4241228,1.015524,0.4455634,0.1155367,0.1018369
nlos,gated,cyclic,34,1.050921,0.4302968,1.030728,0.4520269,0.1143351,0.1063696
nlos,gated,cyclic,34.5,1.066756,0.4349116,1.045463,0.4585283,0.1152379,0.1107341
nlos,gated,cyclic,35,1.082069,0.4401911,1.060762,0.4645846,0.1076419,0.1174364
nlos,gated,cyclic,35.5,1.096053,0.4477712,1.07592,0.4715171,0.1007103,0.1162932
nlos,gated,cyclic,36,1.108235,0.4571492,1.091071,0.4780336,0.08866379,0.109221
nlos,gated,cyclic,36.5,1.123972,0.46274,1.106338,0.4843361,0.0883272,0.1128447
nlos,gated,cyclic,37,1.139062,0.4687704,1.121646,0.4905686,0.08392378,0.114531
nlos,gated,cyclic,37.5,1.15415,0.4749634,1.136752,0.4966708,0.08421116,0.1157531
nlos,gated,cyclic,38,1.169435,0.4805456,1.151975,0.5027247,0.07946423,0.1192014
nlos,gated,cyclic,38.5,1.184707,0.4859983,1.167058,0.5083254,0.08084409,0.1208722
nlos,gated,cyclic,39,1.200274,0.4916692,1.182396,0.5145327,0.07778974,0.1243506
nlos,gated,cyclic,39.5,1.216112,0.4970458,1.197658,0.5205153,0.08183419,0.1263236
nlos,gated,cyclic,40,1.231809,0.5028871,1.212919,0.5267995,0.08336368,0.1291314
nlos,gated,cyclic,40.5,1.243048,0.5142667,1.228557,0.5332219,0.07831831,0.1067216
nlos,gated,cyclic,41,1.25879,0.5202286,1.244003,0.5395132,0.0807557,0.1079662
nlos,gated,cyclic,41.5,1.274362,0.5262555,1.259364,0.5459228,0.08122441,0.1094067
nlos,gated,cyclic,42,1.290053,0.5322534,1.274779,0.5522343,0.08155556,0.1121106
nlos,gated,cyclic,42.5,1.30512,0.5388221,1.289834,0.5586306,0.08356601,0.1125401
nlos,gated,cyclic,43,1.320892,0.5446495,1.30524,0.5646462,0.08747879,0.1141443
nlos,gated,cyclic,43.5,1.336304,0.5506911,1.320789,0.5707421,0.08453991,0.1156925
nlos,gated,cyclic,44,1.351966,0.5566433,1.33617,0.5768257,0.08723778,0.1175073
nlos,gated,cyclic,44.5,1.368153,0.562226,1.352285,0.5827719,0.08572421,0.1190733
nlos,gated,cyclic,45,1.379583,0.5734937,1.367986,0.5886028,0.08104568,0.09522755
nlos,gated,cyclic,45.5,1.395146,0.57935,1.383541,0.5945388,0.07961607,0.0971563
nlos,gated,cyclic,46,1.410116,0.5869339,1.399235,0.6008414,0.08277463,0.09191285
nlos,gated,cyclic,46.5,1.425865,0.5925154,1.414832,0.6066537,0.08423756,0.09255908
nlos,gated,cyclic,47,1.441508,0.5987135,1.430553,0.6127584,0.08300428,0.09409475
nlos,gated,cyclic,47.5,1.457248,0.6047335,1.446021,0.6190284,0.08444026,0.09649426
nlos,gated,cyclic,48,1.471632,0.6111217,1.460856,0.6250807,0.08149973,0.09494494
nlos,gated,cyclic,48.5,1.487609,0.6162211,1.476592,0.6305314,0.0820879,0.09715387
nlos,gated,cyclic,49,1.50336,0.6224381,1.492464,0.6367578,0.08282739,0.0954483
nlos,gated,cyclic,49.5,1.518699,0.6283281,1.507798,0.6426726,0.08171604,0.09730101
nlos,gated,cyclic,50,1.534254,0.6339568,1.523209,0.6483381,0.08492244,0.09754512
nlos,gated,cyclic,50.5,1.547333,0.6446577,1.53951,0.6545119,0.07858717,0.07820803
nlos,gated,cyclic,51,1.56085,0.6538618,1.555474,0.6604567,0.06869265,0.06326173
nlos,gated,cyclic,51.5,1.575981,0.6600858,1.570892,0.6663577,0.0686162,0.05984185
nlos,gated,cyclic,52,1.591348,0.6664365,1.586479,0.6724997,0.06971821,0.05524
nlos,gated,cyclic,52.5,1.607125,0.6730907,1.602528,0.6786793,0.06828431,0.05538541
nlos,gated,cyclic,53,1.622759,0.6798264,1.618438,0.6850732,0.06583055,0.05495321
nlos,gated,cyclic,53.5,1.637886,0.6866168,1.634116,0.6910291,0.06424186,0.05063402
nlos,gated,cyclic,54,1.653948,0.6934114,1.650063,0.6978268,0.06710634,0.05128647
nlos,gated,cyclic,54.5,1.669471,0.7004108,1.66604,0.7042573,0.06556648,0.04599427
nlos,gated,cyclic,55,1.686022,0.7058736,1.681963,0.7106842,0.06841016,0.05145952
nlos,gated,cyclic,55.5,1.701593,0.7120989,1.697464,0.7170421,0.06912188,0.05178255
nlos,gated,cyclic,56,1.716616,0.7190419,1.712968,0.7232585,0.06679466,0.04890714
nlos,gated,cyclic,56.5,1.731739,0.726436,1.728599,0.7297877,0.06614269,0.04416793
nlos,gated,cyclic,57,1.747549,0.7332206,1.744475,0.7364766,0.06643505,0.04318337
nlos,gated,cyclic,57.5,1.76297,0.7407169,1.760336,0.7430413,0.06842633,0.03730598
nlos,gated,cyclic,58,1.778647,0.7470336,1.775974,0.7492967,0.06817479,0.04148661
nlos,gated,cyclic,58.5,1.794322,0.7541016,1.791752,0.7558382,0.07371916,0.03684764
nlos,gated,cyclic,59,1.810101,0.7602967,1.807375,0.7622258,0.07569655,0.03758346
nlos,gated,cyclic,59.5,1.825567,0.7665984,1.822786,0.7689832,0.0741619,0.03501141
nlos,gated,cyclic,60,1.841237,0.7732031,1.838338,0.7756542,0.07666979,0.03524963
nlos,gated,information,0,0,0,0,0,0,0
nlos,gated,information,0.5,0.03208819,0.009391174,0.01527247,0.006410404,0.02756993,0.009236568
nlos,gated,information,1,0.06299171,0.01959851,0.03049938,0.01284284,0.0537035,0.01951739
nlos,gated,information,1.5,0.08950014,0.02564303,0.0457411,0.01927723,0.07444939,0.02609638
nlos,gated,information,2,0.1174847,0.0306057,0.06102641,0.02565308,0.09662293,0.03255982
nlos,gated,information,2.5,0.130271,0.03706536,0.07624795,0.03201184,0.1004427,0.0383841
nlos,gated,information,3,0.1477745,0.0461119,0.09143147,0.03825511,0.1097106,0.04668915
nlos,gated,information,3.5,0.1630827,0.0561473,0.1066469,0.04459334,0.1143087,0.05859473
nlos,gated,information,4,0.1837288,0.06210047,0.1219062,0.05099604,0.1272096,0.06412107
nlos,gated,information,4.5,0.1939163,0.07182103,0.1372696,0.05745553,0.1255672,0.07076826
nlos,gated,information,5,0.2077955,0.06955893,0.152716,0.06390127,0.1283634,0.06567027
nlos,gated,information,5.5,0.2314517,0.0790146,0.1680753,0.07033106,0.1433184,0.07955406
nlos,gated,information,6,0.236033,0.07835991,0.1834083,0.07676432,0.1376253,0.05953644
nlos,gated,information,6.5,0.2410453,0.07852523,0.1988395,0.08325401,0.1257592,0.04615248
nlos,gated,information,7,0.251888,0.08649794,0.2142438,0.08966753,0.1147045,0.06373947
nlos,gated,information,7.5,0.2638093,0.09443996,0.2296017,0.09601913,0.1129025,0.06362461
nlos,gated,information,8,0.275464,0.09242496,0.24496,0.1023027,0.1116638,0.04076799
nlos,gated,information,8.5,0.2848649,0.1019499,0.2603645,0.1085569,0.09987676,0.04658572
nlos,gated,information,9,0.2984503,0.1071095,0.2757416,0.1148793,0.0974199,0.04483854
nlos,gated,information,9.5,0.3085232,0.1138426,0.2911102,0.121157,0.08820238,0.03290896
nlos,gated,information,10,0.3224271,0.1199024,0.306468,0.1274577,0.0873885,0.02563629
nlos,gated,information,10.5,0.3341273,0.1291562,0.3219894,0.1337885,0.07803959,0.02746471
nlos,gated,information,11,0.3463162,0.1380272,0.3375745,0.140141,0.07005936,0.02320174
nlos,gated,information,11.5,0.3613344,0.1448503,0.353086,0.1465751,0.06759758,0.02983974
nlos,gated,information,12,0.3771798,0.1511513,0.3685081,0.1530497,0.07216477,0.02733865
nlos,gated,information,12.5,0.3933158,0.1571657,0.3838295,0.1596429,0.07494187,0.03261211
nlos,gated,information,13,0.4096245,0.162169,0.3991517,0.1663587,0.07749693,0.03489496
nlos,gated,information,13.5,0.4233853,0.1688836,0.4144055,0.1730925,0.0712195,0.03377289
nlos,gated,information,14,0.4369205,0.1762524,0.4297144,0.1798064,0.06649683,0.02556865
nlos,gated,information,14.5,0.4521248,0.1834311,0.4450369,0.1865725,0.06730512,0.02762149
nlos,gated,information,15,0.4677079,0.1900225,0.4603855,0.1932334,0.06837532,0.03164893
nlos,gated,information,15.5,0.4839329,0.1962537,0.4755634,0.2000237,0.07570496,0.03043472
nlos,gated,information,16,0.4975617,0.204132,0.490793,0.2069162,0.07044925,0.02594747
nlos,gated,information,16.5,0.5131215,0.2109675,0.5060903,0.2139468,0.07163282,0.02960069
nlos,gated,information,17,0.5286344,0.2178757,0.52135,0.2211168,0.07478615,0.02722033
nlos,gated,information,17.5,0.5443463,0.2246175,0.5366313,0.2280337,0.07743638,0.03033738
nlos,gated,information,18,0.5584817,0.2326811,0.5519699,0.2350763,0.07407904,0.02673507
nlos,gated,information,18.5,0.5726393,0.2404647,0.5671367,0.2419742,0.07018927,0.02622764
nlos,gated,information,19,0.5881102,0.2478828,0.5822721,0.2490435,0.07405221,0.02903853
nlos,gated,information,19.5,0.6038259,0.2545341,0.5973986,0.2560555,0.07625254,0.0350678
nlos,gated,information,20,0.6191232,0.2601984,0.612414,0.263141,0.07639891,0.03183544
nlos,gated,information,20.5,0.6354637,0.2668733,0.6275222,0.2702616,0.08410785,0.03593677
nlos,gated,information,21,0.6508205,0.2743763,0.6425689,0.2773498,0.08630419,0.04187156
nlos,gated,information,21.5,0.6656641,0.2808126,0.6576267,0.2844531,0.08694492,0.03435673
nlos,gated,information,22,0.6798373,0.2880444,0.672602,0.2915118,0.0825667,0.03338711
nlos,gated,information,22.5,0.6952266,0.2942999,0.6875856,0.2985585,0.08457638,0.03267774
nlos,gated,information,23,0.7107652,0.3009479,0.7025122,0.3056012,0.08928144,0.03262568
nlos,gated,information,23.5,0.7251437,0.3095954,0.7174611,0.3125463,0.09188666,0.03070654
nlos,gated,information,24,0.7397451,0.3174303,0.7324126,0.319439,0.09289235,0.03162838
nlos,gated,information,24.5,0.756326,0.3227571,0.7471989,0.3263052,0.100982,0.03752595
nlos,gated,information,25,0.7711841,0.329666,0.7621169,0.3331602,0.1014353,0.03857334
nlos,gated,information,25.5,0.7866207,0.3366965,0.7769545,0.339917,0.106159,0.043213
nlos,gated,information,26,0.8025431,0.3435393,0.7919484,0.3467902,0.1122427,0.04771407
nlos,gated,information,26.5,0.8180075,0.3490629,0.8068027,0.3535616,0.1142755,0.04750618
nlos,gated,information,27,0.8320876,0.3570797,0.8217827,0.3604467,0.1118384,0.04855687
nlos,gated,information,27.5,0.8463525,0.3644702,0.8366143,0.3672886,0.1107174,0.04781
nlos,gated,information,28,0.8604663,0.3711604,0.8514446,0.3738242,0.1050985,0.05143689
nlos,gated,information,28.5,0.8744209,0.3780586,0.8661604,0.3803986,0.1036065,0.04539483
nlos,gated,information,29,0.8886347,0.3847588,0.8808689,0.3870097,0.1012885,0.04391281
nlos,gated,information,29.5,0.902784,0.3911582,0.8958254,0.3934616,0.09747436,0.03695891
nlos,gated,information,30,0.9173363,0.3979631,0.9106232,0.4001512,0.09640791,0.03724309
nlos,gated,information,30.5,0.9321615,0.4044669,0.9254064,0.4067366,0.09632534,0.04000423
nlos,gated,information,31,0.9476763,0.4109272,0.9403307,0.4133307,0.1015895,0.04187766
nlos,gated,information,31.5,0.9632959,0.4168135,0.9552064,0.4199589,0.1049261,0.04599584
nlos,gated,information,32,0.9795107,0.421668,0.9702287,0.4263864,0.1106481,0.04648885
nlos,gated,information,32.5,0.9931952,0.4290281,0.9848324,0.4326106,0.1059948,0.04999356
nlos,gated,information,33,1.009769,0.435496,0.9996015,0.4390538,0.1221305,0.05189066
nlos,gated,information,33.5,1.025288,0.4423024,1.014303,0.4462783,0.13042,0.0463243
nlos,gated,information,34,1.040906,0.4489317,1.029049,0.4529613,0.1369194,0.04966072
nlos,gated,information,34.5,1.054678,0.4538173,1.043857,0.4590639,0.1249477,0.05176136
nlos,gated,information,35,1.067601,0.4611841,1.059027,0.4655215,0.1136436,0.03975111
nlos,gated,information,35.5,1.081546,0.4685492,1.07454,0.472075,0.1034681,0.03625201
nlos,gated,information,36,1.09559,0.4764581,1.089973,0.4783618,0.09620944,0.03688406
nlos,gated,information,36.5,1.110576,0.483208,1.105102,0.4842479,0.09845423,0.03947156
nlos,gated,information,37,1.127859,0.4875515,1.120522,0.4908529,0.1091341,0.03998819
nlos,gated,information,37.5,1.147614,0.4906341,1.1359,0.4966618,0.1351139,0.05467845
nlos,gated,information,38,1.168698,0.4958148,1.151403,0.5024531,0.1673745,0.07825279
nlos,gated,information,38.5,1.189693,0.4974206,1.166702,0.5083145,0.1893666,0.09123751
nlos,gated,information,39,1.211236,0.4991309,1.182033,0.5140118,0.2195664,0.08801457
nlos,gated,information,39.5,1.230417,0.5025959,1.197972,0.5197652,0.2364858,0.08071303
nlos,gated,information,40,1.245754,0.5103047,1.213533,0.5262523,0.2366954,0.08891854
nlos,gated,information,40.5,1.260478,0.5158701,1.228646,0.5327334,0.2305502,0.09884771
nlos,gated,information,41,1.276509,0.5211746,1.244066,0.539284,0.2306485,0.1042912
nlos,gated,information,41.5,1.290491,0.5289059,1.259448,0.5461241,0.2255193,0.1061895
nlos,gated,information,42,1.302439,0.5380076,1.274825,0.5530602,0.2121213,0.1054906
nlos,gated,information,42.5,1.315747,0.5456611,1.290008,0.5594334,0.2032551,0.1090636
nlos,gated,information,43,1.330667,0.551066,1.305499,0.5653203,0.2001523,0.1084262
nlos,gated,information,43.5,1.344959,0.5576087,1.32148,0.5715068,0.1941307,0.1026536
nlos,gated,information,44,1.358924,0.5640024,1.336902,0.577511,0.1866788,0.1019134
nlos,gated,information,44.5,1.373814,0.5692068,1.352699,0.5832123,0.1823293,0.09728379
nlos,gated,information,45,1.388083,0.5743176,1.368259,0.5888891,0.1740434,0.09318765
nlos,gated,information,45.5,1.402393,0.5805649,1.383968,0.5952417,0.1634738,0.09301138
nlos,gated,information,46,1.417073,0.585935,1.399612,0.6011768,0.1532831,0.09458031
nlos,gated,information,46.5,1.431845,0.5912541,1.415412,0.6066854,0.144305,0.09403916
nlos,gated,information,47,1.446021,0.5969877,1.430509,0.6123637,0.1364447,0.09367535
nlos,gated,information,47.5,1.461135,0.6021364,1.445997,0.6181916,0.1298482,0.09478512
nlos,gated,information,48,1.476207,0.6083377,1.461335,0.6245652,0.1246155,0.09815985
nlos,gated,information,48.5,1.492202,0.6123921,1.477029,0.6301256,0.1213913,0.09937853
nlos,gated,information,49,1.507551,0.6186708,1.492686,0.636251,0.1173041,0.1019887
nlos,gated,information,49.5,1.522846,0.6241128,1.508149,0.6424169,0.1093417,0.1054673
nlos,gated,information,50,1.538092,0.6294995,1.523738,0.6481104,0.1000539,0.1092988
nlos,gated,information,50.5,1.553812,0.6364504,1.539818,0.6546072,0.095735,0.1117249
nlos,gated,information,51,1.569579,0.6421283,1.555465,0.6606287,0.09369329,0.1143894
nlos,gated,information,51.5,1.585796,0.6476002,1.571359,0.6666036,0.09251412,0.1183074
nlos,gated,information,52,1.600547,0.6550493,1.587033,0.6727783,0.09431223,0.1115378
nlos,gated,information,52.5,1.616302,0.6611747,1.602507,0.6792277,0.09453563,0.1146121
nlos,gated,information,53,1.632659,0.6674461,1.618433,0.6860058,0.0977085,0.1162453
nlos,gated,information,53.5,1.64803,0.6742831,1.633848,0.6927017,0.09513803,0.1195251
nlos,gated,information,54,1.66397,0.6813275,1.64961,0.6998959,0.09400276,0.1230354
nlos,gated,information,54.5,1.680318,0.6872775,1.665547,0.7063,0.09517562,0.1264077
nlos,gated,information,55,1.696799,0.6930654,1.681845,0.7124395,0.09225269,0.1303719
nlos,gated,information,55.5,1.712895,0.6988267,1.69751,0.7187501,0.09381415,0.1331235
nlos,gated,information,56,1.7258,0.7083881,1.713397,0.7245732,0.09067819,0.1142443
nlos,gated,information,56.5,1.735144,0.7242171,1.728934,0.7317013,0.08063976,0.07000087
nlos,gated,information,57,1.74874,0.7340666,1.744206,0.7388773,0.07944115,0.05422959
nlos,gated,information,57.5,1.763377,0.7425096,1.759771,0.7456943,0.07902177,0.04539129
nlos,gated,information,58,1.778589,0.7503774,1.775868,0.7522199,0.07831588,0.03089081
nlos,gated,information,58.5,1.793673,0.7574482,1.791173,0.7587832,0.07910154,0.02866892
nlos,gated,information,59,1.808656,0.7642775,1.806329,0.7651919,0.07899667,0.02975618
nlos,gated,information,59.5,1.824475,0.7708359,1.821973,0.7718073,0.08128761,0.03385766
nlos,gated,information,60,1.84057,0.7767885,1.837811,0.77825,0.08231672,0.03572941
nlos,gated,p2b_uniform,0,0,0,0,0,0,0
nlos,gated,p2b_uniform,0.5,0.0329652,0.009203608,0.01527247,0.006410404,0.02858988,0.009032506
nlos,gated,p2b_uniform,1,0.06316448,0.01873036,0.03049939,0.01284283,0.05440688,0.01704557
nlos,gated,p2b_uniform,1.5,0.0946875,0.02793201,0.04574116,0.01927717,0.08152644,0.02544482
nlos,gated,p2b_uniform,2,0.1073752,0.03393738,0.06102641,0.02565307,0.08505094,0.03309523
nlos,gated,p2b_uniform,2.5,0.1341981,0.0424064,0.07624831,0.03201176,0.1062993,0.0414303
nlos,gated,p2b_uniform,3,0.1404323,0.05224716,0.09143155,0.0382552,0.1009394,0.0500076
nlos,gated,p2b_uniform,3.5,0.1640503,0.06098673,0.1066471,0.04459378,0.1180742,0.05841447
nlos,gated,p2b_uniform,4,0.1762228,0.06727054,0.121905,0.05099718,0.1185471,0.06463359
nlos,gated,p2b_uniform,4.5,0.1984865,0.07564101,0.1372686,0.0574573,0.1336611,0.07246166
nlos,gated,p2b_uniform,5,0.2021994,0.07020236,0.1527139,0.0639058,0.1203843,0.06384929
nlos,gated,p2b_uniform,5.5,0.2225554,0.07722342,0.1680718,0.07033707,0.1325847,0.07010833
nlos,gated,p2b_uniform,6,0.2205682,0.07380306,0.1834003,0.07677357,0.1081367,0.05521426
nlos,gated,p2b_uniform,6.5,0.2392235,0.07992903,0.1988303,0.08326325,0.1174237,0.05972869
nlos,gated,p2b_uniform,7,0.246184,0.09047919,0.2142328,0.0896764,0.1012665,0.06953487
nlos,gated,p2b_uniform,7.5,0.2640251,0.09682568,0.2295914,0.09602994,0.1088998,0.07457722
nlos,gated,p2b_uniform,8,0.271239,0.09876071,0.2449551,0.1023047,0.1014701,0.05225908
nlos,gated,p2b_uniform,8.5,0.2883803,0.1048423,0.2603596,0.1085658,0.1081504,0.05548514
nlos,gated,p2b_uniform,9,0.2925487,0.1047659,0.2757187,0.1149074,0.07880783,0.03608181
nlos,gated,p2b_uniform,9.5,0.3088787,0.1104873,0.2910792,0.1211818,0.08346627,0.03781711
nlos,gated,p2b_uniform,10,0.3220368,0.119871,0.3064637,0.1275068,0.07850019,0.04390061
nlos,gated,p2b_uniform,10.5,0.3383962,0.1258046,0.3220022,0.1338468,0.08264145,0.04603457
nlos,gated,p2b_uniform,11,0.3543094,0.1341527,0.3375544,0.1401954,0.0874678,0.04991207
nlos,gated,p2b_uniform,11.5,0.3706347,0.1403025,0.3530558,0.1466363,0.09177214,0.05204242
nlos,gated,p2b_uniform,12,0.3839663,0.1487806,0.3684577,0.1531102,0.08708117,0.05471652
nlos,gated,p2b_uniform,12.5,0.4000535,0.1551649,0.3837842,0.1597196,0.09113692,0.05697707
nlos,gated,p2b_uniform,13,0.4116187,0.1633662,0.3990656,0.1664046,0.08674028,0.04231308
nlos,gated,p2b_uniform,13.5,0.4274981,0.1699426,0.41435,0.1731184,0.09042128,0.04422062
nlos,gated,p2b_uniform,14,0.4408891,0.1795598,0.429794,0.1798121,0.08546631,0.04887908
nlos,gated,p2b_uniform,14.5,0.4566842,0.186285,0.4450767,0.1865363,0.08892582,0.05099447
nlos,gated,p2b_uniform,15,0.4715214,0.1906297,0.4603856,0.1931727,0.08863889,0.04095552
nlos,gated,p2b_uniform,15.5,0.4872183,0.1972855,0.475657,0.1998853,0.09185218,0.04247985
nlos,gated,p2b_uniform,16,0.499668,0.2057181,0.490933,0.2068378,0.08075368,0.0422134
nlos,gated,p2b_uniform,16.5,0.5153341,0.2126293,0.5061962,0.2138381,0.08382603,0.04374638
nlos,gated,p2b_uniform,17,0.5293985,0.219744,0.5214735,0.2209801,0.08193354,0.03398921
nlos,gated,p2b_uniform,17.5,0.545013,0.2266171,0.536715,0.2279785,0.08492485,0.03518417
nlos,gated,p2b_uniform,18,0.558611,0.2340863,0.5520638,0.2350496,0.07576621,0.03405849
nlos,gated,p2b_uniform,18.5,0.5740972,0.2409926,0.5672228,0.2420489,0.07861571,0.03525408
nlos,gated,p2b_uniform,19,0.5894279,0.2478363,0.58228,0.2489637,0.08089316,0.03698571
nlos,gated,p2b_uniform,19.5,0.6050504,0.2547574,0.5974504,0.256038,0.08444189,0.03821109
nlos,gated,p2b_uniform,20,0.6199827,0.2618058,0.6125736,0.2631402,0.08307521,0.0405905
nlos,gated,p2b_uniform,20.5,0.6355647,0.2687789,0.6276925,0.2702608,0.08682716,0.04163511
nlos,gated,p2b_uniform,21,0.6488388,0.2763604,0.6426889,0.2773537,0.08043056,0.03164248
nlos,gated,p2b_uniform,21.5,0.6643101,0.2833032,0.6577478,0.2844603,0.08403957,0.03226508
nlos,gated,p2b_uniform,22,0.679447,0.290786,0.6727947,0.291408,0.08635453,0.03545857
nlos,gated,p2b_uniform,22.5,0.6948486,0.2977357,0.6877815,0.2984703,0.09008257,0.03613221
nlos,gated,p2b_uniform,23,0.7086706,0.3042238,0.702715,0.3054336,0.08219252,0.03161247
nlos,gated,p2b_uniform,23.5,0.723978,0.3109992,0.7176473,0.3123294,0.08572946,0.03226793
nlos,gated,p2b_uniform,24,0.7392651,0.3178317,0.7325698,0.3193143,0.08734624,0.03738301
nlos,gated,p2b_uniform,24.5,0.7545257,0.3245803,0.7474179,0.3261879,0.0910726,0.0382165
nlos,gated,p2b_uniform,25,0.7687307,0.3309285,0.7624071,0.3328573,0.08341316,0.03984661
nlos,gated,p2b_uniform,25.5,0.7840398,0.3375891,0.7773379,0.3396303,0.08704614,0.04070381
nlos,gated,p2b_uniform,26,0.7993582,0.3433026,0.7924022,0.3464254,0.08745524,0.03808264
nlos,gated,p2b_uniform,26.5,0.8147271,0.3499315,0.8073519,0.3532144,0.09121567,0.03906573
nlos,gated,p2b_uniform,27,0.8295829,0.3568638,0.8224126,0.3601908,0.08926967,0.04116721
nlos,gated,p2b_uniform,27.5,0.8447991,0.3634894,0.8372529,0.3669337,0.09280282,0.04218706
nlos,gated,p2b_uniform,28,0.8609967,0.3687521,0.8520046,0.3736996,0.09907992,0.04698403
nlos,gated,p2b_uniform,28.5,0.876248,0.3751795,0.8667908,0.3803054,0.1029783,0.04813109
nlos,gated,p2b_uniform,29,0.8907565,0.3824615,0.8814396,0.3871169,0.1035087,0.05019715
nlos,gated,p2b_uniform,29.5,0.9059382,0.3889339,0.896168,0.393746,0.1072673,0.05153073
nlos,gated,p2b_uniform,30,0.9200669,0.3961944,0.9109787,0.4004212,0.1020793,0.05640119
nlos,gated,p2b_uniform,30.5,0.9353515,0.4026251,0.9257802,0.4070589,0.1059849,0.05776673
nlos,gated,p2b_uniform,31,0.9487029,0.4100932,0.9404221,0.413254,0.1037359,0.05036822
nlos,gated,p2b_uniform,31.5,0.9639669,0.4164988,0.9552205,0.419901,0.1076093,0.05132834
nlos,gated,p2b_uniform,32,0.9782339,0.4219977,0.9701044,0.4262711,0.09833774,0.05355699
nlos,gated,p2b_uniform,32.5,0.993485,0.4282816,0.9848957,0.4328334,0.1021101,0.05470489
nlos,gated,p2b_uniform,33,1.009491,0.4331895,1.00004,0.4391878,0.1028219,0.0602548
nlos,gated,p2b_uniform,33.5,1.025004,0.4394706,1.015033,0.4458548,0.1065184,0.06177747
nlos,gated,p2b_uniform,34,1.038398,0.4474698,1.029972,0.4523854,0.09871399,0.06053269
nlos,gated,p2b_uniform,34.5,1.053948,0.4537623,1.04509,0.4589555,0.1022977,0.06177157
nlos,gated,p2b_uniform,35,1.067439,0.4615183,1.059742,0.4652884,0.09038953,0.07168999
nlos,gated,p2b_uniform,35.5,1.083017,0.4679768,1.074974,0.4718945,0.09377583,0.0730259
nlos,gated,p2b_uniform,36,1.098651,0.475507,1.090614,0.4789664,0.09221211,0.07917192
nlos,gated,p2b_uniform,36.5,1.114232,0.4817588,1.105843,0.4853698,0.09555985,0.08061031
nlos,gated,p2b_uniform,37,1.128942,0.4876353,1.120758,0.4919674,0.09285252,0.07785243
nlos,gated,p2b_uniform,37.5,1.14449,0.4937061,1.13595,0.4982133,0.09623094,0.07924745
nlos,gated,p2b_uniform,38,1.159202,0.4985122,1.151131,0.5042826,0.0891494,0.07400435
nlos,gated,p2b_uniform,38.5,1.174888,0.5043622,1.166425,0.5104184,0.09236918,0.0756937
nlos,gated,p2b_uniform,39,1.1898,0.5116905,1.181867,0.5165166,0.09144278,0.07771457
nlos,gated,p2b_uniform,39.5,1.205546,0.5176396,1.197198,0.5227007,0.09519408,0.07943175
nlos,gated,p2b_uniform,40,1.220288,0.5242504,1.21234,0.5288969,0.09529796,0.07681584
nlos,gated,p2b_uniform,40.5,1.236045,0.5302651,1.227687,0.5351482,0.09897029,0.07851301
nlos,gated,p2b_uniform,41,1.250406,0.5371873,1.242774,0.5413433,0.09529825,0.0773742
nlos,gated,p2b_uniform,41.5,1.266144,0.5433442,1.258168,0.5476563,0.09885285,0.07876799
nlos,gated,p2b_uniform,42,1.280918,0.55001,1.273685,0.55404,0.09082646,0.07948357
nlos,gated,p2b_uniform,42.5,1.296676,0.5560944,1.289138,0.5602696,0.09402493,0.08093738
nlos,gated,p2b_uniform,43,1.311069,0.5630174,1.304531,0.5666641,0.09107275,0.07175813
nlos,gated,p2b_uniform,43.5,1.326711,0.5689038,1.319925,0.5726714,0.09437277,0.07229846
nlos,gated,p2b_uniform,44,1.340802,0.5753162,1.335124,0.5784553,0.08567427,0.06815538
nlos,gated,p2b_uniform,44.5,1.356452,0.5812737,1.350599,0.5844868,0.08842293,0.06857078
nlos,gated,p2b_uniform,45,1.370483,0.588335,1.366194,0.5904625,0.07898715,0.05726841
nlos,gated,p2b_uniform,45.5,1.38615,0.5943365,1.381778,0.5964713,0.08108911,0.05723353
nlos,gated,p2b_uniform,46,1.401335,0.6010428,1.397823,0.6027484,0.07679264,0.0456823
nlos,gated,p2b_uniform,46.5,1.417021,0.6070773,1.413412,0.6088123,0.07915591,0.04526185
nlos,gated,p2b_uniform,47,1.432226,0.6133609,1.429186,0.6149601,0.07450219,0.03675014
nlos,gated,p2b_uniform,47.5,1.447861,0.6193672,1.444735,0.6209823,0.0766862,0.03639386
nlos,gated,p2b_uniform,48,1.462306,0.6260509,1.459949,0.6274551,0.06648434,0.02895183
nlos,gated,p2b_uniform,48.5,1.478066,0.6319109,1.475602,0.6333851,0.06884029,0.02836414
nlos,gated,p2b_uniform,49,1.493906,0.6382291,1.491944,0.6394471,0.06259458,0.02208744
nlos,gated,p2b_uniform,49.5,1.509672,0.6442699,1.507607,0.6455494,0.06476889,0.02222871
nlos,gated,p2b_uniform,50,1.525528,0.6503966,1.52342,0.6519084,0.06384991,0.02250644
nlos,gated,p2b_uniform,50.5,1.541455,0.6564403,1.539232,0.658012,0.06605902,0.02342554
nlos,gated,p2b_uniform,51,1.557154,0.6617917,1.555039,0.6635031,0.06256694,0.02328461
nlos,gated,p2b_uniform,51.5,1.573143,0.6679311,1.570901,0.6697173,0.0650286,0.02411592
nlos,gated,p2b_uniform,52,1.588972,0.6742515,1.586995,0.6757452,0.06202934,0.02328718
nlos,gated,p2b_uniform,52.5,1.604932,0.6805605,1.602833,0.6821222,0.06454909,0.02395591
nlos,gated,p2b_uniform,53,1.620143,0.6872176,1.618607,0.6883154,0.05636377,0.01950363
nlos,gated,p2b_uniform,53.5,1.636057,0.693486,1.634428,0.6946404,0.05847878,0.02010803
nlos,gated,p2b_uniform,54,1.65171,0.6998387,1.649797,0.701499,0.06005332,0.02295709
nlos,gated,p2b_uniform,54.5,1.667622,0.706035,1.66558,0.7077964,0.06236691,0.02407709
nlos,gated,p2b_uniform,55,1.683626,0.7119363,1.681406,0.7140139,0.06249873,0.02811488
nlos,gated,p2b_uniform,55.5,1.699514,0.7181392,1.697154,0.7203276,0.06493501,0.0291905
nlos,gated,p2b_uniform,56,1.715573,0.7242386,1.713279,0.7262285,0.06569794,0.02914918
nlos,gated,p2b_uniform,56.5,1.731338,0.730599,1.728896,0.7326901,0.06843248,0.03007634
nlos,gated,p2b_uniform,57,1.746239,0.7376143,1.743988,0.7395468,0.06749692,0.02482985
nlos,gated,p2b_uniform,57.5,1.761973,0.7441177,1.75956,0.7461788,0.07037822,0.02569571
nlos,gated,p2b_uniform,58,1.777904,0.7506945,1.775506,0.7527192,0.0702342,0.02710112
nlos,gated,p2b_uniform,58.5,1.793679,0.7572413,1.791104,0.7594006,0.07334474,0.02791028
nlos,gated,p2b_uniform,59,1.808888,0.7639204,1.806776,0.7657438,0.06708381,0.02259795
nlos,gated,p2b_uniform,59.5,1.824769,0.7704419,1.822505,0.7723833,0.06991913,0.02349093
nlos,gated,p2b_uniform,60,1.839871,0.7778899,1.837987,0.7790666,0.06817995,0.02388241
nlos,naive,cyclic,0,0,0,0,0,0,0
nlos,naive,cyclic,0.5,0.03278935,0.009450625,0.01527247,0.006410403,0.02839605,0.009254729
nlos,naive,cyclic,1,0.06372131,0.01895469,0.03049938,0.01284285,0.05454726,0.0189018
nlos,naive,cyclic,1.5,0.09134302,0.02476407,0.04574116,0.01927718,0.07671009,0.0250562
nlos,naive,cyclic,2,0.1169824,0.03002513,0.06102654,0.02565298,0.09579417,0.03269283
nlos,naive,cyclic,2.5,0.1364922,0.03522476,0.07624835,0.03201182,0.1074078,0.03953799
nlos,naive,cyclic,3,0.1447168,0.04984525,0.09143159,0.03825539,0.1050387,0.0515047
nlos,naive,cyclic,3.5,0.1615336,0.05362824,0.1066467,0.04459417,0.1135594,0.05298323
nlos,naive,cyclic,4,0.1764096,0.06421654,0.121904,0.050998,0.1178782,0.06333958
nlos,naive,cyclic,4.5,0.1878088,0.0690445,0.1372696,0.05745739,0.1201078,0.05978753
nlos,naive,cyclic,5,0.1955983,0.07297995,0.1527152,0.06390459,0.1146483,0.0559388
nlos,naive,cyclic,5.5,0.209,0.08010239,0.1680694,0.07033422,0.1140312,0.06346611
nlos,naive,cyclic,6,0.2242275,0.07996122,0.1834013,0.07677133,0.1186679,0.05652027
nlos,naive,cyclic,6.5,0.2397957,0.0884783,0.1988315,0.08326092,0.1219473,0.06446617
nlos,naive,cyclic,7,0.2589082,0.09304436,0.2142382,0.08967223,0.1291551,0.0728353
nlos,naive,cyclic,7.5,0.272037,0.09697613,0.2295927,0.0960258,0.1278585,0.07339721
nlos,naive,cyclic,8,0.277788,0.09966139,0.2449493,0.102306,0.1184709,0.05254794
nlos,naive,cyclic,8.5,0.2929573,0.1040929,0.260349,0.1085675,0.1180876,0.05798095
nlos,naive,cyclic,9,0.3024572,0.1061561,0.2757175,0.1148871,0.0993583,0.06286735
nlos,naive,cyclic,9.5,0.3144424,0.1139354,0.2910821,0.121169,0.09737375,0.05664257
nlos,naive,cyclic,10,0.3260155,0.1203983,0.3064357,0.1274861,0.09253702,0.04758463
nlos,naive,cyclic,10.5,0.339263,0.1256852,0.3219479,0.1338263,0.08829667,0.04161933
nlos,naive,cyclic,11,0.3519052,0.1326481,0.33752,0.1401806,0.08188041,0.03642955
nlos,naive,cyclic,11.5,0.3652196,0.1407477,0.3530251,0.1466119,0.07914744,0.03066723
nlos,naive,cyclic,12,0.3803136,0.1481689,0.3684371,0.1531324,0.07938453,0.03509306
nlos,naive,cyclic,12.5,0.3953801,0.1547679,0.3838214,0.1596931,0.07844148,0.03814304
nlos,naive,cyclic,13,0.408339,0.163747,0.3991318,0.1663622,0.07685969,0.02727953
nlos,naive,cyclic,13.5,0.423302,0.171041,0.4144163,0.1731201,0.07778108,0.02741632
nlos,naive,cyclic,14,0.4380947,0.1780682,0.4297175,0.179828,0.07667739,0.02887513
nlos,naive,cyclic,14.5,0.4523251,0.1842369,0.4450383,0.1866391,0.07105277,0.02603728
nlos,naive,cyclic,15,0.4679101,0.1908113,0.4602756,0.1933362,0.07357518,0.02812661
nlos,naive,cyclic,15.5,0.4828074,0.1972823,0.475548,0.2000232,0.07239288,0.02679062
nlos,naive,cyclic,16,0.4965079,0.2046818,0.4908478,0.2069683,0.0632035,0.02713846
nlos,naive,cyclic,16.5,0.5125558,0.2114194,0.5061335,0.2138975,0.06858283,0.02969178
nlos,naive,cyclic,17,0.5282519,0.2182833,0.5214616,0.2209171,0.07098756,0.03227727
nlos,naive,cyclic,17.5,0.5440184,0.2256482,0.5367707,0.2278289,0.07644257,0.03325004
nlos,naive,cyclic,18,0.557987,0.2325151,0.551957,0.2347525,0.06936497,0.03057598
nlos,naive,cyclic,18.5,0.5733874,0.2388191,0.5670786,0.2416451,0.07103677,0.03006786
nlos,naive,cyclic,19,0.5878795,0.2460989,0.5822411,0.2485928,0.06981685,0.02408883
nlos,naive,cyclic,19.5,0.6036809,0.2525344,0.5973709,0.2556432,0.07388549,0.02552127
nlos,naive,cyclic,20,0.6193554,0.2584974,0.6125413,0.2627352,0.07343216,0.03083947
nlos,naive,cyclic,20.5,0.6396421,0.2630496,0.6276319,0.269944,0.1029939,0.03436067
nlos,naive,cyclic,21,0.6543708,0.2700495,0.6429089,0.2770329,0.100299,0.0352423
nlos,naive,cyclic,21.5,0.6810761,0.2718716,0.6580465,0.2841626,0.1509097,0.04069426
nlos,naive,cyclic,22,0.6949945,0.2805362,0.6731382,0.291177,0.150037,0.04119074
nlos,naive,cyclic,22.5,0.7221983,0.2835126,0.6881397,0.298255,0.1960852,0.03889109
nlos,naive,cyclic,23,0.7377535,0.2904895,0.7031283,0.3054041,0.2009349,0.03360376
nlos,naive,cyclic,23.5,0.7619742,0.2959956,0.7180145,0.3122167,0.2339176,0.03195042
nlos,naive,cyclic,24,0.7777128,0.3028345,0.7329456,0.3192245,0.238791,0.03113694
nlos,naive,cyclic,24.5,0.8008083,0.3069838,0.74785,0.32607,0.264065,0.02911931
nlos,naive,cyclic,25,0.8160407,0.313015,0.7627643,0.3330035,0.2664666,0.02975936
nlos,naive,cyclic,25.5,0.8390309,0.3168605,0.7776685,0.3396283,0.2905469,0.02487063
nlos,naive,cyclic,26,0.8515997,0.325256,0.7926651,0.3463819,0.2873757,0.02973087
nlos,naive,cyclic,26.5,0.8705672,0.3311318,0.8076815,0.3530807,0.3012022,0.02402449
nlos,naive,cyclic,27,0.883239,0.3386213,0.8226366,0.3600026,0.2976195,0.02538641
nlos,naive,cyclic,27.5,0.8983143,0.3455991,0.8375212,0.3667961,0.3014109,0.01871191
nlos,naive,cyclic,28,0.9103259,0.35243,0.852451,0.3733931,0.2950519,0.02317724
nlos,naive,cyclic,28.5,0.9234698,0.3601614,0.8672929,0.3798669,0.2940106,0.01788195
nlos,naive,cyclic,29,0.9337198,0.3678167,0.8819408,0.3861277,0.2837993,0.01935621
nlos,naive,cyclic,29.5,0.9474676,0.3743327,0.8964846,0.392895,0.2828421,0.02250393
nlos,naive,cyclic,30,0.9587558,0.3819945,0.9113274,0.3993996,0.2743589,0.02298835
nlos,naive,cyclic,30.5,0.9725136,0.3887589,0.9261433,0.4062999,0.2722035,0.02709871
nlos,naive,cyclic,31,0.9844568,0.3958969,0.9410326,0.4123793,0.2650651,0.02708626
nlos,naive,cyclic,31.5,0.9981935,0.4028126,0.9555967,0.41982,0.2632854,0.02543902
nlos,naive,cyclic,32,1.010182,0.4099153,0.9706676,0.4257037,0.2551377,0.02602673
nlos,naive,cyclic,32.5,1.023653,0.4168258,0.9853579,0.4327771,0.2511395,0.03226946
nlos,naive,cyclic,33,1.035183,0.4244891,1.000419,0.4389748,0.2410131,0.0289256
nlos,naive,cyclic,33.5,1.048259,0.4330358,1.015416,0.4468003,0.2351624,0.03199709
nlos,naive,cyclic,34,1.058677,0.4417425,1.030661,0.4530811,0.2193735,0.02848187
nlos,naive,cyclic,34.5,1.070684,0.4486115,1.045389,0.4602617,0.2058713,0.0337862
nlos,naive,cyclic,35,1.081269,0.4563431,1.060639,0.4663263,0.1863201,0.02758315
nlos,naive,cyclic,35.5,1.095735,0.4649344,1.075756,0.4738539,0.1864984,0.02610756
nlos,naive,cyclic,36,1.107331,0.4734243,1.090952,0.480155,0.1718331,0.02004328
nlos,naive,cyclic,36.5,1.124205,0.4793149,1.106241,0.486625,0.1818735,0.01723017
nlos,naive,cyclic,37,1.137803,0.4860219,1.121539,0.4927194,0.1738925,0.01711554
nlos,naive,cyclic,37.5,1.15742,0.4897736,1.136678,0.4985654,0.1975042,0.01841146
nlos,naive,cyclic,38,1.171479,0.4957433,1.151936,0.5044992,0.191825,0.0174681
nlos,naive,cyclic,38.5,1.193431,0.4977859,1.167248,0.509812,0.2237187,0.01615696
nlos,naive,cyclic,39,1.207231,0.5048038,1.182565,0.5159546,0.2188015,0.01652713
nlos,naive,cyclic,39.5,1.227906,0.5073798,1.19797,0.5212402,0.242483,0.01715181
nlos,naive,cyclic,40,1.24219,0.5141296,1.213283,0.5274123,0.239829,0.01835904
nlos,naive,cyclic,40.5,1.251504,0.5249966,1.228554,0.5352444,0.2152121,0.01714663
nlos,naive,cyclic,41,1.266604,0.5314213,1.244023,0.54148,0.2148917,0.01661938
nlos,naive,cyclic,41.5,1.280066,0.5388157,1.259238,0.5481519,0.2071027,0.01940867
nlos,naive,cyclic,42,1.294842,0.5454376,1.274661,0.5543833,0.2050614,0.02196601
nlos,naive,cyclic,42.5,1.307172,0.5538023,1.289774,0.5608318,0.1928458,0.02401908
nlos,naive,cyclic,43,1.322039,0.5599166,1.305187,0.5667427,0.1905582,0.02628119
nlos,naive,cyclic,43.5,1.335093,0.5665737,1.320797,0.5726816,0.1755892,0.02355348
nlos,naive,cyclic,44,1.34987,0.5727901,1.336165,0.5786589,0.1722142,0.02781444
nlos,naive,cyclic,44.5,1.363689,0.5793124,1.35237,0.584335,0.1561478,0.02917883
nlos,naive,cyclic,45,1.3785,0.5856366,1.368034,0.5900731,0.1514044,0.03020682
nlos,naive,cyclic,45.5,1.39224,0.5920101,1.383708,0.5956206,0.137499,0.02728831
nlos,naive,cyclic,46,1.407394,0.5986435,1.399396,0.6018245,0.1342487,0.02899125
nlos,naive,cyclic,46.5,1.42179,0.6043149,1.415075,0.6073923,0.1211686,0.02948217
nlos,naive,cyclic,47,1.436859,0.610741,1.430843,0.6133682,0.1144771,0.03393001
nlos,naive,cyclic,47.5,1.451713,0.6170142,1.446364,0.6195153,0.1067446,0.0350767
nlos,naive,cyclic,48,1.465852,0.6233808,1.461179,0.6255352,0.09889009,0.03761235
nlos,naive,cyclic,48.5,1.480845,0.629208,1.476967,0.630914,0.09125437,0.03402472
nlos,naive,cyclic,49,1.496679,0.6348066,1.4928,0.6372277,0.08695694,0.03413738
nlos,naive,cyclic,49.5,1.511577,0.6402997,1.507993,0.642611,0.08299336,0.03429499
nlos,naive,cyclic,50,1.526904,0.6459348,1.523389,0.648345,0.08112003,0.0352006
nlos,naive,cyclic,50.5,1.543022,0.6525993,1.539501,0.6550703,0.08101074,0.03586265
nlos,naive,cyclic,51,1.558223,0.6591397,1.555282,0.6612139,0.07449906,0.03252873
nlos,naive,cyclic,51.5,1.573667,0.6653334,1.570646,0.6675119,0.07654523,0.03047046
nlos,naive,cyclic,52,1.589375,0.6710568,1.586294,0.6736402,0.07499855,0.03006953
nlos,naive,cyclic,52.5,1.605383,0.6775643,1.602309,0.6801151,0.07581595,0.02939075
nlos,naive,cyclic,53,1.62079,0.6845623,1.618099,0.6866607,0.07314711,0.02578334
nlos,naive,cyclic,53.5,1.635929,0.6912802,1.633571,0.693008,0.0700213,0.02372079
nlos,naive,cyclic,54,1.65209,0.6978485,1.649573,0.6997386,0.07058155,0.02936199
nlos,naive,cyclic,54.5,1.668127,0.704535,1.665602,0.7063527,0.0727555,0.02688507
nlos,naive,cyclic,55,1.684495,0.7101189,1.681608,0.7126776,0.07364709,0.02962907
nlos,naive,cyclic,55.5,1.700252,0.7159674,1.697048,0.7189342,0.07672921,0.0316322
nlos,naive,cyclic,56,1.715466,0.7226534,1.7126,0.7251975,0.07482427,0.02768769
nlos,naive,cyclic,56.5,1.730915,0.7296407,1.72821,0.7319228,0.07361173,0.02845274
nlos,naive,cyclic,57,1.74699,0.7361981,1.744115,0.7386301,0.07584247,0.03037215
nlos,naive,cyclic,57.5,1.763043,0.7430426,1.759911,0.7453963,0.08207007,0.03195149
nlos,naive,cyclic,58,1.778743,0.7493716,1.775574,0.7516406,0.08314244,0.03424363
nlos,naive,cyclic,58.5,1.794552,0.7560958,1.791269,0.7583303,0.08493149,0.03762286
nlos,naive,cyclic,59,1.81035,0.762281,1.80691,0.7646779,0.08693693,0.03851831
nlos,naive,cyclic,59.5,1.826481,0.7680821,1.822276,0.7715658,0.09232074,0.04261759
nlos,naive,cyclic,60,1.842284,0.7745188,1.83784,0.7781903,0.09563373,0.0434583
nlos,naive,information,0,0,0,0,0,0,0
nlos,naive,information,0.5,0.03208819,0.009391174,0.01527247,0.006410404,0.02756993,0.009236568
nlos,naive,information,1,0.06299171,0.01959851,0.03049938,0.01284284,0.0537035,0.01951739
nlos,naive,information,1.5,0.0889885,0.02540623,0.04574111,0.01927723,0.07388253,0.02571599
nlos,naive,information,2,0.1173601,0.03055824,0.06102643,0.02565308,0.09648368,0.03247687
nlos,naive,information,2.5,0.1298881,0.03688717,0.07624798,0.03201184,0.1000037,0.03805186
nlos,naive,information,3,0.148025,0.04617256,0.09143143,0.03825512,0.1100093,0.04684428
nlos,naive,information,3.5,0.1624998,0.05590056,0.1066469,0.04459335,0.1136124,0.05807743
nlos,naive,information,4,0.1826508,0.06163445,0.121906,0.05099607,0.12591,0.06312239
nlos,naive,information,4.5,0.1933492,0.0715249,0.1372701,0.05745547,0.1248738,0.0701226
nlos,naive,information,5,0.2085158,0.07034986,0.1527164,0.06390123,0.1292077,0.06715539
nlos,naive,information,5.5,0.2325045,0.0803851,0.1680756,0.07033102,0.1445246,0.08182876
nlos,naive,information,6,0.2371944,0.07943292,0.1834085,0.07676431,0.1390446,0.06228217
nlos,naive,information,6.5,0.2397105,0.07811394,0.1988392,0.08325403,0.1238274,0.04356349
nlos,naive,information,7,0.2494115,0.08681289,0.2142447,0.08966743,0.1096956,0.06319209
nlos,naive,information,7.5,0.258236,0.09519977,0.2296026,0.09601874,0.1040121,0.05620636
nlos,naive,information,8,0.2715619,0.09431056,0.2449594,0.1023021,0.1060397,0.03250439
nlos,naive,information,8.5,0.2781844,0.1063199,0.2603629,0.1085551,0.08936346,0.03487838
nlos,naive,information,9,0.2942362,0.1110911,0.275739,0.1148781,0.0908379,0.03944976
nlos,naive,information,9.5,0.30519,0.1164655,0.2911097,0.121154,0.08157926,0.02680365
nlos,naive,information,10,0.3189235,0.1227769,0.3064762,0.1274624,0.07737573,0.02682674
nlos,naive,information,10.5,0.3312917,0.1315685,0.3219961,0.133791,0.06907177,0.02793782
nlos,naive,information,11,0.3456222,0.1383374,0.3375842,0.1401511,0.06628618,0.02550429
nlos,naive,information,11.5,0.3612832,0.1450024,0.3530882,0.1465905,0.06861041,0.02727778
nlos,naive,information,12,0.3773759,0.1519349,0.3685073,0.1530761,0.07479087,0.026962
nlos,naive,information,12.5,0.3925179,0.1587026,0.3838192,0.1596842,0.07341167,0.03351349
nlos,naive,information,13,0.4082317,0.1642089,0.3991461,0.166404,0.07375173,0.0356409
nlos,naive,information,13.5,0.4219589,0.1713298,0.4144388,0.1731292,0.06842346,0.0327544
nlos,naive,information,14,0.435756,0.1783868,0.429755,0.1798846,0.06373459,0.02558705
nlos,naive,information,14.5,0.4510949,0.1851436,0.4450658,0.1866054,0.06525551,0.0257218
nlos,naive,information,15,0.4667936,0.1919671,0.4604107,0.1932917,0.06782869,0.0296069
nlos,naive,information,15.5,0.4829415,0.1976901,0.4756128,0.2000926,0.07238916,0.03038204
nlos,naive,information,16,0.4967723,0.2053974,0.4908832,0.2070653,0.06719871,0.02610023
nlos,naive,information,16.5,0.5122427,0.2124607,0.5061745,0.2140779,0.06906264,0.02819029
nlos,naive,information,17,0.5277849,0.2193078,0.5214425,0.2211955,0.07302113,0.02367732
nlos,naive,information,17.5,0.5433286,0.2261903,0.5367211,0.228168,0.07360858,0.03016585
nlos,naive,information,18,0.5578248,0.2334586,0.5520066,0.2351937,0.07130912,0.02512503
nlos,naive,information,18.5,0.5722184,0.2402513,0.5671719,0.2420842,0.06704503,0.02090281
nlos,naive,information,19,0.5877937,0.2472706,0.58225,0.2490829,0.07225949,0.02078377
nlos,naive,information,19.5,0.6027565,0.2537135,0.5974054,0.2560877,0.06958102,0.02129572
nlos,naive,information,20,0.6181074,0.2604477,0.6124065,0.2631557,0.07198217,0.02262967
nlos,naive,information,20.5,0.6364673,0.2675638,0.6273983,0.2702731,0.09266123,0.03962518
nlos,naive,information,21,0.6532263,0.2736744,0.6422223,0.2773271,0.1032714,0.04202927
nlos,naive,information,21.5,0.6695888,0.2796482,0.6575171,0.2846004,0.1099409,0.03668942
nlos,naive,information,22,0.6868233,0.2864891,0.6727266,0.2917445,0.1238804,0.03132085
nlos,naive,information,22.5,0.7066628,0.2915177,0.6876956,0.2986084,0.1448666,0.03954374
nlos,naive,information,23,0.7272375,0.2972161,0.7026673,0.3056452,0.1707162,0.03496605
nlos,naive,information,23.5,0.7463564,0.3008591,0.717688,0.312762,0.1845605,0.03196346
nlos,naive,information,24,0.7641589,0.3083398,0.7325744,0.3195905,0.1975705,0.04010717
nlos,naive,information,24.5,0.7821285,0.3144925,0.7473653,0.3266467,0.2111957,0.03499766
nlos,naive,information,25,0.7983516,0.3220383,0.7623592,0.3335472,0.2188433,0.03423595
nlos,naive,information,25.5,0.8150386,0.3278449,0.7772775,0.3405381,0.2251499,0.03804977
nlos,naive,information,26,0.8314536,0.3339125,0.7922443,0.3471019,0.2310757,0.04273484
nlos,naive,information,26.5,0.8453116,0.3420092,0.8072442,0.35418,0.2313511,0.03749642
nlos,naive,information,27,0.8551457,0.3507582,0.8221033,0.3610588,0.2167864,0.03918293
nlos,naive,information,27.5,0.8670046,0.3558267,0.8371751,0.3677606,0.2036525,0.03489774
nlos,naive,information,28,0.8763403,0.3646161,0.851852,0.3745308,0.1846361,0.03653281
nlos,naive,information,28.5,0.8909202,0.3688224,0.8663276,0.3811598,0.18316,0.0303931
nlos,naive,information,29,0.9036861,0.3791891,0.8813182,0.3876964,0.180682,0.03376153
nlos,naive,information,29.5,0.9179955,0.3865015,0.8960266,0.3942787,0.1815574,0.03434056
nlos,naive,information,30,0.9329195,0.3920388,0.9108264,0.4004259,0.182738,0.03287367
nlos,naive,information,30.5,0.9501199,0.3972507,0.9259921,0.4067417,0.1917476,0.03627706
nlos,naive,information,31,0.9673917,0.4033863,0.9407114,0.4133519,0.205197,0.03356886
nlos,naive,information,31.5,0.9819643,0.4099102,0.9551282,0.4199047,0.2074478,0.03356741
nlos,naive,information,32,0.9971567,0.4157758,0.9698743,0.4265608,0.2098351,0.03251432
nlos,naive,information,32.5,1.011739,0.4213593,0.9845049,0.4331477,0.2096943,0.02946496
nlos,naive,information,33,1.026462,0.4280901,0.9993083,0.4401556,0.2101578,0.03058581
nlos,naive,information,33.5,1.041108,0.4339894,1.014075,0.4472961,0.2081642,0.03378468
nlos,naive,information,34,1.056412,0.4408545,1.029144,0.4540468,0.2113971,0.03184152
nlos,naive,information,34.5,1.062442,0.450957,1.044308,0.4608624,0.167285,0.04156111
nlos,naive,information,35,1.075334,0.457732,1.059524,0.467247,0.1533962,0.04427371
nlos,naive,information,35.5,1.086499,0.4673651,1.074867,0.4740863,0.1305403,0.04689677
nlos,naive,information,36,1.097371,0.477061,1.090302,0.480208,0.1048607,0.0411212
nlos,naive,information,36.5,1.111613,0.4841732,1.105628,0.4862336,0.10117,0.03457775
nlos,naive,information,37,1.130057,0.4888519,1.120828,0.4921768,0.1286431,0.03440872
nlos,naive,information,37.5,1.150872,0.4918866,1.136196,0.4975745,0.1665107,0.02278407
nlos,naive,information,38,1.172444,0.4953237,1.151578,0.5032523,0.200898,0.02536343
nlos,naive,information,38.5,1.196869,0.4971619,1.167245,0.5089256,0.2407177,0.02985367
nlos,naive,information,39,1.220011,0.4974259,1.182538,0.5147755,0.2700786,0.02062556
nlos,naive,information,39.5,1.238161,0.5020851,1.198104,0.5208931,0.280938,0.02016738
nlos,naive,information,40,1.250553,0.509006,1.213645,0.5269477,0.2689846,0.03143328
nlos,naive,information,40.5,1.259128,0.5196614,1.228669,0.5347852,0.2447739,0.0273503
nlos,naive,information,41,1.272632,0.5276604,1.243974,0.5420066,0.2385578,0.02582809
nlos,naive,information,41.5,1.285633,0.5358839,1.259035,0.548783,0.2320431,0.02402197
nlos,naive,information,42,1.299083,0.5431319,1.274332,0.5554023,0.2243246,0.02446948
nlos,naive,information,42.5,1.31159,0.5515771,1.289351,0.562225,0.2145538,0.0239408
nlos,naive,information,43,1.326158,0.5579348,1.305027,0.5682846,0.2095797,0.0251796
nlos,naive,information,43.5,1.339738,0.5646326,1.320388,0.5744008,0.2007324,0.02533727
nlos,naive,information,44,1.353923,0.5708959,1.336067,0.5802488,0.1926726,0.02676094
nlos,naive,information,44.5,1.366542,0.578032,1.351656,0.5858683,0.1767043,0.02457577
nlos,naive,information,45,1.379831,0.5850548,1.367348,0.591736,0.1623804,0.0219403
nlos,naive,information,45.5,1.39412,0.5910767,1.383042,0.5974066,0.1518488,0.02432497
nlos,naive,information,46,1.407472,0.5986315,1.398644,0.6034996,0.1366427,0.02391754
nlos,naive,information,46.5,1.421446,0.6039743,1.414249,0.6086986,0.1201261,0.02371835
nlos,naive,information,47,1.436032,0.6109937,1.429973,0.6146765,0.1125957,0.02053415
nlos,naive,information,47.5,1.450888,0.6171611,1.445773,0.6202926,0.1033382,0.02196102
nlos,naive,information,48,1.465875,0.623639,1.461359,0.626392,0.09681532,0.02466119
nlos,naive,information,48.5,1.480902,0.6288558,1.477044,0.6317008,0.08523696,0.02789627
nlos,naive,information,49,1.49642,0.6356126,1.493114,0.6378113,0.08106338,0.02619745
nlos,naive,information,49.5,1.511917,0.641675,1.508963,0.6440998,0.07196835,0.02870016
nlos,naive,information,50,1.527971,0.6480283,1.524945,0.650483,0.07341111,0.02943717
nlos,naive,information,50.5,1.543884,0.6542674,1.540729,0.656647,0.07698992,0.02973321
nlos,naive,information,51,1.559469,0.6598743,1.556327,0.6622446,0.07714433,0.03012217
nlos,naive,information,51.5,1.575291,0.6661773,1.572556,0.6681977,0.07398542,0.0246311
nlos,naive,information,52,1.590474,0.6732697,1.587977,0.6748385,0.07355426,0.0232999
nlos,naive,information,52.5,1.605798,0.6801686,1.603412,0.6815593,0.07324484,0.02273793
nlos,naive,information,53,1.622007,0.6869486,1.61958,0.6883369,0.07485853,0.02170419
nlos,naive,information,53.5,1.637343,0.6936036,1.635151,0.6946749,0.07300664,0.02124345
nlos,naive,information,54,1.652917,0.7000349,1.650741,0.7011608,0.07186497,0.02352953
nlos,naive,information,54.5,1.668965,0.706405,1.66674,0.7077029,0.07137016,0.02485279
nlos,naive,information,55,1.684419,0.7133428,1.68223,0.7146003,0.07263553,0.02023124
nlos,naive,information,55.5,1.700263,0.7192348,1.698011,0.7208517,0.07002701,0.02378562
nlos,naive,information,56,1.715988,0.7252536,1.713683,0.7269639,0.07124613,0.02224602
nlos,naive,information,56.5,1.731275,0.7317675,1.728976,0.7335824,0.06960602,0.02474786
nlos,naive,information,57,1.74641,0.7384592,1.744083,0.7402613,0.07146394,0.0226017
nlos,naive,information,57.5,1.761929,0.7448148,1.759591,0.7466893,0.07090168,0.02408858
nlos,naive,information,58,1.778187,0.7512248,1.775416,0.7534881,0.07712618,0.02640406
nlos,naive,information,58.5,1.79319,0.7573932,1.79051,0.7596861,0.07529424,0.02576478
nlos,naive,information,59,1.808985,0.7632274,1.806109,0.765982,0.07342097,0.03251249
nlos,naive,information,59.5,1.825284,0.7694346,1.821957,0.7727252,0.07804664,0.03587386
nlos,naive,information,60,1.841449,0.7755062,1.837647,0.7793844,0.08310336,0.03774255
nlos,naive,p2b_uniform,0,0,0,0,0,0,0
nlos,naive,p2b_uniform,0.5,0.0329652,0.009203608,0.01527247,0.006410404,0.02858988,0.009032506
nlos,naive,p2b_uniform,1,0.06316448,0.01873036,0.03049939,0.01284283,0.05440688,0.01704557
nlos,naive,p2b_uniform,1.5,0.0946875,0.02793201,0.04574116,0.01927717,0.08152644,0.02544482
nlos,naive,p2b_uniform,2,0.1069754,0.033213,0.06102645,0.02565313,0.08457182,0.03227988
nlos,naive,p2b_uniform,2.5,0.1337019,0.0415011,0.07624838,0.03201184,0.1057042,0.04041502
nlos,naive,p2b_uniform,3,0.140127,0.05189401,0.09143153,0.03825517,0.1005153,0.04963619
nlos,naive,p2b_uniform,3.5,0.1636959,0.06057324,0.106647,0.04459374,0.1175824,0.0579803
nlos,naive,p2b_uniform,4,0.1755514,0.0664501,0.1219048,0.05099694,0.1175718,0.0637311
nlos,naive,p2b_uniform,4.5,0.1977338,0.07471628,0.1372684,0.057457,0.1325664,0.07144641
nlos,naive,p2b_uniform,5,0.2014905,0.0694466,0.1527135,0.06390524,0.1190429,0.06331051
nlos,naive,p2b_uniform,5.5,0.2217787,0.07639334,0.1680712,0.0703364,0.1311158,0.06951564
nlos,naive,p2b_uniform,6,0.2174492,0.07585697,0.1833986,0.07677393,0.1034192,0.05448924
nlos,naive,p2b_uniform,6.5,0.235835,0.08217776,0.1988283,0.08326368,0.1123144,0.0589406
nlos,naive,p2b_uniform,7,0.2455898,0.09050709,0.2142318,0.08967515,0.09943091,0.07015022
nlos,naive,p2b_uniform,7.5,0.2633719,0.0968708,0.2295902,0.09602851,0.1069084,0.07524025
nlos,naive,p2b_uniform,8,0.2684937,0.09988821,0.2449514,0.1023035,0.09593152,0.05048079
nlos,naive,p2b_uniform,8.5,0.2854423,0.1060588,0.2603555,0.1085644,0.1022793,0.05351216
nlos,naive,p2b_uniform,9,0.2916213,0.1067368,0.2757141,0.114905,0.07733858,0.03732646
nlos,naive,p2b_uniform,9.5,0.3078976,0.1125727,0.2910742,0.1211791,0.08191126,0.03915066
nlos,naive,p2b_uniform,10,0.3217984,0.1217161,0.3064639,0.1274995,0.07814034,0.04767138
nlos,naive,p2b_uniform,10.5,0.338095,0.1277459,0.3220024,0.1338388,0.0821922,0.04976796
nlos,naive,p2b_uniform,11,0.3543276,0.136043,0.3375499,0.1401887,0.08786605,0.05428733
nlos,naive,p2b_uniform,11.5,0.3706296,0.1422795,0.3530511,0.1466289,0.09215992,0.0565128
nlos,naive,p2b_uniform,12,0.3853453,0.150017,0.3684465,0.1531045,0.09041787,0.06218511
nlos,naive,p2b_uniform,12.5,0.4014688,0.1564363,0.3837727,0.1597134,0.09461256,0.06456304
nlos,naive,p2b_uniform,13,0.411808,0.1636071,0.3990485,0.1663929,0.08545804,0.04778985
nlos,naive,p2b_uniform,13.5,0.4276855,0.1701656,0.414332,0.1731055,0.08915909,0.0495855
nlos,naive,p2b_uniform,14,0.4414584,0.1795296,0.4297736,0.1798047,0.08600582,0.05320555
nlos,naive,p2b_uniform,14.5,0.457277,0.1862245,0.4450555,0.1865282,0.08955488,0.05525285
nlos,naive,p2b_uniform,15,0.4714435,0.1911455,0.4603623,0.1931711,0.0874769,0.0451168
nlos,naive,p2b_uniform,15.5,0.4871497,0.1977981,0.475633,0.1998835,0.09068115,0.04676033
nlos,naive,p2b_uniform,16,0.4996477,0.2060944,0.4909071,0.2068427,0.08017586,0.04514723
nlos,naive,p2b_uniform,16.5,0.515328,0.2129975,0.5061698,0.2138432,0.08347033,0.0463956
nlos,naive,p2b_uniform,17,0.5288176,0.2204015,0.5214456,0.2209926,0.07994426,0.03408301
nlos,naive,p2b_uniform,17.5,0.5444189,0.2272865,0.5366868,0.2279916,0.08294162,0.03516796
nlos,naive,p2b_uniform,18,0.5579704,0.2347142,0.5520352,0.235071,0.07382572,0.03209643
nlos,naive,p2b_uniform,18.5,0.573441,0.2416327,0.5671942,0.2420714,0.07672104,0.03304785
nlos,naive,p2b_uniform,19,0.5890958,0.2481188,0.5822524,0.2489951,0.07885989,0.03815977
nlos,naive,p2b_uniform,19.5,0.6047183,0.2550404,0.5974234,0.2560708,0.08233624,0.03960311
nlos,naive,p2b_uniform,20,0.6245381,0.2607656,0.6125018,0.2634211,0.1095093,0.04071398
nlos,naive,p2b_uniform,20.5,0.6405545,0.2676026,0.6276249,0.2705303,0.1149089,0.04225475
nlos,naive,p2b_uniform,21,0.6628766,0.2724768,0.6425969,0.2777964,0.1514283,0.02834406
nlos,naive,p2b_uniform,21.5,0.6796559,0.2789778,0.6576595,0.2848784,0.1594944,0.02932337
nlos,naive,p2b_uniform,22,0.7055856,0.2813222,0.6726767,0.2919471,0.1967846,0.0298523
nlos,naive,p2b_uniform,22.5,0.7232485,0.2874043,0.6876687,0.2989786,0.2070266,0.03065022
nlos,naive,p2b_uniform,23,0.745272,0.2926442,0.7026626,0.3060339,0.2308997,0.02838824
nlos,naive,p2b_uniform,23.5,0.7634545,0.2985032,0.7175996,0.3128989,0.242362,0.02924837
nlos,naive,p2b_uniform,24,0.7858566,0.3030304,0.7324844,0.3200418,0.2646473,0.03128113
nlos,naive,p2b_uniform,24.5,0.8045402,0.3086486,0.7473422,0.3268836,0.277053,0.03238916
nlos,naive,p2b_uniform,25,0.8240896,0.3133822,0.7623344,0.3337112,0.2908184,0.03073933
nlos,naive,p2b_uniform,25.5,0.8430646,0.3188331,0.7772742,0.3404537,0.3034739,0.03186831
nlos,naive,p2b_uniform,26,0.8595532,0.3222505,0.792444,0.3472803,0.3065851,0.03161428
nlos,naive,p2b_uniform,26.5,0.8785089,0.3275209,0.8074029,0.3540389,0.3188475,0.03316317
nlos,naive,p2b_uniform,27,0.888648,0.3356168,0.8223386,0.3609768,0.3094173,0.0313379
nlos,naive,p2b_uniform,27.5,0.9068746,0.3410141,0.837189,0.3676923,0.320254,0.03263758
nlos,naive,p2b_uniform,28,0.9165784,0.3470849,0.8519702,0.3743605,0.3072534,0.03500721
nlos,naive,p2b_uniform,28.5,0.9342424,0.3523649,0.8667659,0.3809404,0.3167863,0.03649617
nlos,naive,p2b_uniform,29,0.9406301,0.3638512,0.8814967,0.3876591,0.3000242,0.02784633
nlos,naive,p2b_uniform,29.5,0.9576398,0.3693996,0.8962344,0.3942662,0.3082149,0.02903999
nlos,naive,p2b_uniform,30,0.9648985,0.3781744,0.9111074,0.4008552,0.2884301,0.03136952
nlos,naive,p2b_uniform,30.5,0.981474,0.3838168,0.9259172,0.4074715,0.2952031,0.03311717
nlos,naive,p2b_uniform,31,0.9892859,0.3935545,0.9406218,0.4141709,0.2775522,0.03344076
nlos,naive,p2b_uniform,31.5,1.005392,0.3993668,0.9554268,0.4208006,0.2829892,0.03539711
nlos,naive,p2b_uniform,32,1.013355,0.4085063,0.9703149,0.4271877,0.2636336,0.03314696
nlos,naive,p2b_uniform,32.5,1.029076,0.4144359,0.9851144,0.4337368,0.2680197,0.03495065
nlos,naive,p2b_uniform,33,1.035863,0.4249735,0.9999561,0.4404968,0.2440561,0.02853702
nlos,naive,p2b_uniform,33.5,1.051273,0.4312704,1.014953,0.4471629,0.2468508,0.02986448
nlos,naive,p2b_uniform,34,1.056975,0.4423435,1.029871,0.4541488,0.2140514,0.02694171
nlos,naive,p2b_uniform,34.5,1.072082,0.4488126,1.044994,0.4607292,0.2151404,0.02840849
nlos,naive,p2b_uniform,35,1.079666,0.4585258,1.059709,0.4675276,0.1844348,0.02828416
nlos,naive,p2b_uniform,35.5,1.094749,0.4651825,1.074945,0.4741577,0.184773,0.02936116
nlos,naive,p2b_uniform,36,1.108547,0.4735565,1.090435,0.4814517,0.1798611,0.01819253
nlos,naive,p2b_uniform,36.5,1.123773,0.4799802,1.105667,0.4878847,0.1809937,0.01888701
nlos,naive,p2b_uniform,37,1.140271,0.4850173,1.120771,0.4938993,0.1886059,0.01651166
nlos,naive,p2b_uniform,37.5,1.15567,0.4912418,1.13597,0.5001629,0.1909299,0.01748725
nlos,naive,p2b_uniform,38,1.173718,0.4958797,1.151341,0.5053819,0.2068856,0.01406417
nlos,naive,p2b_uniform,38.5,1.189481,0.5019081,1.166648,0.5115231,0.2105123,0.01538458
nlos,naive,p2b_uniform,39,1.208847,0.5053159,1.182379,0.517249,0.2266423,0.01868673
nlos,naive,p2b_uniform,39.5,1.224959,0.5111753,1.19773,0.5234226,0.2314122,0.01997309
nlos,naive,p2b_uniform,40,1.232435,0.5220162,1.212874,0.5308013,0.1965682,0.02067023
nlos,naive,p2b_uniform,40.5,1.248015,0.5281996,1.228239,0.5370596,0.1988293,0.0222588
nlos,naive,p2b_uniform,41,1.26116,0.5355706,1.243143,0.5437023,0.1904702,0.02302059
nlos,naive,p2b_uniform,41.5,1.276662,0.541903,1.258554,0.55002,0.1921454,0.02447568
nlos,naive,p2b_uniform,42,1.289534,0.5488214,1.274012,0.5561765,0.1776731,0.02300014
nlos,naive,p2b_uniform,42.5,1.304995,0.5550887,1.289481,0.5624002,0.1786947,0.02424149
nlos,naive,p2b_uniform,43,1.317336,0.5625552,1.304929,0.5683561,0.1605057,0.02383782
nlos,naive,p2b_uniform,43.5,1.332631,0.5686218,1.320332,0.5743475,0.1606526,0.0251798
nlos,naive,p2b_uniform,44,1.345084,0.574778,1.335532,0.5797125,0.139254,0.02904593
nlos,naive,p2b_uniform,44.5,1.360427,0.5808606,1.351013,0.5857219,0.1386932,0.03080861
nlos,naive,p2b_uniform,45,1.373597,0.5876113,1.366513,0.591381,0.1202648,0.02765547
nlos,naive,p2b_uniform,45.5,1.389055,0.5936781,1.382098,0.597365,0.1196941,0.02865292
nlos,naive,p2b_uniform,46,1.40355,0.6008942,1.398051,0.6033843,0.1087858,0.02755764
nlos,naive,p2b_uniform,46.5,1.419047,0.6069994,1.413638,0.6094227,0.10838,0.02854869
nlos,naive,p2b_uniform,47,1.433792,0.6132008,1.429373,0.6154233,0.096493,0.02802938
nlos,naive,p2b_uniform,47.5,1.449259,0.619283,1.444919,0.6214203,0.09614209,0.02899626
nlos,naive,p2b_uniform,48,1.463403,0.6264391,1.460124,0.6278504,0.08603254,0.02303164
nlos,naive,p2b_uniform,48.5,1.479016,0.6323779,1.475772,0.633758,0.08591966,0.02393429
nlos,naive,p2b_uniform,49,1.494598,0.6383914,1.492034,0.6398441,0.07319912,0.02372713
nlos,naive,p2b_uniform,49.5,1.51027,0.6444518,1.50769,0.6459253,0.07351927,0.02455644
nlos,naive,p2b_uniform,50,1.52604,0.6506605,1.523551,0.6523624,0.0685595,0.02872874
nlos,naive,p2b_uniform,50.5,1.541908,0.6567356,1.539358,0.6584467,0.06975382,0.02999454
nlos,naive,p2b_uniform,51,1.557617,0.6620631,1.555065,0.6641337,0.06677173,0.03034496
nlos,naive,p2b_uniform,51.5,1.573621,0.6681798,1.570922,0.6703299,0.06938061,0.03147149
nlos,naive,p2b_uniform,52,1.58942,0.6745737,1.587117,0.6764572,0.06481125,0.0271494
nlos,naive,p2b_uniform,52.5,1.605422,0.6808464,1.60295,0.6828175,0.06800513,0.02815941
nlos,naive,p2b_uniform,53,1.620717,0.6877944,1.618812,0.6891144,0.06295948,0.02243405
nlos,naive,p2b_uniform,53.5,1.63669,0.6940203,1.63463,0.695423,0.06604664,0.02352051
nlos,naive,p2b_uniform,54,1.652406,0.7004076,1.650044,0.7023646,0.06655056,0.0283505
nlos,naive,p2b_uniform,54.5,1.668378,0.7065609,1.665824,0.7086472,0.0699965,0.0292277
nlos,naive,p2b_uniform,55,1.68431,0.7124233,1.681674,0.7149366,0.06791828,0.0299626
nlos,naive,p2b_uniform,55.5,1.700256,0.7186047,1.69742,0.7212384,0.07169192,0.03067624
nlos,naive,p2b_uniform,56,1.716288,0.7248225,1.713585,0.7271887,0.07234836,0.02849788
nlos,naive,p2b_uniform,56.5,1.732106,0.7311571,1.729199,0.7336441,0.07630928,0.02860825
nlos,naive,p2b_uniform,57,1.747183,0.7381481,1.744241,0.7405857,0.07755411,0.02964085
nlos,naive,p2b_uniform,57.5,1.76297,0.7446351,1.75981,0.747216,0.08143491,0.02979832
nlos,naive,p2b_uniform,58,1.779081,0.7511056,1.775794,0.753793,0.0831056,0.03134914
nlos,naive,p2b_uniform,58.5,1.79492,0.757621,1.791392,0.760476,0.08721106,0.03131447
nlos,naive,p2b_uniform,59,1.810285,0.7643867,1.807083,0.7668891,0.08346455,0.03208437
nlos,naive,p2b_uniform,59.5,1.826236,0.7708756,1.822812,0.7735321,0.08727988,0.03208005
nlos,naive,p2b_uniform,60,1.841294,0.7782867,1.838285,0.7802568,0.08619222,0.02758855
node_outage,naive,cyclic,0,0,0,0,0,0,0
node_outage,naive,cyclic,0.5,0.03278935,0.009450625,0.01527247,0.006410403,0.02839605,0.009254729
node_outage,naive,cyclic,1,0.06372131,0.01895469,0.03049938,0.01284285,0.05454726,0.0189018
node_outage,naive,cyclic,1.5,0.09134302,0.02476407,0.04574116,0.01927718,0.07671009,0.0250562
node_outage,naive,cyclic,2,0.1169824,0.03002513,0.06102654,0.02565298,0.09579417,0.03269283
node_outage,naive,cyclic,2.5,0.1364922,0.03522476,0.07624835,0.03201182,0.1074078,0.03953799
node_outage,naive,cyclic,3,0.1447168,0.04984525,0.09143159,0.03825539,0.1050387,0.0515047
node_outage,naive,cyclic,3.5,0.1615336,0.05362824,0.1066467,0.04459417,0.1135594,0.05298323
node_outage,naive,cyclic,4,0.1764096,0.06421654,0.121904,0.050998,0.1178782,0.06333958
node_outage,naive,cyclic,4.5,0.1878088,0.0690445,0.1372696,0.05745739,0.1201078,0.05978753
node_outage,naive,cyclic,5,0.1955983,0.07297995,0.1527152,0.06390459,0.1146483,0.0559388
node_outage,naive,cyclic,5.5,0.209,0.08010239,0.1680694,0.07033422,0.1140312,0.06346611
node_outage,naive,cyclic,6,0.2242275,0.07996122,0.1834013,0.07677133,0.1186679,0.05652027
node_outage,naive,cyclic,6.5,0.2397957,0.0884783,0.1988315,0.08326092,0.1219473,0.06446617
node_outage,naive,cyclic,7,0.2589082,0.09304436,0.2142382,0.08967223,0.1291551,0.0728353
node_outage,naive,cyclic,7.5,0.272037,0.09697613,0.2295927,0.0960258,0.1278585,0.07339721
node_outage,naive,cyclic,8,0.277788,0.09966139,0.2449493,0.102306,0.1184709,0.05254794
node_outage,naive,cyclic,8.5,0.2929573,0.1040929,0.260349,0.1085675,0.1180876,0.05798095
node_outage,naive,cyclic,9,0.3024572,0.1061561,0.2757175,0.1148871,0.0993583,0.06286735
node_outage,naive,cyclic,9.5,0.3144424,0.1139354,0.2910821,0.121169,0.09737375,0.05664257
node_outage,naive,cyclic,10,0.3260155,0.1203983,0.3064357,0.1274861,0.09253702,0.04758463
node_outage,naive,cyclic,10.5,0.339263,0.1256852,0.3219479,0.1338263,0.08829667,0.04161933
node_outage,naive,cyclic,11,0.3519052,0.1326481,0.33752,0.1401806,0.08188041,0.03642955
node_outage,naive,cyclic,11.5,0.3652196,0.1407477,0.3530251,0.1466119,0.07914744,0.03066723
node_outage,naive,cyclic,12,0.3803136,0.1481689,0.3684371,0.1531324,0.07938453,0.03509306
node_outage,naive,cyclic,12.5,0.3953801,0.1547679,0.3838214,0.1596931,0.07844148,0.03814304
node_outage,naive,cyclic,13,0.408339,0.163747,0.3991318,0.1663622,0.07685969,0.02727953
node_outage,naive,cyclic,13.5,0.423302,0.171041,0.4144163,0.1731201,0.07778108,0.02741632
node_outage,naive,cyclic,14,0.4380947,0.1780682,0.4297175,0.179828,0.07667739,0.02887513
node_outage,naive,cyclic,14.5,0.4523251,0.1842369,0.4450383,0.1866391,0.07105277,0.02603728
node_outage,naive,cyclic,15,0.4679101,0.1908113,0.4602756,0.1933362,0.07357518,0.02812661
node_outage,naive,cyclic,15.5,0.4828074,0.1972823,0.475548,0.2000232,0.07239288,0.02679062
node_outage,naive,cyclic,16,0.4965079,0.2046818,0.4908478,0.2069683,0.0632035,0.02713846
node_outage,naive,cyclic,16.5,0.5125558,0.2114194,0.5061335,0.2138975,0.06858283,0.02969178
node_outage,naive,cyclic,17,0.5282519,0.2182833,0.5214616,0.2209171,0.07098756,0.03227727
node_outage,naive,cyclic,17.5,0.5440184,0.2256482,0.5367707,0.2278289,0.07644257,0.03325004
node_outage,naive,cyclic,18,0.557987,0.2325151,0.551957,0.2347525,0.06936497,0.03057598
node_outage,naive,cyclic,18.5,0.5733874,0.2388191,0.5670786,0.2416451,0.07103677,0.03006786
node_outage,naive,cyclic,19,0.5878795,0.2460989,0.5822411,0.2485928,0.06981685,0.02408883
node_outage,naive,cyclic,19.5,0.6036809,0.2525344,0.5973709,0.2556432,0.07388549,0.02552127
node_outage,naive,cyclic,20,0.6193554,0.2584974,0.6125413,0.2627352,0.07343216,0.03083947
node_outage,naive,cyclic,20.5,0.6347973,0.2654585,0.6276637,0.2698332,0.07644918,0.03140165
node_outage,naive,cyclic,21,0.6499164,0.2730803,0.6429525,0.2768999,0.07774112,0.03185492
node_outage,naive,cyclic,21.5,0.6653127,0.2800272,0.6580332,0.2839868,0.0806247,0.03262722
node_outage,naive,cyclic,22,0.6802747,0.287683,0.6731499,0.2908545,0.08285527,0.03300301
node_outage,naive,cyclic,22.5,0.6956516,0.2945845,0.6881627,0.2978931,0.08614417,0.03372045
node_outage,naive,cyclic,23,0.7103305,0.3014663,0.7031473,0.3047966,0.08482758,0.03307873
node_outage,naive,cyclic,23.5,0.7256664,0.308169,0.7181024,0.3116698,0.08819162,0.03373968
node_outage,naive,cyclic,24,0.7409695,0.3148569,0.7330507,0.31842,0.09009992,0.03853711
node_outage,naive,cyclic,24.5,0.7562495,0.3215039,0.7479202,0.3252678,0.09345346,0.03950385
node_outage,naive,cyclic,25,0.7714642,0.327729,0.7628547,0.3320213,0.09457639,0.0407137
node_outage,naive,cyclic,25.5,0.7868509,0.3342824,0.7778032,0.3387705,0.09817167,0.04166443
node_outage,naive,cyclic,26,0.80046,0.3423422,0.7928171,0.3454933,0.09483298,0.03440995
node_outage,naive,cyclic,26.5,0.8157832,0.3489868,0.8077748,0.3522675,0.09821646,0.03509373
node_outage,naive,cyclic,27,0.8305591,0.3559363,0.8227432,0.3593488,0.09693181,0.03565175
node_outage,naive,cyclic,27.5,0.8457366,0.362585,0.8375933,0.3660826,0.1001561,0.03635176
node_outage,naive,cyclic,28,0.8608132,0.3700665,0.85254,0.3729354,0.1042149,0.03683771
node_outage,naive,cyclic,28.5,0.87595,0.3766031,0.8673419,0.3795376,0.1076686,0.03707661
node_outage,naive,cyclic,29,0.8905898,0.3838704,0.8819317,0.3861632,0.1105804,0.03895357
node_outage,naive,cyclic,29.5,0.9056962,0.3904307,0.8966743,0.3927856,0.1142309,0.03920119
node_outage,naive,cyclic,30,0.920662,0.3975276,0.9115022,0.3997011,0.1156007,0.0431948
node_outage,naive,cyclic,30.5,0.9332792,0.4040401,0.9262609,0.4060601,0.1020291,0.03381648
node_outage,naive,cyclic,31,0.9486215,0.4103506,0.9410697,0.4125808,0.1072814,0.03272964
node_outage,naive,cyclic,31.5,0.9634637,0.4173521,0.9558228,0.4194382,0.1081341,0.03718753
node_outage,naive,cyclic,32,0.9784855,0.4233425,0.9707959,0.425781,0.1084527,0.03642157
node_outage,naive,cyclic,32.5,0.9932428,0.429657,0.9856406,0.4321803,0.1081681,0.03667348
node_outage,naive,cyclic,33,1.008521,0.4351058,1.000597,0.4387589,0.1085118,0.03423488
node_outage,naive,cyclic,33.5,1.023549,0.4430305,1.015775,0.445705,0.1117978,0.03397323
node_outage,naive,cyclic,34,1.038312,0.4505054,1.030975,0.4521643,0.1096579,0.04273182
node_outage,naive,cyclic,34.5,1.052416,0.4550756,1.045842,0.4583047,0.1002412,0.0315145
node_outage,naive,cyclic,35,1.067552,0.4608228,1.061117,0.4644836,0.0968245,0.03408092
node_outage,naive,cyclic,35.5,1.080154,0.4700026,1.076401,0.4713184,0.08063617,0.02090087
node_outage,naive,cyclic,36,1.094469,0.4771042,1.091621,0.4777817,0.07019561,0.02684549
node_outage,naive,cyclic,36.5,1.109101,0.4835618,1.106882,0.4840674,0.06220573,0.0247863
node_outage,naive,cyclic,37,1.123894,0.4899725,1.122214,0.4902862,0.05490503,0.02216241
node_outage,naive,cyclic,37.5,1.138925,0.4962339,1.13728,0.4964318,0.05546631,0.02248168
node_outage,naive,cyclic,38,1.153916,0.5021923,1.15251,0.5024721,0.05086706,0.02019489
node_outage,naive,cyclic,38.5,1.169167,0.5082169,1.167751,0.5085054,0.05202086,0.01850705
node_outage,naive,cyclic,39,1.184312,0.5145327,1.183061,0.514704,0.04911971,0.0200261
node_outage,naive,cyclic,39.5,1.199746,0.5202456,1.198383,0.5206147,0.05083123,0.0183632
node_outage,naive,cyclic,40,1.215141,0.5264459,1.213714,0.526884,0.05188094,0.01882706
node_outage,naive,cyclic,40.5,1.230704,0.5328301,1.229222,0.5332835,0.05271705,0.02069619
node_outage,naive,cyclic,41,1.246174,0.5391136,1.244657,0.5396237,0.05435227,0.01778553
node_outage,naive,cyclic,41.5,1.261526,0.545141,1.259948,0.5457792,0.05492423,0.01775943
node_outage,naive,cyclic,42,1.277001,0.5513681,1.275341,0.5520797,0.05647675,0.01786626
node_outage,naive,cyclic,42.5,1.291914,0.5578922,1.290425,0.5584178,0.05552844,0.01466704
node_outage,naive,cyclic,43,1.307434,0.5638835,1.305821,0.5644166,0.05860003,0.01487896
node_outage,naive,cyclic,43.5,1.322813,0.5701187,1.321403,0.5705885,0.05456405,0.01595238
node_outage,naive,cyclic,44,1.338213,0.5761664,1.336751,0.5766602,0.05616947,0.015027
node_outage,naive,cyclic,44.5,1.354412,0.5820178,1.35292,0.5826582,0.05567198,0.0155929
node_outage,naive,cyclic,45,1.370055,0.5880887,1.368586,0.5885441,0.0573203,0.01547874
node_outage,naive,cyclic,45.5,1.3856,0.5940354,1.384159,0.5944404,0.05666741,0.01838018
node_outage,naive,cyclic,46,1.4015,0.6003442,1.399844,0.6007398,0.06163879,0.02020366
node_outage,naive,cyclic,46.5,1.417103,0.6062009,1.41543,0.6066294,0.06238157,0.01932795
node_outage,naive,cyclic,47,1.432803,0.6122643,1.431188,0.6126627,0.06100837,0.02147733
node_outage,naive,cyclic,47.5,1.448396,0.6185095,1.446671,0.6189796,0.06321344,0.02170067
node_outage,naive,cyclic,48,1.463078,0.6245065,1.461517,0.6250421,0.05938921,0.02061664
node_outage,naive,cyclic,48.5,1.478863,0.630011,1.477293,0.6305551,0.05886046,0.02349164
node_outage,naive,cyclic,49,1.494907,0.6358465,1.493133,0.6368546,0.06065894,0.02059089
node_outage,naive,cyclic,49.5,1.50994,0.6414834,1.508337,0.6422605,0.05837762,0.0225784
node_outage,naive,cyclic,50,1.525607,0.6470338,1.523748,0.6480034,0.06273986,0.02380576
node_outage,naive,cyclic,50.5,1.541657,0.6535784,1.539841,0.6546202,0.06033825,0.0263857
node_outage,naive,cyclic,51,1.557204,0.6598094,1.555641,0.6607486,0.05496038,0.02650583
node_outage,naive,cyclic,51.5,1.572733,0.66586,1.571068,0.6669375,0.05684897,0.02594474
node_outage,naive,cyclic,52,1.588595,0.6716007,1.586751,0.6730452,0.05937282,0.02261541
node_outage,naive,cyclic,52.5,1.604576,0.6780282,1.602799,0.6793689,0.05825048,0.02463424
node_outage,naive,cyclic,53,1.620248,0.684683,1.618602,0.6859152,0.05612621,0.02464956
node_outage,naive,cyclic,53.5,1.635393,0.6912374,1.6341,0.692114,0.05223823,0.01906898
node_outage,naive,cyclic,54,1.651554,0.6978481,1.650104,0.698839,0.05476786,0.02231388
node_outage,naive,cyclic,54.5,1.667601,0.7043335,1.666157,0.7053139,0.05576974,0.02024036
node_outage,naive,cyclic,55,1.683884,0.7102031,1.682175,0.7116477,0.05762659,0.02251189
node_outage,naive,cyclic,55.5,1.699483,0.7160838,1.697639,0.7177662,0.05854307,0.02395898
node_outage,naive,cyclic,56,1.7148,0.7227169,1.71319,0.7240559,0.05636819,0.02297055
node_outage,naive,cyclic,56.5,1.73038,0.7295815,1.728834,0.7306796,0.05723744,0.02401853
node_outage,naive,cyclic,57,1.746352,0.7362009,1.744734,0.7374192,0.05783206,0.02515444
node_outage,naive,cyclic,57.5,1.762286,0.7429729,1.76055,0.7440592,0.06212191,0.0275592
node_outage,naive,cyclic,58,1.777917,0.7494084,1.776204,0.7503395,0.06224145,0.03056011
node_outage,naive,cyclic,58.5,1.793774,0.7559063,1.791911,0.7569001,0.0661829,0.03028314
node_outage,naive,cyclic,59,1.809489,0.7622154,1.807543,0.7632934,0.06754655,0.03101592
node_outage,naive,cyclic,59.5,1.825058,0.7684086,1.822943,0.7700075,0.0678664,0.02850992
node_outage,naive,cyclic,60,1.840687,0.7750776,1.838497,0.7766779,0.06996936,0.02907783
node_outage,naive,information,0,0,0,0,0,0,0
node_outage,naive,information,0.5,0.03208819,0.009391174,0.01527247,0.006410404,0.02756993,0.009236568
node_outage,naive,information,1,0.06299171,0.01959851,0.03049938,0.01284284,0.0537035,0.01951739
node_outage,naive,information,1.5,0.0889885,0.02540623,0.04574111,0.01927723,0.07388253,0.02571599
node_outage,naive,information,2,0.1173601,0.03055824,0.06102643,0.02565308,0.09648368,0.03247687
node_outage,naive,information,2.5,0.1298881,0.03688717,0.07624798,0.03201184,0.1000037,0.03805186
node_outage,naive,information,3,0.148025,0.04617256,0.09143143,0.03825512,0.1100093,0.04684428
node_outage,naive,information,3.5,0.1624998,0.05590056,0.1066469,0.04459335,0.1136124,0.05807743
node_outage,naive,information,4,0.1826508,0.06163445,0.121906,0.05099607,0.12591,0.06312239
node_outage,naive,information,4.5,0.1933492,0.0715249,0.1372701,0.05745547,0.1248738,0.0701226
node_outage,naive,information,5,0.2085158,0.07034986,0.1527164,0.06390123,0.1292077,0.06715539
node_outage,naive,information,5.5,0.2325045,0.0803851,0.1680756,0.07033102,0.1445246,0.08182876
node_outage,naive,information,6,0.2371944,0.07943292,0.1834085,0.07676431,0.1390446,0.06228217
node_outage,naive,information,6.5,0.2397105,0.07811394,0.1988392,0.08325403,0.1238274,0.04356349
node_outage,naive,information,7,0.2494115,0.08681289,0.2142447,0.08966743,0.1096956,0.06319209
node_outage,naive,information,7.5,0.258236,0.09519977,0.2296026,0.09601874,0.1040121,0.05620636
node_outage,naive,information,8,0.2715619,0.09431056,0.2449594,0.1023021,0.1060397,0.03250439
node_outage,naive,information,8.5,0.2781844,0.1063199,0.2603629,0.1085551,0.08936346,0.03487838
node_outage,naive,information,9,0.2942362,0.1110911,0.275739,0.1148781,0.0908379,0.03944976
node_outage,naive,information,9.5,0.30519,0.1164655,0.2911097,0.121154,0.08157926,0.02680365
node_outage,naive,information,10,0.3189235,0.1227769,0.3064762,0.1274624,0.07737573,0.02682674
node_outage,naive,information,10.5,0.3312917,0.1315685,0.3219961,0.133791,0.06907177,0.02793782
node_outage,naive,information,11,0.3456222,0.1383374,0.3375842,0.1401511,0.06628618,0.02550429
node_outage,naive,information,11.5,0.3612832,0.1450024,0.3530882,0.1465905,0.06861041,0.02727778
node_outage,naive,information,12,0.3773759,0.1519349,0.3685073,0.1530761,0.07479087,0.026962
node_outage,naive,information,12.5,0.3925179,0.1587026,0.3838192,0.1596842,0.07341167,0.03351349
node_outage,naive,information,13,0.4082317,0.1642089,0.3991461,0.166404,0.07375173,0.0356409
node_outage,naive,information,13.5,0.4219589,0.1713298,0.4144388,0.1731292,0.06842346,0.0327544
node_outage,naive,information,14,0.435756,0.1783868,0.429755,0.1798846,0.06373459,0.02558705
node_outage,naive,information,14.5,0.4510949,0.1851436,0.4450658,0.1866054,0.06525551,0.0257218
node_outage,naive,information,15,0.4667936,0.1919671,0.4604107,0.1932917,0.06782869,0.0296069
node_outage,naive,information,15.5,0.4829415,0.1976901,0.4756128,0.2000926,0.07238916,0.03038204
node_outage,naive,information,16,0.4967723,0.2053974,0.4908832,0.2070653,0.06719871,0.02610023
node_outage,naive,information,16.5,0.5122427,0.2124607,0.5061745,0.2140779,0.06906264,0.02819029
node_outage,naive,information,17,0.5277849,0.2193078,0.5214425,0.2211955,0.07302113,0.02367732
node_outage,naive,information,17.5,0.5433286,0.2261903,0.5367211,0.228168,0.07360858,0.03016585
node_outage,naive,information,18,0.5578248,0.2334586,0.5520066,0.2351937,0.07130912,0.02512503
node_outage,naive,information,18.5,0.5722184,0.2402513,0.5671719,0.2420842,0.06704503,0.02090281
node_outage,naive,information,19,0.5877937,0.2472706,0.58225,0.2490829,0.07225949,0.02078377
node_outage,naive,information,19.5,0.6027565,0.2537135,0.5974054,0.2560877,0.06958102,0.02129572
node_outage,naive,information,20,0.6180347,0.260453,0.6123632,0.2631542,0.07159828,0.02312871
node_outage,naive,information,20.5,0.6335506,0.2674297,0.6274203,0.2703193,0.07510991,0.02539182
node_outage,naive,information,21,0.6485996,0.2743155,0.6425461,0.2774593,0.07409311,0.0267196
node_outage,naive,information,21.5,0.6635942,0.2813164,0.6576015,0.2845706,0.07364676,0.02799222
node_outage,naive,information,22,0.678218,0.2886045,0.6726396,0.2916407,0.07149768,0.02809857
node_outage,naive,information,22.5,0.6935357,0.2955453,0.6876363,0.2987134,0.0745909,0.02894244
node_outage,naive,information,23,0.7088519,0.3023942,0.7025935,0.3057206,0.07788036,0.02984895
node_outage,naive,information,23.5,0.724171,0.3091357,0.7175349,0.3126298,0.08128062,0.0307251
node_outage,naive,information,24,0.7395122,0.3158495,0.7324892,0.3195136,0.08470461,0.03164434
node_outage,naive,information,24.5,0.7547735,0.3225461,0.7473481,0.3263989,0.08815223,0.03256969
node_outage,naive,information,25,0.7701306,0.3292108,0.7622916,0.3332485,0.0916885,0.03347937
node_outage,naive,information,25.5,0.7854931,0.3358243,0.7772342,0.3400329,0.09532497,0.03429774
node_outage,naive,information,26,0.8008839,0.3423867,0.7921731,0.3467836,0.09912147,0.03513804
node_outage,naive,information,26.5,0.8163031,0.3490024,0.8071287,0.3535816,0.102982,0.03601657
node_outage,naive,information,27,0.8316707,0.3556854,0.8220396,0.3604179,0.1068628,0.03681941
node_outage,naive,information,27.5,0.8469873,0.3622814,0.836895,0.367165,0.1107515,0.03761658
node_outage,naive,information,28,0.862256,0.3688249,0.8517059,0.373848,0.1146117,0.03842616
node_outage,naive,information,28.5,0.8775297,0.3752733,0.8665131,0.3804591,0.1184068,0.03933921
node_outage,naive,information,29,0.8927941,0.3817069,0.8813187,0.3870497,0.1221366,0.04025545
node_outage,naive,information,29.5,0.9080002,0.3881923,0.8960748,0.3936761,0.1257981,0.04124441
node_outage,naive,information,30,0.9201111,0.3983718,0.9108569,0.400375,0.1185533,0.03796374
node_outage,naive,information,30.5,0.9323614,0.4053174,0.9254313,0.4070259,0.1047167,0.02493547
node_outage,naive,information,31,0.9461114,0.4120567,0.9403587,0.4134112,0.09344895,0.03336299
node_outage,naive,information,31.5,0.9604477,0.4189201,0.9552812,0.4200009,0.08903363,0.03417136
node_outage,naive,information,32,0.9750471,0.4250957,0.9702079,0.4264137,0.0862559,0.03090129
node_outage,naive,information,32.5,0.9897327,0.4311912,0.9848619,0.432713,0.08690321,0.02932134
node_outage,naive,information,33,1.005461,0.437389,0.9997445,0.4394168,0.09301592,0.03437605
node_outage,naive,information,33.5,1.019766,0.4440812,1.014466,0.446188,0.08936351,0.03266502
node_outage,naive,information,34,1.035494,0.4505918,1.029524,0.4528504,0.09588087,0.03550314
node_outage,naive,information,34.5,1.049997,0.4578273,1.045073,0.4594678,0.09122101,0.02438275
node_outage,naive,information,35,1.06394,0.4642293,1.060213,0.4657784,0.07739288,0.02426051
node_outage,naive,information,35.5,1.079367,0.470828,1.075685,0.4723893,0.07702598,0.02516341
node_outage,naive,information,36,1.09422,0.477904,1.091075,0.4789614,0.07521242,0.01641923
node_outage,naive,information,36.5,1.10884,0.484433,1.106362,0.4854525,0.06530356,0.01732691
node_outage,naive,information,37,1.123783,0.4910079,1.121627,0.4918783,0.060388,0.02004061
node_outage,naive,information,37.5,1.138963,0.4969505,1.136809,0.4980691,0.05895849,0.01968405
node_outage,naive,information,38,1.153826,0.5035377,1.152125,0.5041836,0.05487515,0.01761032
node_outage,naive,information,38.5,1.169347,0.5099231,1.167544,0.5102852,0.05897176,0.02013591
node_outage,naive,information,39,1.184352,0.5156855,1.182795,0.5163295,0.05396469,0.01224323
node_outage,naive,information,39.5,1.199149,0.5216887,1.197613,0.5223424,0.05258641,0.01681212
node_outage,naive,information,40,1.214303,0.5282601,1.212949,0.5287771,0.05089859,0.0136589
node_outage,naive,information,40.5,1.229152,0.5346422,1.227929,0.5351281,0.0488137,0.01162225
node_outage,naive,information,41,1.244429,0.5413109,1.243126,0.541864,0.05006062,0.01317255
node_outage,naive,information,41.5,1.259771,0.5475672,1.258526,0.5480107,0.05028816,0.01224934
node_outage,naive,information,42,1.275384,0.5537726,1.274168,0.5541525,0.04927197,0.01693361
node_outage,naive,information,42.5,1.29084,0.5598418,1.289607,0.5602373,0.05027114,0.01566509
node_outage,naive,information,43,1.306209,0.5664678,1.305117,0.5666299,0.04944736,0.01564391
node_outage,naive,information,43.5,1.321821,0.5729954,1.320824,0.5730498,0.04834267,0.01580102
node_outage,naive,information,44,1.337136,0.5786636,1.336113,0.5788801,0.04829022,0.01311097
node_outage,naive,information,44.5,1.35283,0.584819,1.351734,0.5850715,0.04917495,0.01671069
node_outage,naive,information,45,1.36849,0.5910324,1.367407,0.5912677,0.05015898,0.01385551
node_outage,naive,information,45.5,1.384057,0.5975478,1.383018,0.5976657,0.05071035,0.0134171
node_outage,naive,information,46,1.399889,0.6037595,1.398851,0.6038055,0.05115815,0.01570873
node_outage,naive,information,46.5,1.415493,0.6095675,1.414319,0.6096175,0.05391231,0.01942338
node_outage,naive,information,47,1.431528,0.615923,1.430342,0.6158569,0.05514957,0.02128561
node_outage,naive,information,47.5,1.447068,0.6215356,1.445731,0.6215703,0.05843442,0.02085546
node_outage,naive,information,48,1.462577,0.6276283,1.461234,0.6277443,0.05791941,0.02137761
node_outage,naive,information,48.5,1.478096,0.6330987,1.476652,0.6333859,0.05956726,0.01979693
node_outage,naive,information,49,1.494159,0.6391386,1.492619,0.639671,0.05995442,0.01945087
node_outage,naive,information,49.5,1.510138,0.6449143,1.50835,0.6457735,0.06304036,0.01972045
node_outage,naive,information,50,1.525779,0.6512102,1.524042,0.6519084,0.06159066,0.02594293
node_outage,naive,information,50.5,1.541736,0.6575145,1.54012,0.6580622,0.06159095,0.02302391
node_outage,naive,information,51,1.557349,0.6630611,1.555709,0.6637587,0.06098357,0.02313868
node_outage,naive,information,51.5,1.573079,0.6689412,1.571437,0.6698512,0.05910222,0.02323702
node_outage,naive,information,52,1.588791,0.6753744,1.587171,0.6764005,0.05727295,0.02397805
node_outage,naive,information,52.5,1.604661,0.6814874,1.602875,0.6826663,0.0608085,0.02306028
node_outage,naive,information,53,1.620992,0.6882307,1.619082,0.6893408,0.06535295,0.02212955
node_outage,naive,information,53.5,1.636748,0.6946952,1.634775,0.6957916,0.06677586,0.0240178
node_outage,naive,information,54,1.652619,0.7008516,1.65067,0.7020872,0.06406715,0.0268639
node_outage,naive,information,54.5,1.668937,0.7076833,1.667061,0.7088864,0.0645202,0.02237616
node_outage,naive,information,55,1.684673,0.714246,1.682761,0.7153426,0.06701379,0.02196945
node_outage,naive,information,55.5,1.700645,0.7205514,1.698909,0.7216081,0.06345796,0.02123992
node_outage,naive,information,56,1.716673,0.7266683,1.714776,0.72789,0.06554808,0.02350296
node_outage,naive,information,56.5,1.732137,0.7336792,1.73042,0.7348381,0.06313128,0.01899058
node_outage,naive,information,57,1.747622,0.7407283,1.746039,0.741676,0.06143586,0.02101848
node_outage,naive,information,57.5,1.762861,0.7471484,1.761289,0.748121,0.06102338,0.02138298
node_outage,naive,information,58,1.778354,0.7541714,1.777016,0.7549227,0.05768988,0.01920192
node_outage,naive,information,58.5,1.793563,0.7608609,1.792387,0.7615751,0.05378061,0.0175266
node_outage,naive,information,59,1.809209,0.7673984,1.80802,0.7681057,0.05482438,0.01672319
node_outage,naive,information,59.5,1.824915,0.7738858,1.823613,0.7745896,0.05826268,0.01834369
node_outage,naive,information,60,1.840493,0.7806053,1.839231,0.7811976,0.0584486,0.01919648
node_outage,naive,p2b_uniform,0,0,0,0,0,0,0
node_outage,naive,p2b_uniform,0.5,0.0329652,0.009203608,0.01527247,0.006410404,0.02858988,0.009032506
node_outage,naive,p2b_uniform,1,0.06316448,0.01873036,0.03049939,0.01284283,0.05440688,0.01704557
node_outage,naive,p2b_uniform,1.5,0.0946875,0.02793201,0.04574116,0.01927717,0.08152644,0.02544482
node_outage,naive,p2b_uniform,2,0.1069754,0.033213,0.06102645,0.02565313,0.08457182,0.03227988
node_outage,naive,p2b_uniform,2.5,0.1337019,0.0415011,0.07624838,0.03201184,0.1057042,0.04041502
node_outage,naive,p2b_uniform,3,0.140127,0.05189401,0.09143153,0.03825517,0.1005153,0.04963619
node_outage,naive,p2b_uniform,3.5,0.1636959,0.06057324,0.106647,0.04459374,0.1175824,0.0579803
node_outage,naive,p2b_uniform,4,0.1755514,0.0664501,0.1219048,0.05099694,0.1175718,0.0637311
node_outage,naive,p2b_uniform,4.5,0.1977338,0.07471628,0.1372684,0.057457,0.1325664,0.07144641
node_outage,naive,p2b_uniform,5,0.2014905,0.0694466,0.1527135,0.06390524,0.1190429,0.06331051
node_outage,naive,p2b_uniform,5.5,0.2217787,0.07639334,0.1680712,0.0703364,0.1311158,0.06951564
node_outage,naive,p2b_uniform,6,0.2174492,0.07585697,0.1833986,0.07677393,0.1034192,0.05448924
node_outage,naive,p2b_uniform,6.5,0.235835,0.08217776,0.1988283,0.08326368,0.1123144,0.0589406
node_outage,naive,p2b_uniform,7,0.2455898,0.09050709,0.2142318,0.08967515,0.09943091,0.07015022
node_outage,naive,p2b_uniform,7.5,0.2633719,0.0968708,0.2295902,0.09602851,0.1069084,0.07524025
node_outage,naive,p2b_uniform,8,0.2684937,0.09988821,0.2449514,0.1023035,0.09593152,0.05048079
node_outage,naive,p2b_uniform,8.5,0.2854423,0.1060588,0.2603555,0.1085644,0.1022793,0.05351216
node_outage,naive,p2b_uniform,9,0.2916213,0.1067368,0.2757141,0.114905,0.07733858,0.03732646
node_outage,naive,p2b_uniform,9.5,0.3078976,0.1125727,0.2910742,0.1211791,0.08191126,0.03915066
node_outage,naive,p2b_uniform,10,0.3217984,0.1217161,0.3064639,0.1274995,0.07814034,0.04767138
node_outage,naive,p2b_uniform,10.5,0.338095,0.1277459,0.3220024,0.1338388,0.0821922,0.04976796
node_outage,naive,p2b_uniform,11,0.3543276,0.136043,0.3375499,0.1401887,0.08786605,0.05428733
node_outage,naive,p2b_uniform,11.5,0.3706296,0.1422795,0.3530511,0.1466289,0.09215992,0.0565128
node_outage,naive,p2b_uniform,12,0.3853453,0.150017,0.3684465,0.1531045,0.09041787,0.06218511
node_outage,naive,p2b_uniform,12.5,0.4014688,0.1564363,0.3837727,0.1597134,0.09461256,0.06456304
node_outage,naive,p2b_uniform,13,0.411808,0.1636071,0.3990485,0.1663929,0.08545804,0.04778985
node_outage,naive,p2b_uniform,13.5,0.4276855,0.1701656,0.414332,0.1731055,0.08915909,0.0495855
node_outage,naive,p2b_uniform,14,0.4414584,0.1795296,0.4297736,0.1798047,0.08600582,0.05320555
node_outage,naive,p2b_uniform,14.5,0.457277,0.1862245,0.4450555,0.1865282,0.08955488,0.05525285
node_outage,naive,p2b_uniform,15,0.4714435,0.1911455,0.4603623,0.1931711,0.0874769,0.0451168
node_outage,naive,p2b_uniform,15.5,0.4871497,0.1977981,0.475633,0.1998835,0.09068115,0.04676033
node_outage,naive,p2b_uniform,16,0.4996477,0.2060944,0.4909071,0.2068427,0.08017586,0.04514723
node_outage,naive,p2b_uniform,16.5,0.515328,0.2129975,0.5061698,0.2138432,0.08347033,0.0463956
node_outage,naive,p2b_uniform,17,0.5288176,0.2204015,0.5214456,0.2209926,0.07994426,0.03408301
node_outage,naive,p2b_uniform,17.5,0.5444189,0.2272865,0.5366868,0.2279916,0.08294162,0.03516796
node_outage,naive,p2b_uniform,18,0.5579704,0.2347142,0.5520352,0.235071,0.07382572,0.03209643
node_outage,naive,p2b_uniform,18.5,0.573441,0.2416327,0.5671942,0.2420714,0.07672104,0.03304785
node_outage,naive,p2b_uniform,19,0.5890958,0.2481188,0.5822524,0.2489951,0.07885989,0.03815977
node_outage,naive,p2b_uniform,19.5,0.6047183,0.2550404,0.5974234,0.2560708,0.08233624,0.03960311
node_outage,naive,p2b_uniform,20,0.620161,0.2617456,0.6125157,0.2631583,0.08500378,0.0396576
node_outage,naive,p2b_uniform,20.5,0.6357745,0.268682,0.6276321,0.2702777,0.0888127,0.04081446
node_outage,naive,p2b_uniform,21,0.6492071,0.2765465,0.6426334,0.2773885,0.08210442,0.0371049
node_outage,naive,p2b_uniform,21.5,0.6647133,0.2834732,0.6576905,0.2844984,0.0857803,0.03805123
node_outage,naive,p2b_uniform,22,0.6800541,0.2914373,0.6727908,0.2913911,0.08918995,0.04468411
node_outage,naive,p2b_uniform,22.5,0.6954853,0.2984083,0.6877829,0.2984509,0.09304778,0.0455659
node_outage,naive,p2b_uniform,23,0.7089402,0.3045634,0.7027911,0.3053868,0.0837961,0.03527287
node_outage,naive,p2b_uniform,23.5,0.7242464,0.311353,0.7177294,0.3122812,0.08723875,0.03608103
node_outage,naive,p2b_uniform,24,0.7383787,0.3175939,0.7327205,0.3191723,0.08209362,0.02574582
node_outage,naive,p2b_uniform,24.5,0.753615,0.3243197,0.7475746,0.3260463,0.0856879,0.02633173
node_outage,naive,p2b_uniform,25,0.7681551,0.3305384,0.7626014,0.3327944,0.07928431,0.02890265
node_outage,naive,p2b_uniform,25.5,0.7834647,0.337175,0.777539,0.3395679,0.08290149,0.02971774
node_outage,naive,p2b_uniform,26,0.799217,0.3432218,0.7926525,0.3462232,0.08886403,0.02486191
node_outage,naive,p2b_uniform,26.5,0.8145959,0.349853,0.807605,0.353012,0.09279125,0.0255713
node_outage,naive,p2b_uniform,27,0.8296909,0.3557912,0.8226039,0.3600554,0.08979435,0.0280379
node_outage,naive,p2b_uniform,27.5,0.8449442,0.3623522,0.8374461,0.3668018,0.09354,0.02870425
node_outage,naive,p2b_uniform,28,0.8603649,0.3685164,0.8523215,0.3736163,0.09571277,0.03275788
node_outage,naive,p2b_uniform,28.5,0.8755969,0.3749185,0.8671087,0.3802284,0.09959338,0.03346883
node_outage,naive,p2b_uniform,29,0.8904509,0.3818632,0.8816724,0.3868687,0.1041879,0.03317989
node_outage,naive,p2b_uniform,29.5,0.9056585,0.3882782,0.8963996,0.3935017,0.1082371,0.0338768
node_outage,naive,p2b_uniform,30,0.9177533,0.3972772,0.9112075,0.4002424,0.09427977,0.02967915
node_outage,naive,p2b_uniform,30.5,0.9329602,0.4036972,0.9260063,0.406879,0.09790089,0.0306491
node_outage,naive,p2b_uniform,31,0.9484277,0.4101972,0.940892,0.4136862,0.1015123,0.03556769
node_outage,naive,p2b_uniform,31.5,0.963655,0.4165621,0.9556909,0.42034,0.1049132,0.03664106
node_outage,naive,p2b_uniform,32,0.978081,0.4221149,0.9706576,0.4266755,0.09493642,0.04323767
node_outage,naive,p2b_uniform,32.5,0.9932948,0.4283786,0.9854533,0.4332414,0.09826089,0.04449419
node_outage,naive,p2b_uniform,33,1.007935,0.4353584,1.000404,0.4397803,0.09575251,0.04899249
node_outage,naive,p2b_uniform,33.5,1.023332,0.4417797,1.015401,0.4464545,0.09897752,0.05054935
node_outage,naive,p2b_uniform,34,1.036165,0.4494038,1.030383,0.4528306,0.08473459,0.04391895
node_outage,naive,p2b_uniform,34.5,1.051618,0.4557927,1.045506,0.4594091,0.08794804,0.04516235
node_outage,naive,p2b_uniform,35,1.064994,0.462422,1.060244,0.4654863,0.07750602,0.03821551
node_outage,naive,p2b_uniform,35.5,1.08048,0.4689079,1.075484,0.4720965,0.08038762,0.03919347
node_outage,naive,p2b_uniform,36,1.09404,0.478096,1.091009,0.4791591,0.07187943,0.02267949
node_outage,naive,p2b_uniform,36.5,1.109474,0.4844098,1.106245,0.4855671,0.07471775,0.02307695
node_outage,naive,p2b_uniform,37,1.123469,0.4912857,1.121308,0.4918652,0.0613043,0.02407471
node_outage,naive,p2b_uniform,37.5,1.138812,0.4975062,1.13651,0.4981135,0.06378552,0.02499653
node_outage,naive,p2b_uniform,38,1.153199,0.5035995,1.151747,0.5039742,0.0522394,0.01651048
node_outage,naive,p2b_uniform,38.5,1.168608,0.5097294,1.167054,0.5101168,0.05469224,0.01659353
node_outage,naive,p2b_uniform,39,1.183896,0.5163071,1.182581,0.5166697,0.04933935,0.01841307
node_outage,naive,p2b_uniform,39.5,1.199348,0.5224891,1.197928,0.5228578,0.05180874,0.01928695
node_outage,naive,p2b_uniform,40,1.214711,0.5284532,1.213327,0.5289141,0.05188701,0.01474984
node_outage,naive,p2b_uniform,40.5,1.230194,0.5346754,1.228694,0.5351661,0.05433444,0.01582323
node_outage,naive,p2b_uniform,41,1.24509,0.540809,1.243637,0.5414239,0.05271231,0.01472804
node_outage,naive,p2b_uniform,41.5,1.260626,0.547085,1.259051,0.5477357,0.05536168,0.01544188
node_outage,naive,p2b_uniform,42,1.27601,0.5531054,1.274509,0.5539388,0.05170139,0.01709939
node_outage,naive,p2b_uniform,42.5,1.291607,0.5592738,1.289982,0.5601653,0.05428511,0.0178323
node_outage,naive,p2b_uniform,43,1.306922,0.5655596,1.305333,0.5664096,0.05459249,0.01647456
node_outage,naive,p2b_uniform,43.5,1.322459,0.57151,1.320737,0.5724146,0.05743667,0.01692203
node_outage,naive,p2b_uniform,44,1.337461,0.5771787,1.335897,0.5781835,0.05224723,0.01915182
node_outage,naive,p2b_uniform,44.5,1.35307,0.5831525,1.351377,0.584216,0.05497974,0.01986376
node_outage,naive,p2b_uniform,45,1.368299,0.5895475,1.366877,0.5902536,0.0522745,0.01955563
node_outage,naive,p2b_uniform,45.5,1.383989,0.5955325,1.382464,0.5962654,0.05481299,0.02009206
node_outage,naive,p2b_uniform,46,1.399925,0.6019828,1.398369,0.6026294,0.05752156,0.01789532
node_outage,naive,p2b_uniform,46.5,1.415646,0.608006,1.413957,0.6086972,0.06044833,0.01848428
node_outage,naive,p2b_uniform,47,1.431285,0.6141092,1.429642,0.6149331,0.05856672,0.01800321
node_outage,naive,p2b_uniform,47.5,1.446958,0.6200929,1.44519,0.6209612,0.06134911,0.01851723
node_outage,naive,p2b_uniform,48,1.461845,0.6265557,1.460417,0.627497,0.05388758,0.01252473
node_outage,naive,p2b_uniform,48.5,1.477636,0.6323958,1.476068,0.6334337,0.05673588,0.01311321
node_outage,naive,p2b_uniform,49,1.493875,0.6384649,1.492368,0.6394868,0.05497552,0.01583205
node_outage,naive,p2b_uniform,49.5,1.50967,0.6444822,1.508028,0.6455942,0.05764574,0.01687924
node_outage,naive,p2b_uniform,50,1.525584,0.6506472,1.523882,0.6519357,0.05658429,0.02032624
node_outage,naive,p2b_uniform,50.5,1.54153,0.656666,1.539693,0.6580432,0.05908474,0.02175571
node_outage,naive,p2b_uniform,51,1.557456,0.6618854,1.555431,0.6636265,0.05946389,0.02458021
node_outage,naive,p2b_uniform,51.5,1.573463,0.6680038,1.571291,0.6698448,0.06209516,0.02586732
node_outage,naive,p2b_uniform,52,1.589226,0.6745423,1.587539,0.6758165,0.05716341,0.02189794
node_outage,naive,p2b_uniform,52.5,1.605187,0.6808526,1.603376,0.6821964,0.05981652,0.02273919
node_outage,naive,p2b_uniform,53,1.62065,0.687418,1.619261,0.6883433,0.05416886,0.01942319
node_outage,naive,p2b_uniform,53.5,1.636566,0.6936915,1.635082,0.6946709,0.05635021,0.02017895
node_outage,naive,p2b_uniform,54,1.652229,0.700097,1.650528,0.7014641,0.05759846,0.02249135
node_outage,naive,p2b_uniform,54.5,1.668137,0.7063045,1.666311,0.7077635,0.0599258,0.02380915
node_outage,naive,p2b_uniform,55,1.684084,0.7122632,1.682224,0.7139304,0.05913505,0.02308998
node_outage,naive,p2b_uniform,55.5,1.699965,0.7184799,1.697973,0.7202463,0.06161821,0.02424189
node_outage,naive,p2b_uniform,56,1.715994,0.7245197,1.71413,0.7260987,0.06088847,0.02316852
node_outage,naive,p2b_uniform,56.5,1.731746,0.7308916,1.729747,0.7325616,0.06352085,0.02430909
node_outage,naive,p2b_uniform,57,1.746673,0.7378918,1.744808,0.7394448,0.06178129,0.02326427
node_outage,naive,p2b_uniform,57.5,1.762391,0.7444113,1.760379,0.7460778,0.06456402,0.02428712
node_outage,naive,p2b_uniform,58,1.778339,0.750925,1.77637,0.7525663,0.0635991,0.02533632
node_outage,naive,p2b_uniform,58.5,1.794091,0.7574906,1.791968,0.7592481,0.06657166,0.02615335
node_outage,naive,p2b_uniform,59,1.809426,0.7641646,1.807675,0.7655595,0.06209094,0.0218624
node_outage,naive,p2b_uniform,59.5,1.825281,0.7707069,1.823403,0.7721991,0.06458569,0.02281182
node_outage,naive,p2b_uniform,60,1.840449,0.7781105,1.838893,0.7788767,0.06309226,0.02537047
outliers,gated,cyclic,0,0,0,0,0,0,0
outliers,gated,cyclic,0.5,0.03288284,0.009490832,0.01527247,0.006410403,0.02851389,0.009263674
outliers,gated,cyclic,1,0.06414448,0.01930689,0.03049938,0.01284285,0.05522804,0.01868272
outliers,gated,cyclic,1.5,0.09173838,0.02512556,0.04574116,0.01927718,0.07742283,0.02462522
outliers,gated,cyclic,2,0.1172918,0.02998749,0.06102654,0.02565297,0.09633348,0.03215262
outliers,gated,cyclic,2.5,0.1380113,0.03799549,0.0762483,0.0320118,0.1093077,0.04209124
outliers,gated,cyclic,3,0.1490701,0.05082317,0.0914316,0.0382552,0.1103092,0.05387699
outliers,gated,cyclic,3.5,0.1645218,0.05167834,0.1066466,0.04459374,0.1170252,0.05278555
outliers,gated,cyclic,4,0.1753513,0.06402227,0.121904,0.05099764,0.116362,0.06300005
outliers,gated,cyclic,4.5,0.1890228,0.0702986,0.1372693,0.05745747,0.1215668,0.06212709
outliers,gated,cyclic,5,0.1976275,0.07444689,0.1527152,0.06390502,0.1170463,0.06000362
outliers,gated,cyclic,5.5,0.2097804,0.08064033,0.1680694,0.07033506,0.1155813,0.06390375
outliers,gated,cyclic,6,0.2264823,0.08300373,0.1834013,0.07677244,0.1214818,0.06362887
outliers,gated,cyclic,6.5,0.239975,0.0902037,0.1988313,0.08326223,0.1206276,0.06994004
outliers,gated,cyclic,7,0.2598702,0.09608877,0.2142373,0.08967421,0.1294789,0.07948577
outliers,gated,cyclic,7.5,0.2707389,0.09876814,0.229593,0.09602646,0.1255676,0.07488036
outliers,gated,cyclic,8,0.2770818,0.09985742,0.2449499,0.1023066,0.1172174,0.05194716
outliers,gated,cyclic,8.5,0.2901219,0.1030894,0.260352,0.1085667,0.1145912,0.04762855
outliers,gated,cyclic,9,0.3013046,0.1047212,0.2757216,0.1148853,0.1000071,0.05271712
outliers,gated,cyclic,9.5,0.3137602,0.1128092,0.2910905,0.1211652,0.09820888,0.04822607
outliers,gated,cyclic,10,0.3266474,0.1198563,0.3064458,0.1274829,0.09642089,0.04230792
outliers,gated,cyclic,10.5,0.3415459,0.1245863,0.3219552,0.1338181,0.09509769,0.04216047
outliers,gated,cyclic,11,0.3536728,0.1319648,0.3375289,0.140172,0.08686091,0.03963114
outliers,gated,cyclic,11.5,0.3666517,0.1398594,0.3530317,0.1465945,0.08354284,0.0322796
outliers,gated,cyclic,12,0.3816899,0.1477235,0.3684474,0.1531161,0.08360479,0.03842658
outliers,gated,cyclic,12.5,0.3965802,0.1539701,0.3838379,0.1596789,0.08138036,0.04130176
outliers,gated,cyclic,13,0.4095409,0.1629309,0.3991463,0.1663472,0.07951104,0.03269052
outliers,gated,cyclic,13.5,0.4245557,0.1700882,0.4144393,0.1730775,0.08119066,0.03113885
outliers,gated,cyclic,14,0.4394081,0.1769749,0.4297503,0.1797806,0.08020985,0.03259931
outliers,gated,cyclic,14.5,0.4531138,0.1835554,0.4450714,0.1865976,0.07256887,0.03056506
outliers,gated,cyclic,15,0.4688398,0.1899576,0.46031,0.1932941,0.07570173,0.03211807
outliers,gated,cyclic,15.5,0.4834054,0.1963487,0.4755696,0.199997,0.07367642,0.02738419
outliers,gated,cyclic,16,0.4971093,0.2037289,0.4908738,0.2069443,0.0640898,0.02899528
outliers,gated,cyclic,16.5,0.5131928,0.2103401,0.5061558,0.2138774,0.0691088,0.03197908
outliers,gated,cyclic,17,0.5289108,0.2172407,0.5214853,0.220902,0.07188852,0.0341485
outliers,gated,cyclic,17.5,0.5448193,0.2246156,0.5367846,0.2278152,0.07830426,0.03529824
outliers,gated,cyclic,18,0.5588306,0.2315232,0.5519651,0.2347603,0.07198051,0.03262344
outliers,gated,cyclic,18.5,0.5742349,0.2379211,0.5671001,0.2416605,0.07292667,0.03435482
outliers,gated,cyclic,19,0.5886606,0.2453069,0.5822712,0.2486152,0.07232304,0.02711933
outliers,gated,cyclic,19.5,0.6044111,0.2516862,0.5973806,0.2556583,0.07593147,0.02845371
outliers,gated,cyclic,20,0.6201284,0.2575938,0.6125762,0.2627544,0.07542873,0.03354579
outliers,gated,cyclic,20.5,0.6356829,0.2643165,0.6277091,0.2697956,0.07827434,0.03504952
outliers,gated,cyclic,21,0.6505893,0.2715606,0.64301,0.2768525,0.07811513,0.03154665
outliers,gated,cyclic,21.5,0.6673795,0.2768214,0.6581588,0.283918,0.08368471,0.03891734
outliers,gated,cyclic,22,0.6816199,0.2856483,0.6732823,0.2908522,0.08482015,0.03630517
outliers,gated,cyclic,22.5,0.6968937,0.2928047,0.6882708,0.2979556,0.08784236,0.03751564
outliers,gated,cyclic,23,0.7114376,0.2998115,0.7033265,0.3049674,0.08481056,0.037279
outliers,gated,cyclic,23.5,0.7256635,0.3076587,0.7182124,0.3118029,0.08453649,0.03514078
outliers,gated,cyclic,24,0.7409491,0.3144853,0.7331629,0.3186344,0.08686588,0.0388868
outliers,gated,cyclic,24.5,0.75393,0.3230056,0.7480335,0.3255547,0.07881062,0.0336332
outliers,gated,cyclic,25,0.7691503,0.3290948,0.7629895,0.3323422,0.07956018,0.03354317
outliers,gated,cyclic,25.5,0.784092,0.3351584,0.7778626,0.338997,0.07797104,0.03542425
outliers,gated,cyclic,26,0.7983723,0.342515,0.7928855,0.3457255,0.07469511,0.03328338
outliers,gated,cyclic,26.5,0.8135946,0.3487016,0.8079002,0.3524524,0.07495483,0.03428635
outliers,gated,cyclic,27,0.8285239,0.3554807,0.8228668,0.3594836,0.07468676,0.0331681
outliers,gated,cyclic,27.5,0.8423348,0.3640772,0.8377813,0.3661268,0.07405136,0.02800405
outliers,gated,cyclic,28,0.8574707,0.3709303,0.8526545,0.3729352,0.07887499,0.02509708
outliers,gated,cyclic,28.5,0.871349,0.3780152,0.8675315,0.3792148,0.07242714,0.02360716
outliers,gated,cyclic,29,0.8859953,0.384864,0.8821277,0.3857919,0.07375341,0.0275198
outliers,gated,cyclic,29.5,0.9006507,0.3909596,0.8968076,0.3922614,0.07227808,0.02743381
outliers,gated,cyclic,30,0.9153924,0.3981071,0.9115833,0.3991114,0.07341309,0.02918128
outliers,gated,cyclic,30.5,0.9299081,0.4050839,0.9264943,0.4055996,0.07187578,0.02854633
outliers,gated,cyclic,31,0.9450521,0.4114166,0.9412886,0.4121141,0.0761656,0.02813895
outliers,gated,cyclic,31.5,0.9598543,0.4185004,0.9559669,0.4190683,0.07754072,0.03217108
outliers,gated,cyclic,32,0.9753212,0.4244221,0.9709803,0.4254358,0.07973568,0.03659991
outliers,gated,cyclic,32.5,0.9898837,0.4309798,0.9858262,0.4319392,0.08014211,0.02915086
outliers,gated,cyclic,33,1.005098,0.4371303,1.000777,0.4385742,0.0826707,0.0257975
outliers,gated,cyclic,33.5,1.020429,0.444473,1.015907,0.4456339,0.08599839,0.02960029
outliers,gated,cyclic,34,1.035502,0.4511467,1.031126,0.4520672,0.08613254,0.02962096
outliers,gated,cyclic,34.5,1.050718,0.4568163,1.046035,0.4583814,0.08794847,0.02761733
outliers,gated,cyclic,35,1.065809,0.4625156,1.061271,0.464513,0.08440154,0.02849083
outliers,gated,cyclic,35.5,1.07983,0.4703426,1.076423,0.4714878,0.07646459,0.02233542
outliers,gated,cyclic,36,1.094058,0.4774822,1.091578,0.4779831,0.06521486,0.02738461
outliers,gated,cyclic,36.5,1.10905,0.4838508,1.10686,0.4843325,0.06120607,0.02644426
outliers,gated,cyclic,37,1.123754,0.4903603,1.12216,0.4905963,0.05432084,0.02077742
outliers,gated,cyclic,37.5,1.138972,0.4965599,1.137297,0.4967134,0.05630637,0.02290889
outliers,gated,cyclic,38,1.154013,0.5024774,1.152564,0.5027864,0.05157232,0.02021862
outliers,gated,cyclic,38.5,1.169137,0.5080111,1.167611,0.5085606,0.05290384,0.01575336
outliers,gated,cyclic,39,1.184255,0.5142706,1.182922,0.5147942,0.04930722,0.01493759
outliers,gated,cyclic,39.5,1.199627,0.5203265,1.198175,0.5209296,0.05110029,0.01696398
outliers,gated,cyclic,40,1.21502,0.526542,1.213501,0.5271997,0.05234626,0.01751259
outliers,gated,cyclic,40.5,1.230669,0.5330507,1.229059,0.5337074,0.05434392,0.01896363
outliers,gated,cyclic,41,1.246138,0.539385,1.244508,0.5400723,0.0556422,0.01644841
outliers,gated,cyclic,41.5,1.261579,0.5455829,1.259937,0.546401,0.05464847,0.01791963
outliers,gated,cyclic,42,1.277081,0.5517572,1.275322,0.5527088,0.05611936,0.01897137
outliers,gated,cyclic,42.5,1.292102,0.5583861,1.290466,0.5590701,0.05717569,0.01554967
outliers,gated,cyclic,43,1.307502,0.5644197,1.305811,0.5650599,0.05925085,0.0152338
outliers,gated,cyclic,43.5,1.322993,0.5706604,1.321409,0.5712113,0.05805286,0.01523206
outliers,gated,cyclic,44,1.338408,0.5767048,1.336767,0.5772851,0.0592941,0.01590924
outliers,gated,cyclic,44.5,1.354464,0.5825229,1.352812,0.5832618,0.05839095,0.01608971
outliers,gated,cyclic,45,1.370037,0.588653,1.368421,0.5891961,0.0596558,0.01649417
outliers,gated,cyclic,45.5,1.385528,0.594479,1.384016,0.5950037,0.05715209,0.0185842
outliers,gated,cyclic,46,1.401334,0.6007937,1.399652,0.6012603,0.06125548,0.02120721
outliers,gated,cyclic,46.5,1.417073,0.6064733,1.415261,0.6070816,0.06275648,0.02278656
outliers,gated,cyclic,47,1.432718,0.6124691,1.430954,0.6130269,0.06213131,0.02384605
outliers,gated,cyclic,47.5,1.448349,0.6186386,1.446434,0.6193351,0.06482212,0.02346393
outliers,gated,cyclic,48,1.463138,0.6246529,1.461309,0.6253781,0.06375395,0.02109195
outliers,gated,cyclic,48.5,1.478842,0.6302176,1.477054,0.6308646,0.06312308,0.0235013
outliers,gated,cyclic,49,1.494909,0.6359641,1.492851,0.6371357,0.06499106,0.02308031
outliers,gated,cyclic,49.5,1.50987,0.6415905,1.508026,0.6425324,0.06261415,0.02285404
outliers,gated,cyclic,50,1.525582,0.6472527,1.523517,0.6483413,0.06508429,0.02753413
outliers,gated,cyclic,50.5,1.541641,0.6538002,1.539621,0.6549769,0.06254143,0.02988991
outliers,gated,cyclic,51,1.557272,0.6600512,1.555628,0.6610446,0.05647998,0.02676384
outliers,gated,cyclic,51.5,1.572737,0.6660535,1.571006,0.6672025,0.05797165,0.02565497
outliers,gated,cyclic,52,1.5886,0.6717558,1.58667,0.6733223,0.06075604,0.02141801
outliers,gated,cyclic,52.5,1.604488,0.6782894,1.602707,0.6796916,0.05810866,0.02353575
outliers,gated,cyclic,53,1.620398,0.6847416,1.618689,0.6861163,0.05667963,0.02367643
outliers,gated,cyclic,53.5,1.635594,0.6912076,1.634152,0.6923051,0.05314499,0.02174674
outliers,gated,cyclic,54,1.651648,0.6979016,1.650059,0.6990815,0.05603548,0.02390527
outliers,gated,cyclic,54.5,1.66762,0.7043764,1.666103,0.705499,0.05553855,0.0222113
outliers,gated,cyclic,55,1.683949,0.7102811,1.682132,0.7118859,0.05838291,0.02378615
outliers,gated,cyclic,55.5,1.699659,0.7164473,1.697681,0.7182458,0.06071485,0.0247276
outliers,gated,cyclic,56,1.714882,0.7230111,1.713126,0.7244785,0.05900107,0.02341421
outliers,gated,cyclic,56.5,1.730354,0.7298365,1.728686,0.7310496,0.05939633,0.02424917
outliers,gated,cyclic,57,1.746426,0.7364754,1.744672,0.7377621,0.06087989,0.02544289
outliers,gated,cyclic,57.5,1.762313,0.7432716,1.760481,0.7443975,0.06417214,0.02798215
outliers,gated,cyclic,58,1.777957,0.7497097,1.776125,0.7506976,0.06407211,0.03240216
outliers,gated,cyclic,58.5,1.793816,0.7563564,1.791878,0.7572636,0.06825157,0.03224659
outliers,gated,cyclic,59,1.809407,0.7626873,1.807418,0.7637142,0.06921876,0.03101264
outliers,gated,cyclic,59.5,1.825021,0.7688782,1.822836,0.7704879,0.0692754,0.02927914
outliers,gated,cyclic,60,1.840594,0.7754518,1.838326,0.777113,0.07124268,0.02930105
outliers,gated,information,0,0,0,0,0,0,0
outliers,gated,information,0.5,0.03217171,0.00929075,0.01527247,0.006410404,0.02765991,0.009157335
outliers,gated,information,1,0.0638499,0.01901534,0.03049938,0.01284284,0.05473357,0.01885252
outliers,gated,information,1.5,0.09136281,0.02458715,0.04574111,0.0192772,0.07678025,0.02472967
outliers,gated,information,2,0.1179901,0.03219061,0.06102633,0.02565298,0.09790339,0.03198093
outliers,gated,information,2.5,0.1360919,0.03593789,0.07624808,0.03201187,0.1079944,0.03696183
outliers,gated,information,3,0.1531031,0.04633797,0.09143158,0.0382554,0.1174607,0.04511198
outliers,gated,information,3.5,0.1681806,0.05095347,0.1066471,0.04459319,0.1217386,0.05299599
outliers,gated,information,4,0.1798926,0.06456923,0.1219046,0.0509965,0.1226056,0.06455179
outliers,gated,information,4.5,0.1948363,0.07121574,0.1372682,0.05745639,0.1269373,0.07024368
outliers,gated,information,5,0.2080643,0.06815229,0.1527143,0.063905,0.1244979,0.07256351
outliers,gated,information,5.5,0.2293671,0.0802191,0.168073,0.07033645,0.1364453,0.08679627
outliers,gated,information,6,0.2413694,0.0800735,0.1834075,0.07677388,0.1365225,0.08255219
outliers,gated,information,6.5,0.2456938,0.0812436,0.1988372,0.08326357,0.1237178,0.07403705
outliers,gated,information,7,0.2534179,0.0834179,0.214244,0.08967299,0.1165202,0.06253099
outliers,gated,information,7.5,0.2656506,0.0893465,0.2296084,0.09602562,0.1094552,0.07028963
outliers,gated,information,8,0.2755428,0.09548722,0.2449682,0.1023008,0.1030354,0.06503307
outliers,gated,information,8.5,0.2813306,0.09844689,0.2603744,0.1085587,0.08902426,0.03890915
outliers,gated,information,9,0.2914311,0.1070336,0.2757469,0.1148774,0.08007406,0.02956289
outliers,gated,information,9.5,0.3056299,0.1144666,0.2910995,0.1211686,0.07999398,0.02849639
outliers,gated,information,10,0.318367,0.122982,0.3064666,0.1274746,0.07576595,0.02567629
outliers,gated,information,10.5,0.3321059,0.1291443,0.3220201,0.1338037,0.07118383,0.01963736
outliers,gated,information,11,0.3456769,0.1375994,0.337581,0.1401671,0.06801529,0.01548917
outliers,gated,information,11.5,0.3622906,0.1444734,0.3530987,0.1465923,0.07420349,0.02256526
outliers,gated,information,12,0.378026,0.1513849,0.3685027,0.1530934,0.07815259,0.02311039
outliers,gated,information,12.5,0.3924481,0.1579627,0.3838338,0.1596992,0.07368084,0.02780165
outliers,gated,information,13,0.4082637,0.1636735,0.3991138,0.1663626,0.07677662,0.02615014
outliers,gated,information,13.5,0.4233778,0.1701179,0.4143786,0.173093,0.0759708,0.02897495
outliers,gated,information,14,0.4384117,0.1763406,0.4296888,0.1798093,0.07475004,0.02922118
outliers,gated,information,14.5,0.4534163,0.1833643,0.4449604,0.1865695,0.07446037,0.03121701
outliers,gated,information,15,0.4677719,0.1903356,0.4603065,0.1932211,0.07190929,0.02726143
outliers,gated,information,15.5,0.482678,0.1971259,0.4755756,0.1999089,0.07154338,0.02591077
outliers,gated,information,16,0.4976042,0.2044239,0.4908297,0.2069013,0.07082155,0.02738559
outliers,gated,information,16.5,0.513632,0.2104951,0.506052,0.2138866,0.07297436,0.033033
outliers,gated,information,17,0.5291187,0.217627,0.5214231,0.2209558,0.07516806,0.03320267
outliers,gated,information,17.5,0.5446487,0.2244538,0.5366754,0.2279693,0.07782884,0.03330058
outliers,gated,information,18,0.5606333,0.2306808,0.5518693,0.2349376,0.08089045,0.03732835
outliers,gated,information,18.5,0.5749795,0.238306,0.5670068,0.2418916,0.07990286,0.03378731
outliers,gated,information,19,0.5886991,0.2458869,0.5820951,0.2489526,0.07462207,0.02757362
outliers,gated,information,19.5,0.6033447,0.2528757,0.5971324,0.2561395,0.07169236,0.02790334
outliers,gated,information,20,0.6195093,0.2583016,0.6122344,0.2628847,0.07428384,0.03514509
outliers,gated,information,20.5,0.6340702,0.2666346,0.6273335,0.2699052,0.07791358,0.02828498
outliers,gated,information,21,0.6486453,0.273545,0.6423403,0.27705,0.07516302,0.02629529
outliers,gated,information,21.5,0.6622868,0.2813286,0.6573101,0.284188,0.06751696,0.02230319
outliers,gated,information,22,0.6774536,0.2885577,0.6723249,0.2912399,0.06968133,0.02491687
outliers,gated,information,22.5,0.6925785,0.29517,0.6873578,0.2981574,0.07163896,0.02021366
outliers,gated,information,23,0.7068028,0.3027567,0.7023544,0.3050558,0.0683677,0.01676027
outliers,gated,information,23.5,0.7212749,0.3102141,0.7172594,0.3119505,0.06648351,0.0186367
outliers,gated,information,24,0.7360245,0.3169523,0.7320806,0.3189471,0.06539957,0.01800638
outliers,gated,information,24.5,0.7510546,0.3234438,0.7468443,0.3257556,0.06726703,0.01935834
outliers,gated,information,25,0.7656956,0.3311378,0.761829,0.3327596,0.06761156,0.01812515
outliers,gated,information,25.5,0.7803691,0.3386103,0.7766927,0.3395319,0.06864811,0.02097745
outliers,gated,information,26,0.7951256,0.3454094,0.7916854,0.3462452,0.06633261,0.02316572
outliers,gated,information,26.5,0.8098457,0.3520362,0.8065295,0.3529078,0.06412153,0.02645581
outliers,gated,information,27,0.8247722,0.3589762,0.8214015,0.3595607,0.06621292,0.0283914
outliers,gated,information,27.5,0.8398312,0.3655238,0.8363221,0.3662752,0.06724517,0.02969244
outliers,gated,information,28,0.8552239,0.3716289,0.851034,0.3728065,0.07400035,0.02973917
outliers,gated,information,28.5,0.8700581,0.3781896,0.8657612,0.3792237,0.07662673,0.02978898
outliers,gated,information,29,0.8845172,0.3851627,0.8804599,0.385964,0.07571921,0.02974664
outliers,gated,information,29.5,0.899008,0.3917781,0.8953776,0.3926995,0.07125127,0.02811769
outliers,gated,information,30,0.9139018,0.3985217,0.9101164,0.3994703,0.0726358,0.03094022
outliers,gated,information,30.5,0.9282993,0.4051533,0.9250547,0.4058774,0.06970563,0.02505795
outliers,gated,information,31,0.943269,0.4119383,0.9398833,0.4127549,0.07154579,0.02548997
outliers,gated,information,31.5,0.9579769,0.4183718,0.9544532,0.4191999,0.07427739,0.02434074
outliers,gated,information,32,0.9733936,0.4248449,0.9693807,0.4259556,0.07870615,0.02722074
outliers,gated,information,32.5,0.9883812,0.4308051,0.9841637,0.4324095,0.07901768,0.02827835
outliers,gated,information,33,1.003442,0.4373355,0.9989936,0.4391349,0.08088727,0.03018984
outliers,gated,information,33.5,1.017631,0.4444404,1.013722,0.4458468,0.07748101,0.02806055
outliers,gated,information,34,1.03255,0.4513039,1.02853,0.4526095,0.07994332,0.02853386
outliers,gated,information,34.5,1.047821,0.4572751,1.043681,0.4595079,0.0779195,0.02600995
outliers,gated,information,35,1.062691,0.4640277,1.059117,0.4661087,0.07180485,0.02489529
outliers,gated,information,35.5,1.077566,0.4713117,1.074382,0.4727156,0.07149244,0.02247793
outliers,gated,information,36,1.09257,0.4781399,1.08967,0.4793057,0.06929796,0.02216179
outliers,gated,information,36.5,1.107613,0.484475,1.104851,0.4855432,0.0672997,0.02509475
outliers,gated,information,37,1.122683,0.4910219,1.119877,0.4920269,0.07060462,0.01968442
outliers,gated,information,37.5,1.137531,0.4976921,1.135053,0.4983283,0.06918711,0.01598929
outliers,gated,information,38,1.15283,0.5034288,1.150332,0.5044428,0.06735857,0.01608794
outliers,gated,information,38.5,1.168078,0.5095503,1.165696,0.510661,0.0650072,0.01643901
outliers,gated,information,39,1.18254,0.5165134,1.180884,0.5170508,0.05468604,0.02045284
outliers,gated,information,39.5,1.198013,0.5225354,1.196337,0.5231132,0.05539014,0.01971666
outliers,gated,information,40,1.213311,0.5287182,1.211551,0.529375,0.05668752,0.02033996
outliers,gated,information,40.5,1.228581,0.535209,1.226781,0.5358895,0.05674423,0.02306245
outliers,gated,information,41,1.243897,0.5414946,1.242062,0.5424226,0.05564621,0.02317847
outliers,gated,information,41.5,1.259288,0.5477453,1.257327,0.5487817,0.05692328,0.02543632
outliers,gated,information,42,1.274457,0.5538804,1.272379,0.5550464,0.05887363,0.02511504
outliers,gated,information,42.5,1.289913,0.5599358,1.287769,0.5611512,0.06015206,0.0254051
outliers,gated,information,43,1.305375,0.566484,1.303372,0.5675997,0.05912348,0.02357912
outliers,gated,information,43.5,1.320834,0.5728472,1.318795,0.5739082,0.0612141,0.02243747
outliers,gated,information,44,1.336169,0.5787564,1.334183,0.5797848,0.06093403,0.02197447
outliers,gated,information,44.5,1.351892,0.5847985,1.349774,0.5857927,0.06440604,0.0222181
outliers,gated,information,45,1.367466,0.5907799,1.365324,0.5916641,0.06714341,0.01924036
outliers,gated,information,45.5,1.382757,0.5964958,1.38079,0.597384,0.0641615,0.0181435
outliers,gated,information,46,1.39872,0.6022114,1.396717,0.603139,0.06481564,0.018827
outliers,gated,information,46.5,1.414215,0.6084891,1.412345,0.6093654,0.06283044,0.01851071
outliers,gated,information,47,1.429344,0.6146653,1.427536,0.6154298,0.06269643,0.0189905
outliers,gated,information,47.5,1.444598,0.6211104,1.442974,0.62173,0.06032407,0.01833301
outliers,gated,information,48,1.460271,0.6269572,1.458445,0.6278312,0.0623248,0.0206333
outliers,gated,information,48.5,1.475994,0.6327556,1.474035,0.6338007,0.06362539,0.02233189
outliers,gated,information,49,1.492059,0.6389346,1.489961,0.6401597,0.06577748,0.02154085
outliers,gated,information,49.5,1.50792,0.6450964,1.50579,0.6464797,0.06476754,0.02357271
outliers,gated,information,50,1.523906,0.6511239,1.521657,0.6525777,0.06814856,0.02066417
outliers,gated,information,50.5,1.539619,0.6571487,1.537484,0.6586178,0.065427,0.02178184
outliers,gated,information,51,1.555533,0.6631499,1.55342,0.6643197,0.06760418,0.02347019
outliers,gated,information,51.5,1.571664,0.6692308,1.569444,0.6703988,0.06968896,0.02573892
outliers,gated,information,52,1.588194,0.6751304,1.585574,0.6768554,0.07182957,0.03147224
outliers,gated,information,52.5,1.604473,0.6819159,1.60172,0.6837257,0.07305196,0.03470973
outliers,gated,information,53,1.619983,0.688439,1.617335,0.6899928,0.07370812,0.03412777
outliers,gated,information,53.5,1.635278,0.6944365,1.632736,0.6960571,0.07278564,0.03024481
outliers,gated,information,54,1.651085,0.7008034,1.648653,0.7023252,0.07091422,0.0318808
outliers,gated,information,54.5,1.666345,0.7072885,1.664085,0.708748,0.06867346,0.02983871
outliers,gated,information,55,1.682187,0.7133179,1.679937,0.7148613,0.06873242,0.02802234
outliers,gated,information,55.5,1.697639,0.7192129,1.695209,0.7210096,0.06983036,0.03095988
outliers,gated,information,56,1.712912,0.7260214,1.710895,0.7273895,0.06560855,0.02739983
outliers,gated,information,56.5,1.728255,0.7326095,1.726103,0.734035,0.06774506,0.03006072
outliers,gated,information,57,1.743575,0.7393369,1.7414,0.7408076,0.07035922,0.02433929
outliers,gated,information,57.5,1.758945,0.7459153,1.756714,0.7473585,0.07331769,0.02109899
outliers,gated,information,58,1.775052,0.7524289,1.772849,0.7537414,0.07310098,0.02505053
outliers,gated,information,58.5,1.790514,0.7591049,1.788593,0.7602617,0.06751027,0.02609149
outliers,gated,information,59,1.806148,0.765357,1.804215,0.7666212,0.06772492,0.0241239
outliers,gated,information,59.5,1.821855,0.7717993,1.819789,0.7731698,0.07109678,0.02193568
outliers,gated,information,60,1.837964,0.7784202,1.835788,0.779897,0.07231453,0.02469722
outliers,gated,p2b_uniform,0,0,0,0,0,0,0
outliers,gated,p2b_uniform,0.5,0.0329652,0.009203608,0.01527247,0.006410404,0.02858988,0.009032506
outliers,gated,p2b_uniform,1,0.06345071,0.01820259,0.03049939,0.01284283,0.05480024,0.01624774
outliers,gated,p2b_uniform,1.5,0.09511161,0.02717549,0.04574115,0.01927718,0.08211224,0.02428118
outliers,gated,p2b_uniform,2,0.1079059,0.03459047,0.06102638,0.02565311,0.08561997,0.03403051
outliers,gated,p2b_uniform,2.5,0.134872,0.04323045,0.07624827,0.03201182,0.1070234,0.04260687
outliers,gated,p2b_uniform,3,0.1412707,0.05074668,0.09143156,0.03825519,0.1022847,0.04803181
outliers,gated,p2b_uniform,3.5,0.1650032,0.05924379,0.1066471,0.04459377,0.1196195,0.05609001
outliers,gated,p2b_uniform,4,0.1777384,0.06678104,0.1219055,0.05099695,0.1214409,0.0628128
outliers,gated,p2b_uniform,4.5,0.2001647,0.07512193,0.1372692,0.05745702,0.1368766,0.07043277
outliers,gated,p2b_uniform,5,0.2031218,0.06992823,0.1527141,0.06390509,0.1230402,0.061248
outliers,gated,p2b_uniform,5.5,0.2235472,0.07691335,0.168072,0.07033622,0.1354898,0.06718177
outliers,gated,p2b_uniform,6,0.2250362,0.07500144,0.1834005,0.07677195,0.1167146,0.05738111
outliers,gated,p2b_uniform,6.5,0.2440421,0.08126998,0.1988305,0.08326142,0.1266387,0.062191
outliers,gated,p2b_uniform,7,0.2488743,0.09182118,0.2142312,0.08967481,0.1075054,0.07149597
outliers,gated,p2b_uniform,7.5,0.26688,0.09829196,0.2295895,0.09602812,0.1155148,0.07669366
outliers,gated,p2b_uniform,8,0.2702394,0.1019916,0.2449482,0.1023035,0.09985979,0.05616882
outliers,gated,p2b_uniform,8.5,0.2872953,0.1082974,0.260352,0.1085644,0.106398,0.05964717
outliers,gated,p2b_uniform,9,0.2931516,0.1047192,0.2757119,0.1149045,0.08070967,0.03672998
outliers,gated,p2b_uniform,9.5,0.3094933,0.110469,0.2910718,0.1211785,0.0854346,0.03849073
outliers,gated,p2b_uniform,10,0.3201968,0.1209877,0.3064561,0.127499,0.07408282,0.04085069
outliers,gated,p2b_uniform,10.5,0.3364463,0.1270014,0.3219939,0.1338382,0.0779932,0.04278415
outliers,gated,p2b_uniform,11,0.3532361,0.1344097,0.3375371,0.140181,0.0844997,0.04810935
outliers,gated,p2b_uniform,11.5,0.3694866,0.1405933,0.3530374,0.1466208,0.08865587,0.05005692
outliers,gated,p2b_uniform,12,0.381913,0.1490686,0.3684352,0.1530937,0.08357636,0.04556852
outliers,gated,p2b_uniform,12.5,0.3978964,0.1554743,0.38376,0.1597022,0.08738118,0.04755487
outliers,gated,p2b_uniform,13,0.4103798,0.1636186,0.3990372,0.1663871,0.08394895,0.03649913
outliers,gated,p2b_uniform,13.5,0.4262068,0.1702112,0.4143193,0.1731002,0.08748805,0.03832459
outliers,gated,p2b_uniform,14,0.4400157,0.1790916,0.4297531,0.1797532,0.08293752,0.04379239
outliers,gated,p2b_uniform,14.5,0.4557885,0.1858029,0.4450334,0.1864739,0.08632079,0.04588179
outliers,gated,p2b_uniform,15,0.4707889,0.190548,0.4603322,0.1931245,0.08562742,0.03927255
outliers,gated,p2b_uniform,15.5,0.486457,0.1972061,0.475601,0.1998345,0.08868249,0.04088736
outliers,gated,p2b_uniform,16,0.5001224,0.2056355,0.4908719,0.2067794,0.08162976,0.04651631
outliers,gated,p2b_uniform,16.5,0.5158211,0.2125323,0.5061325,0.2137749,0.08497315,0.04787784
outliers,gated,p2b_uniform,17,0.5298812,0.2190066,0.5214318,0.2209169,0.08229376,0.03716585
outliers,gated,p2b_uniform,17.5,0.5455449,0.2258311,0.5366729,0.2279108,0.08537933,0.03859887
outliers,gated,p2b_uniform,18,0.5591909,0.233787,0.5519955,0.235002,0.07854217,0.03678482
outliers,gated,p2b_uniform,18.5,0.5747114,0.240673,0.5671537,0.2419984,0.08153228,0.03803877
outliers,gated,p2b_uniform,19,0.5902018,0.2472176,0.5822235,0.2489233,0.08356186,0.04061976
outliers,gated,p2b_uniform,19.5,0.6058729,0.254101,0.5973939,0.2559955,0.08717855,0.04210636
outliers,gated,p2b_uniform,20,0.6212463,0.2615494,0.6125562,0.2631385,0.08811351,0.04774684
outliers,gated,p2b_uniform,20.5,0.6369032,0.2684842,0.6276791,0.270258,0.09197178,0.0491826
outliers,gated,p2b_uniform,21,0.649985,0.2763798,0.6426855,0.2773958,0.08574629,0.04037825
outliers,gated,p2b_uniform,21.5,0.6655189,0.283297,0.657747,0.2844994,0.08939945,0.04159262
outliers,gated,p2b_uniform,22,0.6798417,0.2913422,0.6727905,0.2914113,0.08678181,0.04551829
outliers,gated,p2b_uniform,22.5,0.6952696,0.2982989,0.6877789,0.2984676,0.09049452,0.04673581
outliers,gated,p2b_uniform,23,0.7084514,0.3046287,0.7027038,0.3053856,0.08047579,0.03547796
outliers,gated,p2b_uniform,23.5,0.7237398,0.3114117,0.717635,0.3122765,0.08387449,0.03630232
outliers,gated,p2b_uniform,24,0.7390404,0.3180275,0.7325103,0.3192729,0.08676493,0.03737531
outliers,gated,p2b_uniform,24.5,0.7542946,0.3247695,0.7473607,0.326143,0.0904735,0.03808039
outliers,gated,p2b_uniform,25,0.7683809,0.3309866,0.7623874,0.3328415,0.08211542,0.03644538
outliers,gated,p2b_uniform,25.5,0.7836768,0.3376374,0.7773214,0.3396114,0.08572109,0.03703072
outliers,gated,p2b_uniform,26,0.7983227,0.3442632,0.7924993,0.346398,0.08324175,0.03135481
outliers,gated,p2b_uniform,26.5,0.8136462,0.3509026,0.8074529,0.353184,0.08688081,0.03188384
outliers,gated,p2b_uniform,27,0.8285132,0.3563749,0.822378,0.3601253,0.08092353,0.03287927
outliers,gated,p2b_uniform,27.5,0.8436704,0.3629614,0.8372242,0.3668672,0.08406619,0.03340688
outliers,gated,p2b_uniform,28,0.8592596,0.3682257,0.8520044,0.3735413,0.0853768,0.03812116
outliers,gated,p2b_uniform,28.5,0.8744296,0.3746179,0.8667984,0.3801463,0.0887887,0.03893588
outliers,gated,p2b_uniform,29,0.8881108,0.3830689,0.8815099,0.3868625,0.08755534,0.03613413
outliers,gated,p2b_uniform,29.5,0.903179,0.389545,0.8962476,0.3934907,0.09080819,0.03686791
outliers,gated,p2b_uniform,30,0.917491,0.3969328,0.9111113,0.4000451,0.09027362,0.03494758
outliers,gated,p2b_uniform,30.5,0.932667,0.4033682,0.9259199,0.4066805,0.09380525,0.03541602
outliers,gated,p2b_uniform,31,0.9472107,0.4096884,0.9405801,0.4129454,0.09397355,0.03465371
outliers,gated,p2b_uniform,31.5,0.962413,0.416045,0.9553854,0.4195922,0.09740516,0.03514912
outliers,gated,p2b_uniform,32,0.9767436,0.4223461,0.970373,0.4260699,0.09066333,0.03528966
outliers,gated,p2b_uniform,32.5,0.9919336,0.4286204,0.9851753,0.4326323,0.09407839,0.03596086
outliers,gated,p2b_uniform,33,1.006198,0.4353774,0.9999967,0.4391072,0.0874501,0.04224163
outliers,gated,p2b_uniform,33.5,1.021561,0.4417935,1.014998,0.4457772,0.09074674,0.0431739
outliers,gated,p2b_uniform,34,1.034936,0.4495496,1.030031,0.4522486,0.0840586,0.02811933
outliers,gated,p2b_uniform,34.5,1.050368,0.4559412,1.04516,0.4588198,0.08730959,0.02883999
outliers,gated,p2b_uniform,35,1.06417,0.4626091,1.059987,0.4650299,0.07583821,0.03244626
outliers,gated,p2b_uniform,35.5,1.079656,0.4690958,1.075232,0.4716332,0.07872744,0.03351062
outliers,gated,p2b_uniform,36,1.093707,0.4774304,1.090775,0.4788292,0.06893691,0.02001094
outliers,gated,p2b_uniform,36.5,1.109135,0.4837353,1.106013,0.485236,0.07168443,0.02038173
outliers,gated,p2b_uniform,37,1.123384,0.4908989,1.12096,0.4916619,0.0651776,0.02244812
outliers,gated,p2b_uniform,37.5,1.138736,0.4971162,1.136167,0.4979114,0.0677715,0.02295998
outliers,gated,p2b_uniform,38,1.152809,0.5033877,1.15132,0.5038668,0.05200697,0.01677587
outliers,gated,p2b_uniform,38.5,1.168214,0.5095166,1.166624,0.510012,0.05443751,0.01680706
outliers,gated,p2b_uniform,39,1.183487,0.5160491,1.182057,0.5165846,0.05091193,0.01671269
outliers,gated,p2b_uniform,39.5,1.198935,0.5222328,1.197401,0.5227718,0.05333261,0.01767885
outliers,gated,p2b_uniform,40,1.214142,0.5282802,1.212597,0.5288564,0.05430237,0.0152914
outliers,gated,p2b_uniform,40.5,1.229618,0.5345088,1.227956,0.5351079,0.05671704,0.0165684
outliers,gated,p2b_uniform,41,1.244445,0.5407036,1.242846,0.5414553,0.05465458,0.01513284
outliers,gated,p2b_uniform,41.5,1.259968,0.5469909,1.25825,0.547766,0.05727818,0.01585265
outliers,gated,p2b_uniform,42,1.275352,0.552964,1.273692,0.5539371,0.05367336,0.01854856
outliers,gated,p2b_uniform,42.5,1.290939,0.5591417,1.289154,0.5601609,0.05631533,0.01923049
outliers,gated,p2b_uniform,43,1.306316,0.5653946,1.304595,0.566333,0.05636334,0.01799454
outliers,gated,p2b_uniform,43.5,1.321849,0.5713483,1.31999,0.5723342,0.05930353,0.01841497
outliers,gated,p2b_uniform,44,1.336826,0.5768879,1.335032,0.5780928,0.05545768,0.02037134
outliers,gated,p2b_uniform,44.5,1.352435,0.5828526,1.350503,0.58412,0.05833616,0.02088509
outliers,gated,p2b_uniform,45,1.367582,0.589292,1.366037,0.5901088,0.05416464,0.01984705
outliers,gated,p2b_uniform,45.5,1.383271,0.5952639,1.381615,0.5961135,0.05677086,0.02036458
outliers,gated,p2b_uniform,46,1.399175,0.6018266,1.397501,0.6025559,0.05877879,0.02028684
outliers,gated,p2b_uniform,46.5,1.414894,0.6078439,1.413082,0.6086168,0.06175533,0.02096933
outliers,gated,p2b_uniform,47,1.430451,0.6139573,1.428742,0.6148808,0.05917169,0.01801318
outliers,gated,p2b_uniform,47.5,1.446121,0.6199314,1.444283,0.6209006,0.06199564,0.01850487
outliers,gated,p2b_uniform,48,1.460998,0.6264289,1.459523,0.6273964,0.05449076,0.01403653
outliers,gated,p2b_uniform,48.5,1.476789,0.632261,1.47517,0.6333224,0.05745964,0.01452281
outliers,gated,p2b_uniform,49,1.492989,0.6382926,1.491419,0.6393648,0.05541294,0.01815296
outliers,gated,p2b_uniform,49.5,1.50879,0.6442952,1.507076,0.6454607,0.05823728,0.01921108
outliers,gated,p2b_uniform,50,1.524648,0.6504728,1.522904,0.6517539,0.05760084,0.02077355
outliers,gated,p2b_uniform,50.5,1.540598,0.6564776,1.538712,0.6578493,0.06027713,0.02206611
outliers,gated,p2b_uniform,51,1.556372,0.6617612,1.554392,0.6634293,0.05956241,0.02320443
outliers,gated,p2b_uniform,51.5,1.572376,0.6678723,1.570249,0.6696358,0.06228135,0.02437643
outliers,gated,p2b_uniform,52,1.587895,0.6742559,1.586184,0.6756161,0.0568325,0.02190507
outliers,gated,p2b_uniform,52.5,1.603848,0.6805532,1.602014,0.6819875,0.0594175,0.02277708
outliers,gated,p2b_uniform,53,1.619422,0.6872614,1.618034,0.688183,0.05417306,0.01935612
outliers,gated,p2b_uniform,53.5,1.635338,0.6935281,1.633853,0.6945036,0.05640324,0.02021273
outliers,gated,p2b_uniform,54,1.651086,0.699907,1.649401,0.7012109,0.05828075,0.02122723
outliers,gated,p2b_uniform,54.5,1.667,0.7061035,1.665185,0.7075006,0.06074525,0.02250474
outliers,gated,p2b_uniform,55,1.683022,0.7121065,1.681097,0.7138832,0.05934999,0.02396732
outliers,gated,p2b_uniform,55.5,1.69891,0.7183056,1.696848,0.7201904,0.06183691,0.02520333
outliers,gated,p2b_uniform,56,1.714876,0.7243974,1.712948,0.7260099,0.06253734,0.02239514
outliers,gated,p2b_uniform,56.5,1.730639,0.730755,1.728568,0.732465,0.06529649,0.02350191
outliers,gated,p2b_uniform,57,1.745726,0.7376812,1.743728,0.7393311,0.06456315,0.02267184
outliers,gated,p2b_uniform,57.5,1.761458,0.7441859,1.759303,0.7459577,0.06742602,0.02365148
outliers,gated,p2b_uniform,58,1.777452,0.7508792,1.775371,0.7525454,0.06658234,0.02472756
outliers,gated,p2b_uniform,58.5,1.793215,0.7574363,1.790974,0.7592218,0.06954391,0.02561862
outliers,gated,p2b_uniform,59,1.808505,0.7643,1.806773,0.7654664,0.06459738,0.02034921
outliers,gated,p2b_uniform,59.5,1.824363,0.7708499,1.822509,0.7721012,0.06713982,0.02100876
outliers,gated,p2b_uniform,60,1.83948,0.7781853,1.837907,0.7788163,0.06494746,0.02579494
outliers,naive,cyclic,0,0,0,0,0,0,0
outliers,naive,cyclic,0.5,0.03859853,0.01854548,0.01527246,0.006410409,0.03450783,0.01929022
outliers,naive,cyclic,1,0.1016724,0.07264199,0.03049934,0.01284287,0.09476796,0.07456838
outliers,naive,cyclic,1.5,0.1450644,0.09972488,0.04574114,0.01927716,0.1341178,0.102898
outliers,naive,cyclic,2,0.1708248,0.09625735,0.06102668,0.02565278,0.1543827,0.1015661
outliers,naive,cyclic,2.5,0.2420399,0.1716874,0.0762493,0.03201191,0.2204595,0.1812128
outliers,naive,cyclic,3,0.2817117,0.1823987,0.09143234,0.03825395,0.2542117,0.1962642
outliers,naive,cyclic,3.5,0.3131357,0.1948445,0.1066448,0.04458987,0.2814497,0.2093705
outliers,naive,cyclic,4,0.3278494,0.2152397,0.1219016,0.05099157,0.288676,0.2313189
outliers,naive,cyclic,4.5,0.3545757,0.1804159,0.1372716,0.057446,0.3113875,0.1992237
outliers,naive,cyclic,5,0.3669678,0.193828,0.15272,0.06389234,0.315099,0.2148863
outliers,naive,cyclic,5.5,0.436332,0.1926789,0.1680669,0.07033696,0.3820631,0.2218011
outliers,naive,cyclic,6,0.4388041,0.1866202,0.1833875,0.07678264,0.3777197,0.2145518
outliers,naive,cyclic,6.5,0.426093,0.1857188,0.1988286,0.08327333,0.3565652,0.2079039
outliers,naive,cyclic,7,0.4680093,0.1924956,0.2142303,0.08968703,0.3966264,0.2137038
outliers,naive,cyclic,7.5,0.4471368,0.1585821,0.2295986,0.09604244,0.3634899,0.1783515
outliers,naive,cyclic,8,0.4614126,0.2017745,0.2449671,0.1023219,0.3669295,0.2223948
outliers,naive,cyclic,8.5,0.5084531,0.1931548,0.2603522,0.108618,0.4026308,0.2358972
outliers,naive,cyclic,9,0.5281862,0.191514,0.2757243,0.1149392,0.4210085,0.224785
outliers,naive,cyclic,9.5,0.5045763,0.1863673,0.2910867,0.1212335,0.3844433,0.2080046
outliers,naive,cyclic,10,0.530605,0.1912899,0.306466,0.127539,0.3986723,0.2247573
outliers,naive,cyclic,10.5,0.5147279,0.1948479,0.3219597,0.1338915,0.3629646,0.226135
outliers,naive,cyclic,11,0.5182275,0.1976509,0.3375679,0.1402507,0.3529726,0.2258174
outliers,naive,cyclic,11.5,0.5179771,0.1871074,0.3529217,0.1465998,0.343971,0.2007152
outliers,naive,cyclic,12,0.5467803,0.1842227,0.3683399,0.153083,0.3652108,0.2049235
outliers,naive,cyclic,12.5,0.540757,0.1770786,0.3838024,0.1596662,0.3405239,0.191195
outliers,naive,cyclic,13,0.55126,0.1846828,0.3991516,0.1663646,0.341597,0.1891423
outliers,naive,cyclic,13.5,0.5932808,0.22888,0.414364,0.1733899,0.376342,0.2510131
outliers,naive,cyclic,14,0.6086875,0.2332893,0.4297896,0.1800668,0.3808196,0.2547604
outliers,naive,cyclic,14.5,0.6151836,0.2169686,0.4448167,0.1866824,0.3752884,0.2325181
outliers,naive,cyclic,15,0.6331233,0.2354517,0.4600823,0.1933821,0.3842798,0.2484419
outliers,naive,cyclic,15.5,0.6096095,0.2214928,0.4753198,0.2001533,0.3345573,0.2110476
outliers,naive,cyclic,16,0.620088,0.2315316,0.4906078,0.2070019,0.3292106,0.2192158
outliers,naive,cyclic,16.5,0.6140577,0.223215,0.5060676,0.2137792,0.2986224,0.1938649
outliers,naive,cyclic,17,0.6245526,0.2274093,0.5214461,0.2208838,0.2918991,0.1939447
outliers,naive,cyclic,17.5,0.6357373,0.2343101,0.5371234,0.2276708,0.2868418,0.1954645
outliers,naive,cyclic,18,0.6668286,0.2305174,0.5522916,0.2347622,0.3129807,0.2046848
outliers,naive,cyclic,18.5,0.6669944,0.2304227,0.5675259,0.241903,0.2988425,0.1727111
outliers,naive,cyclic,19,0.6731088,0.236958,0.5826568,0.2489343,0.2921565,0.1545891
outliers,naive,cyclic,19.5,0.6741969,0.2408345,0.5974256,0.256032,0.2687294,0.1385452
outliers,naive,cyclic,20,0.6994917,0.2552071,0.6130978,0.2632791,0.3009829,0.1407985
outliers,naive,cyclic,20.5,0.718784,0.2602484,0.6286406,0.2701963,0.3139763,0.1371408
outliers,naive,cyclic,21,0.7216741,0.2669163,0.6440066,0.277203,0.3000974,0.1060947
outliers,naive,cyclic,21.5,0.7264778,0.2723803,0.6588982,0.2840346,0.2840111,0.08460718
outliers,naive,cyclic,22,0.7314259,0.2818193,0.6738751,0.2910639,0.2604543,0.09181526
outliers,naive,cyclic,22.5,0.7612733,0.2812783,0.687999,0.2982918,0.2824773,0.1339028
outliers,naive,cyclic,23,0.7754538,0.2826411,0.7030238,0.3053772,0.2788538,0.1322912
outliers,naive,cyclic,23.5,0.7855557,0.2834736,0.7175651,0.3125215,0.2595194,0.1391737
outliers,naive,cyclic,24,0.7950769,0.2902311,0.7325036,0.3191686,0.2510618,0.128967
outliers,naive,cyclic,24.5,0.8117368,0.3050201,0.7478533,0.3257255,0.2466815,0.1666179
outliers,naive,cyclic,25,0.8249584,0.3082565,0.7627342,0.3325751,0.2539832,0.143198
outliers,naive,cyclic,25.5,0.8289063,0.318591,0.7774527,0.3389685,0.2389927,0.1161031
outliers,naive,cyclic,26,0.8371891,0.3282237,0.7924146,0.3455849,0.2254849,0.1076455
outliers,naive,cyclic,26.5,0.8621274,0.3234949,0.8072824,0.3528386,0.248735,0.1067997
outliers,naive,cyclic,27,0.8759402,0.3334909,0.8224064,0.3598045,0.2508286,0.105994
outliers,naive,cyclic,27.5,0.8904759,0.3472906,0.8383108,0.3661397,0.2584339,0.1057262
outliers,naive,cyclic,28,0.9059296,0.3501673,0.8533041,0.3729092,0.260037,0.09915092
outliers,naive,cyclic,28.5,0.9148229,0.3636146,0.8673788,0.3786399,0.2608839,0.07880377
outliers,naive,cyclic,29,0.9301174,0.3736901,0.882141,0.3850457,0.2637292,0.09844775
outliers,naive,cyclic,29.5,0.946653,0.3762738,0.8972233,0.3914953,0.2642516,0.1036747
outliers,naive,cyclic,30,0.962502,0.3835754,0.9131208,0.3982263,0.2661215,0.1072054
outliers,naive,cyclic,30.5,0.9758075,0.3908418,0.9284485,0.4052243,0.2581359,0.1154971
outliers,naive,cyclic,31,0.9879835,0.3923039,0.9426317,0.4114566,0.2494339,0.1062026
outliers,naive,cyclic,31.5,0.9981986,0.4017478,0.9566507,0.4194004,0.2454271,0.08714649
outliers,naive,cyclic,32,1.016302,0.411048,0.9712224,0.4260609,0.2644148,0.09028059
outliers,naive,cyclic,32.5,1.025957,0.414828,0.9854275,0.4328287,0.2385921,0.1031024
outliers,naive,cyclic,33,1.043458,0.4151338,0.999224,0.4403102,0.2403349,0.1130218
outliers,naive,cyclic,33.5,1.062986,0.4248195,1.012822,0.4464772,0.2604304,0.1390964
outliers,naive,cyclic,34,1.079371,0.4344827,1.02876,0.4539593,0.2675578,0.1401811
outliers,naive,cyclic,34.5,1.101866,0.4320856,1.04417,0.4587411,0.2868865,0.1412559
outliers,naive,cyclic,35,1.107816,0.4466913,1.059452,0.4645993,0.2695812,0.1323411
outliers,naive,cyclic,35.5,1.112922,0.4541891,1.074453,0.4719322,0.2476324,0.08714033
outliers,naive,cyclic,36,1.123138,0.4658356,1.089191,0.4782268,0.2349561,0.09616008
outliers,naive,cyclic,36.5,1.133863,0.4737683,1.104139,0.4844061,0.2207897,0.09228976
outliers,naive,cyclic,37,1.145104,0.4842954,1.119094,0.4905463,0.2122197,0.09214938
outliers,naive,cyclic,37.5,1.16259,0.4836177,1.13508,0.4949002,0.2148509,0.08308951
outliers,naive,cyclic,38,1.174778,0.4901153,1.149496,0.5005078,0.2063621,0.08206018
outliers,naive,cyclic,38.5,1.186739,0.4992597,1.16482,0.5066099,0.1982316,0.07414349
outliers,naive,cyclic,39,1.200185,0.5056742,1.180155,0.5127285,0.1916035,0.06602582
outliers,naive,cyclic,39.5,1.21515,0.512658,1.195193,0.5186258,0.1966591,0.06140438
outliers,naive,cyclic,40,1.231434,0.5183876,1.20986,0.5248921,0.2054942,0.06483295
outliers,naive,cyclic,40.5,1.245417,0.5237897,1.224853,0.531672,0.1979729,0.06242108
outliers,naive,cyclic,41,1.260784,0.5327049,1.240656,0.5386417,0.2030006,0.05711273
outliers,naive,cyclic,41.5,1.275203,0.537197,1.255681,0.5440154,0.1990307,0.0541994
outliers,naive,cyclic,42,1.290899,0.543002,1.27104,0.5502849,0.1988115,0.06315128
outliers,naive,cyclic,42.5,1.30845,0.5498582,1.288493,0.556576,0.2007826,0.06844436
outliers,naive,cyclic,43,1.324217,0.5556408,1.304068,0.562417,0.1991109,0.08022319
outliers,naive,cyclic,43.5,1.338541,0.5608445,1.318928,0.5682322,0.1952145,0.08006352
outliers,naive,cyclic,44,1.353235,0.5649846,1.334426,0.573676,0.1901638,0.07246808
outliers,naive,cyclic,44.5,1.370185,0.5698988,1.348795,0.5795265,0.2010144,0.08728969
outliers,naive,cyclic,45,1.384713,0.5769315,1.364451,0.5862169,0.1984536,0.07987051
outliers,naive,cyclic,45.5,1.397745,0.5849143,1.379823,0.5921068,0.1927979,0.06933809
outliers,naive,cyclic,46,1.414248,0.5914365,1.394914,0.5979697,0.2017899,0.08086838
outliers,naive,cyclic,46.5,1.432341,0.596159,1.41038,0.603299,0.2175612,0.08559795
outliers,naive,cyclic,47,1.448299,0.6036036,1.42561,0.6090378,0.2236689,0.09688282
outliers,naive,cyclic,47.5,1.465197,0.6070111,1.440909,0.6148365,0.2333921,0.08601359
outliers,naive,cyclic,48,1.476507,0.6132501,1.454789,0.6209083,0.2198854,0.08165096
outliers,naive,cyclic,48.5,1.493527,0.6176298,1.471617,0.6257103,0.2216248,0.08146268
outliers,naive,cyclic,49,1.508681,0.6224514,1.48679,0.631634,0.2184067,0.08541536
outliers,naive,cyclic,49.5,1.521026,0.6297785,1.501584,0.6366325,0.2098433,0.08262767
outliers,naive,cyclic,50,1.535389,0.6363797,1.517068,0.6414147,0.2124175,0.0702733
outliers,naive,cyclic,50.5,1.550661,0.6442977,1.532581,0.647882,0.2119031,0.08235601
outliers,naive,cyclic,51,1.568257,0.6566829,1.550619,0.6586862,0.2128584,0.08704306
outliers,naive,cyclic,51.5,1.583461,0.6636855,1.56491,0.6647199,0.2180823,0.1001987
outliers,naive,cyclic,52,1.599736,0.6688576,1.580339,0.6687179,0.2284085,0.100992
outliers,naive,cyclic,52.5,1.6158,0.674806,1.596838,0.6748149,0.2264931,0.1005637
outliers,naive,cyclic,53,1.630737,0.6823517,1.613392,0.6818263,0.2140683,0.108222
outliers,naive,cyclic,53.5,1.645005,0.6888401,1.628336,0.6883264,0.2104263,0.1073795
outliers,naive,cyclic,54,1.659734,0.69416,1.644315,0.6945993,0.2027859,0.098648
outliers,naive,cyclic,54.5,1.677719,0.7032218,1.662281,0.7021382,0.2076594,0.102016
outliers,naive,cyclic,55,1.695536,0.7082933,1.679825,0.7085683,0.2052999,0.1051852
outliers,naive,cyclic,55.5,1.71073,0.7121461,1.694575,0.714417,0.2051341,0.1018489
outliers,naive,cyclic,56,1.724546,0.7187279,1.709839,0.7204587,0.1950283,0.1031596
outliers,naive,cyclic,56.5,1.742776,0.7277793,1.72595,0.7286792,0.2202605,0.09516574
outliers,naive,cyclic,57,1.759096,0.7339701,1.741049,0.7356828,0.2309978,0.08835258
outliers,naive,cyclic,57.5,1.771686,0.7394652,1.756084,0.7419768,0.2126591,0.0813146
outliers,naive,cyclic,58,1.786585,0.7452898,1.772073,0.7479959,0.2049431,0.07815948
outliers,naive,cyclic,58.5,1.800501,0.7501445,1.786305,0.7544194,0.1983734,0.07577369
outliers,naive,cyclic,59,1.817006,0.7543792,1.801675,0.7604139,0.1988598,0.08734738
outliers,naive,cyclic,59.5,1.831933,0.7590516,1.816597,0.7673437,0.1906765,0.0892768
outliers,naive,cyclic,60,1.850237,0.763995,1.831502,0.7731404,0.2068218,0.1162968
outliers,naive,information,0,0,0,0,0,0,0
outliers,naive,information,0.5,0.03328862,0.00938327,0.01527247,0.006410404,0.02881465,0.009690196
outliers,naive,information,1,0.09047008,0.05962372,0.03049939,0.01284285,0.08323478,0.06110509
outliers,naive,information,1.5,0.1546279,0.1124552,0.04574118,0.01927729,0.1434906,0.1164781
outliers,naive,information,2,0.1908456,0.1185927,0.06102652,0.025653,0.1753672,0.1243086
outliers,naive,information,2.5,0.2570453,0.1476005,0.07624772,0.03201112,0.2388112,0.1554312
outliers,naive,information,3,0.3323349,0.1399825,0.09143144,0.03825535,0.3141264,0.1473857
outliers,naive,information,3.5,0.3648395,0.1336377,0.1066467,0.04459263,0.3441672,0.1390201
outliers,naive,information,4,0.3630991,0.1123912,0.1219051,0.0509954,0.3359902,0.1197381
outliers,naive,information,4.5,0.3935015,0.1531867,0.1372711,0.05745396,0.3606638,0.1624764
outliers,naive,information,5,0.4074944,0.1344815,0.1527144,0.06389927,0.3710379,0.1390303
outliers,naive,information,5.5,0.4492033,0.1579194,0.1680715,0.0703313,0.4064381,0.1696316
outliers,naive,information,6,0.4751389,0.1593009,0.183399,0.07676521,0.4273499,0.1716898
outliers,naive,information,6.5,0.4896552,0.1840019,0.1988253,0.08325505,0.4351077,0.1959887
outliers,naive,information,7,0.5207185,0.1827082,0.214216,0.0896693,0.4592934,0.2010062
outliers,naive,information,7.5,0.483705,0.1652176,0.2295769,0.0960048,0.4061067,0.187836
outliers,naive,information,8,0.4850239,0.1740187,0.2449136,0.1022858,0.3977748,0.1943134
outliers,naive,information,8.5,0.4658047,0.1456086,0.2603356,0.1085667,0.367322,0.156334
outliers,naive,information,9,0.4846626,0.1612552,0.2756943,0.1149041,0.380001,0.1674891
outliers,naive,information,9.5,0.4929077,0.1589751,0.2910792,0.1211771,0.3790301,0.161006
outliers,naive,information,10,0.5004253,0.1682108,0.3064336,0.1274738,0.374065,0.1718088
outliers,naive,information,10.5,0.4864578,0.1450654,0.3219391,0.133813,0.3446083,0.1346443
outliers,naive,information,11,0.4983383,0.1465334,0.337493,0.1401691,0.3452625,0.1336403
outliers,naive,information,11.5,0.5132848,0.1514246,0.3530354,0.1466197,0.3513389,0.1327788
outliers,naive,information,12,0.5239576,0.1751688,0.368381,0.1530692,0.3521199,0.1512397
outliers,naive,information,12.5,0.5443949,0.1769067,0.3834848,0.1598879,0.3591527,0.1646679
outliers,naive,information,13,0.5581204,0.1851773,0.3986294,0.1664564,0.3620163,0.171037
outliers,naive,information,13.5,0.5942531,0.2176384,0.4138282,0.1734348,0.3907789,0.2190825
outliers,naive,information,14,0.5822735,0.1982063,0.4292171,0.1801024,0.3595978,0.1835643
outliers,naive,information,14.5,0.5830015,0.2012008,0.44456,0.1867304,0.3393195,0.1848249
outliers,naive,information,15,0.6025837,0.20418,0.4601397,0.1930471,0.3515456,0.1835194
outliers,naive,information,15.5,0.5976036,0.1951923,0.4755095,0.1997922,0.3270806,0.1532557
outliers,naive,information,16,0.5974376,0.1943041,0.4904864,0.2065245,0.3127263,0.120977
outliers,naive,information,16.5,0.6143519,0.2077871,0.5058471,0.2133531,0.3184368,0.137336
outliers,naive,information,17,0.6232168,0.2205157,0.5212764,0.2206378,0.313378,0.1392198
outliers,naive,information,17.5,0.6245225,0.2213795,0.5364932,0.2274927,0.2901919,0.1272596
outliers,naive,information,18,0.6567438,0.2018847,0.5517625,0.2342888,0.3135487,0.1262023
outliers,naive,information,18.5,0.6636939,0.2101677,0.5667768,0.2410778,0.3037973,0.1201325
outliers,naive,information,19,0.6680932,0.2128381,0.5820388,0.2480758,0.2849378,0.1074118
outliers,naive,information,19.5,0.6746696,0.2229455,0.5969258,0.2548366,0.2795844,0.08089033
outliers,naive,information,20,0.6865518,0.2420086,0.6125451,0.2616754,0.2806893,0.09144902
outliers,naive,information,20.5,0.7150887,0.2455986,0.6276012,0.2684616,0.2952392,0.1419307
outliers,naive,information,21,0.7257578,0.2509818,0.6426918,0.2753221,0.2839686,0.1481947
outliers,naive,information,21.5,0.7226072,0.2637019,0.657585,0.2824617,0.2541021,0.127493
outliers,naive,information,22,0.7305565,0.2754209,0.6725226,0.2893433,0.2467775,0.1172375
outliers,naive,information,22.5,0.7379793,0.2822887,0.6876082,0.2958437,0.2373322,0.09197973
outliers,naive,information,23,0.7452365,0.2915444,0.7026547,0.3026524,0.2233741,0.07600239
outliers,naive,information,23.5,0.7653469,0.3019238,0.7173399,0.309416,0.2363663,0.1074046
outliers,naive,information,24,0.7789529,0.3083598,0.7323976,0.3165916,0.2346489,0.1047004
outliers,naive,information,24.5,0.7953571,0.3156305,0.7471757,0.3235267,0.2421511,0.107064
outliers,naive,information,25,0.8194041,0.3218204,0.7622198,0.3307456,0.2658017,0.1225187
outliers,naive,information,25.5,0.8317962,0.3292611,0.7770198,0.3374089,0.2643487,0.1173597
outliers,naive,information,26,0.8519757,0.3392817,0.7921556,0.344046,0.2759877,0.1417561
outliers,naive,information,26.5,0.8683914,0.3438998,0.8072746,0.350711,0.2816313,0.1399272
outliers,naive,information,27,0.8779576,0.3523931,0.8223027,0.3573142,0.2715399,0.1360186
outliers,naive,information,27.5,0.8890668,0.3591168,0.8372264,0.3640666,0.2669082,0.1250314
outliers,naive,information,28,0.8967235,0.3666908,0.8520186,0.3708808,0.2462203,0.124041
outliers,naive,information,28.5,0.9125826,0.3730384,0.8664559,0.3772725,0.2555867,0.1201696
outliers,naive,information,29,0.9244003,0.3787562,0.8816447,0.3836013,0.2503565,0.1077575
outliers,naive,information,29.5,0.9362914,0.3868435,0.8965069,0.3902255,0.2437315,0.1076808
outliers,naive,information,30,0.9541492,0.3934646,0.910803,0.3967902,0.2563427,0.1153034
outliers,naive,information,30.5,0.9722308,0.4019352,0.9258104,0.4032508,0.2632984,0.1367876
outliers,naive,information,31,0.9894104,0.4054232,0.9401461,0.4094256,0.278626,0.1228069
outliers,naive,information,31.5,1.00902,0.4105255,0.9545775,0.4167449,0.2968706,0.1208863
outliers,naive,information,32,1.01759,0.419655,0.9694683,0.4228953,0.2848841,0.1117716
outliers,naive,information,32.5,1.033805,0.4281772,0.9843831,0.4288397,0.2899669,0.1261651
outliers,naive,information,33,1.053427,0.4287402,0.9988054,0.4353196,0.2945193,0.1449243
outliers,naive,information,33.5,1.057541,0.4367373,1.012469,0.4414909,0.2747939,0.1206164
outliers,naive,information,34,1.072764,0.4416718,1.027628,0.4473514,0.2751825,0.122607
outliers,naive,information,34.5,1.097792,0.4439096,1.042957,0.4528323,0.301804,0.1402992
outliers,naive,information,35,1.108315,0.4505934,1.057469,0.4592817,0.2894593,0.1407676
outliers,naive,information,35.5,1.112844,0.4613831,1.07299,0.4662537,0.2599022,0.1268009
outliers,naive,information,36,1.120297,0.4685488,1.088662,0.4728748,0.2326662,0.1118208
outliers,naive,information,36.5,1.132924,0.471524,1.103805,0.4773314,0.2233656,0.1026103
outliers,naive,information,37,1.143335,0.4767057,1.119019,0.4844454,0.204563,0.08012879
outliers,naive,information,37.5,1.156896,0.4806195,1.134779,0.4900494,0.1923626,0.07244873
outliers,naive,information,38,1.175796,0.4879053,1.150673,0.4963573,0.198888,0.1075527
outliers,naive,information,38.5,1.189359,0.4955256,1.166188,0.5028974,0.2026504,0.08285051
outliers,naive,information,39,1.206574,0.503454,1.182466,0.5088178,0.2114309,0.09023488
outliers,naive,information,39.5,1.219804,0.508889,1.197469,0.5151202,0.2030517,0.08396954
outliers,naive,information,40,1.237008,0.5147659,1.211312,0.5211969,0.2196313,0.09372701
outliers,naive,information,40.5,1.248686,0.5208649,1.226134,0.5278848,0.2028594,0.08982171
outliers,naive,information,41,1.265612,0.5257667,1.243877,0.5338939,0.199203,0.08386099
outliers,naive,information,41.5,1.278627,0.5324606,1.258757,0.5404147,0.1897018,0.0815972
outliers,naive,information,42,1.297186,0.5350443,1.273904,0.5464998,0.20553,0.07846106
outliers,naive,information,42.5,1.31667,0.5392922,1.289134,0.5543783,0.2191077,0.09217275
outliers,naive,information,43,1.331665,0.5469868,1.304852,0.5608648,0.2248602,0.0762519
outliers,naive,information,43.5,1.344617,0.553948,1.318994,0.5671655,0.223028,0.06828971
outliers,naive,information,44,1.362229,0.5584302,1.33416,0.57291,0.2334789,0.07685823
outliers,naive,information,44.5,1.375698,0.5669568,1.350178,0.5784899,0.2301225,0.06536792
outliers,naive,information,45,1.392666,0.5759859,1.366525,0.5852984,0.2404849,0.06504971
outliers,naive,information,45.5,1.406404,0.582464,1.38107,0.5927458,0.2329105,0.07174999
outliers,naive,information,46,1.423682,0.5880864,1.396891,0.5973288,0.2369372,0.09744263
outliers,naive,information,46.5,1.437192,0.5937933,1.411857,0.6030731,0.2293219,0.09756043
outliers,naive,information,47,1.453984,0.5974819,1.427336,0.6090834,0.2283883,0.1091698
outliers,naive,information,47.5,1.471935,0.5972588,1.44297,0.6143794,0.223607,0.124496
outliers,naive,information,48,1.487487,0.6026161,1.459192,0.6196943,0.2178774,0.1300751
outliers,naive,information,48.5,1.499412,0.6097701,1.474091,0.6253301,0.2084951,0.119501
outliers,naive,information,49,1.51433,0.6153964,1.489537,0.6312486,0.2015682,0.1259551
outliers,naive,information,49.5,1.528167,0.6200437,1.503846,0.6365233,0.1950831,0.129822
outliers,naive,information,50,1.54094,0.6304231,1.518627,0.6441232,0.1975956,0.1153169
outliers,naive,information,50.5,1.559278,0.6361379,1.5354,0.6496404,0.2118103,0.1148767
outliers,naive,information,51,1.576735,0.6424265,1.551891,0.6564035,0.2152107,0.1221051
outliers,naive,information,51.5,1.595748,0.6495501,1.570165,0.6636868,0.2143181,0.1354352
outliers,naive,information,52,1.611498,0.6557922,1.584784,0.6687076,0.227423,0.1353886
outliers,naive,information,52.5,1.629605,0.661985,1.600249,0.6742329,0.2472321,0.1381986
outliers,naive,information,53,1.640991,0.6670266,1.615458,0.6802046,0.2273461,0.1239504
outliers,naive,information,53.5,1.653872,0.673584,1.631197,0.6848469,0.2145881,0.1209869
outliers,naive,information,54,1.668825,0.6797279,1.646989,0.6918658,0.2088694,0.1168164
outliers,naive,information,54.5,1.685901,0.6859299,1.662207,0.6984814,0.2273707,0.1082151
outliers,naive,information,55,1.701208,0.6910932,1.677803,0.7048215,0.219846,0.1149262
outliers,naive,information,55.5,1.719045,0.6970006,1.69324,0.7106266,0.2355321,0.1229323
outliers,naive,information,56,1.738579,0.6999957,1.710174,0.7163478,0.2474685,0.1244699
outliers,naive,information,56.5,1.753409,0.7059983,1.725171,0.7230242,0.2490129,0.117459
outliers,naive,information,57,1.770361,0.7116954,1.74108,0.7299843,0.2512043,0.1242546
outliers,naive,information,57.5,1.782923,0.7180781,1.756213,0.7356564,0.2375761,0.120563
outliers,naive,information,58,1.797688,0.7245164,1.77198,0.7425431,0.2315478,0.1171143
outliers,naive,information,58.5,1.811555,0.7332129,1.787162,0.7486657,0.2302074,0.1171337
outliers,naive,information,59,1.835224,0.7329967,1.803535,0.7540739,0.2631818,0.1308581
outliers,naive,information,59.5,1.849518,0.7465421,1.819686,0.762965,0.2670329,0.1239818
outliers,naive,information,60,1.86571,0.7546582,1.836366,0.7698319,0.2661331,0.1290892
outliers,naive,p2b_uniform,0,0,0,0,0,0,0
outliers,naive,p2b_uniform,0.5,0.0329652,0.009203608,0.01527247,0.006410404,0.02858988,0.009032506
outliers,naive,p2b_uniform,1,0.118188,0.08818693,0.03049938,0.01284279,0.1120606,0.09009946
outliers,naive,p2b_uniform,1.5,0.1759969,0.1303775,0.04574114,0.01927708,0.1667866,0.1332202
outliers,naive,p2b_uniform,2,0.1820362,0.1150051,0.06102644,0.02565369,0.1658763,0.1206896
outliers,naive,p2b_uniform,2.5,0.2270437,0.1433493,0.07624837,0.03201268,0.2068167,0.1504726
outliers,naive,p2b_uniform,3,0.2350723,0.103788,0.09143215,0.03825639,0.210502,0.1096935
outliers,naive,p2b_uniform,3.5,0.2742631,0.1209436,0.1066479,0.04459541,0.2456084,0.1278554
outliers,naive,p2b_uniform,4,0.2885416,0.1239916,0.1219077,0.05099198,0.2517163,0.1344333
outliers,naive,p2b_uniform,4.5,0.3247669,0.1393208,0.137272,0.05745085,0.2833592,0.150933
outliers,naive,p2b_uniform,5,0.3433438,0.1628116,0.1527174,0.06389067,0.295961,0.1725163
outliers,naive,p2b_uniform,5.5,0.3777105,0.1789495,0.1680754,0.07031919,0.3255598,0.1896006
outliers,naive,p2b_uniform,6,0.3664354,0.1670979,0.1833879,0.07674489,0.2965695,0.1881227
outliers,naive,p2b_uniform,6.5,0.3969879,0.1808856,0.1988153,0.08323057,0.3211924,0.2036765
outliers,naive,p2b_uniform,7,0.4122335,0.2073875,0.2142432,0.08965985,0.3251231,0.2329522
outliers,naive,p2b_uniform,7.5,0.4416297,0.2221232,0.2296015,0.09601196,0.3483176,0.2494398
outliers,naive,p2b_uniform,8,0.430197,0.1502167,0.2449451,0.1022805,0.330223,0.1702094
outliers,naive,p2b_uniform,8.5,0.457023,0.1594394,0.260348,0.1085393,0.3507942,0.1806145
outliers,naive,p2b_uniform,9,0.4069316,0.1397458,0.2757058,0.1148723,0.2734821,0.1479821
outliers,naive,p2b_uniform,9.5,0.4291168,0.1473276,0.2910627,0.121144,0.2882672,0.1556102
outliers,naive,p2b_uniform,10,0.4373225,0.1469654,0.3064033,0.1274463,0.2804645,0.1582672
outliers,naive,p2b_uniform,10.5,0.4587058,0.1542641,0.3219329,0.1337827,0.2937603,0.1656878
outliers,naive,p2b_uniform,11,0.4996842,0.1501538,0.337471,0.1401292,0.3356762,0.1650632
outliers,naive,p2b_uniform,11.5,0.5221597,0.1570382,0.3529627,0.1465677,0.3505583,0.1722815
outliers,naive,p2b_uniform,12,0.541464,0.2245025,0.3682684,0.1529864,0.3477683,0.2560131
outliers,naive,p2b_uniform,12.5,0.5638619,0.2339358,0.3835811,0.1595909,0.3620214,0.2666362
outliers,naive,p2b_uniform,13,0.5666219,0.1486022,0.3988177,0.1662828,0.3561683,0.1772892
outliers,naive,p2b_uniform,13.5,0.5885535,0.1539299,0.4140808,0.1729984,0.3701038,0.1836279
outliers,naive,p2b_uniform,14,0.5656755,0.1613114,0.4291683,0.1792794,0.3376894,0.1295962
outliers,naive,p2b_uniform,14.5,0.5860923,0.1669669,0.4444115,0.185978,0.3504295,0.1330901
outliers,naive,p2b_uniform,15,0.5761422,0.1853764,0.4602792,0.1927002,0.3202119,0.1253069
outliers,naive,p2b_uniform,15.5,0.5954242,0.1918614,0.4755404,0.1993987,0.3311637,0.1294536
outliers,naive,p2b_uniform,16,0.5973939,0.1997163,0.4904847,0.2061358,0.308994,0.1389882
outliers,naive,p2b_uniform,16.5,0.6161146,0.2069367,0.5057191,0.2130984,0.318906,0.1439506
outliers,naive,p2b_uniform,17,0.5991736,0.2067125,0.5209226,0.2201603,0.2667329,0.1078438
outliers,naive,p2b_uniform,17.5,0.6167133,0.2135024,0.5361281,0.2271368,0.2745217,0.1116026
outliers,naive,p2b_uniform,18,0.6211137,0.2194434,0.5518018,0.2345726,0.2493869,0.1150635
outliers,naive,p2b_uniform,18.5,0.6384801,0.2260373,0.5669277,0.2415682,0.2564299,0.1196234
outliers,naive,p2b_uniform,19,0.6434913,0.2279324,0.5818855,0.2486726,0.2339599,0.1093639
outliers,naive,p2b_uniform,19.5,0.6607608,0.2342401,0.5970131,0.2557417,0.2403706,0.1142178
outliers,naive,p2b_uniform,20,0.6867167,0.2607708,0.6122584,0.2627322,0.2730308,0.1493784
outliers,naive,p2b_uniform,20.5,0.7044585,0.2681131,0.6273645,0.2698761,0.280981,0.1550017
outliers,naive,p2b_uniform,21,0.7202613,0.2575683,0.6426518,0.2761041,0.2849384,0.1264398
outliers,naive,p2b_uniform,21.5,0.7382541,0.2640966,0.6576898,0.2831808,0.293739,0.1308218
outliers,naive,p2b_uniform,22,0.7506257,0.2830539,0.6727269,0.2906038,0.3024876,0.1267579
outliers,naive,p2b_uniform,22.5,0.7688687,0.2899193,0.6877067,0.2976486,0.3123256,0.1312167
outliers,naive,p2b_uniform,23,0.7675305,0.2916288,0.7030905,0.3040706,0.2750134,0.112827
outliers,naive,p2b_uniform,23.5,0.785103,0.2979873,0.7180403,0.3109331,0.2834671,0.1168106
outliers,naive,p2b_uniform,24,0.8046877,0.3024039,0.7325282,0.3181259,0.2835903,0.1495017
outliers,naive,p2b_uniform,24.5,0.8222813,0.308531,0.7473664,0.324989,0.2917516,0.1541222
outliers,naive,p2b_uniform,25,0.8223743,0.315922,0.762554,0.3317095,0.264151,0.1269973
outliers,naive,p2b_uniform,25.5,0.839351,0.3219494,0.7774668,0.3384757,0.2711885,0.1303579
outliers,naive,p2b_uniform,26,0.8477439,0.3379108,0.7927933,0.3451478,0.2672057,0.1216272
outliers,naive,p2b_uniform,26.5,0.8645294,0.3442304,0.8077252,0.351933,0.2742274,0.1243774
outliers,naive,p2b_uniform,27,0.8743311,0.3473051,0.8226236,0.3590516,0.2581128,0.1180574
outliers,naive,p2b_uniform,27.5,0.8907339,0.3536378,0.8374304,0.3658066,0.264504,0.1206899
outliers,naive,p2b_uniform,28,0.8999287,0.3637906,0.8526089,0.3725897,0.2589471,0.1011547
outliers,naive,p2b_uniform,28.5,0.9161721,0.3701383,0.8673529,0.3792157,0.265246,0.103886
outliers,naive,p2b_uniform,29,0.9281118,0.3766848,0.8813832,0.3855187,0.2604096,0.1043553
outliers,naive,p2b_uniform,29.5,0.9444712,0.3829857,0.8960568,0.3921634,0.2670008,0.1078999
outliers,naive,p2b_uniform,30,0.962815,0.39283,0.9117473,0.3984617,0.2859811,0.1011037
outliers,naive,p2b_uniform,30.5,0.9798512,0.398984,0.92652,0.4051092,0.2947158,0.1032761
outliers,naive,p2b_uniform,31,0.9824182,0.3961657,0.9399498,0.411895,0.2485484,0.09054749
outliers,naive,p2b_uniform,31.5,0.9991434,0.4016016,0.9547176,0.4185519,0.2559991,0.09210677
outliers,naive,p2b_uniform,32,1.006268,0.409624,0.9691826,0.4240167,0.2358327,0.08107992
outliers,naive,p2b_uniform,32.5,1.022851,0.4151773,0.9839124,0.4305998,0.2432349,0.08326237
outliers,naive,p2b_uniform,33,1.04069,0.4194679,0.9987261,0.4352918,0.2565314,0.08536929
outliers,naive,p2b_uniform,33.5,1.057657,0.4254372,1.013657,0.441972,0.2646342,0.08875062
outliers,naive,p2b_uniform,34,1.066032,0.4345146,1.029609,0.4481522,0.2347842,0.1014114
outliers,naive,p2b_uniform,34.5,1.082899,0.4405971,1.04466,0.454754,0.2420714,0.1062045
outliers,naive,p2b_uniform,35,1.110538,0.4424922,1.059695,0.4609306,0.2486779,0.1854575
outliers,naive,p2b_uniform,35.5,1.128304,0.4486262,1.074905,0.4675518,0.2563303,0.1932326
outliers,naive,p2b_uniform,36,1.119731,0.4604548,1.089666,0.4751762,0.2074213,0.1042128
outliers,naive,p2b_uniform,36.5,1.136174,0.4663331,1.104833,0.4816315,0.2129982,0.1080502
outliers,naive,p2b_uniform,37,1.157936,0.4715939,1.118951,0.4879458,0.2268338,0.1535689
outliers,naive,p2b_uniform,37.5,1.17508,0.477363,1.134086,0.4942405,0.2343346,0.15951
outliers,naive,p2b_uniform,38,1.173774,0.4914751,1.149065,0.5003971,0.1824032,0.1286184
outliers,naive,p2b_uniform,38.5,1.190085,0.4975281,1.164307,0.5066016,0.1877802,0.1328811
outliers,naive,p2b_uniform,39,1.212116,0.4903337,1.180713,0.5111454,0.2054099,0.11765
outliers,naive,p2b_uniform,39.5,1.229293,0.4954459,1.196011,0.5173354,0.2127453,0.1231028
outliers,naive,p2b_uniform,40,1.234319,0.5112724,1.209165,0.5246786,0.1924496,0.1087393
outliers,naive,p2b_uniform,40.5,1.251053,0.516897,1.224448,0.5309606,0.1993807,0.1128974
outliers,naive,p2b_uniform,41,1.264075,0.5210675,1.239586,0.5371811,0.1846138,0.1077497
outliers,naive,p2b_uniform,41.5,1.280784,0.5266489,1.254937,0.5435276,0.1912782,0.1114227
outliers,naive,p2b_uniform,42,1.297532,0.5379891,1.272314,0.5505861,0.2025881,0.1063094
outliers,naive,p2b_uniform,42.5,1.31452,0.5437885,1.28778,0.5568446,0.2105727,0.1104676
outliers,naive,p2b_uniform,43,1.327096,0.5506147,1.302109,0.5640396,0.2018711,0.1062777
outliers,naive,p2b_uniform,43.5,1.343944,0.5560809,1.317509,0.5700617,0.2094346,0.1101885
outliers,naive,p2b_uniform,44,1.356206,0.5627481,1.333016,0.5759034,0.197494,0.09803689
outliers,naive,p2b_uniform,44.5,1.372971,0.5682282,1.348504,0.5819404,0.2045958,0.101287
outliers,naive,p2b_uniform,45,1.389099,0.5685876,1.362831,0.586973,0.2117819,0.08737792
outliers,naive,p2b_uniform,45.5,1.406593,0.573256,1.378407,0.5929797,0.2209636,0.0907247
outliers,naive,p2b_uniform,46,1.416197,0.5862229,1.393247,0.5991487,0.2113217,0.07444104
outliers,naive,p2b_uniform,46.5,1.433228,0.5915391,1.408818,0.6051915,0.2196545,0.07681361
outliers,naive,p2b_uniform,47,1.449414,0.5917813,1.424621,0.6110741,0.2122644,0.06612842
outliers,naive,p2b_uniform,47.5,1.466486,0.5965612,1.440163,0.6170708,0.2197911,0.06927062
outliers,naive,p2b_uniform,48,1.474822,0.6108393,1.45433,0.6236424,0.2017045,0.06746686
outliers,naive,p2b_uniform,48.5,1.491661,0.6161463,1.469986,0.6295345,0.208625,0.07127896
outliers,naive,p2b_uniform,49,1.508854,0.6231118,1.484994,0.6359498,0.2139387,0.1041645
outliers,naive,p2b_uniform,49.5,1.526145,0.6285966,1.500659,0.6419947,0.2218868,0.1111464
outliers,naive,p2b_uniform,50,1.540759,0.6337726,1.518097,0.6473963,0.2140199,0.0854298
outliers,naive,p2b_uniform,50.5,1.558,0.6392081,1.533938,0.6534142,0.2219136,0.09007003
outliers,naive,p2b_uniform,51,1.574654,0.6453807,1.549075,0.6590471,0.2272128,0.1092535
outliers,naive,p2b_uniform,51.5,1.59229,0.6509003,1.564968,0.6651564,0.2360198,0.1157774
outliers,naive,p2b_uniform,52,1.606747,0.6564107,1.583786,0.6687042,0.2163973,0.1073818
outliers,naive,p2b_uniform,52.5,1.624117,0.6619438,1.599689,0.674915,0.2243856,0.1120509
outliers,naive,p2b_uniform,53,1.631779,0.6725041,1.615219,0.6819282,0.1869859,0.08384706
outliers,naive,p2b_uniform,53.5,1.648411,0.6783038,1.631087,0.6880994,0.192337,0.08648282
outliers,naive,p2b_uniform,54,1.660922,0.688457,1.647397,0.6959852,0.1730645,0.0717629
outliers,naive,p2b_uniform,54.5,1.677257,0.6944342,1.663234,0.7021521,0.1774064,0.07349487
outliers,naive,p2b_uniform,55,1.693991,0.6980185,1.679247,0.7073708,0.1796226,0.07243408
outliers,naive,p2b_uniform,55.5,1.710478,0.7039444,1.695042,0.7135866,0.1851271,0.07478869
outliers,naive,p2b_uniform,56,1.723303,0.7130447,1.710959,0.7201768,0.1682803,0.06779138
outliers,naive,p2b_uniform,56.5,1.739453,0.7193194,1.726613,0.7265633,0.1731613,0.06935309
outliers,naive,p2b_uniform,57,1.754424,0.7284422,1.741059,0.7341712,0.1875097,0.06155346
outliers,naive,p2b_uniform,57.5,1.770662,0.7348151,1.756658,0.7407386,0.193305,0.06262063
outliers,naive,p2b_uniform,58,1.784517,0.7456466,1.773519,0.7492129,0.1805891,0.0391053
outliers,naive,p2b_uniform,58.5,1.800574,0.7522749,1.789133,0.7558479,0.1855212,0.04016676
outliers,naive,p2b_uniform,59,1.823301,0.7515192,1.806692,0.7607442,0.2033896,0.07726651
outliers,naive,p2b_uniform,59.5,1.840008,0.7574773,1.822431,0.7673496,0.2096524,0.08026808
outliers,naive,p2b_uniform,60,1.851039,0.7692732,1.837665,0.7747743,0.1938784,0.06218106
