seed,sensor_condition,q_treatment,range_condition,update,schedule,timing,budget,communication_ratio,attempted,received,accepted,fleet_rmse_m,worst_node_rmse_m,centroid_rmse_m,relative_shape_rmse_m,yaw_rmse_deg,sources,design_id
0,bias_half,frozen_q,clean,naive,all_pairs,full_10hz,3600,1.0,3600,3600,3600,1.1288502800810907,1.1337933318069182,1.1281206885466777,0.04057914380721469,0.044328096316593533,p2e,d000
1,bias_half,frozen_q,clean,naive,all_pairs,full_10hz,3600,1.0,3600,3600,3600,0.9000084767081081,0.9175577186841891,0.8989975263168948,0.0426462873243762,0.05201897894803873,p2e,d000
2,bias_half,frozen_q,clean,naive,all_pairs,full_10hz,3600,1.0,3600,3600,3600,1.2140325800875538,1.2262764162902884,1.212894836598802,0.052547320255256005,0.04482813561664424,p2e,d000
3,bias_half,frozen_q,clean,naive,all_pairs,full_10hz,3600,1.0,3600,3600,3600,1.4474188409396558,1.4619684901981431,1.4469352431178981,0.037412609244011484,0.037524804475015945,p2e,d000
4,bias_half,frozen_q,clean,naive,all_pairs,full_10hz,3600,1.0,3600,3600,3600,0.36414256351921864,0.38441006734882804,0.3597884931979702,0.056143091549026164,0.03964332790525102,p2e,d000
5,bias_half,frozen_q,clean,naive,all_pairs,full_10hz,3600,1.0,3600,3600,3600,1.1955862814621045,1.218336789041485,1.1943416983814903,0.05453864618414748,0.06291929690759476,p2e,d000
6,bias_half,frozen_q,clean,naive,all_pairs,full_10hz,3600,1.0,3600,3600,3600,2.354365501449198,2.3647366954453446,2.3540005534121042,0.04145249027069758,0.05504200695938864,p2e,d000
7,bias_half,frozen_q,clean,naive,all_pairs,full_10hz,3600,1.0,3600,3600,3600,0.925261858723119,0.9345145361963534,0.924607867606206,0.03478215589157025,0.053946093963821544,p2e,d000
8,bias_half,frozen_q,clean,naive,all_pairs,full_10hz,3600,1.0,3600,3600,3600,0.6135904128127276,0.6284181751988827,0.6120818475560883,0.043000076604805544,0.033667995802167734,p2e,d000
9,bias_half,frozen_q,clean,naive,all_pairs,full_10hz,3600,1.0,3600,3600,3600,1.3853585869275367,1.3989736056355853,1.3844910685737164,0.04901933713821212,0.04450723443522896,p2e,d000
10,bias_half,frozen_q,clean,naive,all_pairs,full_10hz,3600,1.0,3600,3600,3600,0.38160274807466626,0.3930455015707259,0.379197600976307,0.04277659116795888,0.08540909994499789,p2e,d000
11,bias_half,frozen_q,clean,naive,all_pairs,full_10hz,3600,1.0,3600,3600,3600,0.6318043128869605,0.6442837182990229,0.629920836704606,0.048748633498112315,0.03929065078264357,p2e,d000
12,bias_half,frozen_q,clean,naive,all_pairs,full_10hz,3600,1.0,3600,3600,3600,1.0281639059038892,1.0358210450200025,1.0276794827635334,0.03155785338736454,0.0377015470980938,p2e,d000
13,bias_half,frozen_q,clean,naive,all_pairs,full_10hz,3600,1.0,3600,3600,3600,1.3166454551144462,1.324685825958934,1.3160275704207092,0.04033222490878033,0.03931933225324545,p2e,d000
14,bias_half,frozen_q,clean,naive,all_pairs,full_10hz,3600,1.0,3600,3600,3600,0.8125191233582144,0.834265557673569,0.8098212961089507,0.06615734419715337,0.03994055756988073,p2e,d000
15,bias_half,frozen_q,clean,naive,all_pairs,full_10hz,3600,1.0,3600,3600,3600,0.8392072350398538,0.8435132684358732,0.838581951849229,0.03238971095847635,0.03784953202100649,p2e,d000
16,bias_half,frozen_q,clean,naive,all_pairs,full_10hz,3600,1.0,3600,3600,3600,1.0250972143499764,1.0313229136474908,1.0242549306233892,0.04154679243644819,0.04759312997061543,p2e,d000
17,bias_half,frozen_q,clean,naive,all_pairs,full_10hz,3600,1.0,3600,3600,3600,1.1540167508603492,1.1674488505296168,1.1531830832118168,0.04385701609053088,0.04005115932959086,p2e,d000
18,bias_half,frozen_q,clean,naive,all_pairs,full_10hz,3600,1.0,3600,3600,3600,0.8605458010761075,0.8674351239121759,0.8596227640405659,0.0398469483521252,0.061010864912876155,p2e,d000
19,bias_half,frozen_q,clean,naive,all_pairs,full_10hz,3600,1.0,3600,3600,3600,1.5950519807077508,1.6148063251130258,1.5941684948059933,0.05308136516435584,0.0367140371584122,p2e,d000
0,bias_half,frozen_q,clean,naive,cyclic,p2c_capacity,180,0.05,180,180,180,1.1304661624400316,1.1513540998819811,1.1272453500979924,0.08527405880070607,0.042551373022687716,p2e,d001
1,bias_half,frozen_q,clean,naive,cyclic,p2c_capacity,180,0.05,180,180,180,0.9125093548173667,0.9547125465818069,0.9058066784912815,0.11039739050267032,0.0571274230605566,p2e,d001
2,bias_half,frozen_q,clean,naive,cyclic,p2c_capacity,180,0.05,180,180,180,1.2204382365479467,1.2289803773873862,1.2149473216692401,0.11563950361793224,0.04283116962831226,p2e,d001
3,bias_half,frozen_q,clean,naive,cyclic,p2c_capacity,180,0.05,180,180,180,1.4529332444202634,1.504240501057604,1.4492029319925337,0.10404746342816729,0.03105883644217001,p2e,d001
4,bias_half,frozen_q,clean,naive,cyclic,p2c_capacity,180,0.05,180,180,180,0.3926454433553199,0.45563270247706844,0.35934307851556013,0.15824979023889954,0.04277098397542483,p2e,d001
5,bias_half,frozen_q,clean,naive,cyclic,p2c_capacity,180,0.05,180,180,180,1.199630798952343,1.2195102602604857,1.194519354939315,0.11062352584508901,0.0725551364688833,p2e,d001
6,bias_half,frozen_q,clean,naive,cyclic,p2c_capacity,180,0.05,180,180,180,2.3534804371320224,2.396191192238335,2.350753920295515,0.11325270053470325,0.065352249552927,p2e,d001
7,bias_half,frozen_q,clean,naive,cyclic,p2c_capacity,180,0.05,180,180,180,0.9352034645068111,1.0201045879818407,0.9269647038206289,0.12386265739227414,0.05692922635696241,p2e,d001
8,bias_half,frozen_q,clean,naive,cyclic,p2c_capacity,180,0.05,180,180,180,0.6142347373170398,0.6669960075922883,0.6057478616305515,0.1017538237952125,0.04055007054913346,p2e,d001
9,bias_half,frozen_q,clean,naive,cyclic,p2c_capacity,180,0.05,180,180,180,1.3859125943063364,1.4299778836257375,1.3824201829817355,0.09832678547407309,0.040730522301782514,p2e,d001
10,bias_half,frozen_q,clean,naive,cyclic,p2c_capacity,180,0.05,180,180,180,0.39011789114447243,0.4040113048171538,0.37955564396596786,0.0901636408126354,0.07719901477475642,p2e,d001
11,bias_half,frozen_q,clean,naive,cyclic,p2c_capacity,180,0.05,180,180,180,0.6459820452053477,0.6805129798404679,0.6372206432161106,0.10603138491470443,0.03871046597125308,p2e,d001
12,bias_half,frozen_q,clean,naive,cyclic,p2c_capacity,180,0.05,180,180,180,1.0249714596212591,1.063189080810135,1.020414473153644,0.09654426972485164,0.04778171330931853,p2e,d001
13,bias_half,frozen_q,clean,naive,cyclic,p2c_capacity,180,0.05,180,180,180,1.3110789348453864,1.3680759046855364,1.3066830064836377,0.10727298803610572,0.04558758429765666,p2e,d001
14,bias_half,frozen_q,clean,naive,cyclic,p2c_capacity,180,0.05,180,180,180,0.8209643176037955,0.8425868807841657,0.8106972171359282,0.129431189852861,0.036244124066259896,p2e,d001
15,bias_half,frozen_q,clean,naive,cyclic,p2c_capacity,180,0.05,180,180,180,0.8477674986363426,0.8610932752498123,0.8419654952503371,0.09901432498369062,0.05193277871998977,p2e,d001
16,bias_half,frozen_q,clean,naive,cyclic,p2c_capacity,180,0.05,180,180,180,1.0297984103003714,1.0567411346655127,1.025141989687218,0.09781956265136273,0.056939670015876076,p2e,d001
17,bias_half,frozen_q,clean,naive,cyclic,p2c_capacity,180,0.05,180,180,180,1.1676943970962808,1.1804918302595733,1.1618360865795263,0.1168208582900245,0.0348273596222256,p2e,d001
18,bias_half,frozen_q,clean,naive,cyclic,p2c_capacity,180,0.05,180,180,180,0.8624273523527931,0.8931500884200712,0.8569781065944615,0.09679598599126181,0.04091995141459716,p2e,d001
19,bias_half,frozen_q,clean,naive,cyclic,p2c_capacity,180,0.05,180,180,180,1.5983436187936357,1.6254506760630176,1.5941841207306386,0.1152359013008365,0.030119678232307486,p2e,d001
0,bias_half,frozen_q,clean,naive,cyclic,p2c_capacity,360,0.1,360,360,360,1.1254975436579184,1.1345696987328333,1.1224569046805057,0.08267537671559823,0.03246511138091185,p2e,d002
1,bias_half,frozen_q,clean,naive,cyclic,p2c_capacity,360,0.1,360,360,360,0.910711398961699,0.9238983709918229,0.9073494486207387,0.07818075393865322,0.07069786440379759,p2e,d002
2,bias_half,frozen_q,clean,naive,cyclic,p2c_capacity,360,0.1,360,360,360,1.2189046853216505,1.2337283150022047,1.2158038631778791,0.08688842374457463,0.05669273595125083,p2e,d002
3,bias_half,frozen_q,clean,naive,cyclic,p2c_capacity,360,0.1,360,360,360,1.450782326477208,1.4740752824951706,1.4493823512519737,0.06371937458827617,0.02258224614379786,p2e,d002
4,bias_half,frozen_q,clean,naive,cyclic,p2c_capacity,360,0.1,360,360,360,0.3863404975896594,0.4284894243494704,0.36396339098386554,0.12957480504076177,0.055379202389523034,p2e,d002
5,bias_half,frozen_q,clean,naive,cyclic,p2c_capacity,360,0.1,360,360,360,1.19690496477129,1.244910769580411,1.1934388260163695,0.09102342144103423,0.056853991097225415,p2e,d002
6,bias_half,frozen_q,clean,naive,cyclic,p2c_capacity,360,0.1,360,360,360,2.352878822902625,2.361676526430755,2.350854903477078,0.09757037491686923,0.05321520626910848,p2e,d002
7,bias_half,frozen_q,clean,naive,cyclic,p2c_capacity,360,0.1,360,360,360,0.9311917376430233,0.9396204438592167,0.9285596956728769,0.06996387515373384,0.06599655214021095,p2e,d002
8,bias_half,frozen_q,clean,naive,cyclic,p2c_capacity,360,0.1,360,360,360,0.6142211331233112,0.6387906020373773,0.6100091007237909,0.07180875579924959,0.03152260638148124,p2e,d002
9,bias_half,frozen_q,clean,naive,cyclic,p2c_capacity,360,0.1,360,360,360,1.3832531799992982,1.3993375865052158,1.380993311566347,0.07903691154887417,0.05510334801180036,p2e,d002
10,bias_half,frozen_q,clean,naive,cyclic,p2c_capacity,360,0.1,360,360,360,0.3907947598251921,0.41975565648647556,0.38256296731584927,0.07978797118188913,0.06788715917732233,p2e,d002
11,bias_half,frozen_q,clean,naive,cyclic,p2c_capacity,360,0.1,360,360,360,0.6345441959723095,0.6526126053235691,0.6310363746397722,0.0666290516489447,0.028798348920695473,p2e,d002
12,bias_half,frozen_q,clean,naive,cyclic,p2c_capacity,360,0.1,360,360,360,1.027115176335333,1.0364392160070774,1.0254149924739655,0.0590735022491429,0.03991947950846234,p2e,d002
13,bias_half,frozen_q,clean,naive,cyclic,p2c_capacity,360,0.1,360,360,360,1.3103212100832884,1.3356493857975258,1.3081137601682775,0.07602673248629876,0.04413219909231936,p2e,d002
14,bias_half,frozen_q,clean,naive,cyclic,p2c_capacity,360,0.1,360,360,360,0.8155449201676369,0.8426120842211429,0.8097181288336305,0.09731427772635033,0.034718929381834705,p2e,d002
15,bias_half,frozen_q,clean,naive,cyclic,p2c_capacity,360,0.1,360,360,360,0.8408486583414297,0.8839586228149076,0.8376530584696087,0.07323810395615803,0.04695083772767535,p2e,d002
16,bias_half,frozen_q,clean,naive,cyclic,p2c_capacity,360,0.1,360,360,360,1.0266704415173278,1.049702389561219,1.024002565743307,0.07396580856388545,0.06120965005733919,p2e,d002
17,bias_half,frozen_q,clean,naive,cyclic,p2c_capacity,360,0.1,360,360,360,1.1580718402623622,1.1990500713613095,1.1543737995092163,0.09247441924830076,0.040081613705305434,p2e,d002
18,bias_half,frozen_q,clean,naive,cyclic,p2c_capacity,360,0.1,360,360,360,0.867152029838584,0.90562545956029,0.8636309557248979,0.07806545437564562,0.060836635836963825,p2e,d002
19,bias_half,frozen_q,clean,naive,cyclic,p2c_capacity,360,0.1,360,360,360,1.597787971951655,1.6116084819521819,1.5955596727404082,0.08435481040167978,0.03375934808985391,p2e,d002
0,bias_half,frozen_q,clean,naive,cyclic,p2c_capacity,720,0.2,720,720,720,1.1329580475660408,1.1545465207752363,1.1301011781144215,0.0804068701607742,0.0525371019334382,p2e,d003
1,bias_half,frozen_q,clean,naive,cyclic,p2c_capacity,720,0.2,720,720,720,0.9031055751486843,0.9286756843376629,0.9010342164520784,0.061131175738938705,0.06729921394756062,p2e,d003
2,bias_half,frozen_q,clean,naive,cyclic,p2c_capacity,720,0.2,720,720,720,1.2131762303822204,1.2282195813788657,1.2104024755599208,0.0819903233487336,0.042924590370206246,p2e,d003
3,bias_half,frozen_q,clean,naive,cyclic,p2c_capacity,720,0.2,720,720,720,1.4543253555116384,1.4781250305925018,1.4523165668557714,0.0764122327923958,0.04042859525987306,p2e,d003
4,bias_half,frozen_q,clean,naive,cyclic,p2c_capacity,720,0.2,720,720,720,0.371668739094603,0.3880021102347775,0.3618584961420621,0.08482971407459367,0.0500641865457847,p2e,d003
5,bias_half,frozen_q,clean,naive,cyclic,p2c_capacity,720,0.2,720,720,720,1.1941490073973056,1.204509056967421,1.1924834117538294,0.0630489060961174,0.056475789152404636,p2e,d003
6,bias_half,frozen_q,clean,naive,cyclic,p2c_capacity,720,0.2,720,720,720,2.3498481363681347,2.365783973197104,2.3488968451574794,0.06685712229848477,0.05016664882552864,p2e,d003
7,bias_half,frozen_q,clean,naive,cyclic,p2c_capacity,720,0.2,720,720,720,0.9283423829946144,0.9606573128088107,0.9257704859318945,0.0690549595723797,0.06290227584072965,p2e,d003
8,bias_half,frozen_q,clean,naive,cyclic,p2c_capacity,720,0.2,720,720,720,0.6124884447416432,0.6330352256921595,0.609440432251282,0.06102830883620802,0.02907324235211718,p2e,d003
9,bias_half,frozen_q,clean,naive,cyclic,p2c_capacity,720,0.2,720,720,720,1.3868736196021838,1.4000553498951909,1.3850111171158217,0.07185152896109205,0.04066276421185104,p2e,d003
10,bias_half,frozen_q,clean,naive,cyclic,p2c_capacity,720,0.2,720,720,720,0.3892979092079979,0.40525217388329043,0.3857082919016183,0.05274443735650771,0.058837873982320196,p2e,d003
11,bias_half,frozen_q,clean,naive,cyclic,p2c_capacity,720,0.2,720,720,720,0.6344845672329744,0.6528183994609381,0.6323671247579408,0.05179271746288064,0.031987839979256846,p2e,d003
12,bias_half,frozen_q,clean,naive,cyclic,p2c_capacity,720,0.2,720,720,720,1.0271110540349566,1.0337347490334694,1.0257685579065006,0.052497456426171284,0.045393182665173566,p2e,d003
13,bias_half,frozen_q,clean,naive,cyclic,p2c_capacity,720,0.2,720,720,720,1.3186785564950578,1.3268006785188948,1.316396452157526,0.07754686394025379,0.03875382146497223,p2e,d003
14,bias_half,frozen_q,clean,naive,cyclic,p2c_capacity,720,0.2,720,720,720,0.8181335416330109,0.8333215168018314,0.8125250098482218,0.09563263206730435,0.042458206589073254,p2e,d003
15,bias_half,frozen_q,clean,naive,cyclic,p2c_capacity,720,0.2,720,720,720,0.8371444355299584,0.8545205951701015,0.8351286726419437,0.05805950456280044,0.04246145100242166,p2e,d003
16,bias_half,frozen_q,clean,naive,cyclic,p2c_capacity,720,0.2,720,720,720,1.0232922735767889,1.0337939676210965,1.0221027436726025,0.049326043211392744,0.03545978284067652,p2e,d003
17,bias_half,frozen_q,clean,naive,cyclic,p2c_capacity,720,0.2,720,720,720,1.158674054937377,1.169370026320743,1.1570728954103053,0.060892366449629684,0.030328203422909025,p2e,d003
18,bias_half,frozen_q,clean,naive,cyclic,p2c_capacity,720,0.2,720,720,720,0.8623453562158978,0.875304628528722,0.8605497916723782,0.055619865513593165,0.05424048263378212,p2e,d003
19,bias_half,frozen_q,clean,naive,cyclic,p2c_capacity,720,0.2,720,720,720,1.5919602654493696,1.5992663868782497,1.589329768263174,0.09147881985549355,0.033405392872152384,p2e,d003
0,bias_half,frozen_q,clean,naive,none,none,0,0.0,0,0,0,2.1097489856465934,3.69458376242474,1.1215842809819667,1.786921789864065,0.02928881141340518,p2e,d004
1,bias_half,frozen_q,clean,naive,none,none,0,0.0,0,0,0,2.6667455872728456,3.874362086605839,0.9059132800531141,2.508157322869242,0.05225540130202192,p2e,d004
2,bias_half,frozen_q,clean,naive,none,none,0,0.0,0,0,0,2.9145031470311067,4.096992050346321,1.208710970286458,2.652045698015665,0.03056986223066166,p2e,d004
3,bias_half,frozen_q,clean,naive,none,none,0,0.0,0,0,0,2.3115747176165833,2.7835669300042785,1.4483892857781158,1.8015399390430806,0.01746792472062653,p2e,d004
4,bias_half,frozen_q,clean,naive,none,none,0,0.0,0,0,0,3.2037712789072574,3.8021222836509243,0.3608837488213782,3.183380801504538,0.033693987996101404,p2e,d004
5,bias_half,frozen_q,clean,naive,none,none,0,0.0,0,0,0,2.491022794433013,3.4325577533346014,1.1945042927103575,2.185944660114109,0.04409146561904814,p2e,d004
6,bias_half,frozen_q,clean,naive,none,none,0,0.0,0,0,0,3.0050881931362676,4.331007226660539,2.355947977922833,1.8654930109352637,0.045533522529349627,p2e,d004
7,bias_half,frozen_q,clean,naive,none,none,0,0.0,0,0,0,1.8658496119306862,2.6937920966984774,0.9307434213058744,1.6171306249149227,0.029778342068399563,p2e,d004
8,bias_half,frozen_q,clean,naive,none,none,0,0.0,0,0,0,2.1067578838823513,2.630895958389872,0.6111410331101271,2.0161684996422125,0.017042326779546854,p2e,d004
9,bias_half,frozen_q,clean,naive,none,none,0,0.0,0,0,0,3.024767002475097,4.442675906558701,1.386195812359143,2.6884338543211665,0.02070198009891608,p2e,d004
10,bias_half,frozen_q,clean,naive,none,none,0,0.0,0,0,0,1.6201701354349707,2.325358524691708,0.3802032641797732,1.5749275366385642,0.06933230606585211,p2e,d004
11,bias_half,frozen_q,clean,naive,none,none,0,0.0,0,0,0,1.2927399683320877,1.744008927076921,0.6363361846504192,1.1252790257655187,0.029401419486680593,p2e,d004
12,bias_half,frozen_q,clean,naive,none,none,0,0.0,0,0,0,1.9973789719456616,2.7316959513011345,1.0255591320975392,1.7139869381480275,0.0378521731137099,p2e,d004
13,bias_half,frozen_q,clean,naive,none,none,0,0.0,0,0,0,2.179302227849662,2.7123226682482606,1.3080339602575055,1.7431022227980684,0.03609212209515765,p2e,d004
14,bias_half,frozen_q,clean,naive,none,none,0,0.0,0,0,0,2.1806038966157564,3.620240747464985,0.8079551761592951,2.0253991673873135,0.028832176567670544,p2e,d004
15,bias_half,frozen_q,clean,naive,none,none,0,0.0,0,0,0,1.3520040829313273,2.1966500110004166,0.8353206676496425,1.063087213007632,0.046898213236869574,p2e,d004
16,bias_half,frozen_q,clean,naive,none,none,0,0.0,0,0,0,1.9403422520653728,2.9683087277096667,1.0233241558349497,1.648555648813473,0.032554096739193815,p2e,d004
17,bias_half,frozen_q,clean,naive,none,none,0,0.0,0,0,0,3.030144101664312,3.6364840105793586,1.1557668242727313,2.8010669975496025,0.013761653547161499,p2e,d004
18,bias_half,frozen_q,clean,naive,none,none,0,0.0,0,0,0,1.916574668504089,2.4722063518017157,0.8592998360473848,1.7131439670151765,0.041873340794963,p2e,d004
19,bias_half,frozen_q,clean,naive,none,none,0,0.0,0,0,0,3.2105253264787144,4.5932479247167315,1.5940682149671364,2.7868296320357913,0.0239039483267488,p2e,d004
0,bias_x10,frozen_q,clean,naive,all_pairs,full_10hz,3600,1.0,3600,3600,3600,1.1649558212004878,1.1942050564073492,1.1618000706776421,0.0856893291042058,0.37475950971421884,p2e,d005
1,bias_x10,frozen_q,clean,naive,all_pairs,full_10hz,3600,1.0,3600,3600,3600,1.267445270074989,1.3509481702957635,1.260706809048865,0.13052147046861956,0.629590846968966,p2e,d005
2,bias_x10,frozen_q,clean,naive,all_pairs,full_10hz,3600,1.0,3600,3600,3600,1.411664841556964,1.4504140496571534,1.408206661886156,0.09875030282230898,0.2361356644446798,p2e,d005
3,bias_x10,frozen_q,clean,naive,all_pairs,full_10hz,3600,1.0,3600,3600,3600,1.3100056529760722,1.3715306658902637,1.3071086890622883,0.08707287641471002,0.39213700256432976,p2e,d005
4,bias_x10,frozen_q,clean,naive,all_pairs,full_10hz,3600,1.0,3600,3600,3600,0.6621665824459433,0.7311234203683518,0.6532767567998973,0.10813908605655989,0.38591395498609343,p2e,d005
5,bias_x10,frozen_q,clean,naive,all_pairs,full_10hz,3600,1.0,3600,3600,3600,1.3293435447676218,1.345184893297935,1.3278713115161325,0.06254630339015363,0.3198350060193389,p2e,d005
6,bias_x10,frozen_q,clean,naive,all_pairs,full_10hz,3600,1.0,3600,3600,3600,2.17154636550649,2.2730648827642534,2.162105874907813,0.20226666367339974,0.4349122110736993,p2e,d005
7,bias_x10,frozen_q,clean,naive,all_pairs,full_10hz,3600,1.0,3600,3600,3600,1.2638711896434585,1.3321252219377135,1.2603372332974505,0.0944480935482515,0.31675695656346997,p2e,d005
8,bias_x10,frozen_q,clean,naive,all_pairs,full_10hz,3600,1.0,3600,3600,3600,0.32574065743336744,0.34185525627275204,0.3206459224950287,0.05738613327655494,0.14285014483065175,p2e,d005
9,bias_x10,frozen_q,clean,naive,all_pairs,full_10hz,3600,1.0,3600,3600,3600,1.3245637239403683,1.3966671532314474,1.3185914428829533,0.1256410185195407,0.38405587711899425,p2e,d005
10,bias_x10,frozen_q,clean,naive,all_pairs,full_10hz,3600,1.0,3600,3600,3600,0.4246058141254798,0.477623397991284,0.3844561413766141,0.1802319970120911,0.4470520849241929,p2e,d005
11,bias_x10,frozen_q,clean,naive,all_pairs,full_10hz,3600,1.0,3600,3600,3600,0.5720772324965427,0.5974772992639293,0.5664692872442132,0.07990561025320085,0.4406818597440554,p2e,d005
12,bias_x10,frozen_q,clean,naive,all_pairs,full_10hz,3600,1.0,3600,3600,3600,0.8150139124422958,0.8586557285723556,0.8123047088418414,0.06639832428510194,0.3684112667699903,p2e,d005
13,bias_x10,frozen_q,clean,naive,all_pairs,full_10hz,3600,1.0,3600,3600,3600,1.5638404553691831,1.6472224733964174,1.557993795817442,0.13510108083821334,0.4101303109125924,p2e,d005
14,bias_x10,frozen_q,clean,naive,all_pairs,full_10hz,3600,1.0,3600,3600,3600,0.3752364703229047,0.40609178429813164,0.3529019262801002,0.12752505278644993,0.2540826992785185,p2e,d005
15,bias_x10,frozen_q,clean,naive,all_pairs,full_10hz,3600,1.0,3600,3600,3600,0.7851002222391033,0.8499956212797165,0.775302573687837,0.12364577709289433,0.4687629463547959,p2e,d005
16,bias_x10,frozen_q,clean,naive,all_pairs,full_10hz,3600,1.0,3600,3600,3600,0.4864444836445529,0.5328368094566132,0.4743841560896456,0.1076471463594387,0.581582158994303,p2e,d005
17,bias_x10,frozen_q,clean,naive,all_pairs,full_10hz,3600,1.0,3600,3600,3600,1.7401161793704163,1.8002377612923184,1.7371868090399174,0.10092724213216057,0.20240065486339695,p2e,d005
18,bias_x10,frozen_q,clean,naive,all_pairs,full_10hz,3600,1.0,3600,3600,3600,1.1671583035730089,1.2027691425863467,1.164111559382208,0.08427800965938907,0.3557454632050982,p2e,d005
19,bias_x10,frozen_q,clean,naive,all_pairs,full_10hz,3600,1.0,3600,3600,3600,1.788606349459052,1.8730965489944151,1.779562829860228,0.17963520786609008,0.2783986308096039,p2e,d005
0,bias_x10,frozen_q,clean,naive,cyclic,p2c_capacity,180,0.05,180,180,180,1.1544601950042896,1.1862376651086382,1.1453140279685616,0.14503144206609533,0.39633959694857196,p2e,d006
1,bias_x10,frozen_q,clean,naive,cyclic,p2c_capacity,180,0.05,180,180,180,1.3076492699072488,1.3847725034314609,1.2909037304781088,0.20860050749378245,0.6724578045946311,p2e,d006
2,bias_x10,frozen_q,clean,naive,cyclic,p2c_capacity,180,0.05,180,180,180,1.421424976854097,1.4572602549423543,1.4132997494621664,0.15176555272804154,0.2085677369453837,p2e,d006
3,bias_x10,frozen_q,clean,naive,cyclic,p2c_capacity,180,0.05,180,180,180,1.3308076436135396,1.4680258008979659,1.3179218025755894,0.1847460597580679,0.3249574764787024,p2e,d006
4,bias_x10,frozen_q,clean,naive,cyclic,p2c_capacity,180,0.05,180,180,180,0.6764563066360163,0.7789399542965857,0.6427733702648942,0.21079736541510477,0.43283965405572794,p2e,d006
5,bias_x10,frozen_q,clean,naive,cyclic,p2c_capacity,180,0.05,180,180,180,1.3307301125549902,1.3652013500895568,1.325033447226894,0.12299998451475704,0.32397470564738146,p2e,d006
6,bias_x10,frozen_q,clean,naive,cyclic,p2c_capacity,180,0.05,180,180,180,2.177062466083437,2.2543548806750846,2.164837256059781,0.23039235231416696,0.42476151900304554,p2e,d006
7,bias_x10,frozen_q,clean,naive,cyclic,p2c_capacity,180,0.05,180,180,180,1.2717445588881522,1.3501789656518677,1.2610550422341265,0.16454301418628126,0.3469897995903951,p2e,d006
8,bias_x10,frozen_q,clean,naive,cyclic,p2c_capacity,180,0.05,180,180,180,0.3527796950721176,0.42882403872158664,0.3202900919811798,0.14787755148724788,0.13446011626013432,p2e,d006
9,bias_x10,frozen_q,clean,naive,cyclic,p2c_capacity,180,0.05,180,180,180,1.3310964532671368,1.4348776202789784,1.3205747161240942,0.16703349075595106,0.40193381789099764,p2e,d006
10,bias_x10,frozen_q,clean,naive,cyclic,p2c_capacity,180,0.05,180,180,180,0.44605985441723534,0.5337586473806571,0.38425910159518095,0.22652667958540698,0.35724793100242164,p2e,d006
11,bias_x10,frozen_q,clean,naive,cyclic,p2c_capacity,180,0.05,180,180,180,0.6079267636069127,0.6753003900488135,0.5793030701810883,0.1843445219916778,0.42455214324777896,p2e,d006
12,bias_x10,frozen_q,clean,naive,cyclic,p2c_capacity,180,0.05,180,180,180,0.8104901286753604,0.8900255582084954,0.8009790782031115,0.12380131243688772,0.3579665643060707,p2e,d006
13,bias_x10,frozen_q,clean,naive,cyclic,p2c_capacity,180,0.05,180,180,180,1.5585200755075397,1.6675263881386095,1.5466719214076439,0.19180926278262694,0.42845762950620203,p2e,d006
14,bias_x10,frozen_q,clean,naive,cyclic,p2c_capacity,180,0.05,180,180,180,0.4185189526911866,0.4554161955214874,0.3557850804377573,0.2203975732616543,0.2533971663003658,p2e,d006
15,bias_x10,frozen_q,clean,naive,cyclic,p2c_capacity,180,0.05,180,180,180,0.7968892049056873,0.8716524453075705,0.7741567511783944,0.18898076489455712,0.4828516849723558,p2e,d006
16,bias_x10,frozen_q,clean,naive,cyclic,p2c_capacity,180,0.05,180,180,180,0.5021861395038795,0.5597717012027643,0.465711751450153,0.1878922118424308,0.5125635485156376,p2e,d006
17,bias_x10,frozen_q,clean,naive,cyclic,p2c_capacity,180,0.05,180,180,180,1.7550777777370428,1.8350781115167556,1.74666537216348,0.17163357361369788,0.2862164206779546,p2e,d006
18,bias_x10,frozen_q,clean,naive,cyclic,p2c_capacity,180,0.05,180,180,180,1.1800262499908136,1.2285656089092774,1.1669309082504158,0.17531173958763208,0.3735136098783119,p2e,d006
19,bias_x10,frozen_q,clean,naive,cyclic,p2c_capacity,180,0.05,180,180,180,1.800496835756439,1.8886501876865778,1.7816253650494216,0.2599998349643026,0.28499270805202526,p2e,d006
0,bias_x10,frozen_q,clean,naive,cyclic,p2c_capacity,360,0.1,360,360,360,1.149994427984347,1.1797767071504992,1.1438055195073762,0.11914746300071598,0.37602683940611126,p2e,d007
1,bias_x10,frozen_q,clean,naive,cyclic,p2c_capacity,360,0.1,360,360,360,1.3009848022980355,1.4109457450029852,1.2851913460081523,0.20210061839641302,0.6751175650117969,p2e,d007
2,bias_x10,frozen_q,clean,naive,cyclic,p2c_capacity,360,0.1,360,360,360,1.419418752434873,1.4453846726479975,1.41352418750122,0.1292244795415578,0.20780584158944784,p2e,d007
3,bias_x10,frozen_q,clean,naive,cyclic,p2c_capacity,360,0.1,360,360,360,1.3205176282656748,1.4185710389145683,1.3134620725910422,0.13632384393512015,0.32057799747083826,p2e,d007
4,bias_x10,frozen_q,clean,naive,cyclic,p2c_capacity,360,0.1,360,360,360,0.6725525844960099,0.7514057360789675,0.6472197937611137,0.1828483455656188,0.4316286752374802,p2e,d007
5,bias_x10,frozen_q,clean,naive,cyclic,p2c_capacity,360,0.1,360,360,360,1.327065057534633,1.353648509301136,1.3239251229207194,0.0912356061456129,0.31795706689581255,p2e,d007
6,bias_x10,frozen_q,clean,naive,cyclic,p2c_capacity,360,0.1,360,360,360,2.1779316132135373,2.295888360594122,2.162131266661099,0.26186732816713376,0.42161400279886885,p2e,d007
7,bias_x10,frozen_q,clean,naive,cyclic,p2c_capacity,360,0.1,360,360,360,1.2687096605661266,1.3672817272975493,1.2617394426930852,0.1328073099131167,0.34436335194469014,p2e,d007
8,bias_x10,frozen_q,clean,naive,cyclic,p2c_capacity,360,0.1,360,360,360,0.3347245179879441,0.3508136959732034,0.3224673834793484,0.08975126480581998,0.12767020230919196,p2e,d007
9,bias_x10,frozen_q,clean,naive,cyclic,p2c_capacity,360,0.1,360,360,360,1.3304142268760668,1.419280894265011,1.32000479062855,0.1661004749900518,0.406308526970737,p2e,d007
10,bias_x10,frozen_q,clean,naive,cyclic,p2c_capacity,360,0.1,360,360,360,0.4392425762118742,0.5238586715098456,0.38648460450801264,0.20871916834715765,0.3825399817830478,p2e,d007
11,bias_x10,frozen_q,clean,naive,cyclic,p2c_capacity,360,0.1,360,360,360,0.5888568130106766,0.6198849898699995,0.5750032170179229,0.12697892206240544,0.41709477748267865,p2e,d007
12,bias_x10,frozen_q,clean,naive,cyclic,p2c_capacity,360,0.1,360,360,360,0.8149938548257301,0.8931548563039421,0.8067729034615565,0.11546629657139491,0.34405525337305026,p2e,d007
13,bias_x10,frozen_q,clean,naive,cyclic,p2c_capacity,360,0.1,360,360,360,1.5573067221484829,1.6602715051738437,1.54752271179036,0.17429194858587846,0.4168098313624863,p2e,d007
14,bias_x10,frozen_q,clean,naive,cyclic,p2c_capacity,360,0.1,360,360,360,0.3987118539117673,0.44112535629518107,0.3549411931468944,0.18162569162213102,0.26473495936495517,p2e,d007
15,bias_x10,frozen_q,clean,naive,cyclic,p2c_capacity,360,0.1,360,360,360,0.7805140660689645,0.8234724608309905,0.7708161676373343,0.12265660618328285,0.46623686879970644,p2e,d007
16,bias_x10,frozen_q,clean,naive,cyclic,p2c_capacity,360,0.1,360,360,360,0.4944054024755143,0.5200693332475006,0.4684008895890671,0.15823181926889998,0.5369488534663595,p2e,d007
17,bias_x10,frozen_q,clean,naive,cyclic,p2c_capacity,360,0.1,360,360,360,1.7440169219604809,1.855356150708525,1.7377466070331438,0.14775572350777433,0.2540651502826462,p2e,d007
18,bias_x10,frozen_q,clean,naive,cyclic,p2c_capacity,360,0.1,360,360,360,1.1803750639828374,1.2219305134075449,1.1705182021112688,0.15222493290748976,0.38346237858190835,p2e,d007
19,bias_x10,frozen_q,clean,naive,cyclic,p2c_capacity,360,0.1,360,360,360,1.7974049885141339,1.867799145234036,1.7834084803696546,0.2238724745945622,0.29068697159568346,p2e,d007
0,bias_x10,frozen_q,clean,naive,cyclic,p2c_capacity,720,0.2,720,720,720,1.16334124612154,1.2019885947958757,1.15630024910032,0.1277990174381438,0.38565413174267926,p2e,d008
1,bias_x10,frozen_q,clean,naive,cyclic,p2c_capacity,720,0.2,720,720,720,1.2834635958115732,1.3694382592943752,1.2730843936197864,0.16289545265388644,0.661742242370315,p2e,d008
2,bias_x10,frozen_q,clean,naive,cyclic,p2c_capacity,720,0.2,720,720,720,1.4128634572174241,1.4469472787560402,1.4069284414634105,0.12936579664544823,0.2228077954188586,p2e,d008
3,bias_x10,frozen_q,clean,naive,cyclic,p2c_capacity,720,0.2,720,720,720,1.3228396925730315,1.407232101115023,1.3171693569793974,0.12235087772955985,0.35933184487459696,p2e,d008
4,bias_x10,frozen_q,clean,naive,cyclic,p2c_capacity,720,0.2,720,720,720,0.6638451739598991,0.7052851927995826,0.6494096737963388,0.13768620326518352,0.413015555557768,p2e,d008
5,bias_x10,frozen_q,clean,naive,cyclic,p2c_capacity,720,0.2,720,720,720,1.325587743986733,1.3295784650793796,1.323875511887195,0.06735351537413639,0.3151325958716744,p2e,d008
6,bias_x10,frozen_q,clean,naive,cyclic,p2c_capacity,720,0.2,720,720,720,2.17261659321848,2.27996968188525,2.1598720082192555,0.234980359262632,0.4244941775229874,p2e,d008
7,bias_x10,frozen_q,clean,naive,cyclic,p2c_capacity,720,0.2,720,720,720,1.267299658141744,1.336842660988039,1.2610619250233748,0.12558361669629262,0.3415951059839407,p2e,d008
8,bias_x10,frozen_q,clean,naive,cyclic,p2c_capacity,720,0.2,720,720,720,0.3352708400516502,0.3789921838096752,0.32251915270838855,0.09158565567381362,0.14683407179014188,p2e,d008
9,bias_x10,frozen_q,clean,naive,cyclic,p2c_capacity,720,0.2,720,720,720,1.3299023719529819,1.4097022743934071,1.321245710124226,0.15149287905540862,0.38469527798378833,p2e,d008
10,bias_x10,frozen_q,clean,naive,cyclic,p2c_capacity,720,0.2,720,720,720,0.4325112811640822,0.4954627668706727,0.38988533226076016,0.18723096971952172,0.3986145648210183,p2e,d008
11,bias_x10,frozen_q,clean,naive,cyclic,p2c_capacity,720,0.2,720,720,720,0.5850552326415293,0.6209738210581737,0.573649595384338,0.11495984932409763,0.4300247193533041,p2e,d008
12,bias_x10,frozen_q,clean,naive,cyclic,p2c_capacity,720,0.2,720,720,720,0.8146128419985355,0.8868363118847301,0.8084487427751847,0.10002356049528568,0.3724937362853342,p2e,d008
13,bias_x10,frozen_q,clean,naive,cyclic,p2c_capacity,720,0.2,720,720,720,1.5642418044632882,1.6646572354738065,1.5560682546798075,0.15969974830381517,0.4061630818284966,p2e,d008
14,bias_x10,frozen_q,clean,naive,cyclic,p2c_capacity,720,0.2,720,720,720,0.3907321474223478,0.42950980508139636,0.3558668781072855,0.16133931974399088,0.2647189335275568,p2e,d008
15,bias_x10,frozen_q,clean,naive,cyclic,p2c_capacity,720,0.2,720,720,720,0.7805862808815919,0.8517517025700918,0.7684238809273501,0.13725771789267457,0.4584417077644644,p2e,d008
16,bias_x10,frozen_q,clean,naive,cyclic,p2c_capacity,720,0.2,720,720,720,0.4804449318460532,0.4994703701322115,0.46806237919828214,0.10837408230662071,0.5394427308562527,p2e,d008
17,bias_x10,frozen_q,clean,naive,cyclic,p2c_capacity,720,0.2,720,720,720,1.7450874535691046,1.8172767781497208,1.7409222088647942,0.12049930823712995,0.23359907057937612,p2e,d008
18,bias_x10,frozen_q,clean,naive,cyclic,p2c_capacity,720,0.2,720,720,720,1.173170905249637,1.232834746765734,1.1665111280543756,0.12482692437755868,0.37061327193785926,p2e,d008
19,bias_x10,frozen_q,clean,naive,cyclic,p2c_capacity,720,0.2,720,720,720,1.7868147548474211,1.8586727217759906,1.7766751823061513,0.1900848881890766,0.2670415141011928,p2e,d008
0,bias_x10,frozen_q,clean,naive,none,none,0,0.0,0,0,0,1.9712680779005491,3.301992237360194,1.127351722444147,1.6170887201548159,0.40388435879460083,p2e,d009
1,bias_x10,frozen_q,clean,naive,none,none,0,0.0,0,0,0,3.065605807047956,4.1506678558171135,1.3165636547673512,2.7685012384233794,0.7019709672478154,p2e,d009
2,bias_x10,frozen_q,clean,naive,none,none,0,0.0,0,0,0,3.2989719722084296,4.723295996520437,1.4151622396818064,2.9800221322660594,0.19597188104675095,p2e,d009
3,bias_x10,frozen_q,clean,naive,none,none,0,0.0,0,0,0,2.5890003196023477,3.7180317193968624,1.3309318722175774,2.2207077715035974,0.2722724762051381,p2e,d009
4,bias_x10,frozen_q,clean,naive,none,none,0,0.0,0,0,0,3.7181785613910483,4.235393054491641,0.6504683752008911,3.6608390714768544,0.47915034213304225,p2e,d009
5,bias_x10,frozen_q,clean,naive,none,none,0,0.0,0,0,0,2.504836583712848,3.1929321832108712,1.322382802270706,2.1273246191789648,0.3193177390621311,p2e,d009
6,bias_x10,frozen_q,clean,naive,none,none,0,0.0,0,0,0,3.111210656938583,4.962728171379665,2.1833218482180317,2.2164695935072074,0.3970981711681285,p2e,d009
7,bias_x10,frozen_q,clean,naive,none,none,0,0.0,0,0,0,2.2509624258737246,3.0596107870706066,1.2759802297026035,1.854374907105738,0.3293135290183479,p2e,d009
8,bias_x10,frozen_q,clean,naive,none,none,0,0.0,0,0,0,2.3976365818502066,2.6817819075127662,0.3278388802881847,2.375117438611769,0.14764865053188975,p2e,d009
9,bias_x10,frozen_q,clean,naive,none,none,0,0.0,0,0,0,3.1401795331014455,3.9893920802846,1.3212136889041781,2.8487053003709293,0.41014023014822115,p2e,d009
10,bias_x10,frozen_q,clean,naive,none,none,0,0.0,0,0,0,1.6880026749632455,2.565652229173502,0.38791867251907136,1.6428244380316828,0.28317811937699566,p2e,d009
11,bias_x10,frozen_q,clean,naive,none,none,0,0.0,0,0,0,1.1628516237165776,1.884997843442971,0.5834286860640431,1.0059000283615989,0.39251818775706965,p2e,d009
12,bias_x10,frozen_q,clean,naive,none,none,0,0.0,0,0,0,1.9851577838699637,2.5231892438725634,0.7956202242681327,1.818746789851471,0.3153782669697102,p2e,d009
13,bias_x10,frozen_q,clean,naive,none,none,0,0.0,0,0,0,2.048816937489523,2.569169346494302,1.5499648715086867,1.3398730314597005,0.42292066846885684,p2e,d009
14,bias_x10,frozen_q,clean,naive,none,none,0,0.0,0,0,0,2.3619140475656515,2.8103688084718,0.35686485603516294,2.3347988013135006,0.2629554047400117,p2e,d009
15,bias_x10,frozen_q,clean,naive,none,none,0,0.0,0,0,0,1.6251774395637717,2.4011686815432514,0.7692542722766406,1.431589876553754,0.48472786529944856,p2e,d009
16,bias_x10,frozen_q,clean,naive,none,none,0,0.0,0,0,0,2.0230827483456144,2.9469856060603887,0.4473279935047237,1.9730082292987738,0.4175248808729232,p2e,d009
17,bias_x10,frozen_q,clean,naive,none,none,0,0.0,0,0,0,3.2556252935962915,4.135293373043157,1.7403144853541601,2.751436269363771,0.33061018498872946,p2e,d009
18,bias_x10,frozen_q,clean,naive,none,none,0,0.0,0,0,0,2.128314660551986,2.924237130405814,1.184916253843531,1.767964017082341,0.46538867347496593,p2e,d009
19,bias_x10,frozen_q,clean,naive,none,none,0,0.0,0,0,0,3.497947916369979,4.562360275719867,1.7758371631431717,3.013642645642759,0.2676188614729118,p2e,d009
0,combined_poor,frozen_q,clean,naive,all_pairs,full_10hz,3600,1.0,3600,3600,3600,1.6324621494040625,1.6839778521761792,1.6270120711725555,0.13328311781963675,0.3647392830272419,p2e,d010
1,combined_poor,frozen_q,clean,naive,all_pairs,full_10hz,3600,1.0,3600,3600,3600,1.91050686656626,1.9421347274784861,1.9078270270059896,0.1011559302379997,0.6983917479249024,p2e,d010
2,combined_poor,frozen_q,clean,naive,all_pairs,full_10hz,3600,1.0,3600,3600,3600,1.1542232140283866,1.2236441480920761,1.1385020085856363,0.1898536390182983,0.264244151194227,p2e,d010
3,combined_poor,frozen_q,clean,naive,all_pairs,full_10hz,3600,1.0,3600,3600,3600,1.2948435155983096,1.3964526296257747,1.288439166824496,0.12862442722744663,0.44264687689029003,p2e,d010
4,combined_poor,frozen_q,clean,naive,all_pairs,full_10hz,3600,1.0,3600,3600,3600,0.35964338871721485,0.4588973628564946,0.3289002879429098,0.14549215662389758,0.45015165963396003,p2e,d010
5,combined_poor,frozen_q,clean,naive,all_pairs,full_10hz,3600,1.0,3600,3600,3600,0.9733724565793336,1.0458134302965831,0.9651083171687659,0.126569646278084,0.4059881963370884,p2e,d010
6,combined_poor,frozen_q,clean,naive,all_pairs,full_10hz,3600,1.0,3600,3600,3600,2.332350660572494,2.4603395582329806,2.3153594490578913,0.2810164150566387,0.4588825599744301,p2e,d010
7,combined_poor,frozen_q,clean,naive,all_pairs,full_10hz,3600,1.0,3600,3600,3600,1.41982201368195,1.4367334171844584,1.4180194613623285,0.0715217291007348,0.39458975862976353,p2e,d010
8,combined_poor,frozen_q,clean,naive,all_pairs,full_10hz,3600,1.0,3600,3600,3600,0.728580345648484,0.7601692876339621,0.7234091213954471,0.08665196562762799,0.19170423675558218,p2e,d010
9,combined_poor,frozen_q,clean,naive,all_pairs,full_10hz,3600,1.0,3600,3600,3600,1.4223520972654475,1.5346498012157859,1.4072627429942401,0.20663267112377112,0.41779681374865346,p2e,d010
10,combined_poor,frozen_q,clean,naive,all_pairs,full_10hz,3600,1.0,3600,3600,3600,0.2940824165012078,0.43427257718592094,0.2153115221213694,0.20031329495809536,0.5672874519494105,p2e,d010
11,combined_poor,frozen_q,clean,naive,all_pairs,full_10hz,3600,1.0,3600,3600,3600,1.1052620763909784,1.1275757874650825,1.0955996792441767,0.14582729630681038,0.4077956913804331,p2e,d010
12,combined_poor,frozen_q,clean,naive,all_pairs,full_10hz,3600,1.0,3600,3600,3600,1.0568005008186199,1.0765797763797549,1.054164795676024,0.07459143441315796,0.4088323756764647,p2e,d010
13,combined_poor,frozen_q,clean,naive,all_pairs,full_10hz,3600,1.0,3600,3600,3600,1.407588649123502,1.4707231223807833,1.3966937182575399,0.1747926271936338,0.4097206725904555,p2e,d010
14,combined_poor,frozen_q,clean,naive,all_pairs,full_10hz,3600,1.0,3600,3600,3600,0.4650806376102381,0.49655267034569267,0.42043535457717385,0.19883186892827764,0.272893870083649,p2e,d010
15,combined_poor,frozen_q,clean,naive,all_pairs,full_10hz,3600,1.0,3600,3600,3600,1.064429703047101,1.1034764271156652,1.060172323269545,0.09510645457693698,0.493464882866011,p2e,d010
16,combined_poor,frozen_q,clean,naive,all_pairs,full_10hz,3600,1.0,3600,3600,3600,0.7110216891424815,0.7718094521169676,0.6952768846348204,0.14880153266524648,0.6312126235686346,p2e,d010
17,combined_poor,frozen_q,clean,naive,all_pairs,full_10hz,3600,1.0,3600,3600,3600,2.246209320368053,2.3136063372316906,2.242223932151607,0.13374658498405465,0.16850070429701217,p2e,d010
18,combined_poor,frozen_q,clean,naive,all_pairs,full_10hz,3600,1.0,3600,3600,3600,1.398344264936568,1.4439642872643383,1.3920353395716776,0.13268118428984046,0.38255646679287164,p2e,d010
19,combined_poor,frozen_q,clean,naive,all_pairs,full_10hz,3600,1.0,3600,3600,3600,1.7611231284387447,1.8623440179529231,1.7389484052097368,0.27859130916161784,0.35126641386401314,p2e,d010
0,combined_poor,frozen_q,clean,naive,cyclic,p2c_capacity,180,0.05,180,180,180,1.6179937688495198,1.6768191057198203,1.6027848725879652,0.22132439594191566,0.3756019476492871,p2e,d011
1,combined_poor,frozen_q,clean,naive,cyclic,p2c_capacity,180,0.05,180,180,180,1.9575131193929485,2.0107350123626078,1.946148939002123,0.2106226953972966,0.7319802461587,p2e,d011
2,combined_poor,frozen_q,clean,naive,cyclic,p2c_capacity,180,0.05,180,180,180,1.1606022420583364,1.2022811524173371,1.1329005331310644,0.2520594102631116,0.21836546983536798,p2e,d011
3,combined_poor,frozen_q,clean,naive,cyclic,p2c_capacity,180,0.05,180,180,180,1.3162863508706881,1.5152170379969994,1.2936587030861326,0.2430162904374479,0.33354384765973644,p2e,d011
4,combined_poor,frozen_q,clean,naive,cyclic,p2c_capacity,180,0.05,180,180,180,0.4276872200407691,0.6049681117401909,0.3247057035592611,0.2783569008706026,0.48963844297001474,p2e,d011
5,combined_poor,frozen_q,clean,naive,cyclic,p2c_capacity,180,0.05,180,180,180,0.980982193742854,1.0770309407404883,0.9618085068801222,0.19300378372864135,0.40769480929021457,p2e,d011
6,combined_poor,frozen_q,clean,naive,cyclic,p2c_capacity,180,0.05,180,180,180,2.3421106743841746,2.4764349863229405,2.314578554782366,0.3580621800831067,0.4589786645800255,p2e,d011
7,combined_poor,frozen_q,clean,naive,cyclic,p2c_capacity,180,0.05,180,180,180,1.4457685355293803,1.5769949467938988,1.4341605472344034,0.1828392274187517,0.37802415513675525,p2e,d011
8,combined_poor,frozen_q,clean,naive,cyclic,p2c_capacity,180,0.05,180,180,180,0.7423600005625975,0.8117974440186388,0.7201618286806948,0.18018132796318595,0.15943250234498144,p2e,d011
9,combined_poor,frozen_q,clean,naive,cyclic,p2c_capacity,180,0.05,180,180,180,1.4350146296641322,1.5767158181820895,1.4115346678240852,0.2585282748188984,0.4295815485581461,p2e,d011
10,combined_poor,frozen_q,clean,naive,cyclic,p2c_capacity,180,0.05,180,180,180,0.32075280539871875,0.4771100498400897,0.213336398380034,0.23952023567411537,0.4846565514675884,p2e,d011
11,combined_poor,frozen_q,clean,naive,cyclic,p2c_capacity,180,0.05,180,180,180,1.140758748178827,1.200466013872692,1.1127460070155961,0.2512505630190136,0.40965138901356235,p2e,d011
12,combined_poor,frozen_q,clean,naive,cyclic,p2c_capacity,180,0.05,180,180,180,1.048009731454161,1.0981908120994262,1.0398725789234053,0.13034345716532392,0.4093556968025193,p2e,d011
13,combined_poor,frozen_q,clean,naive,cyclic,p2c_capacity,180,0.05,180,180,180,1.397871907442287,1.4676759518563063,1.3771086337470044,0.2400368314984103,0.4357074189399568,p2e,d011
14,combined_poor,frozen_q,clean,naive,cyclic,p2c_capacity,180,0.05,180,180,180,0.5314446034758523,0.5839233857754107,0.4225299651882733,0.3223380137085951,0.234602031474281,p2e,d011
15,combined_poor,frozen_q,clean,naive,cyclic,p2c_capacity,180,0.05,180,180,180,1.0699531617089184,1.1328550183318677,1.0554451035133645,0.1756001187943064,0.4980345625073954,p2e,d011
16,combined_poor,frozen_q,clean,naive,cyclic,p2c_capacity,180,0.05,180,180,180,0.7211458631181608,0.8320646253540821,0.6839859764787698,0.22850501060769035,0.5538421563848459,p2e,d011
17,combined_poor,frozen_q,clean,naive,cyclic,p2c_capacity,180,0.05,180,180,180,2.263365007740984,2.3363081568507353,2.254303404585523,0.20232972678394637,0.24200517052258308,p2e,d011
18,combined_poor,frozen_q,clean,naive,cyclic,p2c_capacity,180,0.05,180,180,180,1.408830063384677,1.4806762618766578,1.3887466738005676,0.2370333805697688,0.37791233143051595,p2e,d011
19,combined_poor,frozen_q,clean,naive,cyclic,p2c_capacity,180,0.05,180,180,180,1.768190669190451,1.8857853337339838,1.7311920401334981,0.3598226824292647,0.31408428131497224,p2e,d011
0,combined_poor,frozen_q,clean,naive,cyclic,p2c_capacity,360,0.1,360,360,360,1.610690920579575,1.6613529109358376,1.6018524621179622,0.16850498878105014,0.3522539309134794,p2e,d012
1,combined_poor,frozen_q,clean,naive,cyclic,p2c_capacity,360,0.1,360,360,360,1.947439363432866,2.018201981355456,1.9390614184270671,0.18044636271040704,0.7408180900776166,p2e,d012
2,combined_poor,frozen_q,clean,naive,cyclic,p2c_capacity,360,0.1,360,360,360,1.1587255005552095,1.2307617890304547,1.1360986053120836,0.22787001699402967,0.23136892329146044,p2e,d012
3,combined_poor,frozen_q,clean,naive,cyclic,p2c_capacity,360,0.1,360,360,360,1.3032167718848946,1.4523926941823797,1.2899329616749513,0.18559878476588756,0.3374172128143064,p2e,d012
4,combined_poor,frozen_q,clean,naive,cyclic,p2c_capacity,360,0.1,360,360,360,0.40507085627493494,0.5604778059772132,0.3297135120981516,0.23531128010193442,0.4933840597650052,p2e,d012
5,combined_poor,frozen_q,clean,naive,cyclic,p2c_capacity,360,0.1,360,360,360,0.9740594503574637,1.092142351726318,0.9597130485671043,0.1665613317691686,0.4003485087664947,p2e,d012
6,combined_poor,frozen_q,clean,naive,cyclic,p2c_capacity,360,0.1,360,360,360,2.3423449731130193,2.509365943798961,2.3117394923056396,0.3774128942978689,0.449306252446624,p2e,d012
7,combined_poor,frozen_q,clean,naive,cyclic,p2c_capacity,360,0.1,360,360,360,1.434940859876894,1.4871685228134797,1.429661415921385,0.12297766939530146,0.3915926068202307,p2e,d012
8,combined_poor,frozen_q,clean,naive,cyclic,p2c_capacity,360,0.1,360,360,360,0.7306814072880834,0.7729844761725766,0.720484012514458,0.12164746880868628,0.16078656405405947,p2e,d012
9,combined_poor,frozen_q,clean,naive,cyclic,p2c_capacity,360,0.1,360,360,360,1.4316312187842064,1.5626966428365745,1.408174806312261,0.25809235065181374,0.4414558240930687,p2e,d012
10,combined_poor,frozen_q,clean,naive,cyclic,p2c_capacity,360,0.1,360,360,360,0.31316740423708833,0.44416959665075617,0.21194425919930476,0.23055032871165854,0.5026492247802756,p2e,d012
11,combined_poor,frozen_q,clean,naive,cyclic,p2c_capacity,360,0.1,360,360,360,1.1241180289916057,1.1512050100627185,1.1064096702602189,0.19874351475871085,0.3954175300837029,p2e,d012
12,combined_poor,frozen_q,clean,naive,cyclic,p2c_capacity,360,0.1,360,360,360,1.0502557201032865,1.1112975319992198,1.0439160879630103,0.11522273604491931,0.39204066336083543,p2e,d012
13,combined_poor,frozen_q,clean,naive,cyclic,p2c_capacity,360,0.1,360,360,360,1.3948569390534356,1.4236928447523245,1.3790584921193063,0.2093407646378137,0.42176981813708875,p2e,d012
14,combined_poor,frozen_q,clean,naive,cyclic,p2c_capacity,360,0.1,360,360,360,0.5067895124112176,0.5546176409178781,0.4227328866692862,0.2795219426418113,0.2540335214325223,p2e,d012
15,combined_poor,frozen_q,clean,naive,cyclic,p2c_capacity,360,0.1,360,360,360,1.0596877495755574,1.088671380368053,1.053075542256711,0.11819487679778336,0.4857647547531733,p2e,d012
16,combined_poor,frozen_q,clean,naive,cyclic,p2c_capacity,360,0.1,360,360,360,0.7197597898311858,0.7872771761538635,0.6892432711702435,0.20735927325387443,0.5794668118956338,p2e,d012
17,combined_poor,frozen_q,clean,naive,cyclic,p2c_capacity,360,0.1,360,360,360,2.251631388946054,2.3661045590563767,2.2433694631616237,0.19271056909538367,0.2128861805747642,p2e,d012
18,combined_poor,frozen_q,clean,naive,cyclic,p2c_capacity,360,0.1,360,360,360,1.4105785456511544,1.4871031429244943,1.3937645351721553,0.21714569751130677,0.39076185505032174,p2e,d012
19,combined_poor,frozen_q,clean,naive,cyclic,p2c_capacity,360,0.1,360,360,360,1.7659434159854357,1.886533237186898,1.7353807534367667,0.32712350735395096,0.32833358880046487,p2e,d012
0,combined_poor,frozen_q,clean,naive,cyclic,p2c_capacity,720,0.2,720,720,720,1.6285378099357994,1.68909244294856,1.6176114738540464,0.1883308738529886,0.368465531683772,p2e,d013
1,combined_poor,frozen_q,clean,naive,cyclic,p2c_capacity,720,0.2,720,720,720,1.9307452413423387,1.9716055488717645,1.9251135456938318,0.1473601817052669,0.7309045937033456,p2e,d013
2,combined_poor,frozen_q,clean,naive,cyclic,p2c_capacity,720,0.2,720,720,720,1.1539681243137756,1.2269338753296244,1.1317421586853857,0.22539325230892973,0.24104053208746182,p2e,d013
3,combined_poor,frozen_q,clean,naive,cyclic,p2c_capacity,720,0.2,720,720,720,1.3057622853387676,1.4358946129360388,1.2946644006716526,0.1698800619455721,0.38557356944335425,p2e,d013
4,combined_poor,frozen_q,clean,naive,cyclic,p2c_capacity,720,0.2,720,720,720,0.37372873966135034,0.4917299396621155,0.3296578448963634,0.17606497706002347,0.4778598273565358,p2e,d013
5,combined_poor,frozen_q,clean,naive,cyclic,p2c_capacity,720,0.2,720,720,720,0.9696913696052422,1.0448743901367816,0.9592728659076584,0.14176360964718024,0.39938634968003,p2e,d013
6,combined_poor,frozen_q,clean,naive,cyclic,p2c_capacity,720,0.2,720,720,720,2.3346897541672664,2.4811114434027,2.310319978054104,0.33644887756937913,0.44886751476543146,p2e,d013
7,combined_poor,frozen_q,clean,naive,cyclic,p2c_capacity,720,0.2,720,720,720,1.4304828405859273,1.484166084689008,1.4253473329527357,0.12110383006043629,0.3990105640554093,p2e,d013
8,combined_poor,frozen_q,clean,naive,cyclic,p2c_capacity,720,0.2,720,720,720,0.7290561772163018,0.7549237944919371,0.7190934978858271,0.12011432402329646,0.1826540373807297,p2e,d013
9,combined_poor,frozen_q,clean,naive,cyclic,p2c_capacity,720,0.2,720,720,720,1.431074493383692,1.553872475329347,1.4105022020182116,0.24178036255073784,0.42105933524409,p2e,d013
10,combined_poor,frozen_q,clean,naive,cyclic,p2c_capacity,720,0.2,720,720,720,0.2885449964188407,0.42488733010885693,0.20932458473898183,0.19859867366677347,0.5126539351244673,p2e,d013
11,combined_poor,frozen_q,clean,naive,cyclic,p2c_capacity,720,0.2,720,720,720,1.118290888790032,1.1518871210463781,1.104545913813681,0.17479369619153887,0.4028962332257151,p2e,d013
12,combined_poor,frozen_q,clean,naive,cyclic,p2c_capacity,720,0.2,720,720,720,1.0553049448980494,1.1040820546679642,1.0498645078065387,0.10701888606414033,0.4194170273779342,p2e,d013
13,combined_poor,frozen_q,clean,naive,cyclic,p2c_capacity,720,0.2,720,720,720,1.4042057620644053,1.4545191499273864,1.3891459348782271,0.20510337351241711,0.4085086198556855,p2e,d013
14,combined_poor,frozen_q,clean,naive,cyclic,p2c_capacity,720,0.2,720,720,720,0.4900342152034265,0.5324025774761968,0.4231697578730914,0.24710501429891565,0.26535830645585595,p2e,d013
15,combined_poor,frozen_q,clean,naive,cyclic,p2c_capacity,720,0.2,720,720,720,1.0568904438362337,1.108225930022653,1.05080725023493,0.11323220887210633,0.4795965701094062,p2e,d013
16,combined_poor,frozen_q,clean,naive,cyclic,p2c_capacity,720,0.2,720,720,720,0.7050269566370807,0.749060418111629,0.6871746131338996,0.15765170677547213,0.5824089545247348,p2e,d013
17,combined_poor,frozen_q,clean,naive,cyclic,p2c_capacity,720,0.2,720,720,720,2.2528400912634114,2.3315126316936685,2.247358131190655,0.15706656861019816,0.1835708004035313,p2e,d013
18,combined_poor,frozen_q,clean,naive,cyclic,p2c_capacity,720,0.2,720,720,720,1.4038096571223855,1.4821782483283041,1.3914259194274181,0.18605231569543526,0.3827454449719283,p2e,d013
19,combined_poor,frozen_q,clean,naive,cyclic,p2c_capacity,720,0.2,720,720,720,1.754929655269623,1.844662284949733,1.7317599379766464,0.2842280988288802,0.31830203788648787,p2e,d013
0,combined_poor,frozen_q,clean,naive,none,none,0,0.0,0,0,0,2.7102979162401097,4.1667579838521505,1.5826873189925745,2.2001853660715898,0.3934391426353249,p2e,d014
1,combined_poor,frozen_q,clean,naive,none,none,0,0.0,0,0,0,3.552176920910836,4.924875191623178,1.9718813307186112,2.9545972475136066,0.7401961775447956,p2e,d014
2,combined_poor,frozen_q,clean,naive,none,none,0,0.0,0,0,0,3.1656352969606365,4.300074551907232,1.1236913294353017,2.959487224083757,0.21797210163570638,p2e,d014
3,combined_poor,frozen_q,clean,naive,none,none,0,0.0,0,0,0,3.2343790346458055,4.307705110440872,1.3055472536263446,2.959181323999096,0.2595850372131059,p2e,d014
4,combined_poor,frozen_q,clean,naive,none,none,0,0.0,0,0,0,3.528766808592471,4.353428690609409,0.3274304979776247,3.5135430064847673,0.4900339794554602,p2e,d014
5,combined_poor,frozen_q,clean,naive,none,none,0,0.0,0,0,0,2.795892884096673,3.4475523976530833,0.9651342579686424,2.6240298937774567,0.39237178598075667,p2e,d014
6,combined_poor,frozen_q,clean,naive,none,none,0,0.0,0,0,0,3.582822521027678,5.675962232907934,2.3425049859170937,2.710956954312754,0.4589328195354378,p2e,d014
7,combined_poor,frozen_q,clean,naive,none,none,0,0.0,0,0,0,3.144499377776206,4.569586254762458,1.465176780535973,2.782289226269115,0.3500271106127793,p2e,d014
8,combined_poor,frozen_q,clean,naive,none,none,0,0.0,0,0,0,2.826092085802425,3.960040312645648,0.7271660897860902,2.730938658282223,0.16793262589522087,p2e,d014
9,combined_poor,frozen_q,clean,naive,none,none,0,0.0,0,0,0,3.7597223661550183,5.144164234208268,1.4224640129804722,3.4802454514504837,0.38362553845374125,p2e,d014
10,combined_poor,frozen_q,clean,naive,none,none,0,0.0,0,0,0,1.9806261417178797,2.675987889392136,0.21263541195846358,1.9691790408283119,0.4284129771848274,p2e,d014
11,combined_poor,frozen_q,clean,naive,none,none,0,0.0,0,0,0,1.9860386030403914,2.2503793399950287,1.1222183872293188,1.6385894007136308,0.38761978928687507,p2e,d014
12,combined_poor,frozen_q,clean,naive,none,none,0,0.0,0,0,0,2.41105831227835,3.7943618679436404,1.0370696410655063,2.176623243647551,0.3602335902478268,p2e,d014
13,combined_poor,frozen_q,clean,naive,none,none,0,0.0,0,0,0,2.1586637388709273,2.7672578611786687,1.3738046465792906,1.6650795568240464,0.4339738465129676,p2e,d014
14,combined_poor,frozen_q,clean,naive,none,none,0,0.0,0,0,0,3.305836253701388,4.451164929329437,0.4214417305479952,3.2788626387878983,0.2234177659295139,p2e,d014
15,combined_poor,frozen_q,clean,naive,none,none,0,0.0,0,0,0,2.283728718276449,2.6308900653886,1.0559644217123931,2.0249335788509715,0.5099966007530811,p2e,d014
16,combined_poor,frozen_q,clean,naive,none,none,0,0.0,0,0,0,2.523899722314784,3.512648235729931,0.6612536129546768,2.4357367402194825,0.4409016270730484,p2e,d014
17,combined_poor,frozen_q,clean,naive,none,none,0,0.0,0,0,0,3.6191200424456644,5.052937232729805,2.2382797919638353,2.8439643905151555,0.2943042352388348,p2e,d014
18,combined_poor,frozen_q,clean,naive,none,none,0,0.0,0,0,0,2.312755433608077,3.389613990112393,1.406253431893789,1.8361070178425403,0.4840549478077625,p2e,d014
19,combined_poor,frozen_q,clean,naive,none,none,0,0.0,0,0,0,3.4579823650255217,4.0987101095107015,1.7221210135833616,2.9986565744349774,0.2850279929562366,p2e,d014
0,combined_poor,white_rescaled_q,clean,naive,all_pairs,full_10hz,3600,1.0,3600,3600,3600,1.5934424632090487,1.6257112556352267,1.5888569584913208,0.1207992094818096,0.3872188790192657,p2e,d015
1,combined_poor,white_rescaled_q,clean,naive,all_pairs,full_10hz,3600,1.0,3600,3600,3600,1.9628692904049068,1.9932806229695128,1.9612931636501205,0.0786446274958665,0.720536103371278,p2e,d015
2,combined_poor,white_rescaled_q,clean,naive,all_pairs,full_10hz,3600,1.0,3600,3600,3600,1.1408396398898075,1.2103568744437572,1.1256238770189708,0.1857039887258384,0.2285660697021073,p2e,d015
3,combined_poor,white_rescaled_q,clean,naive,all_pairs,full_10hz,3600,1.0,3600,3600,3600,1.3099305680574718,1.3885677877532243,1.3033312726004382,0.13132283500249567,0.28451677338764203,p2e,d015
4,combined_poor,white_rescaled_q,clean,naive,all_pairs,full_10hz,3600,1.0,3600,3600,3600,0.3631180777441973,0.4281518644401972,0.32720165595898437,0.15746051797939495,0.4768219698648638,p2e,d015
5,combined_poor,white_rescaled_q,clean,naive,all_pairs,full_10hz,3600,1.0,3600,3600,3600,0.9745828620288348,1.039350624313088,0.9648623965732613,0.13730371677131398,0.37828974447713787,p2e,d015
6,combined_poor,white_rescaled_q,clean,naive,all_pairs,full_10hz,3600,1.0,3600,3600,3600,2.35460109070459,2.4720051246266657,2.340538330191597,0.25695645788961025,0.4535256638853029,p2e,d015
7,combined_poor,white_rescaled_q,clean,naive,all_pairs,full_10hz,3600,1.0,3600,3600,3600,1.4627172505279926,1.5069199320683844,1.4602123571414691,0.08556650655206602,0.3511650021859434,p2e,d015
8,combined_poor,white_rescaled_q,clean,naive,all_pairs,full_10hz,3600,1.0,3600,3600,3600,0.7348292788151811,0.8048882011831505,0.7273315984050447,0.10470346205165315,0.16511306513099414,p2e,d015
9,combined_poor,white_rescaled_q,clean,naive,all_pairs,full_10hz,3600,1.0,3600,3600,3600,1.4307547509305978,1.5219317648168096,1.4207852121326743,0.1686076460175781,0.3790109932580075,p2e,d015
10,combined_poor,white_rescaled_q,clean,naive,all_pairs,full_10hz,3600,1.0,3600,3600,3600,0.3066607975453516,0.43338976066431717,0.21236039412298696,0.2212327004741405,0.4450955334112027,p2e,d015
11,combined_poor,white_rescaled_q,clean,naive,all_pairs,full_10hz,3600,1.0,3600,3600,3600,1.1228141205149516,1.1333735695092608,1.119135153252605,0.09081881953665942,0.3928612428911381,p2e,d015
12,combined_poor,white_rescaled_q,clean,naive,all_pairs,full_10hz,3600,1.0,3600,3600,3600,1.0442056910761663,1.058499067129194,1.0407725815339304,0.08460472092650936,0.36229655857411,p2e,d015
13,combined_poor,white_rescaled_q,clean,naive,all_pairs,full_10hz,3600,1.0,3600,3600,3600,1.3861404656783265,1.4524540648159945,1.377078447937128,0.15824139413566285,0.42340250695339465,p2e,d015
14,combined_poor,white_rescaled_q,clean,naive,all_pairs,full_10hz,3600,1.0,3600,3600,3600,0.451189022683631,0.4780198170092299,0.42068840169817673,0.16307299858297697,0.23137407120468062,p2e,d015
15,combined_poor,white_rescaled_q,clean,naive,all_pairs,full_10hz,3600,1.0,3600,3600,3600,1.0632268880630333,1.1187388958653552,1.0567885653402103,0.11683040557312989,0.5074434299407765,p2e,d015
16,combined_poor,white_rescaled_q,clean,naive,all_pairs,full_10hz,3600,1.0,3600,3600,3600,0.6821893965471183,0.7217480090678616,0.6639923376163435,0.1565137321390849,0.4653677192100665,p2e,d015
17,combined_poor,white_rescaled_q,clean,naive,all_pairs,full_10hz,3600,1.0,3600,3600,3600,2.240364196200883,2.3144844867668675,2.2367374151472803,0.1274263210608059,0.26673711385254556,p2e,d015
18,combined_poor,white_rescaled_q,clean,naive,all_pairs,full_10hz,3600,1.0,3600,3600,3600,1.407707670494167,1.4298295242419425,1.404988275360217,0.08745759926065397,0.46946444104465435,p2e,d015
19,combined_poor,white_rescaled_q,clean,naive,all_pairs,full_10hz,3600,1.0,3600,3600,3600,1.7331353316490643,1.8465240098044917,1.7222187981549022,0.1942176333194188,0.28818323641858357,p2e,d015
0,combined_poor,white_rescaled_q,clean,naive,cyclic,p2c_capacity,180,0.05,180,180,180,1.6003605011508764,1.6683456223023954,1.5884828968912648,0.19461711108692398,0.38933186618403004,p2e,d016
1,combined_poor,white_rescaled_q,clean,naive,cyclic,p2c_capacity,180,0.05,180,180,180,1.9706252986726722,2.008855858061319,1.9641924659548753,0.15909753126577308,0.7310727534621425,p2e,d016
2,combined_poor,white_rescaled_q,clean,naive,cyclic,p2c_capacity,180,0.05,180,180,180,1.1589870791833548,1.2003602519647496,1.126726004442224,0.27155029115731927,0.22367750123049915,p2e,d016
3,combined_poor,white_rescaled_q,clean,naive,cyclic,p2c_capacity,180,0.05,180,180,180,1.322802588898993,1.484221129436536,1.303771652321063,0.22357586587528377,0.2772724815440466,p2e,d016
4,combined_poor,white_rescaled_q,clean,naive,cyclic,p2c_capacity,180,0.05,180,180,180,0.4425965690224173,0.5232714594448472,0.3279075372719749,0.2972681784359768,0.48417495319047676,p2e,d016
5,combined_poor,white_rescaled_q,clean,naive,cyclic,p2c_capacity,180,0.05,180,180,180,0.9777683109643253,1.0147427032570293,0.9655720716291161,0.15395273435664206,0.3857080291077251,p2e,d016
6,combined_poor,white_rescaled_q,clean,naive,cyclic,p2c_capacity,180,0.05,180,180,180,2.3527730661200414,2.4400196440486557,2.3390243831333355,0.2539803846119238,0.45540335522776976,p2e,d016
7,combined_poor,white_rescaled_q,clean,naive,cyclic,p2c_capacity,180,0.05,180,180,180,1.4677040761199074,1.4939902422747866,1.460821540461174,0.14197070818881335,0.3525419761877294,p2e,d016
8,combined_poor,white_rescaled_q,clean,naive,cyclic,p2c_capacity,180,0.05,180,180,180,0.7448200346728725,0.7833312580058833,0.7272939609061981,0.16062496219290562,0.15684059628399868,p2e,d016
9,combined_poor,white_rescaled_q,clean,naive,cyclic,p2c_capacity,180,0.05,180,180,180,1.440659536653961,1.5347244998245382,1.420601683357004,0.23956368212909937,0.3844104228568174,p2e,d016
10,combined_poor,white_rescaled_q,clean,naive,cyclic,p2c_capacity,180,0.05,180,180,180,0.33211972431524234,0.49124402253672567,0.21318574284001968,0.2546671363348274,0.4458384549255561,p2e,d016
11,combined_poor,white_rescaled_q,clean,naive,cyclic,p2c_capacity,180,0.05,180,180,180,1.1335540103866417,1.1636315825102521,1.1210854561913886,0.16766661677204747,0.39302017871582867,p2e,d016
12,combined_poor,white_rescaled_q,clean,naive,cyclic,p2c_capacity,180,0.05,180,180,180,1.044741298766596,1.0986008936796001,1.0371060502757738,0.1260770471969334,0.36977108739909936,p2e,d016
13,combined_poor,white_rescaled_q,clean,naive,cyclic,p2c_capacity,180,0.05,180,180,180,1.391866802807219,1.4469200701534928,1.3750236214276725,0.21587782950714968,0.43194803811123605,p2e,d016
14,combined_poor,white_rescaled_q,clean,naive,cyclic,p2c_capacity,180,0.05,180,180,180,0.4878361485673146,0.5068650935117379,0.4207713068131195,0.246851403098647,0.22908346017022413,p2e,d016
15,combined_poor,white_rescaled_q,clean,naive,cyclic,p2c_capacity,180,0.05,180,180,180,1.0709244853049127,1.1187874783956335,1.0573306363829589,0.17009167702036265,0.511759274492743,p2e,d016
16,combined_poor,white_rescaled_q,clean,naive,cyclic,p2c_capacity,180,0.05,180,180,180,0.6902530177825316,0.7617001737863314,0.6639331989521362,0.18879071981184622,0.464569128092964,p2e,d016
17,combined_poor,white_rescaled_q,clean,naive,cyclic,p2c_capacity,180,0.05,180,180,180,2.2474812870699283,2.331370809699148,2.238128532087956,0.20482385013301935,0.272636543698617,p2e,d016
18,combined_poor,white_rescaled_q,clean,naive,cyclic,p2c_capacity,180,0.05,180,180,180,1.4157040232993834,1.4295910430516108,1.404605126930616,0.17692461385089897,0.46702098560729255,p2e,d016
19,combined_poor,white_rescaled_q,clean,naive,cyclic,p2c_capacity,180,0.05,180,180,180,1.7511657928049993,1.8636956456904388,1.721956741730031,0.31850685000617585,0.28818885573088304,p2e,d016
0,combined_poor,white_rescaled_q,clean,naive,cyclic,p2c_capacity,360,0.1,360,360,360,1.595135109412002,1.6491670156237552,1.5869916531274917,0.16097673801674267,0.38190393989394644,p2e,d017
1,combined_poor,white_rescaled_q,clean,naive,cyclic,p2c_capacity,360,0.1,360,360,360,1.9687599388607586,2.0043658231591914,1.9640523885732928,0.1360658362799458,0.7300017791922871,p2e,d017
2,combined_poor,white_rescaled_q,clean,naive,cyclic,p2c_capacity,360,0.1,360,360,360,1.140038496081598,1.1856217334287462,1.1259570161886745,0.17862970145943968,0.21963288020744096,p2e,d017
3,combined_poor,white_rescaled_q,clean,naive,cyclic,p2c_capacity,360,0.1,360,360,360,1.3144427920894872,1.4364829798062058,1.3028223270768153,0.1743956356855267,0.27245596533585625,p2e,d017
4,combined_poor,white_rescaled_q,clean,naive,cyclic,p2c_capacity,360,0.1,360,360,360,0.40517170346473586,0.4933491337374773,0.32886141796863033,0.23667335519694163,0.48579657720960306,p2e,d017
5,combined_poor,white_rescaled_q,clean,naive,cyclic,p2c_capacity,360,0.1,360,360,360,0.9775843801020813,1.069552784889922,0.9649962936475723,0.1563757444938917,0.3873386022693865,p2e,d017
6,combined_poor,white_rescaled_q,clean,naive,cyclic,p2c_capacity,360,0.1,360,360,360,2.3588677108507077,2.497318050279278,2.3393868941608105,0.30253237301600444,0.45256761998186984,p2e,d017
7,combined_poor,white_rescaled_q,clean,naive,cyclic,p2c_capacity,360,0.1,360,360,360,1.4673816513119853,1.5264225769726885,1.4609739024635113,0.13698235991406887,0.3559417029524209,p2e,d017
8,combined_poor,white_rescaled_q,clean,naive,cyclic,p2c_capacity,360,0.1,360,360,360,0.7377591298213886,0.7689503885225251,0.7266699415024013,0.12743362881009587,0.16048190741459795,p2e,d017
9,combined_poor,white_rescaled_q,clean,naive,cyclic,p2c_capacity,360,0.1,360,360,360,1.4423504576137958,1.5522522698315986,1.4198536564691335,0.2537527079460599,0.38452873587237296,p2e,d017
10,combined_poor,white_rescaled_q,clean,naive,cyclic,p2c_capacity,360,0.1,360,360,360,0.3241555986967916,0.46315824884774426,0.21323296585880838,0.24414863185676808,0.448130900596946,p2e,d017
11,combined_poor,white_rescaled_q,clean,naive,cyclic,p2c_capacity,360,0.1,360,360,360,1.1306278445852032,1.1508513810658185,1.1189727943386667,0.16192346488788667,0.38639437001023635,p2e,d017
12,combined_poor,white_rescaled_q,clean,naive,cyclic,p2c_capacity,360,0.1,360,360,360,1.043412687334734,1.0705298277712165,1.0381168265827945,0.10499281145278211,0.3612699479024107,p2e,d017
13,combined_poor,white_rescaled_q,clean,naive,cyclic,p2c_capacity,360,0.1,360,360,360,1.389805982680905,1.4461953607566056,1.3751700770339408,0.20116642047345212,0.4256166146666327,p2e,d017
14,combined_poor,white_rescaled_q,clean,naive,cyclic,p2c_capacity,360,0.1,360,360,360,0.47397254583659176,0.4979028480142836,0.4206980662904093,0.2183188292986441,0.2322670671190405,p2e,d017
15,combined_poor,white_rescaled_q,clean,naive,cyclic,p2c_capacity,360,0.1,360,360,360,1.0626058809672847,1.088800151657992,1.056884509947898,0.1101198932911335,0.5069672703907692,p2e,d017
16,combined_poor,white_rescaled_q,clean,naive,cyclic,p2c_capacity,360,0.1,360,360,360,0.6829109949535828,0.7478383453410152,0.6643262638978369,0.15823413703759961,0.4691054696040642,p2e,d017
17,combined_poor,white_rescaled_q,clean,naive,cyclic,p2c_capacity,360,0.1,360,360,360,2.241836212016803,2.339402004608405,2.235708079428064,0.16564717048571742,0.27110148119150157,p2e,d017
18,combined_poor,white_rescaled_q,clean,naive,cyclic,p2c_capacity,360,0.1,360,360,360,1.4153164245241983,1.4478279120050996,1.4060298137525629,0.16186643990307,0.47183453535641207,p2e,d017
19,combined_poor,white_rescaled_q,clean,naive,cyclic,p2c_capacity,360,0.1,360,360,360,1.7398249743134786,1.8278507857583957,1.7226712471324,0.24371031071376364,0.2897172796612386,p2e,d017
0,combined_poor,white_rescaled_q,clean,naive,cyclic,p2c_capacity,720,0.2,720,720,720,1.6001250537226048,1.6354757922717114,1.588880833079997,0.1893617855370586,0.3914811438343219,p2e,d018
1,combined_poor,white_rescaled_q,clean,naive,cyclic,p2c_capacity,720,0.2,720,720,720,1.9653279105212453,1.9993813950521584,1.9625273570810793,0.10488168849784081,0.7269939055924386,p2e,d018
2,combined_poor,white_rescaled_q,clean,naive,cyclic,p2c_capacity,720,0.2,720,720,720,1.1406082948328327,1.2024259886360915,1.1256113192961896,0.18435411607488825,0.22270034868281577,p2e,d018
3,combined_poor,white_rescaled_q,clean,naive,cyclic,p2c_capacity,720,0.2,720,720,720,1.3192793770405569,1.4352217262023794,1.3046001919375865,0.19625599068800936,0.28235172282768795,p2e,d018
4,combined_poor,white_rescaled_q,clean,naive,cyclic,p2c_capacity,720,0.2,720,720,720,0.38374155679364225,0.44141107349416303,0.3289420343570526,0.19762267188622815,0.48534368185557625,p2e,d018
5,combined_poor,white_rescaled_q,clean,naive,cyclic,p2c_capacity,720,0.2,720,720,720,0.9729262049030047,1.0158208683203676,0.9647342235541714,0.1259891983080043,0.38220497677138054,p2e,d018
6,combined_poor,white_rescaled_q,clean,naive,cyclic,p2c_capacity,720,0.2,720,720,720,2.3520729434968515,2.456455992246774,2.3399386164022284,0.23860931037905278,0.45468519378674993,p2e,d018
7,combined_poor,white_rescaled_q,clean,naive,cyclic,p2c_capacity,720,0.2,720,720,720,1.4643211820512998,1.4792155109775567,1.4595312430314116,0.11834303874457185,0.3511998518096345,p2e,d018
8,combined_poor,white_rescaled_q,clean,naive,cyclic,p2c_capacity,720,0.2,720,720,720,0.7344992895151752,0.752231707855827,0.7270007252185988,0.10468596768396643,0.16228518027777242,p2e,d018
9,combined_poor,white_rescaled_q,clean,naive,cyclic,p2c_capacity,720,0.2,720,720,720,1.4343915024176912,1.512213494956458,1.4210165207283803,0.19542525431757715,0.37873780013863145,p2e,d018
10,combined_poor,white_rescaled_q,clean,naive,cyclic,p2c_capacity,720,0.2,720,720,720,0.3015926440351079,0.42799393542935266,0.2117123378972279,0.21479294429328283,0.4434373506089543,p2e,d018
11,combined_poor,white_rescaled_q,clean,naive,cyclic,p2c_capacity,720,0.2,720,720,720,1.1271399493747563,1.143980908998659,1.1194041914208959,0.13182837974373415,0.3900515636263787,p2e,d018
12,combined_poor,white_rescaled_q,clean,naive,cyclic,p2c_capacity,720,0.2,720,720,720,1.0441829228546853,1.0642535367499406,1.0400450890509743,0.09286651238366168,0.36698343136173395,p2e,d018
13,combined_poor,white_rescaled_q,clean,naive,cyclic,p2c_capacity,720,0.2,720,720,720,1.3899959456567974,1.4508192522598877,1.377215707345583,0.18805750286266165,0.424478235115538,p2e,d018
14,combined_poor,white_rescaled_q,clean,naive,cyclic,p2c_capacity,720,0.2,720,720,720,0.4616193161081864,0.49359021610844267,0.42090102101392984,0.18956456291622933,0.23297618856869873,p2e,d018
15,combined_poor,white_rescaled_q,clean,naive,cyclic,p2c_capacity,720,0.2,720,720,720,1.0611652726548957,1.0944638464704066,1.055960677195458,0.10497039632986495,0.505183775809915,p2e,d018
16,combined_poor,white_rescaled_q,clean,naive,cyclic,p2c_capacity,720,0.2,720,720,720,0.6796714979034338,0.7232542231318198,0.6631692853881452,0.14886182848559365,0.46095599531824133,p2e,d018
17,combined_poor,white_rescaled_q,clean,naive,cyclic,p2c_capacity,720,0.2,720,720,720,2.2420214061490666,2.3104600990963773,2.2376184978618814,0.14044017821469496,0.2667247512970874,p2e,d018
18,combined_poor,white_rescaled_q,clean,naive,cyclic,p2c_capacity,720,0.2,720,720,720,1.411550570458427,1.443377109325752,1.4052097415828995,0.13364353752438493,0.47099535038939194,p2e,d018
19,combined_poor,white_rescaled_q,clean,naive,cyclic,p2c_capacity,720,0.2,720,720,720,1.7321140509022606,1.7939885938931222,1.7209547487585608,0.19630037712240167,0.28042926554753367,p2e,d018
0,combined_poor,white_rescaled_q,clean,naive,none,none,0,0.0,0,0,0,2.7102979162401097,4.1667579838521505,1.5826873189925745,2.2001853660715898,0.3934391426353249,p2e,d019
1,combined_poor,white_rescaled_q,clean,naive,none,none,0,0.0,0,0,0,3.552176920910836,4.924875191623178,1.9718813307186112,2.9545972475136066,0.7401961775447956,p2e,d019
2,combined_poor,white_rescaled_q,clean,naive,none,none,0,0.0,0,0,0,3.1656352969606365,4.300074551907232,1.1236913294353017,2.959487224083757,0.21797210163570638,p2e,d019
3,combined_poor,white_rescaled_q,clean,naive,none,none,0,0.0,0,0,0,3.2343790346458055,4.307705110440872,1.3055472536263446,2.959181323999096,0.2595850372131059,p2e,d019
4,combined_poor,white_rescaled_q,clean,naive,none,none,0,0.0,0,0,0,3.528766808592471,4.353428690609409,0.3274304979776247,3.5135430064847673,0.4900339794554602,p2e,d019
5,combined_poor,white_rescaled_q,clean,naive,none,none,0,0.0,0,0,0,2.795892884096673,3.4475523976530833,0.9651342579686424,2.6240298937774567,0.39237178598075667,p2e,d019
6,combined_poor,white_rescaled_q,clean,naive,none,none,0,0.0,0,0,0,3.582822521027678,5.675962232907934,2.3425049859170937,2.710956954312754,0.4589328195354378,p2e,d019
7,combined_poor,white_rescaled_q,clean,naive,none,none,0,0.0,0,0,0,3.144499377776206,4.569586254762458,1.465176780535973,2.782289226269115,0.3500271106127793,p2e,d019
8,combined_poor,white_rescaled_q,clean,naive,none,none,0,0.0,0,0,0,2.826092085802425,3.960040312645648,0.7271660897860902,2.730938658282223,0.16793262589522087,p2e,d019
9,combined_poor,white_rescaled_q,clean,naive,none,none,0,0.0,0,0,0,3.7597223661550183,5.144164234208268,1.4224640129804722,3.4802454514504837,0.38362553845374125,p2e,d019
10,combined_poor,white_rescaled_q,clean,naive,none,none,0,0.0,0,0,0,1.9806261417178797,2.675987889392136,0.21263541195846358,1.9691790408283119,0.4284129771848274,p2e,d019
11,combined_poor,white_rescaled_q,clean,naive,none,none,0,0.0,0,0,0,1.9860386030403914,2.2503793399950287,1.1222183872293188,1.6385894007136308,0.38761978928687507,p2e,d019
12,combined_poor,white_rescaled_q,clean,naive,none,none,0,0.0,0,0,0,2.41105831227835,3.7943618679436404,1.0370696410655063,2.176623243647551,0.3602335902478268,p2e,d019
13,combined_poor,white_rescaled_q,clean,naive,none,none,0,0.0,0,0,0,2.1586637388709273,2.7672578611786687,1.3738046465792906,1.6650795568240464,0.4339738465129676,p2e,d019
14,combined_poor,white_rescaled_q,clean,naive,none,none,0,0.0,0,0,0,3.305836253701388,4.451164929329437,0.4214417305479952,3.2788626387878983,0.2234177659295139,p2e,d019
15,combined_poor,white_rescaled_q,clean,naive,none,none,0,0.0,0,0,0,2.283728718276449,2.6308900653886,1.0559644217123931,2.0249335788509715,0.5099966007530811,p2e,d019
16,combined_poor,white_rescaled_q,clean,naive,none,none,0,0.0,0,0,0,2.523899722314784,3.512648235729931,0.6612536129546768,2.4357367402194825,0.4409016270730484,p2e,d019
17,combined_poor,white_rescaled_q,clean,naive,none,none,0,0.0,0,0,0,3.6191200424456644,5.052937232729805,2.2382797919638353,2.8439643905151555,0.2943042352388348,p2e,d019
18,combined_poor,white_rescaled_q,clean,naive,none,none,0,0.0,0,0,0,2.312755433608077,3.389613990112393,1.406253431893789,1.8361070178425403,0.4840549478077625,p2e,d019
19,combined_poor,white_rescaled_q,clean,naive,none,none,0,0.0,0,0,0,3.4579823650255217,4.0987101095107015,1.7221210135833616,2.9986565744349774,0.2850279929562366,p2e,d019
0,noise_half,frozen_q,clean,naive,all_pairs,full_10hz,3600,1.0,3600,3600,3600,1.0566506499979722,1.058483491609166,1.0559518551689517,0.03842233343234691,0.04109005416990056,p2e,d020
1,noise_half,frozen_q,clean,naive,all_pairs,full_10hz,3600,1.0,3600,3600,3600,0.811085329990336,0.8177159782238957,0.8101743917414734,0.038430033721893464,0.06510496341954516,p2e,d020
2,noise_half,frozen_q,clean,naive,all_pairs,full_10hz,3600,1.0,3600,3600,3600,1.2689626416302067,1.2782027084709058,1.268028169320094,0.04869032412957263,0.034733256596538316,p2e,d020
3,noise_half,frozen_q,clean,naive,all_pairs,full_10hz,3600,1.0,3600,3600,3600,1.4440277274596436,1.454697927041467,1.443589501124965,0.0355728817224144,0.04446229477214285,p2e,d020
4,noise_half,frozen_q,clean,naive,all_pairs,full_10hz,3600,1.0,3600,3600,3600,0.43240285241996973,0.45378156399910086,0.42925683925007224,0.05206527382011742,0.04212119563274262,p2e,d020
5,noise_half,frozen_q,clean,naive,all_pairs,full_10hz,3600,1.0,3600,3600,3600,1.2699991667056723,1.2835495226416873,1.269157717185687,0.0462230715240516,0.04651029367183552,p2e,d020
6,noise_half,frozen_q,clean,naive,all_pairs,full_10hz,3600,1.0,3600,3600,3600,2.3204312432429903,2.3263046346981775,2.3201579234212373,0.035614112425561215,0.05685704143381629,p2e,d020
7,noise_half,frozen_q,clean,naive,all_pairs,full_10hz,3600,1.0,3600,3600,3600,0.9213013091216102,0.9287939581725121,0.9207005256774926,0.03326626228450661,0.04208963283114736,p2e,d020
8,noise_half,frozen_q,clean,naive,all_pairs,full_10hz,3600,1.0,3600,3600,3600,0.6554272027130031,0.6601796055328157,0.6544097752110386,0.036505673044474246,0.024587826976236404,p2e,d020
9,noise_half,frozen_q,clean,naive,all_pairs,full_10hz,3600,1.0,3600,3600,3600,1.3517912718882228,1.361179664328249,1.3511481310700033,0.041693772427262334,0.04022360941847525,p2e,d020
10,noise_half,frozen_q,clean,naive,all_pairs,full_10hz,3600,1.0,3600,3600,3600,0.4651963992652461,0.47307385773918115,0.4636523852995085,0.03787024551579293,0.07656491540399002,p2e,d020
11,noise_half,frozen_q,clean,naive,all_pairs,full_10hz,3600,1.0,3600,3600,3600,0.5435775216716668,0.555050475460072,0.5422505156686354,0.037959192876173456,0.04707370574450963,p2e,d020
12,noise_half,frozen_q,clean,naive,all_pairs,full_10hz,3600,1.0,3600,3600,3600,1.000816167154596,1.0049494569348405,1.0004550519953892,0.026882882563429952,0.040089303909715046,p2e,d020
13,noise_half,frozen_q,clean,naive,all_pairs,full_10hz,3600,1.0,3600,3600,3600,1.3746468698439658,1.3868621496706641,1.3741647105265733,0.036405564344363324,0.055246732663888465,p2e,d020
14,noise_half,frozen_q,clean,naive,all_pairs,full_10hz,3600,1.0,3600,3600,3600,0.7973264933903941,0.813735954493285,0.7949294317078424,0.06177973508253967,0.036788996846861266,p2e,d020
15,noise_half,frozen_q,clean,naive,all_pairs,full_10hz,3600,1.0,3600,3600,3600,0.8099297671572505,0.8139177533915716,0.8092097959177857,0.03414284578200378,0.051464115689937244,p2e,d020
16,noise_half,frozen_q,clean,naive,all_pairs,full_10hz,3600,1.0,3600,3600,3600,1.0061767302043485,1.0133338087527886,1.0054155086091854,0.03913141260991299,0.059293777581010475,p2e,d020
17,noise_half,frozen_q,clean,naive,all_pairs,full_10hz,3600,1.0,3600,3600,3600,1.122384565074841,1.1355216001197563,1.1215122441594663,0.04424249222905041,0.020935533614998895,p2e,d020
18,noise_half,frozen_q,clean,naive,all_pairs,full_10hz,3600,1.0,3600,3600,3600,0.8300213638757888,0.8349124316059324,0.829277686427794,0.03512809820058482,0.04477002611935691,p2e,d020
19,noise_half,frozen_q,clean,naive,all_pairs,full_10hz,3600,1.0,3600,3600,3600,1.6213670385711045,1.6400792668995,1.6206471116553074,0.048311626428258016,0.029571545392110786,p2e,d020
0,noise_half,frozen_q,clean,naive,cyclic,p2c_capacity,180,0.05,180,180,180,1.0584904135199966,1.0773418146898244,1.0555683438302645,0.07859660945082521,0.04698120163393918,p2e,d021
1,noise_half,frozen_q,clean,naive,cyclic,p2c_capacity,180,0.05,180,180,180,0.8234073344629217,0.8651550824895305,0.8168675211410635,0.1035716725373682,0.07745619049639267,p2e,d021
2,noise_half,frozen_q,clean,naive,cyclic,p2c_capacity,180,0.05,180,180,180,1.2764144999560172,1.2933222458085512,1.2717645972017009,0.10885212447336433,0.03539700032341974,p2e,d021
3,noise_half,frozen_q,clean,naive,cyclic,p2c_capacity,180,0.05,180,180,180,1.4501589193774251,1.497309754586441,1.4466758398831714,0.10044852287725356,0.04155775178315075,p2e,d021
4,noise_half,frozen_q,clean,naive,cyclic,p2c_capacity,180,0.05,180,180,180,0.45259148413174943,0.5225343601314487,0.42749748403765997,0.14861006914085695,0.05383737828872985,p2e,d021
5,noise_half,frozen_q,clean,naive,cyclic,p2c_capacity,180,0.05,180,180,180,1.273893750710005,1.2820894231159738,1.269592750874782,0.10459223214086484,0.06006440115098861,p2e,d021
6,noise_half,frozen_q,clean,naive,cyclic,p2c_capacity,180,0.05,180,180,180,2.3202503885448946,2.3567900273133695,2.3176974031002415,0.10881458176701962,0.06676052496319346,p2e,d021
7,noise_half,frozen_q,clean,naive,cyclic,p2c_capacity,180,0.05,180,180,180,0.9289575605304641,0.9991751414631228,0.9217587497246892,0.11542511240058917,0.06486202693701747,p2e,d021
8,noise_half,frozen_q,clean,naive,cyclic,p2c_capacity,180,0.05,180,180,180,0.6566665751082057,0.6985950535087772,0.6494285048211016,0.09722966620414374,0.03890663501839303,p2e,d021
9,noise_half,frozen_q,clean,naive,cyclic,p2c_capacity,180,0.05,180,180,180,1.3524302886868116,1.385328983580549,1.349310481332385,0.09180909935327597,0.04568228796563848,p2e,d021
10,noise_half,frozen_q,clean,naive,cyclic,p2c_capacity,180,0.05,180,180,180,0.4722232514052712,0.48755797107467647,0.46431731652667013,0.0860478282191829,0.0620559628542535,p2e,d021
11,noise_half,frozen_q,clean,naive,cyclic,p2c_capacity,180,0.05,180,180,180,0.5562913774966165,0.5813908862170013,0.5483746646695243,0.09351643612579527,0.0534214394271461,p2e,d021
12,noise_half,frozen_q,clean,naive,cyclic,p2c_capacity,180,0.05,180,180,180,0.9976519318146723,1.0310452414889129,0.9935736618916515,0.09011523427679599,0.0527428229202108,p2e,d021
13,noise_half,frozen_q,clean,naive,cyclic,p2c_capacity,180,0.05,180,180,180,1.3698054860265496,1.413021404334562,1.366366178499435,0.0970079161784332,0.057365537357019915,p2e,d021
14,noise_half,frozen_q,clean,naive,cyclic,p2c_capacity,180,0.05,180,180,180,0.8056283788292206,0.8303358041208473,0.7956796703978212,0.12621785488041193,0.030116108642489633,p2e,d021
15,noise_half,frozen_q,clean,naive,cyclic,p2c_capacity,180,0.05,180,180,180,0.8204192249946721,0.8373814462654059,0.8133742737770668,0.10728464707723778,0.0628047963257921,p2e,d021
16,noise_half,frozen_q,clean,naive,cyclic,p2c_capacity,180,0.05,180,180,180,1.0102562541116562,1.037596191944531,1.005509916026179,0.0978136378259269,0.06255425321347394,p2e,d021
17,noise_half,frozen_q,clean,naive,cyclic,p2c_capacity,180,0.05,180,180,180,1.135271629798544,1.146155704280921,1.1290388768234485,0.11879767694146205,0.04697080643241862,p2e,d021
18,noise_half,frozen_q,clean,naive,cyclic,p2c_capacity,180,0.05,180,180,180,0.831914553112399,0.8606714092422039,0.8267450995362134,0.09259786214086739,0.03568105677591011,p2e,d021
19,noise_half,frozen_q,clean,naive,cyclic,p2c_capacity,180,0.05,180,180,180,1.6258212928724485,1.6505732483033821,1.6219193703704067,0.11257189869014335,0.03602002401245158,p2e,d021
0,noise_half,frozen_q,clean,naive,cyclic,p2c_capacity,360,0.1,360,360,360,1.0542710106398192,1.069199426054816,1.0509336152966822,0.08382064253482648,0.031500515710501546,p2e,d022
1,noise_half,frozen_q,clean,naive,cyclic,p2c_capacity,360,0.1,360,360,360,0.8222121592049068,0.8472483378508129,0.8182958686204,0.08015426465996692,0.0878947170685501,p2e,d022
2,noise_half,frozen_q,clean,naive,cyclic,p2c_capacity,360,0.1,360,360,360,1.2747489785746813,1.2889999249077115,1.272164908150192,0.08112585807501284,0.0405907488400562,p2e,d022
3,noise_half,frozen_q,clean,naive,cyclic,p2c_capacity,360,0.1,360,360,360,1.4478669110254254,1.4676780658911814,1.446547692622596,0.061792920391824865,0.02564501597180621,p2e,d022
4,noise_half,frozen_q,clean,naive,cyclic,p2c_capacity,360,0.1,360,360,360,0.44905499853193587,0.49180287748150237,0.4318263028102512,0.12319267797944054,0.06414864217419411,p2e,d022
5,noise_half,frozen_q,clean,naive,cyclic,p2c_capacity,360,0.1,360,360,360,1.2711931689458842,1.3033009058966725,1.2684690293634977,0.08317688573339031,0.04543328131424449,p2e,d022
6,noise_half,frozen_q,clean,naive,cyclic,p2c_capacity,360,0.1,360,360,360,2.319493815930967,2.3304375002161444,2.31767490314331,0.09184010824060002,0.057098392751797296,p2e,d022
7,noise_half,frozen_q,clean,naive,cyclic,p2c_capacity,360,0.1,360,360,360,0.9262643326913088,0.945615973457258,0.9238179415892442,0.06727573718575909,0.06511612581649061,p2e,d022
8,noise_half,frozen_q,clean,naive,cyclic,p2c_capacity,360,0.1,360,360,360,0.6570335915421177,0.6709930933005039,0.6534806177255237,0.06823652007394794,0.027339328840562793,p2e,d022
9,noise_half,frozen_q,clean,naive,cyclic,p2c_capacity,360,0.1,360,360,360,1.350121361292849,1.3685894913903234,1.348195896127997,0.07207992704549093,0.05646462132693746,p2e,d022
10,noise_half,frozen_q,clean,naive,cyclic,p2c_capacity,360,0.1,360,360,360,0.472542802225873,0.49818404040991315,0.46713662108733556,0.07127466011555304,0.05902780532735116,p2e,d022
11,noise_half,frozen_q,clean,naive,cyclic,p2c_capacity,360,0.1,360,360,360,0.5449767224467142,0.5576025515376785,0.5425613667488671,0.05125223234518051,0.037906461518079144,p2e,d022
12,noise_half,frozen_q,clean,naive,cyclic,p2c_capacity,360,0.1,360,360,360,1.0005552357862422,1.0082827239470178,0.9988579848325366,0.0582538067043395,0.0431008219436435,p2e,d022
13,noise_half,frozen_q,clean,naive,cyclic,p2c_capacity,360,0.1,360,360,360,1.369494561005302,1.3837911349476884,1.3675599031451877,0.07276856417869661,0.05212254664647445,p2e,d022
14,noise_half,frozen_q,clean,naive,cyclic,p2c_capacity,360,0.1,360,360,360,0.7998370354153934,0.8224518914174941,0.7946117865371473,0.09127645873021442,0.03855541787696334,p2e,d022
15,noise_half,frozen_q,clean,naive,cyclic,p2c_capacity,360,0.1,360,360,360,0.8120126399191495,0.847158186386393,0.8089161078079377,0.07084672128845047,0.05158037489637816,p2e,d022
16,noise_half,frozen_q,clean,naive,cyclic,p2c_capacity,360,0.1,360,360,360,1.0068557718866924,1.0300714027877085,1.0043867248486087,0.07046880394495429,0.06914775683760095,p2e,d022
17,noise_half,frozen_q,clean,naive,cyclic,p2c_capacity,360,0.1,360,360,360,1.1257584069693443,1.167557356815958,1.122254802830287,0.08874766693558506,0.03443612420075113,p2e,d022
18,noise_half,frozen_q,clean,naive,cyclic,p2c_capacity,360,0.1,360,360,360,0.8365060300931586,0.8693940085906813,0.8333847742365242,0.0721952661395052,0.059293294160232074,p2e,d022
19,noise_half,frozen_q,clean,naive,cyclic,p2c_capacity,360,0.1,360,360,360,1.6249829084697,1.636228019322412,1.62299813351232,0.08029017022133837,0.04013808612804677,p2e,d022
0,noise_half,frozen_q,clean,naive,cyclic,p2c_capacity,720,0.2,720,720,720,1.0607986247850132,1.078718631460115,1.05810383698666,0.07556449232200921,0.051388251417312514,p2e,d023
1,noise_half,frozen_q,clean,naive,cyclic,p2c_capacity,720,0.2,720,720,720,0.813908096712631,0.8205361025992132,0.8119895821678647,0.05585076852858948,0.08250345152491746,p2e,d023
2,noise_half,frozen_q,clean,naive,cyclic,p2c_capacity,720,0.2,720,720,720,1.2686326426098828,1.2766973626003357,1.2663835374133954,0.07550839730567088,0.032320705004451826,p2e,d023
3,noise_half,frozen_q,clean,naive,cyclic,p2c_capacity,720,0.2,720,720,720,1.4513191335176399,1.471332392195394,1.4494864544389339,0.07291258953323228,0.04785775278059424,p2e,d023
4,noise_half,frozen_q,clean,naive,cyclic,p2c_capacity,720,0.2,720,720,720,0.43827699775800394,0.4430553649419214,0.4305043046643877,0.08217524219131549,0.05553137936259359,p2e,d023
5,noise_half,frozen_q,clean,naive,cyclic,p2c_capacity,720,0.2,720,720,720,1.2686686069407802,1.2817712983636107,1.2675355698894724,0.05360609388893867,0.04216673093204926,p2e,d023
6,noise_half,frozen_q,clean,naive,cyclic,p2c_capacity,720,0.2,720,720,720,2.316303852186464,2.3254538210800595,2.315521591365086,0.060193816758471706,0.055469212534388565,p2e,d023
7,noise_half,frozen_q,clean,naive,cyclic,p2c_capacity,720,0.2,720,720,720,0.9236706156343456,0.9447493921122645,0.9213485190972469,0.06545466021331732,0.06053122651899934,p2e,d023
8,noise_half,frozen_q,clean,naive,cyclic,p2c_capacity,720,0.2,720,720,720,0.6555238306215128,0.6709107613980606,0.6530221998647614,0.05721449987974571,0.02670172754105324,p2e,d023
9,noise_half,frozen_q,clean,naive,cyclic,p2c_capacity,720,0.2,720,720,720,1.3533222597246712,1.3627511452835164,1.3518248323208188,0.0636455920475353,0.03728189753865362,p2e,d023
10,noise_half,frozen_q,clean,naive,cyclic,p2c_capacity,720,0.2,720,720,720,0.47291661089360076,0.4898042571881531,0.4704334842956465,0.04839894329990111,0.05632684622452778,p2e,d023
11,noise_half,frozen_q,clean,naive,cyclic,p2c_capacity,720,0.2,720,720,720,0.5459821789101786,0.5603118154737328,0.5442633315291244,0.0432893247848088,0.043898284544173945,p2e,d023
12,noise_half,frozen_q,clean,naive,cyclic,p2c_capacity,720,0.2,720,720,720,0.99978686499054,1.0116133697999523,0.9985216419513223,0.05028226290102464,0.05037870231981163,p2e,d023
13,noise_half,frozen_q,clean,naive,cyclic,p2c_capacity,720,0.2,720,720,720,1.3771922487684012,1.3897144833458903,1.3753958462047955,0.07031896124346984,0.04748941467390506,p2e,d023
14,noise_half,frozen_q,clean,naive,cyclic,p2c_capacity,720,0.2,720,720,720,0.8026964698661215,0.8129790317231707,0.7974592857574125,0.09154403473089327,0.044197502609987324,p2e,d023
15,noise_half,frozen_q,clean,naive,cyclic,p2c_capacity,720,0.2,720,720,720,0.8086563401080259,0.8171129634922001,0.8063966581300781,0.060411142627409715,0.04592324080804783,p2e,d023
16,noise_half,frozen_q,clean,naive,cyclic,p2c_capacity,720,0.2,720,720,720,1.004237263146896,1.0091900048070295,1.0032039543632325,0.045544556675212455,0.04784314932589737,p2e,d023
17,noise_half,frozen_q,clean,naive,cyclic,p2c_capacity,720,0.2,720,720,720,1.1264196606124572,1.137845784514779,1.124737921240917,0.06152934533167023,0.02847736486741621,p2e,d023
18,noise_half,frozen_q,clean,naive,cyclic,p2c_capacity,720,0.2,720,720,720,0.8317445111602455,0.8400733643777023,0.8302685882093684,0.049527803080877814,0.04710533935975727,p2e,d023
19,noise_half,frozen_q,clean,naive,cyclic,p2c_capacity,720,0.2,720,720,720,1.6189038950477317,1.6261864754852875,1.6163808830206263,0.09034745378911517,0.024578708392235988,p2e,d023
0,noise_half,frozen_q,clean,naive,none,none,0,0.0,0,0,0,1.998047877933173,3.5376809624908963,1.0498414092578627,1.7000083346621335,0.03937837929685174,p2e,d024
1,noise_half,frozen_q,clean,naive,none,none,0,0.0,0,0,0,2.6567233621075115,3.796591185940769,0.8181475530190636,2.5276102556083995,0.07547130189328922,p2e,d024
2,noise_half,frozen_q,clean,naive,none,none,0,0.0,0,0,0,2.982828015508694,4.203532800286998,1.2675729178748163,2.7000966404878652,0.02328374957391912,p2e,d024
3,noise_half,frozen_q,clean,naive,none,none,0,0.0,0,0,0,2.2552285211000043,2.7354162482917794,1.4468120895873147,1.7299683406949682,0.025758177839602745,p2e,d024
4,noise_half,frozen_q,clean,naive,none,none,0,0.0,0,0,0,3.2801500642894843,3.771739684438948,0.43061992573947827,3.25176120338109,0.04957380008257655,p2e,d024
5,noise_half,frozen_q,clean,naive,none,none,0,0.0,0,0,0,2.464194546413775,3.403426418794191,1.2690283186034208,2.112302508912482,0.04193099078400238,p2e,d024
6,noise_half,frozen_q,clean,naive,none,none,0,0.0,0,0,0,2.9692433756133108,4.248078514359461,2.3223157185939343,1.8502042932592786,0.048236818978850425,p2e,d024
7,noise_half,frozen_q,clean,naive,none,none,0,0.0,0,0,0,1.7398803016867697,2.564166587090946,0.9243007423937184,1.4740595652171133,0.03595226685845148,p2e,d024
8,noise_half,frozen_q,clean,naive,none,none,0,0.0,0,0,0,2.1677573129527663,2.8182196718410846,0.6558540987650285,2.0661624256077524,0.017621329441743497,p2e,d024
9,noise_half,frozen_q,clean,naive,none,none,0,0.0,0,0,0,2.957623509014256,4.269219133333407,1.3526555290052718,2.6301824729332504,0.037672522015041864,p2e,d024
10,noise_half,frozen_q,clean,naive,none,none,0,0.0,0,0,0,1.6096130013537226,2.391458393411815,0.4656269333551016,1.5407938126372596,0.048333219460752544,p2e,d024
11,noise_half,frozen_q,clean,naive,none,none,0,0.0,0,0,0,1.158580223609907,1.5392913367286416,0.5457977021294963,1.0219652650115578,0.03896613172008502,p2e,d024
12,noise_half,frozen_q,clean,naive,none,none,0,0.0,0,0,0,1.9005563624473916,2.49202968345407,0.9976721793901161,1.6176417122806386,0.037885800719323875,p2e,d024
13,noise_half,frozen_q,clean,naive,none,none,0,0.0,0,0,0,2.1939599217309116,2.9300835999087256,1.3689958441876509,1.7144417507627518,0.04417666171237306,p2e,d024
14,noise_half,frozen_q,clean,naive,none,none,0,0.0,0,0,0,2.087605985655562,3.3326494048924586,0.7938798741851262,1.930765002973883,0.02204337676144802,p2e,d024
15,noise_half,frozen_q,clean,naive,none,none,0,0.0,0,0,0,1.3713648704618187,2.186560388639113,0.806972987712943,1.10879944310881,0.05243312587898524,p2e,d024
16,noise_half,frozen_q,clean,naive,none,none,0,0.0,0,0,0,1.8807686818212621,2.8730409469207507,1.0032548061966782,1.590839598565158,0.04502738056393278,p2e,d024
17,noise_half,frozen_q,clean,naive,none,none,0,0.0,0,0,0,3.048890633443835,3.765320647780494,1.124202898800802,2.8340610326930893,0.02836873639566448,p2e,d024
18,noise_half,frozen_q,clean,naive,none,none,0,0.0,0,0,0,1.9479478209604122,2.539449784030724,0.8290308586011518,1.7627275877660324,0.04950862125408234,p2e,d024
19,noise_half,frozen_q,clean,naive,none,none,0,0.0,0,0,0,3.2545609498359127,4.683447975943748,1.621775882614612,2.8217033796567694,0.029276278983614897,p2e,d024
0,noise_half,white_rescaled_q,clean,naive,all_pairs,full_10hz,3600,1.0,3600,3600,3600,1.0620528144111814,1.0655967309975036,1.0615254581153388,0.03346464360682237,0.05191256291509353,p2e,d025
1,noise_half,white_rescaled_q,clean,naive,all_pairs,full_10hz,3600,1.0,3600,3600,3600,0.8025063137165375,0.808022579218555,0.8017444186124411,0.03496098938394836,0.08789496385545081,p2e,d025
2,noise_half,white_rescaled_q,clean,naive,all_pairs,full_10hz,3600,1.0,3600,3600,3600,1.269181601283984,1.2798691052536282,1.268325740424843,0.046602073060661296,0.05370486169718454,p2e,d025
3,noise_half,white_rescaled_q,clean,naive,all_pairs,full_10hz,3600,1.0,3600,3600,3600,1.4402081389364028,1.4524229320053197,1.4398560709716304,0.031843026627448257,0.06902435527658154,p2e,d025
4,noise_half,white_rescaled_q,clean,naive,all_pairs,full_10hz,3600,1.0,3600,3600,3600,0.4299767517024791,0.44768117517216716,0.427119535510425,0.04948645663183247,0.04659420709105909,p2e,d025
5,noise_half,white_rescaled_q,clean,naive,all_pairs,full_10hz,3600,1.0,3600,3600,3600,1.2697339639254706,1.2832502522414082,1.2690004656888112,0.04315271981542427,0.07076423675191569,p2e,d025
6,noise_half,white_rescaled_q,clean,naive,all_pairs,full_10hz,3600,1.0,3600,3600,3600,2.3156457061879347,2.3223476100542806,2.3153759016833226,0.03534784987464754,0.08153414183522244,p2e,d025
7,noise_half,white_rescaled_q,clean,naive,all_pairs,full_10hz,3600,1.0,3600,3600,3600,0.9151960131872903,0.9192559950650062,0.9147341046826275,0.029073360390277022,0.07233767349992691,p2e,d025
8,noise_half,white_rescaled_q,clean,naive,all_pairs,full_10hz,3600,1.0,3600,3600,3600,0.654051459023456,0.6613206379295454,0.653209049388473,0.03318506965065658,0.04672272006285789,p2e,d025
9,noise_half,white_rescaled_q,clean,naive,all_pairs,full_10hz,3600,1.0,3600,3600,3600,1.3492988995940403,1.3613270425672968,1.3486282186045186,0.04253761193685918,0.06462552172141571,p2e,d025
10,noise_half,white_rescaled_q,clean,naive,all_pairs,full_10hz,3600,1.0,3600,3600,3600,0.4644041633581121,0.47268324186895005,0.4631544123253526,0.03404728018367066,0.10785086348429894,p2e,d025
11,noise_half,white_rescaled_q,clean,naive,all_pairs,full_10hz,3600,1.0,3600,3600,3600,0.539437925529436,0.5514588374556715,0.5381052065941152,0.03789541048472762,0.06391041946636211,p2e,d025
12,noise_half,white_rescaled_q,clean,naive,all_pairs,full_10hz,3600,1.0,3600,3600,3600,1.0018863399035889,1.0040922734525926,1.0016019447386495,0.02387011481257542,0.06269381617295965,p2e,d025
13,noise_half,white_rescaled_q,clean,naive,all_pairs,full_10hz,3600,1.0,3600,3600,3600,1.3781354713114564,1.3906121827131552,1.3776982212418647,0.034712943894928586,0.07813044445246904,p2e,d025
14,noise_half,white_rescaled_q,clean,naive,all_pairs,full_10hz,3600,1.0,3600,3600,3600,0.7995214112831404,0.8177277746725669,0.7972557374986143,0.06014795196617356,0.05124306742428135,p2e,d025
15,noise_half,white_rescaled_q,clean,naive,all_pairs,full_10hz,3600,1.0,3600,3600,3600,0.8132288491953471,0.8170144774559103,0.8127663237081231,0.027423789117684467,0.057693095548976045,p2e,d025
16,noise_half,white_rescaled_q,clean,naive,all_pairs,full_10hz,3600,1.0,3600,3600,3600,1.008184420302774,1.013790672120581,1.0075160595004715,0.03670443011249275,0.09162389021757796,p2e,d025
17,noise_half,white_rescaled_q,clean,naive,all_pairs,full_10hz,3600,1.0,3600,3600,3600,1.1220492261930368,1.1352575591459748,1.1212381134256044,0.04265628912814548,0.043207145280194086,p2e,d025
18,noise_half,white_rescaled_q,clean,naive,all_pairs,full_10hz,3600,1.0,3600,3600,3600,0.8300105658345196,0.8379352297450994,0.8293832714818867,0.032263421748821665,0.054277109966879324,p2e,d025
19,noise_half,white_rescaled_q,clean,naive,all_pairs,full_10hz,3600,1.0,3600,3600,3600,1.621825444667723,1.6406583759703466,1.6210658178740915,0.04963252050681645,0.036924226543519255,p2e,d025
0,noise_half,white_rescaled_q,clean,naive,cyclic,p2c_capacity,180,0.05,180,180,180,1.0603457668650773,1.0850039099921354,1.057798384381152,0.0734555873253608,0.04826815583815929,p2e,d026
1,noise_half,white_rescaled_q,clean,naive,cyclic,p2c_capacity,180,0.05,180,180,180,0.8240012691882753,0.8561528253382952,0.8178096429408375,0.10082400278142342,0.08498013558190608,p2e,d026
2,noise_half,white_rescaled_q,clean,naive,cyclic,p2c_capacity,180,0.05,180,180,180,1.2756859396522051,1.285635251454628,1.2717082220795086,0.10066188216849475,0.03910123181811258,p2e,d026
3,noise_half,white_rescaled_q,clean,naive,cyclic,p2c_capacity,180,0.05,180,180,180,1.448505610547175,1.4971694706677354,1.4452642530503916,0.0968490714531507,0.05147650606562603,p2e,d026
4,noise_half,white_rescaled_q,clean,naive,cyclic,p2c_capacity,180,0.05,180,180,180,0.4501382505978646,0.5153636152635467,0.4265664293311304,0.14375509041072482,0.0638258722618701,p2e,d026
5,noise_half,white_rescaled_q,clean,naive,cyclic,p2c_capacity,180,0.05,180,180,180,1.273285158463593,1.286949327523931,1.26901711176413,0.10416652443794992,0.07422170278020071,p2e,d026
6,noise_half,white_rescaled_q,clean,naive,cyclic,p2c_capacity,180,0.05,180,180,180,2.317082842645573,2.3571382877322136,2.314614187627019,0.10693017403054413,0.08025773132547175,p2e,d026
7,noise_half,white_rescaled_q,clean,naive,cyclic,p2c_capacity,180,0.05,180,180,180,0.9227321982362203,0.9985941477113005,0.9157120195576752,0.1136054879812221,0.09504277571268491,p2e,d026
8,noise_half,white_rescaled_q,clean,naive,cyclic,p2c_capacity,180,0.05,180,180,180,0.6530381610017226,0.6980413220547159,0.6469464119856229,0.08898977325199064,0.05759420494264866,p2e,d026
9,noise_half,white_rescaled_q,clean,naive,cyclic,p2c_capacity,180,0.05,180,180,180,1.3514202128858148,1.3880942888453278,1.3486350369267424,0.0867186771690236,0.060055764913240245,p2e,d026
10,noise_half,white_rescaled_q,clean,naive,cyclic,p2c_capacity,180,0.05,180,180,180,0.46911690836644754,0.48482104325195474,0.46235462483255696,0.07936544973248442,0.07052163830145475,p2e,d026
11,noise_half,white_rescaled_q,clean,naive,cyclic,p2c_capacity,180,0.05,180,180,180,0.5559572434738218,0.5794282406797266,0.5481924120687012,0.09259339026793274,0.06677993912275187,p2e,d026
12,noise_half,white_rescaled_q,clean,naive,cyclic,p2c_capacity,180,0.05,180,180,180,0.9963060714228663,1.012965672915628,0.9927410216761454,0.08420838340372482,0.05836825369897346,p2e,d026
13,noise_half,white_rescaled_q,clean,naive,cyclic,p2c_capacity,180,0.05,180,180,180,1.367766292942192,1.4246854857272724,1.3644132765261365,0.09571333735712446,0.06725961110069106,p2e,d026
14,noise_half,white_rescaled_q,clean,naive,cyclic,p2c_capacity,180,0.05,180,180,180,0.8057569376266114,0.8349708918972688,0.7964205774391945,0.12230497277230754,0.03335024622529836,p2e,d026
15,noise_half,white_rescaled_q,clean,naive,cyclic,p2c_capacity,180,0.05,180,180,180,0.8209127234340352,0.8313326480981865,0.8153254762362186,0.09561415844982422,0.06561122371902102,p2e,d026
16,noise_half,white_rescaled_q,clean,naive,cyclic,p2c_capacity,180,0.05,180,180,180,1.0099815429652585,1.0406374359250798,1.0056304992418224,0.09364836424160089,0.07525995593632813,p2e,d026
17,noise_half,white_rescaled_q,clean,naive,cyclic,p2c_capacity,180,0.05,180,180,180,1.140310460055574,1.1573981768358823,1.1349748088936695,0.11018225124280992,0.0666192763041353,p2e,d026
18,noise_half,white_rescaled_q,clean,naive,cyclic,p2c_capacity,180,0.05,180,180,180,0.829246174397596,0.841834022862351,0.8250706792862388,0.08311192414565229,0.04663849396799648,p2e,d026
19,noise_half,white_rescaled_q,clean,naive,cyclic,p2c_capacity,180,0.05,180,180,180,1.6275967739738817,1.6470375692310903,1.6242377652304707,0.10451287312725456,0.04578827668636285,p2e,d026
0,noise_half,white_rescaled_q,clean,naive,cyclic,p2c_capacity,360,0.1,360,360,360,1.0533202088509184,1.0754842280652896,1.0504115196894557,0.0782246871353934,0.036803897857601374,p2e,d027
1,noise_half,white_rescaled_q,clean,naive,cyclic,p2c_capacity,360,0.1,360,360,360,0.8224465996619947,0.8487686843565387,0.8187428856598226,0.07796471302457517,0.10478652569679946,p2e,d027
2,noise_half,white_rescaled_q,clean,naive,cyclic,p2c_capacity,360,0.1,360,360,360,1.2775472796073752,1.2986094043908822,1.2750215849022195,0.08029327285418567,0.05617395304008536,p2e,d027
3,noise_half,white_rescaled_q,clean,naive,cyclic,p2c_capacity,360,0.1,360,360,360,1.4457274660247565,1.467648228462673,1.4446603315432056,0.05553766725240198,0.041055566129542344,p2e,d027
4,noise_half,white_rescaled_q,clean,naive,cyclic,p2c_capacity,360,0.1,360,360,360,0.4472484913475964,0.4845959553685944,0.4309689711785217,0.11956989125205213,0.07703455096371521,p2e,d027
5,noise_half,white_rescaled_q,clean,naive,cyclic,p2c_capacity,360,0.1,360,360,360,1.270205361482749,1.3051376858988641,1.2676518800493513,0.08050075370371486,0.05289458183759672,p2e,d027
6,noise_half,white_rescaled_q,clean,naive,cyclic,p2c_capacity,360,0.1,360,360,360,2.314416587498477,2.32445536459671,2.3126784903238504,0.08967909946855558,0.0749078132185478,p2e,d027
7,noise_half,white_rescaled_q,clean,naive,cyclic,p2c_capacity,360,0.1,360,360,360,0.9232669423108616,0.938791574596368,0.9211653788359716,0.062259068399942406,0.08980372605178827,p2e,d027
8,noise_half,white_rescaled_q,clean,naive,cyclic,p2c_capacity,360,0.1,360,360,360,0.6554310264606281,0.6602033790516767,0.652476683917849,0.06216114052042478,0.04446593753734186,p2e,d027
9,noise_half,white_rescaled_q,clean,naive,cyclic,p2c_capacity,360,0.1,360,360,360,1.3466152953701016,1.3584092470960654,1.3450302866370742,0.06531678003159273,0.07863036592192385,p2e,d027
10,noise_half,white_rescaled_q,clean,naive,cyclic,p2c_capacity,360,0.1,360,360,360,0.4733545447789384,0.5016726887522338,0.46862727931813586,0.06673078855938873,0.07130740716223039,p2e,d027
11,noise_half,white_rescaled_q,clean,naive,cyclic,p2c_capacity,360,0.1,360,360,360,0.5413537758903156,0.5578896986840431,0.5392674808923537,0.04748151980209883,0.047618413695993456,p2e,d027
12,noise_half,white_rescaled_q,clean,naive,cyclic,p2c_capacity,360,0.1,360,360,360,1.0012078965137001,1.012196257901634,0.9997737269638515,0.05357001879967817,0.0574090289985416,p2e,d027
13,noise_half,white_rescaled_q,clean,naive,cyclic,p2c_capacity,360,0.1,360,360,360,1.3682840191569796,1.381628071032398,1.3666491804773258,0.06686684216434698,0.06228373287421072,p2e,d027
14,noise_half,white_rescaled_q,clean,naive,cyclic,p2c_capacity,360,0.1,360,360,360,0.8002804492815508,0.8243897142297281,0.795192159107218,0.09010120752066363,0.04422829129425647,p2e,d027
15,noise_half,white_rescaled_q,clean,naive,cyclic,p2c_capacity,360,0.1,360,360,360,0.8120662935681919,0.842432332997354,0.809716610993255,0.06173066524166674,0.049985504297179933,p2e,d027
16,noise_half,white_rescaled_q,clean,naive,cyclic,p2c_capacity,360,0.1,360,360,360,1.0081450354201733,1.0294104289641413,1.0058517297318637,0.06796109355918634,0.08697898804150893,p2e,d027
17,noise_half,white_rescaled_q,clean,naive,cyclic,p2c_capacity,360,0.1,360,360,360,1.1295603204847278,1.163384469696654,1.1264386978919754,0.08391887454555057,0.041938342977739,p2e,d027
18,noise_half,white_rescaled_q,clean,naive,cyclic,p2c_capacity,360,0.1,360,360,360,0.8382232829290593,0.8745172657450611,0.8354612110221769,0.06799144741603472,0.07042597749775573,p2e,d027
19,noise_half,white_rescaled_q,clean,naive,cyclic,p2c_capacity,360,0.1,360,360,360,1.6264630006187293,1.6344618568526865,1.624445261574221,0.08099064471123425,0.048552523123994586,p2e,d027
0,noise_half,white_rescaled_q,clean,naive,cyclic,p2c_capacity,720,0.2,720,720,720,1.0651210714099704,1.084597552241724,1.0626916498742234,0.07189822006923645,0.0661030967687758,p2e,d028
1,noise_half,white_rescaled_q,clean,naive,cyclic,p2c_capacity,720,0.2,720,720,720,0.8082581571293014,0.8170781491036064,0.8064784053944907,0.0536081169079279,0.11310619784459618,p2e,d028
2,noise_half,white_rescaled_q,clean,naive,cyclic,p2c_capacity,720,0.2,720,720,720,1.268184086909248,1.2792289625184796,1.2658532095921033,0.0768539527624549,0.03687727473659351,p2e,d028
3,noise_half,white_rescaled_q,clean,naive,cyclic,p2c_capacity,720,0.2,720,720,720,1.451904249585149,1.4727749359273776,1.4504017622277314,0.06603543056651821,0.06548931523048768,p2e,d028
4,noise_half,white_rescaled_q,clean,naive,cyclic,p2c_capacity,720,0.2,720,720,720,0.4344602442006906,0.4417689264151288,0.42712407599391133,0.07950300307077188,0.06813502447136671,p2e,d028
5,noise_half,white_rescaled_q,clean,naive,cyclic,p2c_capacity,720,0.2,720,720,720,1.2668958170204263,1.2755135361727186,1.2658533037650899,0.05138506135892472,0.05502425764302829,p2e,d028
6,noise_half,white_rescaled_q,clean,naive,cyclic,p2c_capacity,720,0.2,720,720,720,2.3088657891643156,2.3228039720529363,2.3080158215280786,0.06264343500659204,0.07913578221914604,p2e,d028
7,noise_half,white_rescaled_q,clean,naive,cyclic,p2c_capacity,720,0.2,720,720,720,0.9187905395117928,0.9484005547099172,0.9167057582716632,0.06185958493189376,0.08863115924917106,p2e,d028
8,noise_half,white_rescaled_q,clean,naive,cyclic,p2c_capacity,720,0.2,720,720,720,0.6532605013984396,0.6741818944200957,0.6510712233021053,0.053437298539885006,0.05133555938568956,p2e,d028
9,noise_half,white_rescaled_q,clean,naive,cyclic,p2c_capacity,720,0.2,720,720,720,1.3536654446251513,1.3671321509146086,1.3523054840198072,0.06066311780780722,0.06073846489225581,p2e,d028
10,noise_half,white_rescaled_q,clean,naive,cyclic,p2c_capacity,720,0.2,720,720,720,0.4755069318081592,0.49384691576285517,0.47345031831702483,0.04417735034061108,0.07739946769550285,p2e,d028
11,noise_half,white_rescaled_q,clean,naive,cyclic,p2c_capacity,720,0.2,720,720,720,0.5446038399999157,0.5630249133202121,0.5430440408718089,0.0411887389497526,0.05342332118772131,p2e,d028
12,noise_half,white_rescaled_q,clean,naive,cyclic,p2c_capacity,720,0.2,720,720,720,0.9994528145168009,1.0118510268597205,0.998337407463487,0.04720539486794257,0.06729615714823688,p2e,d028
13,noise_half,white_rescaled_q,clean,naive,cyclic,p2c_capacity,720,0.2,720,720,720,1.3797373215448154,1.3909108723315395,1.3781646576139444,0.06585782388980814,0.054970648172823475,p2e,d028
14,noise_half,white_rescaled_q,clean,naive,cyclic,p2c_capacity,720,0.2,720,720,720,0.8053082344891135,0.8186574930532601,0.8001736429861409,0.09079368703968922,0.05663145128521421,p2e,d028
15,noise_half,white_rescaled_q,clean,naive,cyclic,p2c_capacity,720,0.2,720,720,720,0.807791386701237,0.8160990050146176,0.8058552143750493,0.055895419251051105,0.05092170070107421,p2e,d028
16,noise_half,white_rescaled_q,clean,naive,cyclic,p2c_capacity,720,0.2,720,720,720,1.0075769135561492,1.0130413258373774,1.00682134872039,0.039012927244571866,0.06979016342553519,p2e,d028
17,noise_half,white_rescaled_q,clean,naive,cyclic,p2c_capacity,720,0.2,720,720,720,1.1291384511343303,1.1409058217911003,1.1273972895363027,0.06268168294033576,0.044547223410454,p2e,d028
18,noise_half,white_rescaled_q,clean,naive,cyclic,p2c_capacity,720,0.2,720,720,720,0.8316243369592565,0.8453019536535639,0.8302741915853533,0.04736881474357186,0.04555760761131481,p2e,d028
19,noise_half,white_rescaled_q,clean,naive,cyclic,p2c_capacity,720,0.2,720,720,720,1.6165390007522105,1.6256857923666417,1.6141046572957867,0.08868199506667794,0.03491046811096337,p2e,d028
0,noise_half,white_rescaled_q,clean,naive,none,none,0,0.0,0,0,0,1.998047877933173,3.5376809624908963,1.0498414092578627,1.7000083346621335,0.03937837929685174,p2e,d029
1,noise_half,white_rescaled_q,clean,naive,none,none,0,0.0,0,0,0,2.6567233621075115,3.796591185940769,0.8181475530190636,2.5276102556083995,0.07547130189328922,p2e,d029
2,noise_half,white_rescaled_q,clean,naive,none,none,0,0.0,0,0,0,2.982828015508694,4.203532800286998,1.2675729178748163,2.7000966404878652,0.02328374957391912,p2e,d029
3,noise_half,white_rescaled_q,clean,naive,none,none,0,0.0,0,0,0,2.2552285211000043,2.7354162482917794,1.4468120895873147,1.7299683406949682,0.025758177839602745,p2e,d029
4,noise_half,white_rescaled_q,clean,naive,none,none,0,0.0,0,0,0,3.2801500642894843,3.771739684438948,0.43061992573947827,3.25176120338109,0.04957380008257655,p2e,d029
5,noise_half,white_rescaled_q,clean,naive,none,none,0,0.0,0,0,0,2.464194546413775,3.403426418794191,1.2690283186034208,2.112302508912482,0.04193099078400238,p2e,d029
6,noise_half,white_rescaled_q,clean,naive,none,none,0,0.0,0,0,0,2.9692433756133108,4.248078514359461,2.3223157185939343,1.8502042932592786,0.048236818978850425,p2e,d029
7,noise_half,white_rescaled_q,clean,naive,none,none,0,0.0,0,0,0,1.7398803016867697,2.564166587090946,0.9243007423937184,1.4740595652171133,0.03595226685845148,p2e,d029
8,noise_half,white_rescaled_q,clean,naive,none,none,0,0.0,0,0,0,2.1677573129527663,2.8182196718410846,0.6558540987650285,2.0661624256077524,0.017621329441743497,p2e,d029
9,noise_half,white_rescaled_q,clean,naive,none,none,0,0.0,0,0,0,2.957623509014256,4.269219133333407,1.3526555290052718,2.6301824729332504,0.037672522015041864,p2e,d029
10,noise_half,white_rescaled_q,clean,naive,none,none,0,0.0,0,0,0,1.6096130013537226,2.391458393411815,0.4656269333551016,1.5407938126372596,0.048333219460752544,p2e,d029
11,noise_half,white_rescaled_q,clean,naive,none,none,0,0.0,0,0,0,1.158580223609907,1.5392913367286416,0.5457977021294963,1.0219652650115578,0.03896613172008502,p2e,d029
12,noise_half,white_rescaled_q,clean,naive,none,none,0,0.0,0,0,0,1.9005563624473916,2.49202968345407,0.9976721793901161,1.6176417122806386,0.037885800719323875,p2e,d029
13,noise_half,white_rescaled_q,clean,naive,none,none,0,0.0,0,0,0,2.1939599217309116,2.9300835999087256,1.3689958441876509,1.7144417507627518,0.04417666171237306,p2e,d029
14,noise_half,white_rescaled_q,clean,naive,none,none,0,0.0,0,0,0,2.087605985655562,3.3326494048924586,0.7938798741851262,1.930765002973883,0.02204337676144802,p2e,d029
15,noise_half,white_rescaled_q,clean,naive,none,none,0,0.0,0,0,0,1.3713648704618187,2.186560388639113,0.806972987712943,1.10879944310881,0.05243312587898524,p2e,d029
16,noise_half,white_rescaled_q,clean,naive,none,none,0,0.0,0,0,0,1.8807686818212621,2.8730409469207507,1.0032548061966782,1.590839598565158,0.04502738056393278,p2e,d029
17,noise_half,white_rescaled_q,clean,naive,none,none,0,0.0,0,0,0,3.048890633443835,3.765320647780494,1.124202898800802,2.8340610326930893,0.02836873639566448,p2e,d029
18,noise_half,white_rescaled_q,clean,naive,none,none,0,0.0,0,0,0,1.9479478209604122,2.539449784030724,0.8290308586011518,1.7627275877660324,0.04950862125408234,p2e,d029
19,noise_half,white_rescaled_q,clean,naive,none,none,0,0.0,0,0,0,3.2545609498359127,4.683447975943748,1.621775882614612,2.8217033796567694,0.029276278983614897,p2e,d029
0,noise_x4,frozen_q,clean,naive,all_pairs,full_10hz,3600,1.0,3600,3600,3600,1.5863091011005739,1.6166222743125855,1.5841473909280266,0.08278652094657143,0.15295252399394407,p2e,d030
1,noise_x4,frozen_q,clean,naive,all_pairs,full_10hz,3600,1.0,3600,3600,3600,1.5758294873249183,1.6533795942604446,1.572302354011602,0.10537495286968929,0.17644849167477036,p2e,d030
2,noise_x4,frozen_q,clean,naive,all_pairs,full_10hz,3600,1.0,3600,3600,3600,0.9673797833841864,1.0168241039112718,0.9585761421167309,0.13021299883283696,0.1608282690650333,p2e,d030
3,noise_x4,frozen_q,clean,naive,all_pairs,full_10hz,3600,1.0,3600,3600,3600,1.400118507252354,1.45570603706862,1.3973527530657612,0.08796088818388755,0.11922373627069219,p2e,d030
4,noise_x4,frozen_q,clean,naive,all_pairs,full_10hz,3600,1.0,3600,3600,3600,0.5410257634076798,0.6106697958467948,0.5298613839506555,0.10934253732540973,0.15224771331228484,p2e,d030
5,noise_x4,frozen_q,clean,naive,all_pairs,full_10hz,3600,1.0,3600,3600,3600,0.8265768153000568,0.907167103928403,0.8142130479816155,0.14243013756951725,0.2300032302684704,p2e,d030
6,noise_x4,frozen_q,clean,naive,all_pairs,full_10hz,3600,1.0,3600,3600,3600,2.4857108688221996,2.5162072816591152,2.4824400382292047,0.12747540930469506,0.15523134688963547,p2e,d030
7,noise_x4,frozen_q,clean,naive,all_pairs,full_10hz,3600,1.0,3600,3600,3600,1.0505041595289097,1.1057392178707282,1.0459073723925791,0.09816698814974498,0.2152471246534994,p2e,d030
8,noise_x4,frozen_q,clean,naive,all_pairs,full_10hz,3600,1.0,3600,3600,3600,0.898966669967219,0.9398751408754517,0.8935916286032172,0.0981584178876204,0.11606345611846164,p2e,d030
9,noise_x4,frozen_q,clean,naive,all_pairs,full_10hz,3600,1.0,3600,3600,3600,1.5986354248316377,1.6549851820985366,1.5930423478622333,0.1336087551181205,0.1634045667919683,p2e,d030
10,noise_x4,frozen_q,clean,naive,all_pairs,full_10hz,3600,1.0,3600,3600,3600,0.27865031926825395,0.3118154314300788,0.25218759843537625,0.11852179387647359,0.2613450140239474,p2e,d030
11,noise_x4,frozen_q,clean,naive,all_pairs,full_10hz,3600,1.0,3600,3600,3600,1.1369375233100227,1.1653093689907799,1.126110047117067,0.1565346405506637,0.132225271518056,p2e,d030
12,noise_x4,frozen_q,clean,naive,all_pairs,full_10hz,3600,1.0,3600,3600,3600,1.233143826185099,1.270226017741189,1.2307848312581389,0.07623906612295332,0.12731295904755016,p2e,d030
13,noise_x4,frozen_q,clean,naive,all_pairs,full_10hz,3600,1.0,3600,3600,3600,1.1597051142278658,1.1783725727773184,1.1549097503420742,0.10535378745481887,0.08553750294583679,p2e,d030
14,noise_x4,frozen_q,clean,naive,all_pairs,full_10hz,3600,1.0,3600,3600,3600,0.733666919219237,0.7860673548963866,0.7214419295504603,0.13337425030025465,0.11994430328757734,p2e,d030
15,noise_x4,frozen_q,clean,naive,all_pairs,full_10hz,3600,1.0,3600,3600,3600,1.049562478314123,1.0795354487099584,1.0471499876462638,0.07112172141697658,0.13473109216558607,p2e,d030
16,noise_x4,frozen_q,clean,naive,all_pairs,full_10hz,3600,1.0,3600,3600,3600,1.0411476891294413,1.0702865645502941,1.036870230372631,0.09427956271951306,0.1804345460006748,p2e,d030
17,noise_x4,frozen_q,clean,naive,all_pairs,full_10hz,3600,1.0,3600,3600,3600,1.6594440793780394,1.6826042275083875,1.6577925013419559,0.07401807263911986,0.16238345328559334,p2e,d030
18,noise_x4,frozen_q,clean,naive,all_pairs,full_10hz,3600,1.0,3600,3600,3600,1.1179431179506876,1.140077872774769,1.1137632165869866,0.09658318876033223,0.24725926566518236,p2e,d030
19,noise_x4,frozen_q,clean,naive,all_pairs,full_10hz,3600,1.0,3600,3600,3600,1.5466962597759797,1.5977157570463767,1.5394508244791818,0.14953420684034752,0.17046850881250336,p2e,d030
0,noise_x4,frozen_q,clean,naive,cyclic,p2c_capacity,180,0.05,180,180,180,1.5840308348896674,1.632571769190187,1.574993464950687,0.1689652959749,0.1205157118618296,p2e,d031
1,noise_x4,frozen_q,clean,naive,cyclic,p2c_capacity,180,0.05,180,180,180,1.597232067899008,1.6801950057049357,1.5874721994801164,0.17630171469019193,0.1656339097038915,p2e,d031
2,noise_x4,frozen_q,clean,naive,cyclic,p2c_capacity,180,0.05,180,180,180,0.9740826902618364,1.0199938514188946,0.950921183242424,0.21115395030300746,0.13998928170696107,p2e,d031
3,noise_x4,frozen_q,clean,naive,cyclic,p2c_capacity,180,0.05,180,180,180,1.410786865155716,1.523123101393087,1.4002537389711833,0.17207279097263806,0.06751441850349378,p2e,d031
4,noise_x4,frozen_q,clean,naive,cyclic,p2c_capacity,180,0.05,180,180,180,0.5952763825099239,0.6931393568511167,0.5410321542206282,0.2482703761496478,0.1383825292689474,p2e,d031
5,noise_x4,frozen_q,clean,naive,cyclic,p2c_capacity,180,0.05,180,180,180,0.8389769859357642,0.9675717117303129,0.8120674213205907,0.2107816077355556,0.21553574578743795,p2e,d031
6,noise_x4,frozen_q,clean,naive,cyclic,p2c_capacity,180,0.05,180,180,180,2.483823532142704,2.579737667166498,2.475992286888561,0.19708255654473925,0.15814954894428412,p2e,d031
7,noise_x4,frozen_q,clean,naive,cyclic,p2c_capacity,180,0.05,180,180,180,1.0831963975207994,1.249090220624726,1.060602280457111,0.22008461620752554,0.13195415074158312,p2e,d031
8,noise_x4,frozen_q,clean,naive,cyclic,p2c_capacity,180,0.05,180,180,180,0.8976712328744747,0.9536145254156899,0.8831243580982333,0.16095033539562045,0.07021006431624133,p2e,d031
9,noise_x4,frozen_q,clean,naive,cyclic,p2c_capacity,180,0.05,180,180,180,1.603812710697117,1.688220953099675,1.5921237490162816,0.19328005280414903,0.13508958984096084,p2e,d031
10,noise_x4,frozen_q,clean,naive,cyclic,p2c_capacity,180,0.05,180,180,180,0.30369562921413956,0.37265406821833585,0.25252527201207087,0.16870691212573888,0.2502216315034408,p2e,d031
11,noise_x4,frozen_q,clean,naive,cyclic,p2c_capacity,180,0.05,180,180,180,1.1658402072819083,1.25654891832575,1.1403474102108726,0.24246891128653802,0.1032853635469186,p2e,d031
12,noise_x4,frozen_q,clean,naive,cyclic,p2c_capacity,180,0.05,180,180,180,1.2280516103135806,1.274831686680977,1.2205071249714095,0.13591583972371463,0.13778834472952076,p2e,d031
13,noise_x4,frozen_q,clean,naive,cyclic,p2c_capacity,180,0.05,180,180,180,1.153388222069167,1.2731934213836322,1.1350561700539084,0.2048215848743158,0.1137674142612577,p2e,d031
14,noise_x4,frozen_q,clean,naive,cyclic,p2c_capacity,180,0.05,180,180,180,0.7589148770375542,0.8125762195270693,0.7242209536505464,0.22683871116372378,0.1125951497957769,p2e,d031
15,noise_x4,frozen_q,clean,naive,cyclic,p2c_capacity,180,0.05,180,180,180,1.0540192470793706,1.1095443515754657,1.0452344369895028,0.13579965001796035,0.14780985213144449,p2e,d031
16,noise_x4,frozen_q,clean,naive,cyclic,p2c_capacity,180,0.05,180,180,180,1.0430027718795807,1.0784896629053076,1.0313222526123516,0.15565729476986834,0.15934452408115712,p2e,d031
17,noise_x4,frozen_q,clean,naive,cyclic,p2c_capacity,180,0.05,180,180,180,1.680458657878775,1.7167472054947532,1.6744908463339736,0.1414980790804792,0.0707595678305433,p2e,d031
18,noise_x4,frozen_q,clean,naive,cyclic,p2c_capacity,180,0.05,180,180,180,1.121765835676577,1.161074695909886,1.1093307365165064,0.16656502367218207,0.16688868245700328,p2e,d031
19,noise_x4,frozen_q,clean,naive,cyclic,p2c_capacity,180,0.05,180,180,180,1.5444650962695405,1.6035011490809736,1.531491967289058,0.19976182749457552,0.10856575008738356,p2e,d031
0,noise_x4,frozen_q,clean,naive,cyclic,p2c_capacity,360,0.1,360,360,360,1.5754151123160083,1.607409150317005,1.5707794878078187,0.12076662119918666,0.11664869477181569,p2e,d032
1,noise_x4,frozen_q,clean,naive,cyclic,p2c_capacity,360,0.1,360,360,360,1.5928179320443834,1.6716241069300397,1.5873227705540847,0.1321945033753303,0.1871722897544955,p2e,d032
2,noise_x4,frozen_q,clean,naive,cyclic,p2c_capacity,360,0.1,360,360,360,0.9709576806304937,1.0362211995380728,0.9544361385938195,0.1783549128044056,0.16309677320457214,p2e,d032
3,noise_x4,frozen_q,clean,naive,cyclic,p2c_capacity,360,0.1,360,360,360,1.405518046921469,1.4797211398819934,1.4000876135793512,0.12343279355024592,0.06121244068929745,p2e,d032
4,noise_x4,frozen_q,clean,naive,cyclic,p2c_capacity,360,0.1,360,360,360,0.5782581296491983,0.6693721254890055,0.5418201132464552,0.20202333871854405,0.1555331952164358,p2e,d032
5,noise_x4,frozen_q,clean,naive,cyclic,p2c_capacity,360,0.1,360,360,360,0.8319074979006771,0.9746223563821091,0.8106049366246049,0.18705539763178522,0.20927490887548522,p2e,d032
6,noise_x4,frozen_q,clean,naive,cyclic,p2c_capacity,360,0.1,360,360,360,2.4837489772175383,2.537665631905865,2.475777119782818,0.19883821310065802,0.14663402790615215,p2e,d032
7,noise_x4,frozen_q,clean,naive,cyclic,p2c_capacity,360,0.1,360,360,360,1.0683246580101518,1.15165252604131,1.0574651867872449,0.15193733460056666,0.1679370915228936,p2e,d032
8,noise_x4,frozen_q,clean,naive,cyclic,p2c_capacity,360,0.1,360,360,360,0.8946515784700525,0.9220396778682036,0.8861822184015059,0.12281092234790092,0.07536170665358462,p2e,d032
9,noise_x4,frozen_q,clean,naive,cyclic,p2c_capacity,360,0.1,360,360,360,1.5987745565278217,1.6588068954832413,1.5887843074403174,0.1784502928888703,0.158126645329922,p2e,d032
10,noise_x4,frozen_q,clean,naive,cyclic,p2c_capacity,360,0.1,360,360,360,0.2999481958996544,0.37668315674926367,0.25037495284731726,0.16517052766810753,0.23898817581433537,p2e,d032
11,noise_x4,frozen_q,clean,naive,cyclic,p2c_capacity,360,0.1,360,360,360,1.150682385228752,1.2060582826138702,1.132727010336109,0.20248326284103252,0.10278141340902967,p2e,d032
12,noise_x4,frozen_q,clean,naive,cyclic,p2c_capacity,360,0.1,360,360,360,1.2274142181961492,1.25519405695039,1.2241075494595124,0.09003538407921442,0.11881492678435247,p2e,d032
13,noise_x4,frozen_q,clean,naive,cyclic,p2c_capacity,360,0.1,360,360,360,1.1478657271443424,1.2221795063320073,1.1377830420171164,0.15180736757775248,0.10910445617821052,p2e,d032
14,noise_x4,frozen_q,clean,naive,cyclic,p2c_capacity,360,0.1,360,360,360,0.7493722957518911,0.8134678615490646,0.7238224150007153,0.19401017803968965,0.1026074997913453,p2e,d032
15,noise_x4,frozen_q,clean,naive,cyclic,p2c_capacity,360,0.1,360,360,360,1.049959004003949,1.1075568513477025,1.04190392092458,0.12980804925331665,0.14638360732236394,p2e,d032
16,noise_x4,frozen_q,clean,naive,cyclic,p2c_capacity,360,0.1,360,360,360,1.0430175738563359,1.0755311495367,1.0335479673040409,0.14022930740341816,0.16702751285497747,p2e,d032
17,noise_x4,frozen_q,clean,naive,cyclic,p2c_capacity,360,0.1,360,360,360,1.6689912563975495,1.7193455169895957,1.663124052587233,0.13982202844076444,0.11480774592447968,p2e,d032
18,noise_x4,frozen_q,clean,naive,cyclic,p2c_capacity,360,0.1,360,360,360,1.1266230922282987,1.205125206536801,1.115950620008487,0.15470554497084835,0.19289955236989165,p2e,d032
19,noise_x4,frozen_q,clean,naive,cyclic,p2c_capacity,360,0.1,360,360,360,1.5448138761321812,1.6000417245342335,1.534971453564903,0.17410499312593786,0.12051154339681645,p2e,d032
0,noise_x4,frozen_q,clean,naive,cyclic,p2c_capacity,720,0.2,720,720,720,1.5882581980017825,1.6338462991700644,1.5822319677588585,0.1382248303373887,0.14429690203276818,p2e,d033
1,noise_x4,frozen_q,clean,naive,cyclic,p2c_capacity,720,0.2,720,720,720,1.5845458818068265,1.6739753033669444,1.579217425457455,0.12983826355316813,0.18703661429930493,p2e,d033
2,noise_x4,frozen_q,clean,naive,cyclic,p2c_capacity,720,0.2,720,720,720,0.9661364078772522,1.0283529217497673,0.9511103684026565,0.16973103942097093,0.15300984923542715,p2e,d033
3,noise_x4,frozen_q,clean,naive,cyclic,p2c_capacity,720,0.2,720,720,720,1.4084032214979278,1.478393376689308,1.4026150186497115,0.12755682570529359,0.08971482797928387,p2e,d033
4,noise_x4,frozen_q,clean,naive,cyclic,p2c_capacity,720,0.2,720,720,720,0.5564720914436415,0.6193329845994424,0.5379423625075157,0.14240506723952318,0.15538204322948038,p2e,d033
5,noise_x4,frozen_q,clean,naive,cyclic,p2c_capacity,720,0.2,720,720,720,0.825936366207142,0.9151392599912387,0.8099108390469755,0.16191143819286616,0.21480252161887464,p2e,d033
6,noise_x4,frozen_q,clean,naive,cyclic,p2c_capacity,720,0.2,720,720,720,2.4805489206404556,2.5218940121722357,2.4749448284456945,0.1666464636301738,0.14172629753527627,p2e,d033
7,noise_x4,frozen_q,clean,naive,cyclic,p2c_capacity,720,0.2,720,720,720,1.061967458771349,1.1536635538811106,1.0522844356039551,0.14308162032540114,0.18597960058957236,p2e,d033
8,noise_x4,frozen_q,clean,naive,cyclic,p2c_capacity,720,0.2,720,720,720,0.8931930652420508,0.9212061940430246,0.8858019983965143,0.11466765643908647,0.0891704037005795,p2e,d033
9,noise_x4,frozen_q,clean,naive,cyclic,p2c_capacity,720,0.2,720,720,720,1.602165473098586,1.6607617105362205,1.5934383339375575,0.16699844049426601,0.14955619924715124,p2e,d033
10,noise_x4,frozen_q,clean,naive,cyclic,p2c_capacity,720,0.2,720,720,720,0.27714808941686003,0.331405503832678,0.24596434860855285,0.12772079971949019,0.2260574829137661,p2e,d033
11,noise_x4,frozen_q,clean,naive,cyclic,p2c_capacity,720,0.2,720,720,720,1.145777292456579,1.180283277684214,1.132217273509773,0.1757545148075138,0.11170768866377598,p2e,d033
12,noise_x4,frozen_q,clean,naive,cyclic,p2c_capacity,720,0.2,720,720,720,1.231318727493662,1.265135339782315,1.2280436603014746,0.08974729561367202,0.13532447990579172,p2e,d033
13,noise_x4,frozen_q,clean,naive,cyclic,p2c_capacity,720,0.2,720,720,720,1.158034420971499,1.204677313152389,1.1480997037789813,0.15136310758375146,0.09536693538858693,p2e,d033
14,noise_x4,frozen_q,clean,naive,cyclic,p2c_capacity,720,0.2,720,720,720,0.7462115462437664,0.7990334529324905,0.7259130544137521,0.17286384578392855,0.11128134090338639,p2e,d033
15,noise_x4,frozen_q,clean,naive,cyclic,p2c_capacity,720,0.2,720,720,720,1.0440365962495006,1.0827335487065002,1.0395846782947356,0.09631256908147523,0.14195725801542786,p2e,d033
16,noise_x4,frozen_q,clean,naive,cyclic,p2c_capacity,720,0.2,720,720,720,1.0364783489047378,1.0843958653776078,1.0308480989149043,0.10788681435569092,0.1504250902175347,p2e,d033
17,noise_x4,frozen_q,clean,naive,cyclic,p2c_capacity,720,0.2,720,720,720,1.6686772406945976,1.6895475589606037,1.6659672773645515,0.09506189753355059,0.11535344873301359,p2e,d033
18,noise_x4,frozen_q,clean,naive,cyclic,p2c_capacity,720,0.2,720,720,720,1.1212314012465698,1.1642454362865524,1.113467114978169,0.13172258349857596,0.20937445794737983,p2e,d033
19,noise_x4,frozen_q,clean,naive,cyclic,p2c_capacity,720,0.2,720,720,720,1.5390837595368647,1.5809425969417075,1.5314349393705597,0.15325092282012212,0.13650963529221966,p2e,d033
0,noise_x4,frozen_q,clean,naive,none,none,0,0.0,0,0,0,2.786833272787428,4.513414885941498,1.5663418934615134,2.3049973455738484,0.1063109196890979,p2e,d034
1,noise_x4,frozen_q,clean,naive,none,none,0,0.0,0,0,0,3.1184064578162247,4.647565067095258,1.5887731343212124,2.683329790355461,0.15380022624990713,p2e,d034
2,noise_x4,frozen_q,clean,naive,none,none,0,0.0,0,0,0,2.8254799146541623,3.7530540026076205,0.9351997427866243,2.666221706686435,0.11995755371004622,p2e,d034
3,noise_x4,frozen_q,clean,naive,none,none,0,0.0,0,0,0,2.880612680000216,3.419594504366849,1.3999180714208552,2.517570019977069,0.06363506856167822,p2e,d034
4,noise_x4,frozen_q,clean,naive,none,none,0,0.0,0,0,0,3.0409806431365083,4.096326086280071,0.5296467880308944,2.994501219211555,0.10462915784939567,p2e,d034
5,noise_x4,frozen_q,clean,naive,none,none,0,0.0,0,0,0,2.840428680313138,3.712492765097101,0.8166715651302734,2.7204930881465414,0.15421037879670157,p2e,d034
6,noise_x4,frozen_q,clean,naive,none,none,0,0.0,0,0,0,3.395257998895504,5.05160729492992,2.489960245553883,2.3082189789153778,0.1548947964734533,p2e,d034
7,noise_x4,frozen_q,clean,naive,none,none,0,0.0,0,0,0,2.8495381336364143,3.8568420381885704,1.0797620958332748,2.6370402711088494,0.1008523840543085,p2e,d034
8,noise_x4,frozen_q,clean,naive,none,none,0,0.0,0,0,0,2.4008067425324815,3.7003238453799456,0.8898270392483715,2.2298163276852883,0.05946627789359989,p2e,d034
9,noise_x4,frozen_q,clean,naive,none,none,0,0.0,0,0,0,3.7276373459838092,5.424197004700728,1.603218630188218,3.365259307540896,0.07247416726594219,p2e,d034
10,noise_x4,frozen_q,clean,naive,none,none,0,0.0,0,0,0,1.8589172258977726,2.4896805356308933,0.25522898902129076,1.8413124167024564,0.2628770197088131,p2e,d034
11,noise_x4,frozen_q,clean,naive,none,none,0,0.0,0,0,0,2.173185979913576,3.063988611116929,1.1482241592717115,1.8450795601701575,0.10496289256220757,p2e,d034
12,noise_x4,frozen_q,clean,naive,none,none,0,0.0,0,0,0,2.664522210408526,4.091661765271635,1.2306961515407195,2.3632743370889457,0.13398111467720805,p2e,d034
13,noise_x4,frozen_q,clean,naive,none,none,0,0.0,0,0,0,2.290456212876902,3.1959152629390264,1.1286171403853924,1.9930913209220245,0.12672096987518117,p2e,d034
14,noise_x4,frozen_q,clean,naive,none,none,0,0.0,0,0,0,3.125686304027842,5.202794863523939,0.71533064290427,3.0427318223118838,0.12642001027880456,p2e,d034
15,noise_x4,frozen_q,clean,naive,none,none,0,0.0,0,0,0,1.9851669113085264,2.4525909764097613,1.0424509374547055,1.6894329547969762,0.16745124722679613,p2e,d034
16,noise_x4,frozen_q,clean,naive,none,none,0,0.0,0,0,0,2.3835150326468715,3.538884431239016,1.0190451757468335,2.1546904280292147,0.10001702339125527,p2e,d034
17,noise_x4,frozen_q,clean,naive,none,none,0,0.0,0,0,0,3.3127770165737664,4.376899224454803,1.6624992136917143,2.8654123483390337,0.056846875617508376,p2e,d034
18,noise_x4,frozen_q,clean,naive,none,none,0,0.0,0,0,0,2.0240156043688273,2.6192038053419635,1.1142623652857042,1.6896918500236715,0.14723509568882964,p2e,d034
19,noise_x4,frozen_q,clean,naive,none,none,0,0.0,0,0,0,3.1141138045832477,4.055592855780056,1.5280607658290677,2.713436029065331,0.08001559790444503,p2e,d034
0,noise_x4,white_rescaled_q,clean,naive,all_pairs,full_10hz,3600,1.0,3600,3600,3600,1.5715487554371488,1.5932025354217982,1.5690488471448096,0.08860703126499275,0.11190740576568083,p2e,d035
1,noise_x4,white_rescaled_q,clean,naive,all_pairs,full_10hz,3600,1.0,3600,3600,3600,1.588289516475468,1.6506178195129584,1.5851909848060286,0.09916213912360528,0.14756634032502783,p2e,d035
2,noise_x4,white_rescaled_q,clean,naive,all_pairs,full_10hz,3600,1.0,3600,3600,3600,0.9483755659681435,0.9843267042896104,0.9385768712086217,0.13597672947100625,0.11858112869348127,p2e,d035
3,noise_x4,white_rescaled_q,clean,naive,all_pairs,full_10hz,3600,1.0,3600,3600,3600,1.4039474023702367,1.45468633538765,1.400331725131084,0.1006944299032353,0.06096666081556196,p2e,d035
4,noise_x4,white_rescaled_q,clean,naive,all_pairs,full_10hz,3600,1.0,3600,3600,3600,0.5487382298572677,0.590277172283141,0.5292026699092625,0.1451143654770121,0.10530617153401041,p2e,d035
5,noise_x4,white_rescaled_q,clean,naive,all_pairs,full_10hz,3600,1.0,3600,3600,3600,0.8311861786981446,0.9058050504082057,0.8155980978790845,0.1602192447705427,0.14426217885286594,p2e,d035
6,noise_x4,white_rescaled_q,clean,naive,all_pairs,full_10hz,3600,1.0,3600,3600,3600,2.4927578943864916,2.520149985901009,2.4894234217998727,0.12889122165759598,0.14562508125116483,p2e,d035
7,noise_x4,white_rescaled_q,clean,naive,all_pairs,full_10hz,3600,1.0,3600,3600,3600,1.078564937626676,1.1109390668250352,1.0761786859744884,0.07170607039755185,0.09870236911152341,p2e,d035
8,noise_x4,white_rescaled_q,clean,naive,all_pairs,full_10hz,3600,1.0,3600,3600,3600,0.898958408007082,0.9651098941388678,0.8906784588961747,0.12172962739186594,0.06228668169172661,p2e,d035
9,noise_x4,white_rescaled_q,clean,naive,all_pairs,full_10hz,3600,1.0,3600,3600,3600,1.606489863225235,1.6482964067710537,1.602758233086152,0.10943366447300361,0.07316463843439287,p2e,d035
10,noise_x4,white_rescaled_q,clean,naive,all_pairs,full_10hz,3600,1.0,3600,3600,3600,0.3048513369328808,0.35602858247097835,0.2542405899111821,0.1682143277826801,0.2601706327666153,p2e,d035
11,noise_x4,white_rescaled_q,clean,naive,all_pairs,full_10hz,3600,1.0,3600,3600,3600,1.1512285295744622,1.1869547729457275,1.1466102336181123,0.10301504486431097,0.1054711375564794,p2e,d035
12,noise_x4,white_rescaled_q,clean,naive,all_pairs,full_10hz,3600,1.0,3600,3600,3600,1.235424742449505,1.274516135842193,1.231814853633459,0.09437404634965163,0.13013896995312038,p2e,d035
13,noise_x4,white_rescaled_q,clean,naive,all_pairs,full_10hz,3600,1.0,3600,3600,3600,1.1360494456954864,1.1499373619772122,1.13239783207677,0.09101369662228648,0.10931150216979071,p2e,d035
14,noise_x4,white_rescaled_q,clean,naive,all_pairs,full_10hz,3600,1.0,3600,3600,3600,0.7247988259951791,0.7639446323508856,0.7152583054805217,0.11721303086740206,0.12282054148634407,p2e,d035
15,noise_x4,white_rescaled_q,clean,naive,all_pairs,full_10hz,3600,1.0,3600,3600,3600,1.0454331840477271,1.0561198587826213,1.0429252046702253,0.0723709870855563,0.16017643560392603,p2e,d035
16,noise_x4,white_rescaled_q,clean,naive,all_pairs,full_10hz,3600,1.0,3600,3600,3600,1.027173732683341,1.0835268712296406,1.0204130116877266,0.11765697043954217,0.10782819026685403,p2e,d035
17,noise_x4,white_rescaled_q,clean,naive,all_pairs,full_10hz,3600,1.0,3600,3600,3600,1.6625977534632892,1.6951368350387352,1.660118579069179,0.0907611880183678,0.06705155404153956,p2e,d035
18,noise_x4,white_rescaled_q,clean,naive,all_pairs,full_10hz,3600,1.0,3600,3600,3600,1.1172950019503114,1.1337949689256828,1.1150325659451898,0.07106685771041531,0.16024947031488646,p2e,d035
19,noise_x4,white_rescaled_q,clean,naive,all_pairs,full_10hz,3600,1.0,3600,3600,3600,1.531809043246394,1.5883487180630818,1.528269042703711,0.10408015221412498,0.08917341426045412,p2e,d035
0,noise_x4,white_rescaled_q,clean,naive,cyclic,p2c_capacity,180,0.05,180,180,180,1.5759617516490703,1.619930678323632,1.5692069266152897,0.14575686647085498,0.11199542048475404,p2e,d036
1,noise_x4,white_rescaled_q,clean,naive,cyclic,p2c_capacity,180,0.05,180,180,180,1.5955850620534582,1.6611435321352908,1.5870787792355108,0.1645376514614783,0.15329351471022748,p2e,d036
2,noise_x4,white_rescaled_q,clean,naive,cyclic,p2c_capacity,180,0.05,180,180,180,0.9659035778859401,0.9873224109762591,0.9393302276638832,0.22500765580259133,0.11921458889963556,p2e,d036
3,noise_x4,white_rescaled_q,clean,naive,cyclic,p2c_capacity,180,0.05,180,180,180,1.4123033544537122,1.5195408101692902,1.4003967629578893,0.18300183413909452,0.060988276056402106,p2e,d036
4,noise_x4,white_rescaled_q,clean,naive,cyclic,p2c_capacity,180,0.05,180,180,180,0.6028689511829024,0.6667890029525766,0.5315600418598598,0.2844202774035577,0.0993602029567541,p2e,d036
5,noise_x4,white_rescaled_q,clean,naive,cyclic,p2c_capacity,180,0.05,180,180,180,0.8323523941551294,0.8822713977084456,0.8163798685736801,0.16227882869738985,0.15320298906294513,p2e,d036
6,noise_x4,white_rescaled_q,clean,naive,cyclic,p2c_capacity,180,0.05,180,180,180,2.4924380968143964,2.5350684959145537,2.4879748865810773,0.14909268994033312,0.15544620596682102,p2e,d036
7,noise_x4,white_rescaled_q,clean,naive,cyclic,p2c_capacity,180,0.05,180,180,180,1.087048161055837,1.157279471878484,1.0771232574000333,0.1465578139261704,0.09638598853918379,p2e,d036
8,noise_x4,white_rescaled_q,clean,naive,cyclic,p2c_capacity,180,0.05,180,180,180,0.9042584803865429,0.9451865904222891,0.889874559278013,0.1606445395920513,0.05359162406595591,p2e,d036
9,noise_x4,white_rescaled_q,clean,naive,cyclic,p2c_capacity,180,0.05,180,180,180,1.6136239047254874,1.6602098116946664,1.6021433106185603,0.1921429627692052,0.07347166531881145,p2e,d036
10,noise_x4,white_rescaled_q,clean,naive,cyclic,p2c_capacity,180,0.05,180,180,180,0.3099812934000566,0.3684787178582937,0.2549982896076562,0.17625060157384395,0.2631552691163167,p2e,d036
11,noise_x4,white_rescaled_q,clean,naive,cyclic,p2c_capacity,180,0.05,180,180,180,1.161633867332886,1.1978318049988896,1.148070582204766,0.1769948587128082,0.10670792294587247,p2e,d036
12,noise_x4,white_rescaled_q,clean,naive,cyclic,p2c_capacity,180,0.05,180,180,180,1.237380576218061,1.3162507353382897,1.2283467145817593,0.14924824681696847,0.1309800908363523,p2e,d036
13,noise_x4,white_rescaled_q,clean,naive,cyclic,p2c_capacity,180,0.05,180,180,180,1.141162811595646,1.1886555036488808,1.1303484130410613,0.15673234415536086,0.12097429960131213,p2e,d036
14,noise_x4,white_rescaled_q,clean,naive,cyclic,p2c_capacity,180,0.05,180,180,180,0.7430925815996419,0.8007142284682759,0.7158759327865603,0.19926924922173167,0.12459530031433191,p2e,d036
15,noise_x4,white_rescaled_q,clean,naive,cyclic,p2c_capacity,180,0.05,180,180,180,1.0523900253578207,1.0695514268136073,1.044000010198106,0.13262256285786844,0.1620935087874786,p2e,d036
16,noise_x4,white_rescaled_q,clean,naive,cyclic,p2c_capacity,180,0.05,180,180,180,1.0304736410593123,1.0554462779551887,1.0208881082669867,0.1402262290625015,0.11244222131049868,p2e,d036
17,noise_x4,white_rescaled_q,clean,naive,cyclic,p2c_capacity,180,0.05,180,180,180,1.6704149902582737,1.7025976994712384,1.6622569200539292,0.1648883604514697,0.06085205406728984,p2e,d036
18,noise_x4,white_rescaled_q,clean,naive,cyclic,p2c_capacity,180,0.05,180,180,180,1.1259572510589884,1.1775898913942457,1.1148579503074227,0.15770694927188736,0.15502964048196777,p2e,d036
19,noise_x4,white_rescaled_q,clean,naive,cyclic,p2c_capacity,180,0.05,180,180,180,1.5416404047061618,1.606381561003628,1.5279473109944235,0.2050174437639111,0.0850255020692994,p2e,d036
0,noise_x4,white_rescaled_q,clean,naive,cyclic,p2c_capacity,360,0.1,360,360,360,1.5734822628741898,1.602338066358998,1.5676492203041286,0.1353600888723809,0.10747114689243566,p2e,d037
1,noise_x4,white_rescaled_q,clean,naive,cyclic,p2c_capacity,360,0.1,360,360,360,1.5933543713191565,1.6727118138524875,1.5874370516921656,0.13719241785444686,0.15589123866240603,p2e,d037
2,noise_x4,white_rescaled_q,clean,naive,cyclic,p2c_capacity,360,0.1,360,360,360,0.9484471126811642,0.9702101340234772,0.9386252840368817,0.13614147685375,0.11853036363475068,p2e,d037
3,noise_x4,white_rescaled_q,clean,naive,cyclic,p2c_capacity,360,0.1,360,360,360,1.4074379224085258,1.4849919506651956,1.400252352250242,0.14203821827695587,0.05967831854506421,p2e,d037
4,noise_x4,white_rescaled_q,clean,naive,cyclic,p2c_capacity,360,0.1,360,360,360,0.5740283141936191,0.6438878589226319,0.5314881083322561,0.2168614677561883,0.10469842730341773,p2e,d037
5,noise_x4,white_rescaled_q,clean,naive,cyclic,p2c_capacity,360,0.1,360,360,360,0.8338865833866244,0.936189814482975,0.8161004020451748,0.17130956696554306,0.1518874993161532,p2e,d037
6,noise_x4,white_rescaled_q,clean,naive,cyclic,p2c_capacity,360,0.1,360,360,360,2.493639472923148,2.5341340452723387,2.488432407916439,0.1610651177369876,0.14952451889869456,p2e,d037
7,noise_x4,white_rescaled_q,clean,naive,cyclic,p2c_capacity,360,0.1,360,360,360,1.0849089848551496,1.1258185628982864,1.0771002343665745,0.1299330233116352,0.09920962971853232,p2e,d037
8,noise_x4,white_rescaled_q,clean,naive,cyclic,p2c_capacity,360,0.1,360,360,360,0.9019102932398445,0.9330811435252027,0.8898137808307638,0.14721960635609604,0.05687128778089787,p2e,d037
9,noise_x4,white_rescaled_q,clean,naive,cyclic,p2c_capacity,360,0.1,360,360,360,1.6120991537335783,1.6694746804392462,1.6011576723882104,0.1875041056107527,0.07768000648933904,p2e,d037
10,noise_x4,white_rescaled_q,clean,naive,cyclic,p2c_capacity,360,0.1,360,360,360,0.3062757470924521,0.3402776922379064,0.25519701359517916,0.16934969001784922,0.2636238451168255,p2e,d037
11,noise_x4,white_rescaled_q,clean,naive,cyclic,p2c_capacity,360,0.1,360,360,360,1.1582717164562495,1.183951699592627,1.145759120052722,0.16979224940649934,0.10152614458139725,p2e,d037
12,noise_x4,white_rescaled_q,clean,naive,cyclic,p2c_capacity,360,0.1,360,360,360,1.2345112082263536,1.2835870250943293,1.2295158611859929,0.11094444703795525,0.12766718200430607,p2e,d037
13,noise_x4,white_rescaled_q,clean,naive,cyclic,p2c_capacity,360,0.1,360,360,360,1.138908465397485,1.1864643840693903,1.1304682095721257,0.1383984093147274,0.1199286502439136,p2e,d037
14,noise_x4,white_rescaled_q,clean,naive,cyclic,p2c_capacity,360,0.1,360,360,360,0.7359557544301302,0.8033327972591844,0.7157210699843569,0.1713890966755747,0.12185512154194471,p2e,d037
15,noise_x4,white_rescaled_q,clean,naive,cyclic,p2c_capacity,360,0.1,360,360,360,1.0507350649172325,1.1039611527003956,1.0432668048942988,0.12505419006279572,0.16102261454992892,p2e,d037
16,noise_x4,white_rescaled_q,clean,naive,cyclic,p2c_capacity,360,0.1,360,360,360,1.027545069748159,1.0493792381075553,1.020976140256959,0.11600254906574836,0.11335573105198837,p2e,d037
17,noise_x4,white_rescaled_q,clean,naive,cyclic,p2c_capacity,360,0.1,360,360,360,1.6642639100684553,1.711344214809222,1.6596306404600034,0.1240987494000736,0.0680375688919915,p2e,d037
18,noise_x4,white_rescaled_q,clean,naive,cyclic,p2c_capacity,360,0.1,360,360,360,1.1242106474317848,1.1638668260295266,1.116099686985739,0.1348001057467248,0.1588945016120725,p2e,d037
19,noise_x4,white_rescaled_q,clean,naive,cyclic,p2c_capacity,360,0.1,360,360,360,1.5351813140662556,1.5803898013616546,1.5285992476698058,0.14200706701252275,0.08596583379017265,p2e,d037
0,noise_x4,white_rescaled_q,clean,naive,cyclic,p2c_capacity,720,0.2,720,720,720,1.5761271938738317,1.6042673703303336,1.5691929452074866,0.14768355351782808,0.11285335817218359,p2e,d038
1,noise_x4,white_rescaled_q,clean,naive,cyclic,p2c_capacity,720,0.2,720,720,720,1.5897459916726573,1.6543160813611693,1.5861210692687329,0.10729525460658336,0.1520248534431011,p2e,d038
2,noise_x4,white_rescaled_q,clean,naive,cyclic,p2c_capacity,720,0.2,720,720,720,0.9477054338311597,0.985732387912679,0.9383635213517493,0.13273843116992054,0.11954360536123339,p2e,d038
3,noise_x4,white_rescaled_q,clean,naive,cyclic,p2c_capacity,720,0.2,720,720,720,1.4111649379076103,1.4935710326889566,1.401287484244013,0.16667293865794283,0.06006728678010255,p2e,d038
4,noise_x4,white_rescaled_q,clean,naive,cyclic,p2c_capacity,720,0.2,720,720,720,0.5614883094369676,0.6009513955036733,0.5316926173035864,0.18047737348278867,0.10470443880994076,p2e,d038
5,noise_x4,white_rescaled_q,clean,naive,cyclic,p2c_capacity,720,0.2,720,720,720,0.8294996154548744,0.8809361049406031,0.8157633026716674,0.1503324517660703,0.14680261478927295,p2e,d038
6,noise_x4,white_rescaled_q,clean,naive,cyclic,p2c_capacity,720,0.2,720,720,720,2.4916645790995564,2.520587810182321,2.48902892137785,0.11457488068501905,0.15224825555141006,p2e,d038
7,noise_x4,white_rescaled_q,clean,naive,cyclic,p2c_capacity,720,0.2,720,720,720,1.0823470863876372,1.1253521398720783,1.0756376031608974,0.12032855886316828,0.09814955617160043,p2e,d038
8,noise_x4,white_rescaled_q,clean,naive,cyclic,p2c_capacity,720,0.2,720,720,720,0.8977586558306405,0.9251632524203401,0.8901953712635976,0.11628759649981607,0.058277256273184655,p2e,d038
9,noise_x4,white_rescaled_q,clean,naive,cyclic,p2c_capacity,720,0.2,720,720,720,1.6091633855608558,1.637773191821833,1.602924149823362,0.1415661376979953,0.0717807125982169,p2e,d038
10,noise_x4,white_rescaled_q,clean,naive,cyclic,p2c_capacity,720,0.2,720,720,720,0.3004921178315277,0.35359178077813014,0.25354017557605435,0.16128512717464133,0.25639640037076616,p2e,d038
11,noise_x4,white_rescaled_q,clean,naive,cyclic,p2c_capacity,720,0.2,720,720,720,1.1549212318974096,1.1892615300730232,1.1463652579192583,0.1403201600738223,0.10395472780924442,p2e,d038
12,noise_x4,white_rescaled_q,clean,naive,cyclic,p2c_capacity,720,0.2,720,720,720,1.234965196917203,1.2674102100971112,1.2311080670780685,0.09752930212017331,0.13189336242943522,p2e,d038
13,noise_x4,white_rescaled_q,clean,naive,cyclic,p2c_capacity,720,0.2,720,720,720,1.1403763520888226,1.1613737615921529,1.1325458128495631,0.13340991792341464,0.1130997912441344,p2e,d038
14,noise_x4,white_rescaled_q,clean,naive,cyclic,p2c_capacity,720,0.2,720,720,720,0.7299465074714335,0.7662955776721146,0.7158017243333052,0.1430027804317473,0.12191688111835915,p2e,d038
15,noise_x4,white_rescaled_q,clean,naive,cyclic,p2c_capacity,720,0.2,720,720,720,1.0466309639934057,1.0882306387601222,1.0423220896643255,0.09487379083582186,0.1608769646334818,p2e,d038
16,noise_x4,white_rescaled_q,clean,naive,cyclic,p2c_capacity,720,0.2,720,720,720,1.0256984664766053,1.0731804584464881,1.0196815011981006,0.11093682998377061,0.10501513043268375,p2e,d038
17,noise_x4,white_rescaled_q,clean,naive,cyclic,p2c_capacity,720,0.2,720,720,720,1.6641220304434838,1.690966268975045,1.6615483436141227,0.09251612854258473,0.06543484210891377,p2e,d038
18,noise_x4,white_rescaled_q,clean,naive,cyclic,p2c_capacity,720,0.2,720,720,720,1.1216699576205031,1.1411339272357004,1.1155143853226848,0.1173505431028525,0.15750047019720484,p2e,d038
19,noise_x4,white_rescaled_q,clean,naive,cyclic,p2c_capacity,720,0.2,720,720,720,1.532669540093481,1.544700856352685,1.5269577993759118,0.13219605915244012,0.08617660299329148,p2e,d038
0,noise_x4,white_rescaled_q,clean,naive,none,none,0,0.0,0,0,0,2.786833272787428,4.513414885941498,1.5663418934615134,2.3049973455738484,0.1063109196890979,p2e,d039
1,noise_x4,white_rescaled_q,clean,naive,none,none,0,0.0,0,0,0,3.1184064578162247,4.647565067095258,1.5887731343212124,2.683329790355461,0.15380022624990713,p2e,d039
2,noise_x4,white_rescaled_q,clean,naive,none,none,0,0.0,0,0,0,2.8254799146541623,3.7530540026076205,0.9351997427866243,2.666221706686435,0.11995755371004622,p2e,d039
3,noise_x4,white_rescaled_q,clean,naive,none,none,0,0.0,0,0,0,2.880612680000216,3.419594504366849,1.3999180714208552,2.517570019977069,0.06363506856167822,p2e,d039
4,noise_x4,white_rescaled_q,clean,naive,none,none,0,0.0,0,0,0,3.0409806431365083,4.096326086280071,0.5296467880308944,2.994501219211555,0.10462915784939567,p2e,d039
5,noise_x4,white_rescaled_q,clean,naive,none,none,0,0.0,0,0,0,2.840428680313138,3.712492765097101,0.8166715651302734,2.7204930881465414,0.15421037879670157,p2e,d039
6,noise_x4,white_rescaled_q,clean,naive,none,none,0,0.0,0,0,0,3.395257998895504,5.05160729492992,2.489960245553883,2.3082189789153778,0.1548947964734533,p2e,d039
7,noise_x4,white_rescaled_q,clean,naive,none,none,0,0.0,0,0,0,2.8495381336364143,3.8568420381885704,1.0797620958332748,2.6370402711088494,0.1008523840543085,p2e,d039
8,noise_x4,white_rescaled_q,clean,naive,none,none,0,0.0,0,0,0,2.4008067425324815,3.7003238453799456,0.8898270392483715,2.2298163276852883,0.05946627789359989,p2e,d039
9,noise_x4,white_rescaled_q,clean,naive,none,none,0,0.0,0,0,0,3.7276373459838092,5.424197004700728,1.603218630188218,3.365259307540896,0.07247416726594219,p2e,d039
10,noise_x4,white_rescaled_q,clean,naive,none,none,0,0.0,0,0,0,1.8589172258977726,2.4896805356308933,0.25522898902129076,1.8413124167024564,0.2628770197088131,p2e,d039
11,noise_x4,white_rescaled_q,clean,naive,none,none,0,0.0,0,0,0,2.173185979913576,3.063988611116929,1.1482241592717115,1.8450795601701575,0.10496289256220757,p2e,d039
12,noise_x4,white_rescaled_q,clean,naive,none,none,0,0.0,0,0,0,2.664522210408526,4.091661765271635,1.2306961515407195,2.3632743370889457,0.13398111467720805,p2e,d039
13,noise_x4,white_rescaled_q,clean,naive,none,none,0,0.0,0,0,0,2.290456212876902,3.1959152629390264,1.1286171403853924,1.9930913209220245,0.12672096987518117,p2e,d039
14,noise_x4,white_rescaled_q,clean,naive,none,none,0,0.0,0,0,0,3.125686304027842,5.202794863523939,0.71533064290427,3.0427318223118838,0.12642001027880456,p2e,d039
15,noise_x4,white_rescaled_q,clean,naive,none,none,0,0.0,0,0,0,1.9851669113085264,2.4525909764097613,1.0424509374547055,1.6894329547969762,0.16745124722679613,p2e,d039
16,noise_x4,white_rescaled_q,clean,naive,none,none,0,0.0,0,0,0,2.3835150326468715,3.538884431239016,1.0190451757468335,2.1546904280292147,0.10001702339125527,p2e,d039
17,noise_x4,white_rescaled_q,clean,naive,none,none,0,0.0,0,0,0,3.3127770165737664,4.376899224454803,1.6624992136917143,2.8654123483390337,0.056846875617508376,p2e,d039
18,noise_x4,white_rescaled_q,clean,naive,none,none,0,0.0,0,0,0,2.0240156043688273,2.6192038053419635,1.1142623652857042,1.6896918500236715,0.14723509568882964,p2e,d039
19,noise_x4,white_rescaled_q,clean,naive,none,none,0,0.0,0,0,0,3.1141138045832477,4.055592855780056,1.5280607658290677,2.713436029065331,0.08001559790444503,p2e,d039
0,reference,frozen_q,clean,gated,cyclic,p2c_capacity,360,0.1,360,360,359,1.1258363133822242,1.1323964224758962,1.1229396904828932,0.08070846342399,0.034371597226316,p2d,d040
1,reference,frozen_q,clean,gated,cyclic,p2c_capacity,360,0.1,360,360,360,0.9299850280462881,0.9476509680723133,0.9265984902924782,0.07929306513154563,0.10037880945478404,p2d,d040
2,reference,frozen_q,clean,gated,cyclic,p2c_capacity,360,0.1,360,360,360,1.2289760077002214,1.2432754796717573,1.225811816901189,0.08813295097851186,0.05537252592525684,p2d,d040
3,reference,frozen_q,clean,gated,cyclic,p2c_capacity,360,0.1,360,360,358,1.4404629366270494,1.4655537087019834,1.438906267619955,0.06694941971543793,0.029054524512320577,p2d,d040
4,reference,frozen_q,clean,gated,cyclic,p2c_capacity,360,0.1,360,360,360,0.39338940027979985,0.4368508317458785,0.37140293737438845,0.12967296696758593,0.07406299576181234,p2d,d040
5,reference,frozen_q,clean,gated,cyclic,p2c_capacity,360,0.1,360,360,359,1.202713913629501,1.2498920352610343,1.199040276575402,0.09393174749771362,0.0640672857845178,p2d,d040
6,reference,frozen_q,clean,gated,cyclic,p2c_capacity,360,0.1,360,360,358,2.3417861124385224,2.359869892095489,2.3395835179009623,0.10154387808275278,0.0684133693252987,p2d,d040
7,reference,frozen_q,clean,gated,cyclic,p2c_capacity,360,0.1,360,360,360,0.9429591697728238,0.9518490778327838,0.9404343462159067,0.06895822152661378,0.07620656004608325,p2d,d040
8,reference,frozen_q,clean,gated,cyclic,p2c_capacity,360,0.1,360,360,359,0.593705416008368,0.6103194698972128,0.589570868325628,0.06994506572614216,0.03824020202875974,p2d,d040
9,reference,frozen_q,clean,gated,cyclic,p2c_capacity,360,0.1,360,360,359,1.3765568944620417,1.3911614384593474,1.3741012100296013,0.08218727569499856,0.06763485987779476,p2d,d040
10,reference,frozen_q,clean,gated,cyclic,p2c_capacity,360,0.1,360,360,360,0.3906447374741911,0.42204033506616084,0.3821750715158188,0.08090442279726401,0.08198050076742511,p2d,d040
11,reference,frozen_q,clean,gated,cyclic,p2c_capacity,360,0.1,360,360,359,0.6247811415250353,0.6474462558728213,0.6212499334290168,0.06633245826718999,0.037343979153618284,p2d,d040
12,reference,frozen_q,clean,gated,cyclic,p2c_capacity,360,0.1,360,360,359,1.0151249765013102,1.0247888079401952,1.0133581363997828,0.05986656252988287,0.050508241393078385,p2d,d040
13,reference,frozen_q,clean,gated,cyclic,p2c_capacity,360,0.1,360,360,360,1.3227209127887247,1.3464997163526662,1.3204180324198116,0.0780181567920604,0.05707364834808445,p2d,d040
14,reference,frozen_q,clean,gated,cyclic,p2c_capacity,360,0.1,360,360,357,0.7867750334525796,0.8177224286630128,0.7808928862122055,0.09602735822399397,0.038578940969990226,p2d,d040
15,reference,frozen_q,clean,gated,cyclic,p2c_capacity,360,0.1,360,360,359,0.8349598107442818,0.8643621891164196,0.8319646520411654,0.07065906390654804,0.05971956750973535,p2d,d040
16,reference,frozen_q,clean,gated,cyclic,p2c_capacity,360,0.1,360,360,360,0.9944084192086577,1.0165190929793244,0.9915291311177291,0.0756180291860544,0.07991167979077113,p2d,d040
17,reference,frozen_q,clean,gated,cyclic,p2c_capacity,360,0.1,360,360,360,1.1878759231461027,1.2323032925452322,1.1841884997723093,0.09352435937878775,0.040030761311548535,p2d,d040
18,reference,frozen_q,clean,gated,cyclic,p2c_capacity,360,0.1,360,360,360,0.8768749572799818,0.9168980151933358,0.873288552234842,0.07922622823499445,0.06851808391718844,p2d,d040
19,reference,frozen_q,clean,gated,cyclic,p2c_capacity,360,0.1,360,360,359,1.6074194558347408,1.6281615310909832,1.6050607463115671,0.08704773199692979,0.04545295753647125,p2d,d040
0,reference,frozen_q,clean,gated,information,p2c_capacity,360,0.1,360,360,360,1.1246366052267258,1.1420615123493596,1.12324938606238,0.055841834912368084,0.03595825642524108,p2d,d041
1,reference,frozen_q,clean,gated,information,p2c_capacity,360,0.1,360,360,358,0.9227936319243257,0.9426604923381215,0.9202979945025486,0.06782100290230893,0.07121428711120259,p2d,d041
2,reference,frozen_q,clean,gated,information,p2c_capacity,360,0.1,360,360,360,1.2313614523010266,1.2698637963898702,1.228806241065336,0.0792858633791211,0.0449573184869562,p2d,d041
3,reference,frozen_q,clean,gated,information,p2c_capacity,360,0.1,360,360,359,1.4360678707558365,1.4433292592944116,1.4343578074737848,0.07006146984040987,0.04961430751912369,p2d,d041
4,reference,frozen_q,clean,gated,information,p2c_capacity,360,0.1,360,360,359,0.3904140756621351,0.4223630336877789,0.37150583352029903,0.12002735577986888,0.05690062616187074,p2d,d041
5,reference,frozen_q,clean,gated,information,p2c_capacity,360,0.1,360,360,360,1.2018883699746912,1.2241978690115767,1.1979176130131868,0.09761683416915974,0.06853110246221097,p2d,d041
6,reference,frozen_q,clean,gated,information,p2c_capacity,360,0.1,360,360,359,2.343610837711584,2.3870795660048727,2.341403838792446,0.10168491691096189,0.08131972069492303,p2d,d041
7,reference,frozen_q,clean,gated,information,p2c_capacity,360,0.1,360,360,358,0.9425274149169697,0.9640350049195687,0.9405200410575286,0.06148154389091171,0.04750416058770683,p2d,d041
8,reference,frozen_q,clean,gated,information,p2c_capacity,360,0.1,360,360,359,0.5933590753701606,0.613515330741516,0.5880785670009612,0.07898475396067256,0.0242416824656784,p2d,d041
9,reference,frozen_q,clean,gated,information,p2c_capacity,360,0.1,360,360,359,1.3789771773957,1.398715732233539,1.376078888439113,0.08935853943740871,0.05410222645188054,p2d,d041
10,reference,frozen_q,clean,gated,information,p2c_capacity,360,0.1,360,360,359,0.38599152009827575,0.4158144274975773,0.37743575990473055,0.08081893795959069,0.09837854801046991,p2d,d041
11,reference,frozen_q,clean,gated,information,p2c_capacity,360,0.1,360,360,359,0.6251266985093616,0.6519005155400704,0.6197158168293689,0.0820712834109616,0.03329754197464577,p2d,d041
12,reference,frozen_q,clean,gated,information,p2c_capacity,360,0.1,360,360,360,1.0149203173208317,1.0201732158547756,1.0133212791560402,0.056949413694821836,0.05577494424406563,p2d,d041
13,reference,frozen_q,clean,gated,information,p2c_capacity,360,0.1,360,360,360,1.3280894900247615,1.3383355041398923,1.3250627289063406,0.08961282261771117,0.04691922538717468,p2d,d041
14,reference,frozen_q,clean,gated,information,p2c_capacity,360,0.1,360,360,359,0.7864583053635795,0.8124578308781897,0.7804844262392671,0.09675084740360398,0.03760646216304794,p2d,d041
15,reference,frozen_q,clean,gated,information,p2c_capacity,360,0.1,360,360,359,0.8337293754702121,0.846367798201424,0.8309165732560732,0.06842747847418156,0.05031477801827639,p2d,d041
16,reference,frozen_q,clean,gated,information,p2c_capacity,360,0.1,360,360,359,0.9936785101105896,1.0301510605519921,0.9905446926188605,0.07885552219222396,0.06844846067020906,p2d,d041
17,reference,frozen_q,clean,gated,information,p2c_capacity,360,0.1,360,360,358,1.1889421764958772,1.2012040753468016,1.1851922900684289,0.0943543036279013,0.03418898295793578,p2d,d041
18,reference,frozen_q,clean,gated,information,p2c_capacity,360,0.1,360,360,360,0.8726728310629466,0.8952976336550884,0.8702138212523519,0.06546583365999355,0.06079961276421965,p2d,d041
19,reference,frozen_q,clean,gated,information,p2c_capacity,360,0.1,360,360,358,1.6067022834542404,1.6104559939281828,1.604435719739197,0.08531265370409666,0.042305843929378084,p2d,d041
0,reference,frozen_q,clean,gated,uniform,uniform_rounds,360,0.1,360,360,360,1.1251418881385176,1.1446857030774986,1.1233474014287215,0.0635207379305975,0.03817464472542686,p2d,d042
1,reference,frozen_q,clean,gated,uniform,uniform_rounds,360,0.1,360,360,357,0.9252529519706323,0.9412872279724428,0.9226939078843925,0.06876756127272192,0.08715333421186712,p2d,d042
2,reference,frozen_q,clean,gated,uniform,uniform_rounds,360,0.1,360,360,359,1.2256916382080554,1.2422600211824042,1.2229819037875975,0.08145707446999108,0.04163863495750533,p2d,d042
3,reference,frozen_q,clean,gated,uniform,uniform_rounds,360,0.1,360,360,360,1.4428048290029576,1.4636114484381055,1.4408728312668098,0.07464086488928832,0.030450870931982156,p2d,d042
4,reference,frozen_q,clean,gated,uniform,uniform_rounds,360,0.1,360,360,360,0.3913516088493123,0.43995835514314624,0.37066459631359666,0.1255541269278853,0.09525333139421878,p2d,d042
5,reference,frozen_q,clean,gated,uniform,uniform_rounds,360,0.1,360,360,360,1.2025629862814444,1.234023866369593,1.1986886363359366,0.09645355925645442,0.08677040513875353,p2d,d042
6,reference,frozen_q,clean,gated,uniform,uniform_rounds,360,0.1,360,360,357,2.347717992209029,2.3728408507944816,2.3457409115564314,0.09632936619950423,0.08018009843645199,p2d,d042
7,reference,frozen_q,clean,gated,uniform,uniform_rounds,360,0.1,360,360,360,0.9413080213048147,0.9460531399901592,0.9392979069303221,0.061483599513214464,0.06523956076428053,p2d,d042
8,reference,frozen_q,clean,gated,uniform,uniform_rounds,360,0.1,360,360,358,0.594584033879559,0.6011087419748729,0.5884375964081743,0.08527231952901954,0.02804726900319206,p2d,d042
9,reference,frozen_q,clean,gated,uniform,uniform_rounds,360,0.1,360,360,360,1.37904717583995,1.4175710307098912,1.3753121937438046,0.10142722973514495,0.05022905327801753,p2d,d042
10,reference,frozen_q,clean,gated,uniform,uniform_rounds,360,0.1,360,360,359,0.3921134053919912,0.4428659950569884,0.3797853021082812,0.09755022803984414,0.10268027568639713,p2d,d042
11,reference,frozen_q,clean,gated,uniform,uniform_rounds,360,0.1,360,360,359,0.6282623594165293,0.6612473662199246,0.6219517931385135,0.08882319106749044,0.04914725783247183,p2d,d042
12,reference,frozen_q,clean,gated,uniform,uniform_rounds,360,0.1,360,360,358,1.0100042160407594,1.0285489398080032,1.0077769224344828,0.06703872782646798,0.06382108673038096,p2d,d042
13,reference,frozen_q,clean,gated,uniform,uniform_rounds,360,0.1,360,360,360,1.3285544536446965,1.359698533299443,1.324604399481672,0.1023724629622465,0.05156007602010682,p2d,d042
14,reference,frozen_q,clean,gated,uniform,uniform_rounds,360,0.1,360,360,360,0.7881535823124497,0.8031698328768397,0.7815545655262834,0.10177686582406566,0.04744857011542761,p2d,d042
15,reference,frozen_q,clean,gated,uniform,uniform_rounds,360,0.1,360,360,358,0.8354121529582039,0.8530949672326791,0.8300411053077998,0.0945792197560726,0.06830460212475782,p2d,d042
16,reference,frozen_q,clean,gated,uniform,uniform_rounds,360,0.1,360,360,360,0.9957364328448433,1.0110823054463234,0.992581151878117,0.07920669561901485,0.07613144392779532,p2d,d042
17,reference,frozen_q,clean,gated,uniform,uniform_rounds,360,0.1,360,360,359,1.1848453889794148,1.2066931309319804,1.1814191500403426,0.09004103344439772,0.028793121058237447,p2d,d042
18,reference,frozen_q,clean,gated,uniform,uniform_rounds,360,0.1,360,360,357,0.8761821922475123,0.8957250441650185,0.8729905553799131,0.0747176299753089,0.06602073987252494,p2d,d042
19,reference,frozen_q,clean,gated,uniform,uniform_rounds,360,0.1,360,360,359,1.606405046976932,1.6434526221890635,1.6039456616479442,0.0888565666323988,0.04408219390078419,p2d,d042
0,reference,frozen_q,clean,naive,all_pairs,full_10hz,3600,1.0,3600,3600,3600,1.1295994103531903,1.135764349453464,1.1288262604314643,0.041786380922393056,0.049550599800027774,"p2b,p2e,p2a",d043
1,reference,frozen_q,clean,naive,all_pairs,full_10hz,3600,1.0,3600,3600,3600,0.9183662898749053,0.9298504669269777,0.9174557845575044,0.04088429723711261,0.07864278658315384,"p2b,p2e,p2a",d043
2,reference,frozen_q,clean,naive,all_pairs,full_10hz,3600,1.0,3600,3600,3600,1.2239417623052418,1.2376349083517624,1.2227581348338494,0.053814321630085205,0.04714801942208007,"p2b,p2e,p2a",d043
3,reference,frozen_q,clean,naive,all_pairs,full_10hz,3600,1.0,3600,3600,3600,1.4368324482842492,1.4535449854051883,1.4363026824380813,0.0390139572932815,0.0535622682446404,"p2b,p2e,p2a",d043
4,reference,frozen_q,clean,naive,all_pairs,full_10hz,3600,1.0,3600,3600,3600,0.37220399928958203,0.3947512649253463,0.36782005994440625,0.05695805991826396,0.05476838197286243,"p2b,p2e,p2a",d043
5,reference,frozen_q,clean,naive,all_pairs,full_10hz,3600,1.0,3600,3600,3600,1.2015818494111983,1.2238060119121998,1.2003723934938901,0.053898587849640044,0.0693498237673839,"p2b,p2e,p2a",d043
6,reference,frozen_q,clean,naive,all_pairs,full_10hz,3600,1.0,3600,3600,3600,2.342916287760051,2.3510351599012496,2.342479900475206,0.04521777660398121,0.06720688980891064,"p2b,p2e,p2a",d043
7,reference,frozen_q,clean,naive,all_pairs,full_10hz,3600,1.0,3600,3600,3600,0.9372309234909741,0.942269542096715,0.9366266736339813,0.033649341525315596,0.06201325776140573,"p2b,p2e,p2a",d043
8,reference,frozen_q,clean,naive,all_pairs,full_10hz,3600,1.0,3600,3600,3600,0.5941076396655367,0.6068033450054136,0.592606777247172,0.04220302204434869,0.035977627324875486,"p2b,p2e,p2a",d043
9,reference,frozen_q,clean,naive,all_pairs,full_10hz,3600,1.0,3600,3600,3600,1.3776485880340348,1.394164103380363,1.3766698198255942,0.05192147237449484,0.05364720335639585,"p2b,p2e,p2a",d043
10,reference,frozen_q,clean,naive,all_pairs,full_10hz,3600,1.0,3600,3600,3600,0.38145222247186855,0.395193156227109,0.3788544870689771,0.044441823279768145,0.10091472542540088,"p2b,p2e,p2a",d043
11,reference,frozen_q,clean,naive,all_pairs,full_10hz,3600,1.0,3600,3600,3600,0.6214948182071863,0.6354360818849119,0.6196236182739686,0.048191085643082505,0.04933067735762776,"p2b,p2e,p2a",d043
12,reference,frozen_q,clean,naive,all_pairs,full_10hz,3600,1.0,3600,3600,3600,1.0165046135395475,1.022404024165087,1.0160350469438622,0.030893570997358708,0.04973010262963902,"p2b,p2e,p2a",d043
13,reference,frozen_q,clean,naive,all_pairs,full_10hz,3600,1.0,3600,3600,3600,1.3291824719982204,1.3414996096161227,1.3284956286922303,0.042724798571035665,0.05586637670875917,"p2b,p2e,p2a",d043
14,reference,frozen_q,clean,naive,all_pairs,full_10hz,3600,1.0,3600,3600,3600,0.7838608781334855,0.8062604639814844,0.7809006003693677,0.06805974295396806,0.04546878582873715,"p2b,p2e,p2a",d043
15,reference,frozen_q,clean,naive,all_pairs,full_10hz,3600,1.0,3600,3600,3600,0.8338895002694479,0.8345485764106609,0.8332709833577049,0.032111788391696684,0.057101997225199715,"p2b,p2e,p2a",d043
16,reference,frozen_q,clean,naive,all_pairs,full_10hz,3600,1.0,3600,3600,3600,0.993259307365962,1.0011557671149072,0.992323830893105,0.04309833303902413,0.07073021437205472,"p2b,p2e,p2a",d043
17,reference,frozen_q,clean,naive,all_pairs,full_10hz,3600,1.0,3600,3600,3600,1.183811859604837,1.1995384698559721,1.1829437787705301,0.04532698102853514,0.03564139124580658,"p2b,p2e,p2a",d043
18,reference,frozen_q,clean,naive,all_pairs,full_10hz,3600,1.0,3600,3600,3600,0.870187824578735,0.8777061019323578,0.8692528136124776,0.04032860116421923,0.06479902851913405,"p2b,p2e,p2a",d043
19,reference,frozen_q,clean,naive,all_pairs,full_10hz,3600,1.0,3600,3600,3600,1.604539950147931,1.62780361170368,1.603516539212863,0.05729886640701098,0.04419026733155008,"p2b,p2e,p2a",d043
0,reference,frozen_q,clean,naive,cyclic,p2c_capacity,180,0.05,180,180,180,1.1305653996717477,1.1499118391715337,1.127192395176655,0.08726641502235905,0.050713792583091576,"p2c,p2e",d044
1,reference,frozen_q,clean,naive,cyclic,p2c_capacity,180,0.05,180,180,180,0.9317964605536123,0.9714207621804165,0.9254286451354591,0.10874955936916704,0.08752556270297025,"p2c,p2e",d044
2,reference,frozen_q,clean,naive,cyclic,p2c_capacity,180,0.05,180,180,180,1.2305138861913658,1.2404332605610984,1.2249858766413912,0.11650762266435741,0.043224288186877007,"p2c,p2e",d044
3,reference,frozen_q,clean,naive,cyclic,p2c_capacity,180,0.05,180,180,180,1.4432015760312036,1.4990477280817611,1.4392760706444911,0.10637284206555432,0.04322851223600814,"p2c,p2e",d044
4,reference,frozen_q,clean,naive,cyclic,p2c_capacity,180,0.05,180,180,180,0.39925241237102194,0.46422894166703177,0.3667721170780565,0.15773618138575882,0.06206464224800956,"p2c,p2e",d044
5,reference,frozen_q,clean,naive,cyclic,p2c_capacity,180,0.05,180,180,180,1.2054320458198906,1.223546137714977,1.200361802955936,0.11044437103764829,0.07998735424025649,"p2c,p2e",d044
6,reference,frozen_q,clean,naive,cyclic,p2c_capacity,180,0.05,180,180,180,2.3422688607202926,2.3827511837942947,2.339611067341487,0.11155030019306873,0.07808824089064718,"p2c,p2e",d044
7,reference,frozen_q,clean,naive,cyclic,p2c_capacity,180,0.05,180,180,180,0.9468413796069198,1.0302713419509468,0.9389234343866679,0.12219403625169238,0.06927750757323285,"p2c,p2e",d044
8,reference,frozen_q,clean,naive,cyclic,p2c_capacity,180,0.05,180,180,180,0.5955828101143691,0.6500161328732845,0.5867000560399008,0.10247891464348063,0.04070468273330149,"p2c,p2e",d044
9,reference,frozen_q,clean,naive,cyclic,p2c_capacity,180,0.05,180,180,180,1.3785275945307836,1.4206157998066924,1.3749400285509168,0.09938936950817409,0.05418165295981047,"p2c,p2e",d044
10,reference,frozen_q,clean,naive,cyclic,p2c_capacity,180,0.05,180,180,180,0.3902079608616792,0.4070153030749085,0.3791987724745108,0.09203555657273961,0.08779142986174063,"p2c,p2e",d044
11,reference,frozen_q,clean,naive,cyclic,p2c_capacity,180,0.05,180,180,180,0.6358542467485561,0.668437600987916,0.6269462210378293,0.10606158133159697,0.05403843705329785,"p2c,p2e",d044
12,reference,frozen_q,clean,naive,cyclic,p2c_capacity,180,0.05,180,180,180,1.01293578342961,1.049628302858459,1.0085434543376033,0.09422845676828495,0.06175448717764738,"p2c,p2e",d044
13,reference,frozen_q,clean,naive,cyclic,p2c_capacity,180,0.05,180,180,180,1.323443737452477,1.3787145883960914,1.3190105518931499,0.10823349849611572,0.06149300840303053,"p2c,p2e",d044
14,reference,frozen_q,clean,naive,cyclic,p2c_capacity,180,0.05,180,180,180,0.7930026322262491,0.8185008953297264,0.7819559539159623,0.1319017090607141,0.03694526080221626,"p2c,p2e",d044
15,reference,frozen_q,clean,naive,cyclic,p2c_capacity,180,0.05,180,180,180,0.8425783704466919,0.8566282001229258,0.8364310687903956,0.10159418047683295,0.06884649148516415,"p2c,p2e",d044
16,reference,frozen_q,clean,naive,cyclic,p2c_capacity,180,0.05,180,180,180,0.9973521199936906,1.0242337226649585,0.9923775202797781,0.09948923810778477,0.07440372021621855,"p2c,p2e",d044
17,reference,frozen_q,clean,naive,cyclic,p2c_capacity,180,0.05,180,180,180,1.1975735880238765,1.2092067878686055,1.1917779441949938,0.1176768051178139,0.041475927118589585,"p2c,p2e",d044
18,reference,frozen_q,clean,naive,cyclic,p2c_capacity,180,0.05,180,180,180,0.8721174645132136,0.8962371011741781,0.8666942615130564,0.09710782136004428,0.04505971383337253,"p2c,p2e",d044
19,reference,frozen_q,clean,naive,cyclic,p2c_capacity,180,0.05,180,180,180,1.6081130724657235,1.6386811781341712,1.6036708058173679,0.11944706109496273,0.03998129718742869,"p2c,p2e",d044
0,reference,frozen_q,clean,naive,cyclic,p2c_capacity,360,0.1,360,360,360,1.125631747174536,1.13501721491629,1.1225539220377942,0.08318366645420618,0.03483578711628007,"p2c,p2d,p2e",d045
1,reference,frozen_q,clean,naive,cyclic,p2c_capacity,360,0.1,360,360,360,0.9299850280462881,0.9476509680723133,0.9265984902924782,0.07929306513154563,0.10037880945478404,"p2c,p2d,p2e",d045
2,reference,frozen_q,clean,naive,cyclic,p2c_capacity,360,0.1,360,360,360,1.2289760077002214,1.2432754796717573,1.225811816901189,0.08813295097851186,0.05537252592525684,"p2c,p2d,p2e",d045
3,reference,frozen_q,clean,naive,cyclic,p2c_capacity,360,0.1,360,360,360,1.4406637212329687,1.4676818468372552,1.4391704465479391,0.06557730903163819,0.02873095687214066,"p2c,p2d,p2e",d045
4,reference,frozen_q,clean,naive,cyclic,p2c_capacity,360,0.1,360,360,360,0.39338940027979985,0.4368508317458785,0.37140293737438845,0.12967296696758593,0.07406299576181234,"p2c,p2d,p2e",d045
5,reference,frozen_q,clean,naive,cyclic,p2c_capacity,360,0.1,360,360,360,1.2026663701870806,1.2493979942056088,1.199281090734265,0.09017351820906065,0.06530963546443945,"p2c,p2d,p2e",d045
6,reference,frozen_q,clean,naive,cyclic,p2c_capacity,360,0.1,360,360,360,2.3417169007121688,2.354597179008601,2.3395433907380743,0.1008700447843675,0.06715938865791472,"p2c,p2d,p2e",d045
7,reference,frozen_q,clean,naive,cyclic,p2c_capacity,360,0.1,360,360,360,0.9429591697728238,0.9518490778327838,0.9404343462159067,0.06895822152661378,0.07620656004608325,"p2c,p2d,p2e",d045
8,reference,frozen_q,clean,naive,cyclic,p2c_capacity,360,0.1,360,360,360,0.5950548271556779,0.6157530329484263,0.5908434272623763,0.07067030339628387,0.03089013256180793,"p2c,p2d,p2e",d045
9,reference,frozen_q,clean,naive,cyclic,p2c_capacity,360,0.1,360,360,360,1.3759579603796885,1.3958480778351252,1.373508035811602,0.08207304242676963,0.06753856488411478,"p2c,p2d,p2e",d045
10,reference,frozen_q,clean,naive,cyclic,p2c_capacity,360,0.1,360,360,360,0.3906447374741911,0.42204033506616084,0.3821750715158188,0.08090442279726401,0.08198050076742511,"p2c,p2d,p2e",d045
11,reference,frozen_q,clean,naive,cyclic,p2c_capacity,360,0.1,360,360,360,0.6243368780625779,0.6415375702300418,0.6209088247115887,0.06533581486596751,0.03921614289037022,"p2c,p2d,p2e",d045
12,reference,frozen_q,clean,naive,cyclic,p2c_capacity,360,0.1,360,360,360,1.01531276891956,1.0225821550028176,1.0135908376906513,0.05910695797169163,0.048640678141684206,"p2c,p2d,p2e",d045
13,reference,frozen_q,clean,naive,cyclic,p2c_capacity,360,0.1,360,360,360,1.3227209127887247,1.3464997163526662,1.3204180324198116,0.0780181567920604,0.05707364834808445,"p2c,p2d,p2e",d045
14,reference,frozen_q,clean,naive,cyclic,p2c_capacity,360,0.1,360,360,360,0.7873125016956992,0.8178999105531102,0.780960607821117,0.09980733619334721,0.04115991759519701,"p2c,p2d,p2e",d045
15,reference,frozen_q,clean,naive,cyclic,p2c_capacity,360,0.1,360,360,360,0.8351837773197426,0.8734750019957035,0.8321539060207265,0.07107614643831936,0.05994631348862908,"p2c,p2d,p2e",d045
16,reference,frozen_q,clean,naive,cyclic,p2c_capacity,360,0.1,360,360,360,0.9944084192086577,1.0165190929793244,0.9915291311177291,0.0756180291860544,0.07991167979077113,"p2c,p2d,p2e",d045
17,reference,frozen_q,clean,naive,cyclic,p2c_capacity,360,0.1,360,360,360,1.1878759231461027,1.2323032925452322,1.1841884997723093,0.09352435937878775,0.040030761311548535,"p2c,p2d,p2e",d045
18,reference,frozen_q,clean,naive,cyclic,p2c_capacity,360,0.1,360,360,360,0.8768749572799818,0.9168980151933358,0.873288552234842,0.07922622823499445,0.06851808391718844,"p2c,p2d,p2e",d045
19,reference,frozen_q,clean,naive,cyclic,p2c_capacity,360,0.1,360,360,360,1.6074539441202111,1.6230275889255927,1.6050576795981601,0.0877384045363979,0.044147314096952356,"p2c,p2d,p2e",d045
0,reference,frozen_q,clean,naive,cyclic,p2c_capacity,720,0.2,720,720,720,1.1334103566974296,1.1557305361232835,1.1304456939121967,0.08192417094098066,0.0584641779748562,"p2c,p2e",d046
1,reference,frozen_q,clean,naive,cyclic,p2c_capacity,720,0.2,720,720,720,0.9219472830888391,0.9407562169291867,0.9200033714951938,0.05983802497048587,0.09568949712236642,"p2c,p2e",d046
2,reference,frozen_q,clean,naive,cyclic,p2c_capacity,720,0.2,720,720,720,1.2232044166690126,1.2392433941285779,1.220343536180343,0.08361039804615078,0.044547218598550396,"p2c,p2e",d046
3,reference,frozen_q,clean,naive,cyclic,p2c_capacity,720,0.2,720,720,720,1.444127940245338,1.4708291010513463,1.442069554648404,0.07707728169439265,0.052746872919715526,"p2c,p2e",d046
4,reference,frozen_q,clean,naive,cyclic,p2c_capacity,720,0.2,720,720,720,0.37917273272944385,0.39405558119512285,0.3695515781538573,0.08487397910730791,0.06707488495693582,"p2c,p2e",d046
5,reference,frozen_q,clean,naive,cyclic,p2c_capacity,720,0.2,720,720,720,1.1999943677829499,1.209761361754359,1.1983867660973908,0.062093812521370736,0.06340863573136175,"p2c,p2e",d046
6,reference,frozen_q,clean,naive,cyclic,p2c_capacity,720,0.2,720,720,720,2.33862762699949,2.352316503145921,2.3375639665337253,0.07052574089212559,0.06365705965249466,"p2c,p2e",d046
7,reference,frozen_q,clean,naive,cyclic,p2c_capacity,720,0.2,720,720,720,0.9402705654488154,0.9710113854538183,0.9377760393790608,0.06844586339551335,0.07391101260097012,"p2c,p2e",d046
8,reference,frozen_q,clean,naive,cyclic,p2c_capacity,720,0.2,720,720,720,0.5933601752916396,0.6148177768208091,0.5902009213180108,0.06114875385072443,0.03311116826515426,"p2c,p2e",d046
9,reference,frozen_q,clean,naive,cyclic,p2c_capacity,720,0.2,720,720,720,1.379382246838823,1.3959500317947209,1.3773620929647121,0.07462605280990797,0.049723738973621395,"p2c,p2e",d046
10,reference,frozen_q,clean,naive,cyclic,p2c_capacity,720,0.2,720,720,720,0.3889437496663455,0.40603842416751,0.3853353134896876,0.05285770125838849,0.07517916915538013,"p2c,p2e",d046
11,reference,frozen_q,clean,naive,cyclic,p2c_capacity,720,0.2,720,720,720,0.6243648062640733,0.6449770448494493,0.6222116943671484,0.051807515805488945,0.044457940833893976,"p2c,p2e",d046
12,reference,frozen_q,clean,naive,cyclic,p2c_capacity,720,0.2,720,720,720,1.0153739043646124,1.0240030918549687,1.0140129868132892,0.05255309922953418,0.059926865227572554,"p2c,p2e",d046
13,reference,frozen_q,clean,naive,cyclic,p2c_capacity,720,0.2,720,720,720,1.3310397360944606,1.3393383783687085,1.3287243345198516,0.07847561351903656,0.050625221629747606,"p2c,p2e",d046
14,reference,frozen_q,clean,naive,cyclic,p2c_capacity,720,0.2,720,720,720,0.7897210563846441,0.8081597860954519,0.7837064665962175,0.09728063071624368,0.04885240382270397,"p2c,p2e",d046
15,reference,frozen_q,clean,naive,cyclic,p2c_capacity,720,0.2,720,720,720,0.8316610057096604,0.8444871403387356,0.8296380035669092,0.057972506031023205,0.05494739386815032,"p2c,p2e",d046
16,reference,frozen_q,clean,naive,cyclic,p2c_capacity,720,0.2,720,720,720,0.9910056601687792,0.9984149556185463,0.9898207736268417,0.048446409395521084,0.05654819418598712,"p2c,p2e",d046
17,reference,frozen_q,clean,naive,cyclic,p2c_capacity,720,0.2,720,720,720,1.1885328554283465,1.2021840056001754,1.1869055223433105,0.06217418647326094,0.02844816967603751,"p2c,p2e",d046
18,reference,frozen_q,clean,naive,cyclic,p2c_capacity,720,0.2,720,720,720,0.8720645883077748,0.885832270067014,0.8701914921487718,0.057126291427879554,0.06091685715004699,"p2c,p2e",d046
19,reference,frozen_q,clean,naive,cyclic,p2c_capacity,720,0.2,720,720,720,1.6014278224138458,1.6122842451573285,1.5987939701977398,0.09180910227478073,0.03630811942283305,"p2c,p2e",d046
0,reference,frozen_q,clean,naive,geometry,p2c_capacity,180,0.05,180,180,180,1.1237725082593388,1.1332240048728435,1.1200061255719396,0.09192893451366954,0.047178205873255497,p2c,d047
1,reference,frozen_q,clean,naive,geometry,p2c_capacity,180,0.05,180,180,180,0.9285876399024602,0.9552461450208567,0.9237910726258618,0.09426059153421848,0.08229073163995358,p2c,d047
2,reference,frozen_q,clean,naive,geometry,p2c_capacity,180,0.05,180,180,180,1.2256045546929948,1.2719852357020225,1.2192996511155272,0.1241566964515703,0.03821501061609517,p2c,d047
3,reference,frozen_q,clean,naive,geometry,p2c_capacity,180,0.05,180,180,180,1.4460234349517076,1.4608377467556357,1.4430575126507674,0.09256775686877032,0.03955285885891354,p2c,d047
4,reference,frozen_q,clean,naive,geometry,p2c_capacity,180,0.05,180,180,180,0.40088168152130105,0.4656469956986308,0.3659556656347462,0.1636538217371527,0.06607475901492765,p2c,d047
5,reference,frozen_q,clean,naive,geometry,p2c_capacity,180,0.05,180,180,180,1.2078203669986796,1.2259864488338414,1.2028347409760944,0.1096294889060292,0.07158549447178561,p2c,d047
6,reference,frozen_q,clean,naive,geometry,p2c_capacity,180,0.05,180,180,180,2.34336337434485,2.3664532097856057,2.3405720109330836,0.11434406787211668,0.06984870458575335,p2c,d047
7,reference,frozen_q,clean,naive,geometry,p2c_capacity,180,0.05,180,180,180,0.9453467970152136,0.9556596431160147,0.940577798145204,0.09483655552181933,0.04580019770221675,p2c,d047
8,reference,frozen_q,clean,naive,geometry,p2c_capacity,180,0.05,180,180,180,0.5990470142587692,0.6094200673337015,0.5905436596129798,0.10057589862017108,0.0241576116845594,p2c,d047
9,reference,frozen_q,clean,naive,geometry,p2c_capacity,180,0.05,180,180,180,1.3799007397877503,1.4367409567575167,1.3753219619956778,0.11231897666529699,0.061089271787296964,p2c,d047
10,reference,frozen_q,clean,naive,geometry,p2c_capacity,180,0.05,180,180,180,0.4014845700231321,0.4482134986852324,0.3813825177480096,0.12544813718365208,0.06624287522397035,p2c,d047
11,reference,frozen_q,clean,naive,geometry,p2c_capacity,180,0.05,180,180,180,0.6321966972200069,0.6760305008123019,0.6239391593495348,0.10184591010973881,0.04552058918376196,p2c,d047
12,reference,frozen_q,clean,naive,geometry,p2c_capacity,180,0.05,180,180,180,1.0168574634116572,1.0283199938669432,1.014078632043137,0.07512409020753615,0.05111355347299506,p2c,d047
13,reference,frozen_q,clean,naive,geometry,p2c_capacity,180,0.05,180,180,180,1.323283967633513,1.338601111325879,1.3203493378930913,0.0880799916051789,0.05486189032956865,p2c,d047
14,reference,frozen_q,clean,naive,geometry,p2c_capacity,180,0.05,180,180,180,0.7984686394960671,0.8431817922817252,0.7860157962805426,0.1404682749099052,0.04854441199336761,p2c,d047
15,reference,frozen_q,clean,naive,geometry,p2c_capacity,180,0.05,180,180,180,0.8413637650359348,0.8527438233720241,0.834070317110902,0.110542712242658,0.06026281113039207,p2c,d047
16,reference,frozen_q,clean,naive,geometry,p2c_capacity,180,0.05,180,180,180,0.9932616225339354,1.0216326848972757,0.9898072627942781,0.08276613630250493,0.06440587973913156,p2c,d047
17,reference,frozen_q,clean,naive,geometry,p2c_capacity,180,0.05,180,180,180,1.1902195596865168,1.214424017120111,1.1858687317437893,0.10167571653419898,0.03874398902739549,p2c,d047
18,reference,frozen_q,clean,naive,geometry,p2c_capacity,180,0.05,180,180,180,0.8713396367177448,0.9003882036861706,0.8656547715453917,0.0993709163493377,0.04183835190040039,p2c,d047
19,reference,frozen_q,clean,naive,geometry,p2c_capacity,180,0.05,180,180,180,1.6011828720628045,1.6161176579986432,1.5974577451049523,0.10915742023102568,0.050638224218984736,p2c,d047
0,reference,frozen_q,clean,naive,geometry,p2c_capacity,360,0.1,360,360,360,1.1287814481997576,1.1483190928790912,1.1266926572281868,0.06863828339949533,0.04082300639647703,p2c,d048
1,reference,frozen_q,clean,naive,geometry,p2c_capacity,360,0.1,360,360,360,0.9227774847909271,0.9381565908366203,0.9203870796135154,0.06637703004484584,0.07966442256526295,p2c,d048
2,reference,frozen_q,clean,naive,geometry,p2c_capacity,360,0.1,360,360,360,1.2236026265765616,1.2601440502617036,1.2198816800514616,0.09535236987030811,0.03878868998606924,p2c,d048
3,reference,frozen_q,clean,naive,geometry,p2c_capacity,360,0.1,360,360,360,1.4406066488008196,1.4561224716485375,1.4391463037117327,0.06484931057447418,0.034793166908454645,p2c,d048
4,reference,frozen_q,clean,naive,geometry,p2c_capacity,360,0.1,360,360,360,0.38832475351922574,0.4138500913887741,0.370379182076038,0.11668494196104538,0.06541957690313875,p2c,d048
5,reference,frozen_q,clean,naive,geometry,p2c_capacity,360,0.1,360,360,360,1.1987393742083488,1.22400616138242,1.1952023871032944,0.09201815657798414,0.06152556860479485,p2c,d048
6,reference,frozen_q,clean,naive,geometry,p2c_capacity,360,0.1,360,360,360,2.347108386619316,2.3659927298765875,2.345565640627828,0.08508586277929098,0.0636688145933853,p2c,d048
7,reference,frozen_q,clean,naive,geometry,p2c_capacity,360,0.1,360,360,360,0.9400385392989763,0.9768372976665234,0.9362936632804982,0.08382500502915623,0.06232662702327399,p2c,d048
8,reference,frozen_q,clean,naive,geometry,p2c_capacity,360,0.1,360,360,360,0.5931358363559044,0.6356470506961392,0.5861812363936892,0.09056311870504466,0.05048682764990333,p2c,d048
9,reference,frozen_q,clean,naive,geometry,p2c_capacity,360,0.1,360,360,360,1.380574036280265,1.4167840244688839,1.375321457772273,0.12031441078412844,0.05807234859361755,p2c,d048
10,reference,frozen_q,clean,naive,geometry,p2c_capacity,360,0.1,360,360,360,0.39409316848018744,0.4226293398055344,0.3844423288973466,0.08668056988009361,0.07659305408064697,p2c,d048
11,reference,frozen_q,clean,naive,geometry,p2c_capacity,360,0.1,360,360,360,0.6306021459239384,0.6543618131660143,0.6239052802015446,0.09165842994786787,0.051385918970058654,p2c,d048
12,reference,frozen_q,clean,naive,geometry,p2c_capacity,360,0.1,360,360,360,1.0162079171154872,1.0301483638570326,1.0142791001246034,0.06258144979641896,0.04728466554578446,p2c,d048
13,reference,frozen_q,clean,naive,geometry,p2c_capacity,360,0.1,360,360,360,1.3281347293444254,1.3631471714826322,1.3257740777675835,0.07915146246471655,0.053310123351241634,p2c,d048
14,reference,frozen_q,clean,naive,geometry,p2c_capacity,360,0.1,360,360,360,0.7892489892234338,0.8256999058396417,0.782977353672811,0.09929970103547024,0.042794241316790396,p2c,d048
15,reference,frozen_q,clean,naive,geometry,p2c_capacity,360,0.1,360,360,360,0.8333441446553654,0.8457266111554124,0.8294041520691698,0.08093958216969079,0.05698627820251862,p2c,d048
16,reference,frozen_q,clean,naive,geometry,p2c_capacity,360,0.1,360,360,360,0.994807860883573,1.0135709315576906,0.9923181676125835,0.07033728955365691,0.0691534277133875,p2c,d048
17,reference,frozen_q,clean,naive,geometry,p2c_capacity,360,0.1,360,360,360,1.1850900172128562,1.207112201579396,1.1808023660153018,0.10071802872491548,0.03637414087283649,p2c,d048
18,reference,frozen_q,clean,naive,geometry,p2c_capacity,360,0.1,360,360,360,0.8768769516730323,0.8916295179657066,0.8745720718405691,0.06353644254979841,0.06296506592544376,p2c,d048
19,reference,frozen_q,clean,naive,geometry,p2c_capacity,360,0.1,360,360,360,1.6022972155795117,1.6217695717656246,1.5999145719656638,0.08734832262718444,0.04650309255939705,p2c,d048
0,reference,frozen_q,clean,naive,geometry,p2c_capacity,720,0.2,720,720,720,1.1277466003872374,1.138027085145255,1.1261484434034705,0.060017315042507284,0.040916824904523655,p2c,d049
1,reference,frozen_q,clean,naive,geometry,p2c_capacity,720,0.2,720,720,720,0.923782840021025,0.9442929646862507,0.9215127980150674,0.06472170124272301,0.0944887570671969,p2c,d049
2,reference,frozen_q,clean,naive,geometry,p2c_capacity,720,0.2,720,720,720,1.2264103017572292,1.2480069012089945,1.2243594086039382,0.0708961692848958,0.05534717549658546,p2c,d049
3,reference,frozen_q,clean,naive,geometry,p2c_capacity,720,0.2,720,720,720,1.4391085208692804,1.4808171541796622,1.4373150399831076,0.07182486113405115,0.03955649370455426,p2c,d049
4,reference,frozen_q,clean,naive,geometry,p2c_capacity,720,0.2,720,720,720,0.37891622141922554,0.4079554271362586,0.36788037941871427,0.09078286894214327,0.06228405312115122,p2c,d049
5,reference,frozen_q,clean,naive,geometry,p2c_capacity,720,0.2,720,720,720,1.2016359238575425,1.2260573193465618,1.199231027219646,0.07598576747445739,0.0700618464753941,p2c,d049
6,reference,frozen_q,clean,naive,geometry,p2c_capacity,720,0.2,720,720,720,2.346380927394132,2.3639186835482273,2.3455674006930773,0.061782078670667345,0.07760526401060491,p2c,d049
7,reference,frozen_q,clean,naive,geometry,p2c_capacity,720,0.2,720,720,720,0.9397262040899,0.9448195439692186,0.938345182911133,0.05092795264571927,0.06724240841091696,p2c,d049
8,reference,frozen_q,clean,naive,geometry,p2c_capacity,720,0.2,720,720,720,0.5998867478757237,0.6121852023563925,0.5972103476423938,0.056603100142688594,0.03770108233889315,p2c,d049
9,reference,frozen_q,clean,naive,geometry,p2c_capacity,720,0.2,720,720,720,1.3768998868589688,1.4136209628746794,1.3746133132858593,0.0793192118563571,0.047600074209472064,p2c,d049
10,reference,frozen_q,clean,naive,geometry,p2c_capacity,720,0.2,720,720,720,0.38128620668861185,0.3920273447217058,0.3779303513979011,0.05047594380742017,0.09636502564457937,p2c,d049
11,reference,frozen_q,clean,naive,geometry,p2c_capacity,720,0.2,720,720,720,0.6271618241345644,0.6432934150747304,0.6234867895248201,0.06779510999937204,0.060631576095328994,p2c,d049
12,reference,frozen_q,clean,naive,geometry,p2c_capacity,720,0.2,720,720,720,1.0180584842931508,1.0287944852566102,1.015995030753268,0.0647856073980488,0.044347258617366526,p2c,d049
13,reference,frozen_q,clean,naive,geometry,p2c_capacity,720,0.2,720,720,720,1.3246292939791862,1.3442072760030483,1.3230528250867382,0.06460641220341819,0.05272045554378362,p2c,d049
14,reference,frozen_q,clean,naive,geometry,p2c_capacity,720,0.2,720,720,720,0.7878849308429603,0.8105749503368757,0.7829852396061067,0.08773128751126431,0.041001033920680156,p2c,d049
15,reference,frozen_q,clean,naive,geometry,p2c_capacity,720,0.2,720,720,720,0.8386149162997127,0.8512743394004045,0.8365903509992338,0.05823712265688362,0.06242167922268124,p2c,d049
16,reference,frozen_q,clean,naive,geometry,p2c_capacity,720,0.2,720,720,720,0.9982263175046808,1.0181401077446743,0.9962584857847437,0.06264830772531207,0.09041774890069737,p2c,d049
17,reference,frozen_q,clean,naive,geometry,p2c_capacity,720,0.2,720,720,720,1.1861501170966697,1.1966313190822304,1.1843674760465155,0.06500601488823633,0.04111563872422112,p2c,d049
18,reference,frozen_q,clean,naive,geometry,p2c_capacity,720,0.2,720,720,720,0.8710758349058119,0.8958802922919404,0.8685523168391853,0.06625694733490634,0.06618471178014089,p2c,d049
19,reference,frozen_q,clean,naive,geometry,p2c_capacity,720,0.2,720,720,720,1.6023722293594096,1.6414491187505886,1.600626004106895,0.07478740802460339,0.04780199228727992,p2c,d049
0,reference,frozen_q,clean,naive,information,p2c_capacity,180,0.05,180,180,180,1.133496939642291,1.156245814080158,1.1270531020200163,0.12069224252410707,0.040325909240611794,p2c,d050
1,reference,frozen_q,clean,naive,information,p2c_capacity,180,0.05,180,180,180,0.9267811904365021,0.9449540263760848,0.9212275753381483,0.10130710430910786,0.08093659303530333,p2c,d050
2,reference,frozen_q,clean,naive,information,p2c_capacity,180,0.05,180,180,180,1.2281193827955939,1.2703259778822062,1.2223213852611867,0.11919584527744209,0.04937829835404144,p2c,d050
3,reference,frozen_q,clean,naive,information,p2c_capacity,180,0.05,180,180,180,1.4439826574370123,1.4583130905847919,1.4412846480983912,0.08822968964442918,0.03547175452133777,p2c,d050
4,reference,frozen_q,clean,naive,information,p2c_capacity,180,0.05,180,180,180,0.40057626436569105,0.4495514532838229,0.3699212565963642,0.1536867186562941,0.06047818345401134,p2c,d050
5,reference,frozen_q,clean,naive,information,p2c_capacity,180,0.05,180,180,180,1.2014439423240741,1.235420020934086,1.1972695804263684,0.10006547023264753,0.07017982258793407,p2c,d050
6,reference,frozen_q,clean,naive,information,p2c_capacity,180,0.05,180,180,180,2.3439707388338102,2.379156963696452,2.340869850297227,0.12052870396115163,0.06913048556062047,p2c,d050
7,reference,frozen_q,clean,naive,information,p2c_capacity,180,0.05,180,180,180,0.9491740831867955,0.9704859902736803,0.9437192399787371,0.10161415397201606,0.03739876056673454,p2c,d050
8,reference,frozen_q,clean,naive,information,p2c_capacity,180,0.05,180,180,180,0.6029473880491387,0.6370766345272569,0.5937268497337126,0.10504275634502443,0.03581473184113353,p2c,d050
9,reference,frozen_q,clean,naive,information,p2c_capacity,180,0.05,180,180,180,1.3855460507483033,1.3992827245629977,1.382020347037852,0.09878066165801119,0.045460622911720455,p2c,d050
10,reference,frozen_q,clean,naive,information,p2c_capacity,180,0.05,180,180,180,0.3898628897519751,0.4006015351045169,0.37755083247564936,0.0972030951292439,0.09808368760379155,p2c,d050
11,reference,frozen_q,clean,naive,information,p2c_capacity,180,0.05,180,180,180,0.6316283524489875,0.6526373863236993,0.6247902412161394,0.09269050705709242,0.04173228095530001,p2c,d050
12,reference,frozen_q,clean,naive,information,p2c_capacity,180,0.05,180,180,180,1.0181231499556285,1.0298026992179201,1.012689121612365,0.10504994737527394,0.06279926676804866,p2c,d050
13,reference,frozen_q,clean,naive,information,p2c_capacity,180,0.05,180,180,180,1.3224067107670638,1.3524183687896754,1.319743117370031,0.08389048120137187,0.05152850198507397,p2c,d050
14,reference,frozen_q,clean,naive,information,p2c_capacity,180,0.05,180,180,180,0.7909728062703312,0.8339265164993219,0.775808765817063,0.15413870098248605,0.03764263497513264,p2c,d050
15,reference,frozen_q,clean,naive,information,p2c_capacity,180,0.05,180,180,180,0.8364215403972334,0.8515188380794433,0.8291693825332243,0.1099050877346106,0.07254533422350118,p2c,d050
16,reference,frozen_q,clean,naive,information,p2c_capacity,180,0.05,180,180,180,0.9956794533368574,1.0040083673815037,0.99282752158388,0.07530661446907268,0.07214684598592587,p2c,d050
17,reference,frozen_q,clean,naive,information,p2c_capacity,180,0.05,180,180,180,1.1888677974902075,1.210601672108697,1.1835517322513511,0.11230288061329183,0.02079322449911315,p2c,d050
18,reference,frozen_q,clean,naive,information,p2c_capacity,180,0.05,180,180,180,0.8735421572735634,0.8844673219514669,0.869080663474489,0.08817426443635912,0.05771690963013868,p2c,d050
19,reference,frozen_q,clean,naive,information,p2c_capacity,180,0.05,180,180,180,1.6108078494006368,1.657001450456297,1.607215212803858,0.10752296230365868,0.05538585774686031,p2c,d050
0,reference,frozen_q,clean,naive,information,p2c_capacity,360,0.1,360,360,360,1.1246366052267258,1.1420615123493596,1.12324938606238,0.055841834912368084,0.03595825642524108,"p2c,p2d",d051
1,reference,frozen_q,clean,naive,information,p2c_capacity,360,0.1,360,360,360,0.9232484113371356,0.9532984500157979,0.9208013548620688,0.06717509896325558,0.0765403876851739,"p2c,p2d",d051
2,reference,frozen_q,clean,naive,information,p2c_capacity,360,0.1,360,360,360,1.2313614523010266,1.2698637963898702,1.228806241065336,0.0792858633791211,0.0449573184869562,"p2c,p2d",d051
3,reference,frozen_q,clean,naive,information,p2c_capacity,360,0.1,360,360,360,1.4362059896678996,1.4535203190036343,1.4341662176121808,0.07651735109059998,0.05770275139889175,"p2c,p2d",d051
4,reference,frozen_q,clean,naive,information,p2c_capacity,360,0.1,360,360,360,0.38528233890784314,0.4165865106011238,0.3694357971223597,0.10936028748528763,0.07820062215818187,"p2c,p2d",d051
5,reference,frozen_q,clean,naive,information,p2c_capacity,360,0.1,360,360,360,1.2018883699746912,1.2241978690115767,1.1979176130131868,0.09761683416915974,0.06853110246221097,"p2c,p2d",d051
6,reference,frozen_q,clean,naive,information,p2c_capacity,360,0.1,360,360,360,2.345492056975091,2.3665870474719637,2.343878180465079,0.08699462324163637,0.07649738784494928,"p2c,p2d",d051
7,reference,frozen_q,clean,naive,information,p2c_capacity,360,0.1,360,360,360,0.9425313638145671,0.9693905056159352,0.9402688330656184,0.0652678583957541,0.05978934012436875,"p2c,p2d",d051
8,reference,frozen_q,clean,naive,information,p2c_capacity,360,0.1,360,360,360,0.5963139813781881,0.6253368583283696,0.591425745460227,0.0761967977930899,0.03362682481568985,"p2c,p2d",d051
9,reference,frozen_q,clean,naive,information,p2c_capacity,360,0.1,360,360,360,1.378995401312551,1.3969929607189324,1.3760670310940084,0.08982117109726796,0.05417549744420564,"p2c,p2d",d051
10,reference,frozen_q,clean,naive,information,p2c_capacity,360,0.1,360,360,360,0.388275654590645,0.4035613837050948,0.38204705545154033,0.06926782347238526,0.07929489771977033,"p2c,p2d",d051
11,reference,frozen_q,clean,naive,information,p2c_capacity,360,0.1,360,360,360,0.6251345472836842,0.6562982237129897,0.6196562056258264,0.0825795921337738,0.034308467000122425,"p2c,p2d",d051
12,reference,frozen_q,clean,naive,information,p2c_capacity,360,0.1,360,360,360,1.0149203173208317,1.0201732158547756,1.0133212791560402,0.056949413694821836,0.05577494424406563,"p2c,p2d",d051
13,reference,frozen_q,clean,naive,information,p2c_capacity,360,0.1,360,360,360,1.3280894900247615,1.3383355041398923,1.3250627289063406,0.08961282261771117,0.04691922538717468,"p2c,p2d",d051
14,reference,frozen_q,clean,naive,information,p2c_capacity,360,0.1,360,360,360,0.7871512193264331,0.817296291432424,0.7808029527659854,0.09976868766806843,0.0379323698066561,"p2c,p2d",d051
15,reference,frozen_q,clean,naive,information,p2c_capacity,360,0.1,360,360,360,0.8344560639238402,0.8401646864616898,0.8317087423395257,0.06765715435393775,0.054433719089816125,"p2c,p2d",d051
16,reference,frozen_q,clean,naive,information,p2c_capacity,360,0.1,360,360,360,0.993897639203545,1.036378474590045,0.9907131626791428,0.07949809122658677,0.06855994320587416,"p2c,p2d",d051
17,reference,frozen_q,clean,naive,information,p2c_capacity,360,0.1,360,360,360,1.1901115132188085,1.2052801923263663,1.1874886253865564,0.07896947811343699,0.027965242104202082,"p2c,p2d",d051
18,reference,frozen_q,clean,naive,information,p2c_capacity,360,0.1,360,360,360,0.8726728310629466,0.8952976336550884,0.8702138212523519,0.06546583365999355,0.06079961276421965,"p2c,p2d",d051
19,reference,frozen_q,clean,naive,information,p2c_capacity,360,0.1,360,360,360,1.6056129118082054,1.6319242999297678,1.6034204728782881,0.0838785414751052,0.042676872508130285,"p2c,p2d",d051
0,reference,frozen_q,clean,naive,information,p2c_capacity,720,0.2,720,720,720,1.1306539971169127,1.1375054396861486,1.1288499614863754,0.06384532597348115,0.048236620009276254,p2c,d052
1,reference,frozen_q,clean,naive,information,p2c_capacity,720,0.2,720,720,720,0.925881436234789,0.9359980439215919,0.9236725754277024,0.06391719148203663,0.09317647897833668,p2c,d052
2,reference,frozen_q,clean,naive,information,p2c_capacity,720,0.2,720,720,720,1.225832581044795,1.2374460749303398,1.2232904913710236,0.07890431212667186,0.04643537156272751,p2c,d052
3,reference,frozen_q,clean,naive,information,p2c_capacity,720,0.2,720,720,720,1.437966134409928,1.4543810687371401,1.4364654328464326,0.06567848922700839,0.04854160666405732,p2c,d052
4,reference,frozen_q,clean,naive,information,p2c_capacity,720,0.2,720,720,720,0.37751818778936763,0.3892658912194073,0.36732304943080396,0.0871421796182732,0.06969914090622897,p2c,d052
5,reference,frozen_q,clean,naive,information,p2c_capacity,720,0.2,720,720,720,1.200595775692029,1.225584782864126,1.1979843065509816,0.0791442851196989,0.07344628991407133,p2c,d052
6,reference,frozen_q,clean,naive,information,p2c_capacity,720,0.2,720,720,720,2.3433055201194772,2.3470454618349392,2.3419241725382776,0.08044831075490602,0.07079551065013988,p2c,d052
7,reference,frozen_q,clean,naive,information,p2c_capacity,720,0.2,720,720,720,0.9423605339594293,0.9492341686352551,0.9410746136815759,0.04921328528328099,0.08065960300959991,p2c,d052
8,reference,frozen_q,clean,naive,information,p2c_capacity,720,0.2,720,720,720,0.5960229215543997,0.6080150596303044,0.592448184963936,0.06518029726213237,0.03140471702453885,p2c,d052
9,reference,frozen_q,clean,naive,information,p2c_capacity,720,0.2,720,720,720,1.3764630818313792,1.3936950058483275,1.3748621801252905,0.06636717039223287,0.08563010110947966,p2c,d052
10,reference,frozen_q,clean,naive,information,p2c_capacity,720,0.2,720,720,720,0.38419695235733337,0.394034148464513,0.3779281767699686,0.06912012300329386,0.10699529323207507,p2c,d052
11,reference,frozen_q,clean,naive,information,p2c_capacity,720,0.2,720,720,720,0.6258559440214911,0.6523932732172932,0.621236259302141,0.07590238991833535,0.035391009878879415,p2c,d052
12,reference,frozen_q,clean,naive,information,p2c_capacity,720,0.2,720,720,720,1.0132210019420929,1.028682474736587,1.0116545192865987,0.05631991107538774,0.050844760783921805,p2c,d052
13,reference,frozen_q,clean,naive,information,p2c_capacity,720,0.2,720,720,720,1.327441325713322,1.3363375740189758,1.326247353213096,0.05628882044241398,0.062250146301414164,p2c,d052
14,reference,frozen_q,clean,naive,information,p2c_capacity,720,0.2,720,720,720,0.7878865300728576,0.812565291341254,0.7827664619741711,0.08967636410273598,0.039754498644324295,p2c,d052
15,reference,frozen_q,clean,naive,information,p2c_capacity,720,0.2,720,720,720,0.8352160353056947,0.8476252961102236,0.8335070426894965,0.053402578765198945,0.06131151685561459,p2c,d052
16,reference,frozen_q,clean,naive,information,p2c_capacity,720,0.2,720,720,720,0.9925471373418475,0.9944639323161758,0.9906458426517418,0.061405490652845535,0.06876001495350831,p2c,d052
17,reference,frozen_q,clean,naive,information,p2c_capacity,720,0.2,720,720,720,1.1849090274494603,1.2008696337882754,1.1830880937437596,0.06566556002184679,0.03555964382330134,p2c,d052
18,reference,frozen_q,clean,naive,information,p2c_capacity,720,0.2,720,720,720,0.8708757820081591,0.8918801442513037,0.8683896995040192,0.06575680560703827,0.04895170480792638,p2c,d052
19,reference,frozen_q,clean,naive,information,p2c_capacity,720,0.2,720,720,720,1.6069778521341076,1.6382207107356639,1.605461623171008,0.0697910723134623,0.059686340200897664,p2c,d052
0,reference,frozen_q,clean,naive,none,none,0,0.0,0,0,0,2.1000722893673838,3.673103240313417,1.1209550986108163,1.7758838046074918,0.04236435009769716,"p2b,p2e,p2a",d053
1,reference,frozen_q,clean,naive,none,none,0,0.0,0,0,0,2.683813127254663,3.888774650072635,0.9268065770487,2.5187065074684125,0.0838233357418152,"p2b,p2e,p2a",d053
2,reference,frozen_q,clean,naive,none,none,0,0.0,0,0,0,2.9339974584964437,4.129414416766775,1.2191312837321837,2.668718793632838,0.033921169171737625,"p2b,p2e,p2a",d053
3,reference,frozen_q,clean,naive,none,none,0,0.0,0,0,0,2.3187166953176215,2.8322422349573237,1.4392763121848848,1.8179468667505518,0.02645848384290087,"p2b,p2e,p2a",d053
4,reference,frozen_q,clean,naive,none,none,0,0.0,0,0,0,3.226132866178567,3.805962655155408,0.36904132987285426,3.204955813592944,0.05378347748317569,"p2b,p2e,p2a",d053
5,reference,frozen_q,clean,naive,none,none,0,0.0,0,0,0,2.490196938648682,3.4196908403407806,1.2001899853293445,2.181885604785552,0.056520170645185476,"p2b,p2e,p2a",d053
6,reference,frozen_q,clean,naive,none,none,0,0.0,0,0,0,3.005153611043143,4.3612977560697885,2.345486556185886,1.8787338930026565,0.061337655850006244,"p2b,p2e,p2a",d053
7,reference,frozen_q,clean,naive,none,none,0,0.0,0,0,0,1.8787567679601749,2.702718356834527,0.9432883509226806,1.6247873953750787,0.04225638312417608,"p2b,p2e,p2a",d053
8,reference,frozen_q,clean,naive,none,none,0,0.0,0,0,0,2.1135156147101846,2.6335085358671444,0.5926532718475674,2.0287213591304605,0.022488153159756823,"p2b,p2e,p2a",d053
9,reference,frozen_q,clean,naive,none,none,0,0.0,0,0,0,3.025534143282945,4.414787889618853,1.3788565018759622,2.6930673217365455,0.035959145580916146,"p2b,p2e,p2a",d053
10,reference,frozen_q,clean,naive,none,none,0,0.0,0,0,0,1.6170077788646906,2.3242867365896207,0.37994702928222457,1.5717361139353299,0.07754118410118077,"p2b,p2e,p2a",d053
11,reference,frozen_q,clean,naive,none,none,0,0.0,0,0,0,1.2649012453999098,1.681391648460132,0.625977594107227,1.0991484032149483,0.042540839657475016,"p2b,p2e,p2a",d053
12,reference,frozen_q,clean,naive,none,none,0,0.0,0,0,0,1.9792450641103903,2.715881506757521,1.0132250050194422,1.700231193987657,0.049029894693234044,"p2b,p2e,p2a",d053
13,reference,frozen_q,clean,naive,none,none,0,0.0,0,0,0,2.168311973871754,2.703857759040438,1.3204428717041659,1.7198858795284289,0.05073223514164903,"p2b,p2e,p2a",d053
14,reference,frozen_q,clean,naive,none,none,0,0.0,0,0,0,2.1799058483621163,3.5768243121940473,0.7793282201675398,2.035838164730648,0.028263914647579443,"p2b,p2e,p2a",d053
15,reference,frozen_q,clean,naive,none,none,0,0.0,0,0,0,1.3532758646775767,2.2056794958061774,0.8298853097330247,1.068946181343179,0.0629815206042384,"p2b,p2e,p2a",d053
16,reference,frozen_q,clean,naive,none,none,0,0.0,0,0,0,1.929807488959068,2.966477657437607,0.9893089685814151,1.656932318812956,0.050627981921900794,"p2b,p2e,p2a",d053
17,reference,frozen_q,clean,naive,none,none,0,0.0,0,0,0,3.0352821838503328,3.642007141425323,1.1857848086836698,2.794074502065805,0.02465528616483776,"p2b,p2e,p2a",d053
18,reference,frozen_q,clean,naive,none,none,0,0.0,0,0,0,1.9172170191309015,2.4831479131050034,0.8694429934341177,1.7087392953910496,0.0579587509598278,"p2b,p2e,p2a",d053
19,reference,frozen_q,clean,naive,none,none,0,0.0,0,0,0,3.2235424801713384,4.589395041708776,1.6032719462215508,2.7965595269774153,0.034283604755993645,"p2b,p2e,p2a",d053
0,reference,frozen_q,clean,naive,random,p2c_capacity,180,0.05,180,180,180,1.1228574885513338,1.168104149175704,1.1193750610890707,0.0883652205771483,0.03825616563788341,p2c,d054
1,reference,frozen_q,clean,naive,random,p2c_capacity,180,0.05,180,180,180,0.9275446583095323,0.9537222069218448,0.9233390954565831,0.0882270251111633,0.08014748580003786,p2c,d054
2,reference,frozen_q,clean,naive,random,p2c_capacity,180,0.05,180,180,180,1.232528929804005,1.2666171099532206,1.2275104538515453,0.11111097375587486,0.05807053453049538,p2c,d054
3,reference,frozen_q,clean,naive,random,p2c_capacity,180,0.05,180,180,180,1.4445099242210884,1.4695569125269392,1.4423095683877014,0.07969962428077525,0.05240461646683345,p2c,d054
4,reference,frozen_q,clean,naive,random,p2c_capacity,180,0.05,180,180,180,0.38998872584904665,0.4512632341490427,0.36648794335492674,0.13333339290979918,0.07884273154789913,p2c,d054
5,reference,frozen_q,clean,naive,random,p2c_capacity,180,0.05,180,180,180,1.2066989534238057,1.241159425456019,1.2009319561708247,0.11783378480649857,0.06752970632213431,p2c,d054
6,reference,frozen_q,clean,naive,random,p2c_capacity,180,0.05,180,180,180,2.3409469653660344,2.3645619309327555,2.3374532830018477,0.1278469571023479,0.08465783904810294,p2c,d054
7,reference,frozen_q,clean,naive,random,p2c_capacity,180,0.05,180,180,180,0.9425280411146968,0.9699247393715871,0.9366378031780822,0.10520805076249432,0.05412543744904091,p2c,d054
8,reference,frozen_q,clean,naive,random,p2c_capacity,180,0.05,180,180,180,0.6044809304332271,0.6783293564046519,0.5885713021477916,0.13777161371441157,0.02985185557508414,p2c,d054
9,reference,frozen_q,clean,naive,random,p2c_capacity,180,0.05,180,180,180,1.3855465192186012,1.459471591576109,1.3737309351761624,0.1805615536563843,0.04066973180994795,p2c,d054
10,reference,frozen_q,clean,naive,random,p2c_capacity,180,0.05,180,180,180,0.3977874738677602,0.43531978555914436,0.3820516785577063,0.11077630286903907,0.0687002717187554,p2c,d054
11,reference,frozen_q,clean,naive,random,p2c_capacity,180,0.05,180,180,180,0.6388548564402631,0.7173814064909677,0.6213744010630319,0.14842298104022678,0.04273661668293214,p2c,d054
12,reference,frozen_q,clean,naive,random,p2c_capacity,180,0.05,180,180,180,1.0174864972158009,1.0463844179878796,1.0124569642760384,0.10104289933205779,0.05731095961159384,p2c,d054
13,reference,frozen_q,clean,naive,random,p2c_capacity,180,0.05,180,180,180,1.3227180473253186,1.342071947415085,1.3189701349371443,0.09950284349703221,0.06251999051405127,p2c,d054
14,reference,frozen_q,clean,naive,random,p2c_capacity,180,0.05,180,180,180,0.7953148809017244,0.8453650960810019,0.7826313917982182,0.1414703656449219,0.03764769698906878,p2c,d054
15,reference,frozen_q,clean,naive,random,p2c_capacity,180,0.05,180,180,180,0.839766896548339,0.8836263682763345,0.8273531180388556,0.14385846728577475,0.06044317383446108,p2c,d054
16,reference,frozen_q,clean,naive,random,p2c_capacity,180,0.05,180,180,180,0.9972213633997558,1.0194401745464288,0.9917094800347872,0.10470317488022998,0.06576235899782787,p2c,d054
17,reference,frozen_q,clean,naive,random,p2c_capacity,180,0.05,180,180,180,1.1870796486597057,1.2469414875809777,1.1801705767628574,0.1278886312588986,0.03876415618309882,p2c,d054
18,reference,frozen_q,clean,naive,random,p2c_capacity,180,0.05,180,180,180,0.8783034596638117,0.901062012003257,0.8736177140901702,0.09060384586366445,0.0699009383668133,p2c,d054
19,reference,frozen_q,clean,naive,random,p2c_capacity,180,0.05,180,180,180,1.6054911488066637,1.6562473068153487,1.601715899455694,0.11003638637913643,0.051710416451314224,p2c,d054
0,reference,frozen_q,clean,naive,random,p2c_capacity,360,0.1,360,360,360,1.126024355285693,1.1328047625747673,1.1229114824799578,0.08366989429432996,0.05988484512684041,p2c,d055
1,reference,frozen_q,clean,naive,random,p2c_capacity,360,0.1,360,360,360,0.9284262928460776,0.9602549388103168,0.9253791881504534,0.07515809594393934,0.09704374699304875,p2c,d055
2,reference,frozen_q,clean,naive,random,p2c_capacity,360,0.1,360,360,360,1.2245488587904823,1.276237896775699,1.2199632765744777,0.10587497992791799,0.035019614929888906,p2c,d055
3,reference,frozen_q,clean,naive,random,p2c_capacity,360,0.1,360,360,360,1.4398070290473586,1.48296997693668,1.4372822106846255,0.08522985242095012,0.04614068091393857,p2c,d055
4,reference,frozen_q,clean,naive,random,p2c_capacity,360,0.1,360,360,360,0.3947452754196668,0.43607155932493935,0.3671500652043431,0.1449988347766807,0.0746744542566745,p2c,d055
5,reference,frozen_q,clean,naive,random,p2c_capacity,360,0.1,360,360,360,1.2019558095134917,1.2638269022277215,1.1988471541055756,0.08639021423862413,0.061926404040738035,p2c,d055
6,reference,frozen_q,clean,naive,random,p2c_capacity,360,0.1,360,360,360,2.3482586155456473,2.366742536482795,2.3461817877917377,0.09873977981911262,0.07714830389347262,p2c,d055
7,reference,frozen_q,clean,naive,random,p2c_capacity,360,0.1,360,360,360,0.9428210607173606,0.9761752311191347,0.9405048562788999,0.06604670959264423,0.06262359835438339,p2c,d055
8,reference,frozen_q,clean,naive,random,p2c_capacity,360,0.1,360,360,360,0.6004416837688665,0.6189665659538135,0.5946860207918824,0.08293824378360254,0.04101064275971267,p2c,d055
9,reference,frozen_q,clean,naive,random,p2c_capacity,360,0.1,360,360,360,1.377982956906684,1.4253555289904263,1.3743779367668212,0.09961082498335022,0.05656378870457099,p2c,d055
10,reference,frozen_q,clean,naive,random,p2c_capacity,360,0.1,360,360,360,0.3898839957589396,0.4002780562675072,0.3831668107866291,0.07206056661281819,0.07148723947085316,p2c,d055
11,reference,frozen_q,clean,naive,random,p2c_capacity,360,0.1,360,360,360,0.635808529948474,0.6666964557789925,0.624116948206979,0.12136936069719845,0.06445152514075526,p2c,d055
12,reference,frozen_q,clean,naive,random,p2c_capacity,360,0.1,360,360,360,1.0196559511537069,1.0537853838847964,1.016546489091514,0.07957068705803387,0.05072587394366811,p2c,d055
13,reference,frozen_q,clean,naive,random,p2c_capacity,360,0.1,360,360,360,1.3270766346810878,1.347528670914515,1.325464265559454,0.06539782138128483,0.059799849839880244,p2c,d055
14,reference,frozen_q,clean,naive,random,p2c_capacity,360,0.1,360,360,360,0.7861878766841318,0.8114576201339063,0.7812625471890899,0.08786472446163279,0.06353119272518017,p2c,d055
15,reference,frozen_q,clean,naive,random,p2c_capacity,360,0.1,360,360,360,0.8340317214424018,0.8688672596330445,0.8284196232992687,0.09659109744108861,0.044903962704669904,p2c,d055
16,reference,frozen_q,clean,naive,random,p2c_capacity,360,0.1,360,360,360,0.9940494677605823,1.05292229789052,0.9904322453501294,0.08472491797457252,0.06421709857488792,p2c,d055
17,reference,frozen_q,clean,naive,random,p2c_capacity,360,0.1,360,360,360,1.194633131974871,1.2393111471524803,1.1898713354891135,0.10655761349356091,0.041972145516646825,p2c,d055
18,reference,frozen_q,clean,naive,random,p2c_capacity,360,0.1,360,360,360,0.8704086574079284,0.9009004834957528,0.8655152481066394,0.09216607936532302,0.05181873338374454,p2c,d055
19,reference,frozen_q,clean,naive,random,p2c_capacity,360,0.1,360,360,360,1.6046211443346294,1.6382759744742623,1.6019385705916045,0.09274606674518525,0.03938410585717569,p2c,d055
0,reference,frozen_q,clean,naive,random,p2c_capacity,720,0.2,720,720,720,1.1281823539216689,1.1397962994046291,1.126923318802524,0.05328468109449748,0.04083572824246111,p2c,d056
1,reference,frozen_q,clean,naive,random,p2c_capacity,720,0.2,720,720,720,0.9197653871082719,0.9297132897474575,0.917107327913073,0.06987500562126919,0.07894442216441036,p2c,d056
2,reference,frozen_q,clean,naive,random,p2c_capacity,720,0.2,720,720,720,1.2250853920946474,1.238915265410766,1.2226044059738204,0.07792743045357947,0.04348788865801479,p2c,d056
3,reference,frozen_q,clean,naive,random,p2c_capacity,720,0.2,720,720,720,1.4418141931622144,1.4610333011107304,1.4399276429529366,0.07373296863687956,0.04847927446980802,p2c,d056
4,reference,frozen_q,clean,naive,random,p2c_capacity,720,0.2,720,720,720,0.3809233525909281,0.4031601554634026,0.3718607765000918,0.0825963888427412,0.06253147086109373,p2c,d056
5,reference,frozen_q,clean,naive,random,p2c_capacity,720,0.2,720,720,720,1.1989962535932168,1.2353769063676865,1.196860215319549,0.07153769017666595,0.06095234788964903,p2c,d056
6,reference,frozen_q,clean,naive,random,p2c_capacity,720,0.2,720,720,720,2.344527287150883,2.3648673450492677,2.3432617738612107,0.07702246007426056,0.05836506974478804,p2c,d056
7,reference,frozen_q,clean,naive,random,p2c_capacity,720,0.2,720,720,720,0.9360731425458944,0.9476424711101358,0.9340977638135987,0.060780719263433786,0.07429876463477533,p2c,d056
8,reference,frozen_q,clean,naive,random,p2c_capacity,720,0.2,720,720,720,0.5931774312421219,0.5984427457069977,0.5902308989794439,0.05905040918503138,0.022446221021099715,p2c,d056
9,reference,frozen_q,clean,naive,random,p2c_capacity,720,0.2,720,720,720,1.3810302836550743,1.4213529781133913,1.377896287777722,0.09298636728460676,0.06334169065265605,p2c,d056
10,reference,frozen_q,clean,naive,random,p2c_capacity,720,0.2,720,720,720,0.3828881893152054,0.39229648890240737,0.37776855852181834,0.06240418022395673,0.0983192731170705,p2c,d056
11,reference,frozen_q,clean,naive,random,p2c_capacity,720,0.2,720,720,720,0.626917570497876,0.6457378641481331,0.6237988168730085,0.062455394216946666,0.054493033719994206,p2c,d056
12,reference,frozen_q,clean,naive,random,p2c_capacity,720,0.2,720,720,720,1.0201981592967684,1.022576450089306,1.0184187000984948,0.06022985573788276,0.0593284905181353,p2c,d056
13,reference,frozen_q,clean,naive,random,p2c_capacity,720,0.2,720,720,720,1.32780139535164,1.3427868987607259,1.325813660612371,0.07262701172007531,0.03355879404325119,p2c,d056
14,reference,frozen_q,clean,naive,random,p2c_capacity,720,0.2,720,720,720,0.783472680780786,0.8031867061366541,0.7790401919694833,0.08322151660467345,0.03446321164271659,p2c,d056
15,reference,frozen_q,clean,naive,random,p2c_capacity,720,0.2,720,720,720,0.8400313753697392,0.8468891020307152,0.838247754609466,0.054712096448262686,0.06914187233074036,p2c,d056
16,reference,frozen_q,clean,naive,random,p2c_capacity,720,0.2,720,720,720,0.997504896765314,1.0089898829682138,0.9950850386950735,0.06943907283369716,0.08195827823521226,p2c,d056
17,reference,frozen_q,clean,naive,random,p2c_capacity,720,0.2,720,720,720,1.1866469021038097,1.1982078745198597,1.1844777242071143,0.071717439508841,0.03331183401738188,p2c,d056
18,reference,frozen_q,clean,naive,random,p2c_capacity,720,0.2,720,720,720,0.8688275165265422,0.8804339113045864,0.8667370527114977,0.06023400144989111,0.056092816040788536,p2c,d056
19,reference,frozen_q,clean,naive,random,p2c_capacity,720,0.2,720,720,720,1.6030511836749655,1.623442009446384,1.6011615919967308,0.07781165591479464,0.037200261490991864,p2c,d056
0,reference,frozen_q,clean,naive,uniform,uniform_rounds,180,0.05,180,180,180,1.123460667804987,1.1772458308268632,1.119720829785578,0.09159222373719063,0.04198282099217325,p2b,d057
1,reference,frozen_q,clean,naive,uniform,uniform_rounds,180,0.05,180,180,180,0.9272276916413875,0.9503594603295851,0.9232486359007707,0.08580879007410615,0.086215507069857,p2b,d057
2,reference,frozen_q,clean,naive,uniform,uniform_rounds,180,0.05,180,180,180,1.2262531864646207,1.2506244720819273,1.2219000789857712,0.10323310655599818,0.039714412029972446,p2b,d057
3,reference,frozen_q,clean,naive,uniform,uniform_rounds,180,0.05,180,180,180,1.4450926808358076,1.4941528541005547,1.4400974121139978,0.12005123834341433,0.035244589485174886,p2b,d057
4,reference,frozen_q,clean,naive,uniform,uniform_rounds,180,0.05,180,180,180,0.4066350655740036,0.4767338916554604,0.3705793156032999,0.1674008584248123,0.10471859372752099,p2b,d057
5,reference,frozen_q,clean,naive,uniform,uniform_rounds,180,0.05,180,180,180,1.203800997146203,1.2375264205758454,1.1983644633670272,0.11427796668321165,0.08661413041106499,p2b,d057
6,reference,frozen_q,clean,naive,uniform,uniform_rounds,180,0.05,180,180,180,2.3506480618603622,2.3744119862587616,2.3472611755358317,0.12613994034414108,0.08754380472318755,p2b,d057
7,reference,frozen_q,clean,naive,uniform,uniform_rounds,180,0.05,180,180,180,0.9423479995521963,0.9557014980900882,0.9378263207757852,0.09220381944464226,0.07114883128375739,p2b,d057
8,reference,frozen_q,clean,naive,uniform,uniform_rounds,180,0.05,180,180,180,0.6042590996334578,0.6283486246316587,0.5936895268443397,0.11252468709212689,0.031964900264546466,p2b,d057
9,reference,frozen_q,clean,naive,uniform,uniform_rounds,180,0.05,180,180,180,1.3786191813269075,1.410244809175399,1.3727319170695416,0.1272710924800057,0.046177503549832605,p2b,d057
10,reference,frozen_q,clean,naive,uniform,uniform_rounds,180,0.05,180,180,180,0.40162777716970616,0.4530953216877379,0.38263397321958315,0.12204963716650064,0.08589274285070048,p2b,d057
11,reference,frozen_q,clean,naive,uniform,uniform_rounds,180,0.05,180,180,180,0.6318748572365628,0.6720624809919016,0.6249720092795272,0.09314409710141174,0.060742066422423795,p2b,d057
12,reference,frozen_q,clean,naive,uniform,uniform_rounds,180,0.05,180,180,180,1.0164076776637812,1.0652650430858104,1.0116749006852586,0.09797174356595362,0.060635723502555534,p2b,d057
13,reference,frozen_q,clean,naive,uniform,uniform_rounds,180,0.05,180,180,180,1.3253457363161634,1.3564332230848326,1.320482548699333,0.11343350189404923,0.054196379528991645,p2b,d057
14,reference,frozen_q,clean,naive,uniform,uniform_rounds,180,0.05,180,180,180,0.7943081537173882,0.8127556476905635,0.781847946256215,0.14014004423027945,0.0417066601293911,p2b,d057
15,reference,frozen_q,clean,naive,uniform,uniform_rounds,180,0.05,180,180,180,0.8344627489033173,0.8607062302436722,0.8265475224525418,0.1146615560458061,0.05942126522074839,p2b,d057
16,reference,frozen_q,clean,naive,uniform,uniform_rounds,180,0.05,180,180,180,0.9945066753138896,1.0051995419473292,0.9909030814855714,0.08458492978235141,0.06236185906213826,p2b,d057
17,reference,frozen_q,clean,naive,uniform,uniform_rounds,180,0.05,180,180,180,1.1886549755788733,1.2183840884500772,1.1805776435930742,0.13833682957418086,0.03192840329667863,p2b,d057
18,reference,frozen_q,clean,naive,uniform,uniform_rounds,180,0.05,180,180,180,0.8778473747288322,0.8982590511428213,0.8709264149608748,0.11001451286853513,0.05625451021453358,p2b,d057
19,reference,frozen_q,clean,naive,uniform,uniform_rounds,180,0.05,180,180,180,1.6104086244735496,1.635442764457348,1.6058568097092458,0.12099522506790626,0.044754917601909784,p2b,d057
0,reference,frozen_q,clean,naive,uniform,uniform_rounds,360,0.1,360,360,360,1.1251418881385176,1.1446857030774986,1.1233474014287215,0.0635207379305975,0.03817464472542686,"p2b,p2d",d058
1,reference,frozen_q,clean,naive,uniform,uniform_rounds,360,0.1,360,360,360,0.9250338304426636,0.9358698236705256,0.9228751785216321,0.06315846999486478,0.08595600948799732,"p2b,p2d",d058
2,reference,frozen_q,clean,naive,uniform,uniform_rounds,360,0.1,360,360,360,1.226101213925508,1.241575546205127,1.2234460435594414,0.08064716540805235,0.04017616035524806,"p2b,p2d",d058
3,reference,frozen_q,clean,naive,uniform,uniform_rounds,360,0.1,360,360,360,1.4428048290029576,1.4636114484381055,1.4408728312668098,0.07464086488928832,0.030450870931982156,"p2b,p2d",d058
4,reference,frozen_q,clean,naive,uniform,uniform_rounds,360,0.1,360,360,360,0.3913516088493123,0.43995835514314624,0.37066459631359666,0.1255541269278853,0.09525333139421878,"p2b,p2d",d058
5,reference,frozen_q,clean,naive,uniform,uniform_rounds,360,0.1,360,360,360,1.2025629862814444,1.234023866369593,1.1986886363359366,0.09645355925645442,0.08677040513875353,"p2b,p2d",d058
6,reference,frozen_q,clean,naive,uniform,uniform_rounds,360,0.1,360,360,360,2.347192585748815,2.374846288199439,2.345400110842521,0.09171343769642878,0.07651422360927126,"p2b,p2d",d058
7,reference,frozen_q,clean,naive,uniform,uniform_rounds,360,0.1,360,360,360,0.9413080213048147,0.9460531399901592,0.9392979069303221,0.061483599513214464,0.06523956076428053,"p2b,p2d",d058
8,reference,frozen_q,clean,naive,uniform,uniform_rounds,360,0.1,360,360,360,0.5953738784245315,0.6088988234584429,0.5901098696808927,0.07899618228413781,0.026662547497807748,"p2b,p2d",d058
9,reference,frozen_q,clean,naive,uniform,uniform_rounds,360,0.1,360,360,360,1.37904717583995,1.4175710307098912,1.3753121937438046,0.10142722973514495,0.05022905327801753,"p2b,p2d",d058
10,reference,frozen_q,clean,naive,uniform,uniform_rounds,360,0.1,360,360,360,0.38885039520520776,0.4289187777261411,0.3795438572977158,0.08456411909798037,0.10176241008683665,"p2b,p2d",d058
11,reference,frozen_q,clean,naive,uniform,uniform_rounds,360,0.1,360,360,360,0.6286579680295612,0.6638255202688721,0.6222210826678629,0.08973162792844708,0.049782823604657155,"p2b,p2d",d058
12,reference,frozen_q,clean,naive,uniform,uniform_rounds,360,0.1,360,360,360,1.0105169245925827,1.0290066373846085,1.0078417182153612,0.07348146645760405,0.06404847661454577,"p2b,p2d",d058
13,reference,frozen_q,clean,naive,uniform,uniform_rounds,360,0.1,360,360,360,1.3285544536446965,1.359698533299443,1.324604399481672,0.1023724629622465,0.05156007602010682,"p2b,p2d",d058
14,reference,frozen_q,clean,naive,uniform,uniform_rounds,360,0.1,360,360,360,0.7881535823124497,0.8031698328768397,0.7815545655262834,0.10177686582406566,0.04744857011542761,"p2b,p2d",d058
15,reference,frozen_q,clean,naive,uniform,uniform_rounds,360,0.1,360,360,360,0.8361024198354637,0.8549055669222684,0.8298793844285495,0.10182074324620656,0.06613162664240284,"p2b,p2d",d058
16,reference,frozen_q,clean,naive,uniform,uniform_rounds,360,0.1,360,360,360,0.9957364328448433,1.0110823054463234,0.992581151878117,0.07920669561901485,0.07613144392779532,"p2b,p2d",d058
17,reference,frozen_q,clean,naive,uniform,uniform_rounds,360,0.1,360,360,360,1.1846287496878523,1.2071143210516686,1.1812248695069787,0.08973896726186095,0.029906365536020014,"p2b,p2d",d058
18,reference,frozen_q,clean,naive,uniform,uniform_rounds,360,0.1,360,360,360,0.8750205756186094,0.8914386565274579,0.8723705174459712,0.06804915904675717,0.06526829766475502,"p2b,p2d",d058
19,reference,frozen_q,clean,naive,uniform,uniform_rounds,360,0.1,360,360,360,1.6066763686984846,1.644521871516755,1.6042586288823024,0.08810905396623095,0.04633173187485881,"p2b,p2d",d058
0,reference,frozen_q,clean,naive,uniform,uniform_rounds,720,0.2,720,720,720,1.127044346710654,1.1452643752754619,1.1255772295812132,0.05748790916989022,0.037267309454357155,p2b,d059
1,reference,frozen_q,clean,naive,uniform,uniform_rounds,720,0.2,720,720,720,0.9226596581912242,0.9299652489786567,0.9210279897033352,0.054847853527551726,0.08106787900665037,p2b,d059
2,reference,frozen_q,clean,naive,uniform,uniform_rounds,720,0.2,720,720,720,1.226329047832204,1.241022469620615,1.2241792092385204,0.07258234788976332,0.04521262997734387,p2b,d059
3,reference,frozen_q,clean,naive,uniform,uniform_rounds,720,0.2,720,720,720,1.4414065267933065,1.4705284781034567,1.4396016143287036,0.0721108001934109,0.03406202161741314,p2b,d059
4,reference,frozen_q,clean,naive,uniform,uniform_rounds,720,0.2,720,720,720,0.3839420477739403,0.4043920527022522,0.3725400211882776,0.09287318591436569,0.09339887622312017,p2b,d059
5,reference,frozen_q,clean,naive,uniform,uniform_rounds,720,0.2,720,720,720,1.1996837153915265,1.2265329427083544,1.197790560632751,0.06737054129734656,0.07771662366127818,p2b,d059
6,reference,frozen_q,clean,naive,uniform,uniform_rounds,720,0.2,720,720,720,2.341378315010213,2.365549926069643,2.3398250925021045,0.08526986863824619,0.06145845421468584,p2b,d059
7,reference,frozen_q,clean,naive,uniform,uniform_rounds,720,0.2,720,720,720,0.9380875257076781,0.948170411802831,0.9364189945017768,0.05592559901006713,0.0930631443633403,p2b,d059
8,reference,frozen_q,clean,naive,uniform,uniform_rounds,720,0.2,720,720,720,0.5940069879352691,0.6045919943426389,0.5910324909701578,0.05937083739969665,0.029233466761117693,p2b,d059
9,reference,frozen_q,clean,naive,uniform,uniform_rounds,720,0.2,720,720,720,1.3812952050452425,1.4217522546564314,1.3784077385067492,0.0892667345974236,0.05771067975404791,p2b,d059
10,reference,frozen_q,clean,naive,uniform,uniform_rounds,720,0.2,720,720,720,0.38774540846417005,0.4062101546908198,0.3831924772359251,0.05924548231587863,0.09874180941615314,p2b,d059
11,reference,frozen_q,clean,naive,uniform,uniform_rounds,720,0.2,720,720,720,0.6247682456219179,0.6530687833904263,0.6213466201566883,0.06529730742801834,0.047316526574233506,p2b,d059
12,reference,frozen_q,clean,naive,uniform,uniform_rounds,720,0.2,720,720,720,1.011339707667779,1.0207158233409297,1.0103725079450185,0.04421989930384649,0.055411858876605914,p2b,d059
13,reference,frozen_q,clean,naive,uniform,uniform_rounds,720,0.2,720,720,720,1.3275838689342179,1.3463132996259508,1.3260713760410854,0.06335325326175796,0.059213783062093225,p2b,d059
14,reference,frozen_q,clean,naive,uniform,uniform_rounds,720,0.2,720,720,720,0.7891822853938605,0.8081273936066109,0.784474283066611,0.086074263206857,0.05356595361432499,p2b,d059
15,reference,frozen_q,clean,naive,uniform,uniform_rounds,720,0.2,720,720,720,0.8360370134034449,0.850967893656953,0.8342099660960464,0.05524147216164042,0.05574901767415736,p2b,d059
16,reference,frozen_q,clean,naive,uniform,uniform_rounds,720,0.2,720,720,720,0.9940870542396599,1.0046895671882738,0.992091144461957,0.06296215122634014,0.07559931204331283,p2b,d059
17,reference,frozen_q,clean,naive,uniform,uniform_rounds,720,0.2,720,720,720,1.1837283369154172,1.1948303078059408,1.1816046056213418,0.070875465366886,0.04035701629283219,p2b,d059
18,reference,frozen_q,clean,naive,uniform,uniform_rounds,720,0.2,720,720,720,0.8720799296228444,0.8827444114041723,0.8704965661786666,0.0525274397066482,0.05832985945192588,p2b,d059
19,reference,frozen_q,clean,naive,uniform,uniform_rounds,720,0.2,720,720,720,1.602039841029128,1.6283941004151776,1.6004205260059423,0.07201244464324986,0.03737532330332029,p2b,d059
0,reference,frozen_q,clean,naive,uniform,uniform_rounds,1800,0.5,1800,1800,1800,1.1286625485512665,1.1402203434504719,1.1276682971682337,0.04736412211723181,0.04380667157034624,p2b,d060
1,reference,frozen_q,clean,naive,uniform,uniform_rounds,1800,0.5,1800,1800,1800,0.9210279938811842,0.9264186189203059,0.9199392183074984,0.04477052749954283,0.08839035001464747,p2b,d060
2,reference,frozen_q,clean,naive,uniform,uniform_rounds,1800,0.5,1800,1800,1800,1.222097777972707,1.2350579260538894,1.2209962988130194,0.051875015284194005,0.044521064185370295,p2b,d060
3,reference,frozen_q,clean,naive,uniform,uniform_rounds,1800,0.5,1800,1800,1800,1.437900422031725,1.4523913581808618,1.4372916216847516,0.041837996054183146,0.05249573427859535,p2b,d060
4,reference,frozen_q,clean,naive,uniform,uniform_rounds,1800,0.5,1800,1800,1800,0.3766993593674717,0.3997959685747034,0.37116482980514004,0.06433565468373598,0.06805157300384547,p2b,d060
5,reference,frozen_q,clean,naive,uniform,uniform_rounds,1800,0.5,1800,1800,1800,1.2012419682827895,1.2210689137673951,1.1996330938434454,0.06215067593770661,0.07068569444202745,p2b,d060
6,reference,frozen_q,clean,naive,uniform,uniform_rounds,1800,0.5,1800,1800,1800,2.3439682873494774,2.3561357122165014,2.343382311205971,0.05240873617067416,0.06671486813187644,p2b,d060
7,reference,frozen_q,clean,naive,uniform,uniform_rounds,1800,0.5,1800,1800,1800,0.9398202712130277,0.9563666636941377,0.9385798662511876,0.048269833755999386,0.058961212077799294,p2b,d060
8,reference,frozen_q,clean,naive,uniform,uniform_rounds,1800,0.5,1800,1800,1800,0.5901211118097496,0.6036817134611568,0.5879964065039096,0.05003151548837988,0.0332794531114074,p2b,d060
9,reference,frozen_q,clean,naive,uniform,uniform_rounds,1800,0.5,1800,1800,1800,1.377972233379507,1.400954883335158,1.3766162968290552,0.06111503308978031,0.053470093480239116,p2b,d060
10,reference,frozen_q,clean,naive,uniform,uniform_rounds,1800,0.5,1800,1800,1800,0.3824337795072821,0.39903365823339587,0.37800486354184837,0.05803377333013143,0.1002649949616428,p2b,d060
11,reference,frozen_q,clean,naive,uniform,uniform_rounds,1800,0.5,1800,1800,1800,0.6210353374341803,0.6360378022792738,0.6184176920349725,0.05696006074543848,0.046246833188900986,p2b,d060
12,reference,frozen_q,clean,naive,uniform,uniform_rounds,1800,0.5,1800,1800,1800,1.0131393285213621,1.02534254608249,1.0122484672795766,0.042477517428220174,0.04671056957063485,p2b,d060
13,reference,frozen_q,clean,naive,uniform,uniform_rounds,1800,0.5,1800,1800,1800,1.3306901870309968,1.3454997286799149,1.3295060406260022,0.05612541135315003,0.0415926401028843,p2b,d060
14,reference,frozen_q,clean,naive,uniform,uniform_rounds,1800,0.5,1800,1800,1800,0.7828705251206606,0.8020532691309824,0.779189135774452,0.07583237958656765,0.04131432504224325,p2b,d060
15,reference,frozen_q,clean,naive,uniform,uniform_rounds,1800,0.5,1800,1800,1800,0.8340896724730645,0.8448027544018729,0.8330441514238114,0.04174953298907618,0.06386503627791643,p2b,d060
16,reference,frozen_q,clean,naive,uniform,uniform_rounds,1800,0.5,1800,1800,1800,0.9905959808012761,0.9966881379247015,0.9891406859283777,0.053675884909152705,0.05928786357416305,p2b,d060
17,reference,frozen_q,clean,naive,uniform,uniform_rounds,1800,0.5,1800,1800,1800,1.1837976998265203,1.2120209356852139,1.1821973538045514,0.06153381811716336,0.03650111416026341,p2b,d060
18,reference,frozen_q,clean,naive,uniform,uniform_rounds,1800,0.5,1800,1800,1800,0.8707351632569039,0.8795401384147442,0.8695105362037382,0.04616440146601025,0.0687052794974579,p2b,d060
19,reference,frozen_q,clean,naive,uniform,uniform_rounds,1800,0.5,1800,1800,1800,1.604731534501322,1.6323061950403113,1.603222051728236,0.06958700076359847,0.04266857222949145,p2b,d060
0,reference,frozen_q,loss30,naive,cyclic,p2c_capacity,360,0.1,360,257,257,1.1241512657689723,1.139882308251296,1.1205035026044372,0.09048739680845352,0.042481376099060934,p2d,d061
1,reference,frozen_q,loss30,naive,cyclic,p2c_capacity,360,0.1,360,248,248,0.9317217504459572,0.9504387144211589,0.9274690175157289,0.08891929938144658,0.10416956816720203,p2d,d061
2,reference,frozen_q,loss30,naive,cyclic,p2c_capacity,360,0.1,360,239,239,1.2321267455034772,1.2627891824776574,1.227818459294867,0.1029473069087754,0.056508528724608695,p2d,d061
3,reference,frozen_q,loss30,naive,cyclic,p2c_capacity,360,0.1,360,256,256,1.443684574141275,1.4727230612052515,1.442157681015114,0.06638051447964766,0.03648207491430277,p2d,d061
4,reference,frozen_q,loss30,naive,cyclic,p2c_capacity,360,0.1,360,241,241,0.39153862106743686,0.42653652623103755,0.36877097146311755,0.13156923042086435,0.06627026363322654,p2d,d061
5,reference,frozen_q,loss30,naive,cyclic,p2c_capacity,360,0.1,360,252,252,1.2051898807820718,1.240169092317239,1.2006694743110666,0.10428548411495857,0.06437207272961579,p2d,d061
6,reference,frozen_q,loss30,naive,cyclic,p2c_capacity,360,0.1,360,250,250,2.3414610104330924,2.357099231203969,2.338603577962965,0.11564155186254135,0.06979151020173893,p2d,d061
7,reference,frozen_q,loss30,naive,cyclic,p2c_capacity,360,0.1,360,249,249,0.9405132346828664,0.9639184150155963,0.9378543317518295,0.07067104801796634,0.06949016899641386,p2d,d061
8,reference,frozen_q,loss30,naive,cyclic,p2c_capacity,360,0.1,360,251,251,0.5967882666461483,0.6097426762502925,0.5900465772824336,0.08944982864041373,0.040181182503341455,p2d,d061
9,reference,frozen_q,loss30,naive,cyclic,p2c_capacity,360,0.1,360,247,247,1.3780946295857048,1.4046251812158812,1.3758523547540242,0.0785818427549723,0.06290381518261057,p2d,d061
10,reference,frozen_q,loss30,naive,cyclic,p2c_capacity,360,0.1,360,257,257,0.3922132337794305,0.4214916474116742,0.382336483782793,0.08746447233207487,0.07104272468731104,p2d,d061
11,reference,frozen_q,loss30,naive,cyclic,p2c_capacity,360,0.1,360,266,266,0.626468266157956,0.6455808764695249,0.6210474381197605,0.0822348351237967,0.033855983820936957,p2d,d061
12,reference,frozen_q,loss30,naive,cyclic,p2c_capacity,360,0.1,360,255,255,1.0146496961113094,1.0223292218503655,1.0124414983187002,0.06690454619050996,0.05974178377328632,p2d,d061
13,reference,frozen_q,loss30,naive,cyclic,p2c_capacity,360,0.1,360,263,263,1.324837692380514,1.3418770327750238,1.322193260671239,0.08366536073957033,0.05656868556366345,p2d,d061
14,reference,frozen_q,loss30,naive,cyclic,p2c_capacity,360,0.1,360,264,264,0.7894706182334164,0.8101461824493665,0.7808202363597376,0.11654876895521607,0.03913700447244796,p2d,d061
15,reference,frozen_q,loss30,naive,cyclic,p2c_capacity,360,0.1,360,258,258,0.8344990868289577,0.8584249239653096,0.8310429886322258,0.07587013222331102,0.058691655446762615,p2d,d061
16,reference,frozen_q,loss30,naive,cyclic,p2c_capacity,360,0.1,360,257,257,0.9927440721651952,1.0132909833627122,0.9897021117887665,0.07765644042827538,0.06924827779234108,p2d,d061
17,reference,frozen_q,loss30,naive,cyclic,p2c_capacity,360,0.1,360,249,249,1.1898723385803633,1.2296652894622584,1.1848971479679713,0.10869650802151096,0.04387942576211956,p2d,d061
18,reference,frozen_q,loss30,naive,cyclic,p2c_capacity,360,0.1,360,232,232,0.8777261258700542,0.9265255348490071,0.8728338883444468,0.09254272198486521,0.06642909549777339,p2d,d061
19,reference,frozen_q,loss30,naive,cyclic,p2c_capacity,360,0.1,360,239,239,1.6045490641663716,1.635958913297481,1.6009783923290413,0.10698545047200134,0.031969295090273506,p2d,d061
0,reference,frozen_q,loss30,naive,information,p2c_capacity,360,0.1,360,250,250,1.1249234704753772,1.150800863928802,1.1223901123493134,0.07545362898405165,0.04295280240332439,p2d,d062
1,reference,frozen_q,loss30,naive,information,p2c_capacity,360,0.1,360,244,244,0.9276085368880904,0.9520424034611045,0.922998897043004,0.09236143007263323,0.08366848764618282,p2d,d062
2,reference,frozen_q,loss30,naive,information,p2c_capacity,360,0.1,360,255,255,1.2260425020517343,1.2457697464555197,1.2223349635581826,0.09527567213351386,0.04224706406275574,p2d,d062
3,reference,frozen_q,loss30,naive,information,p2c_capacity,360,0.1,360,244,244,1.4382295989800213,1.4468262278696553,1.4362825243534378,0.0748123627427252,0.04580272512327885,p2d,d062
4,reference,frozen_q,loss30,naive,information,p2c_capacity,360,0.1,360,252,252,0.38682213006188393,0.4253208399565414,0.3653078575214337,0.1272066410951604,0.051403587757415235,p2d,d062
5,reference,frozen_q,loss30,naive,information,p2c_capacity,360,0.1,360,264,264,1.202209808333481,1.2298177051599926,1.1981915887978107,0.09821069079994876,0.07899712576398454,p2d,d062
6,reference,frozen_q,loss30,naive,information,p2c_capacity,360,0.1,360,250,250,2.3394807287640362,2.3739689951718828,2.3361196064366405,0.12536053876967085,0.06366163908872094,p2d,d062
7,reference,frozen_q,loss30,naive,information,p2c_capacity,360,0.1,360,253,253,0.943902981871668,0.9850711736088102,0.9395677292425899,0.09036216770391078,0.04625716929490413,p2d,d062
8,reference,frozen_q,loss30,naive,information,p2c_capacity,360,0.1,360,253,253,0.6012763292434168,0.6174556137139007,0.5949007003383223,0.0873291523227576,0.033414765146510726,p2d,d062
9,reference,frozen_q,loss30,naive,information,p2c_capacity,360,0.1,360,258,258,1.3807922098309122,1.4135452618184747,1.3779324234804153,0.08882208650512076,0.04986660929771304,p2d,d062
10,reference,frozen_q,loss30,naive,information,p2c_capacity,360,0.1,360,275,275,0.3878571482260432,0.41507229125745765,0.3784971085914905,0.08469419235059922,0.07823095239524991,p2d,d062
11,reference,frozen_q,loss30,naive,information,p2c_capacity,360,0.1,360,245,245,0.6290645725828187,0.6655853630323166,0.6214614071682737,0.09750874770621062,0.04027324040378143,p2d,d062
12,reference,frozen_q,loss30,naive,information,p2c_capacity,360,0.1,360,257,257,1.0103649139289594,1.0126194717548274,1.0087207725357832,0.05761651111865795,0.061315168196355754,p2d,d062
13,reference,frozen_q,loss30,naive,information,p2c_capacity,360,0.1,360,263,263,1.3267011733363225,1.3536380709658296,1.3235274129181953,0.09171254323179548,0.06357679372362364,p2d,d062
14,reference,frozen_q,loss30,naive,information,p2c_capacity,360,0.1,360,253,253,0.7898264594532426,0.8249876417647872,0.7828082455333459,0.10505754031695856,0.04244750185401858,p2d,d062
15,reference,frozen_q,loss30,naive,information,p2c_capacity,360,0.1,360,243,243,0.8413453752130848,0.8482178869316507,0.8379789842913092,0.07518817911448729,0.0627569550547499,p2d,d062
16,reference,frozen_q,loss30,naive,information,p2c_capacity,360,0.1,360,260,260,0.9964094734359821,1.0176798100053397,0.9936497759261995,0.07410776986783907,0.0684293514206998,p2d,d062
17,reference,frozen_q,loss30,naive,information,p2c_capacity,360,0.1,360,245,245,1.1922847812231419,1.213386646535499,1.1850431153503482,0.13120904807617617,0.028759468046953632,p2d,d062
18,reference,frozen_q,loss30,naive,information,p2c_capacity,360,0.1,360,243,243,0.872647203807418,0.9023131453420423,0.8681756308568642,0.08822820580285673,0.04469131556813981,p2d,d062
19,reference,frozen_q,loss30,naive,information,p2c_capacity,360,0.1,360,241,241,1.6096137136048363,1.6501474600661505,1.6052752523598002,0.11810025904261286,0.04859417399454603,p2d,d062
0,reference,frozen_q,loss30,naive,uniform,uniform_rounds,360,0.1,360,266,266,1.1248734868991694,1.1464740468278898,1.122614821033334,0.07124833419099427,0.0468857658048557,p2d,d063
1,reference,frozen_q,loss30,naive,uniform,uniform_rounds,360,0.1,360,250,250,0.924290784490295,0.9324265635443018,0.9216355587852519,0.07000964987972301,0.08327562370266355,p2d,d063
2,reference,frozen_q,loss30,naive,uniform,uniform_rounds,360,0.1,360,254,254,1.2252113692542395,1.237533565321,1.221291084042601,0.09793358661816125,0.03994470679923707,p2d,d063
3,reference,frozen_q,loss30,naive,uniform,uniform_rounds,360,0.1,360,254,254,1.4433060880777966,1.4741769027699247,1.4409209473259008,0.0829414699644319,0.029472965705454695,p2d,d063
4,reference,frozen_q,loss30,naive,uniform,uniform_rounds,360,0.1,360,245,245,0.39278227384947845,0.4364605177029714,0.36774051254399137,0.13800300751885514,0.07768569263619719,p2d,d063
5,reference,frozen_q,loss30,naive,uniform,uniform_rounds,360,0.1,360,254,254,1.2054479268544818,1.2338039192144794,1.2007281024984793,0.10656795122441326,0.08835405894466598,p2d,d063
6,reference,frozen_q,loss30,naive,uniform,uniform_rounds,360,0.1,360,252,252,2.347337081712201,2.3786747072562187,2.344789852578864,0.10932484815603484,0.0725066585889254,p2d,d063
7,reference,frozen_q,loss30,naive,uniform,uniform_rounds,360,0.1,360,249,249,0.938422327958595,0.9549721802784794,0.9357291135477551,0.07104570127995957,0.07676666094389206,p2d,d063
8,reference,frozen_q,loss30,naive,uniform,uniform_rounds,360,0.1,360,250,250,0.597874928888485,0.619594267434457,0.5910522788827448,0.0900646113683123,0.027707598575304807,p2d,d063
9,reference,frozen_q,loss30,naive,uniform,uniform_rounds,360,0.1,360,260,260,1.3816092196006164,1.4258208462176598,1.3778410551248859,0.10197089044313305,0.0596115515336204,p2d,d063
10,reference,frozen_q,loss30,naive,uniform,uniform_rounds,360,0.1,360,244,244,0.40363741069445147,0.4854143638505169,0.38045642998908885,0.1348186344393045,0.10704853709964585,p2d,d063
11,reference,frozen_q,loss30,naive,uniform,uniform_rounds,360,0.1,360,267,267,0.6298904524804374,0.6755669062419428,0.6209972260228444,0.10547240111964042,0.055965111713745866,p2d,d063
12,reference,frozen_q,loss30,naive,uniform,uniform_rounds,360,0.1,360,250,250,1.0125826323110643,1.0459084989641894,1.008780155772101,0.08767088786147685,0.0576827802954387,p2d,d063
13,reference,frozen_q,loss30,naive,uniform,uniform_rounds,360,0.1,360,253,253,1.3360566766406707,1.3767503639898535,1.3270944363999462,0.15449207122834094,0.05243336533674184,p2d,d063
14,reference,frozen_q,loss30,naive,uniform,uniform_rounds,360,0.1,360,239,239,0.7931292077885091,0.812458856473245,0.7836891260917864,0.12200530272377601,0.0440122605851568,p2d,d063
15,reference,frozen_q,loss30,naive,uniform,uniform_rounds,360,0.1,360,266,266,0.839839129815798,0.855130207581857,0.8318608228806273,0.1154873816748923,0.05946539007127911,p2d,d063
16,reference,frozen_q,loss30,naive,uniform,uniform_rounds,360,0.1,360,249,249,0.9971429768911395,1.0055748130440094,0.9936062927632064,0.08390858921874972,0.0761191572478259,p2d,d063
17,reference,frozen_q,loss30,naive,uniform,uniform_rounds,360,0.1,360,256,256,1.1860092323607418,1.2077170097721086,1.1817646438990055,0.10025081383795688,0.03480363962271149,p2d,d063
18,reference,frozen_q,loss30,naive,uniform,uniform_rounds,360,0.1,360,256,256,0.8720442857164131,0.9016662183157523,0.8693804194227397,0.06810963643267019,0.06231660966342416,p2d,d063
19,reference,frozen_q,loss30,naive,uniform,uniform_rounds,360,0.1,360,246,246,1.6031489068699976,1.6286072134850567,1.600478980456801,0.09248486748883342,0.04068644778265424,p2d,d063
0,reference,frozen_q,loss50,naive,cyclic,p2c_capacity,360,0.1,360,183,183,1.1263494518202342,1.1577743281553634,1.1217855639649428,0.10129282351478561,0.04451877299026642,p2d,d064
1,reference,frozen_q,loss50,naive,cyclic,p2c_capacity,360,0.1,360,172,172,0.9325232985459391,0.9494228077017646,0.9271945888661027,0.09954846411882583,0.1035403981042464,p2d,d064
2,reference,frozen_q,loss50,naive,cyclic,p2c_capacity,360,0.1,360,155,155,1.231335545497661,1.2657142244500106,1.2256245323753128,0.11845560875626983,0.060634219040127446,p2d,d064
3,reference,frozen_q,loss50,naive,cyclic,p2c_capacity,360,0.1,360,183,183,1.4460547221293183,1.5037782842279015,1.4426314906689321,0.09944164883404975,0.030562149531753836,p2d,d064
4,reference,frozen_q,loss50,naive,cyclic,p2c_capacity,360,0.1,360,166,166,0.4057842186693557,0.4828483630118544,0.36882511327175965,0.1692006735836862,0.07022622242881282,p2d,d064
5,reference,frozen_q,loss50,naive,cyclic,p2c_capacity,360,0.1,360,167,167,1.2036176677817296,1.229695674603717,1.19839307376206,0.11202468904420876,0.06401779160196014,p2d,d064
6,reference,frozen_q,loss50,naive,cyclic,p2c_capacity,360,0.1,360,189,189,2.3417920102164334,2.3691911509737915,2.338335498746433,0.1271884995421889,0.07204220540786434,p2d,d064
7,reference,frozen_q,loss50,naive,cyclic,p2c_capacity,360,0.1,360,169,169,0.9439403671947284,0.9590638828306918,0.9403059739318661,0.0827532005892431,0.07458865904126454,p2d,d064
8,reference,frozen_q,loss50,naive,cyclic,p2c_capacity,360,0.1,360,174,174,0.5988701220575594,0.6317945311809199,0.5919569813768711,0.09073232771409931,0.030429485136229006,p2d,d064
9,reference,frozen_q,loss50,naive,cyclic,p2c_capacity,360,0.1,360,167,167,1.3798544995952082,1.417206871169848,1.3762015522072044,0.10033806733051638,0.05320638214818208,p2d,d064
10,reference,frozen_q,loss50,naive,cyclic,p2c_capacity,360,0.1,360,197,197,0.3982337260602363,0.4324888592627401,0.384137762985001,0.10501561608017425,0.06702206804150013,p2d,d064
11,reference,frozen_q,loss50,naive,cyclic,p2c_capacity,360,0.1,360,190,190,0.6322866903458371,0.6720258770769981,0.6205811643186314,0.12110110355163717,0.03997361105539344,p2d,d064
12,reference,frozen_q,loss50,naive,cyclic,p2c_capacity,360,0.1,360,178,178,1.0146848101508994,1.0268639522422385,1.0111387285885596,0.08475692006720024,0.06495530994670103,p2d,d064
13,reference,frozen_q,loss50,naive,cyclic,p2c_capacity,360,0.1,360,200,200,1.327052573885765,1.360910484823847,1.3237907431868543,0.09298710722261307,0.05961210250178437,p2d,d064
14,reference,frozen_q,loss50,naive,cyclic,p2c_capacity,360,0.1,360,178,178,0.7909082421237134,0.820818613207087,0.7810147686927126,0.12470677023759029,0.03465227340660487,p2d,d064
15,reference,frozen_q,loss50,naive,cyclic,p2c_capacity,360,0.1,360,176,176,0.8367259783129446,0.9233201991776928,0.8297789629992907,0.10759756199643189,0.05216137644146912,p2d,d064
16,reference,frozen_q,loss50,naive,cyclic,p2c_capacity,360,0.1,360,170,170,0.9935336714850407,1.0177507555493026,0.9892752948653137,0.0918887770279436,0.07319749547011493,p2d,d064
17,reference,frozen_q,loss50,naive,cyclic,p2c_capacity,360,0.1,360,161,161,1.192524981818597,1.2244551323760577,1.185344316878915,0.13067012934983677,0.047575867392048284,p2d,d064
18,reference,frozen_q,loss50,naive,cyclic,p2c_capacity,360,0.1,360,158,158,0.8786531742381448,0.9110373274813346,0.8716050036262736,0.11106807935861443,0.05284387368588585,p2d,d064
19,reference,frozen_q,loss50,naive,cyclic,p2c_capacity,360,0.1,360,167,167,1.6077081851445405,1.647347463098075,1.6025253681583669,0.12898857697347782,0.03384792926027786,p2d,d064
0,reference,frozen_q,loss50,naive,information,p2c_capacity,360,0.1,360,178,178,1.1331200105063306,1.1705003018767184,1.1289198839638164,0.09747232325634693,0.05951153924601762,p2d,d065
1,reference,frozen_q,loss50,naive,information,p2c_capacity,360,0.1,360,183,183,0.9291074701825086,0.9678388313868457,0.925855272323829,0.07767049542206843,0.08915504402748377,p2d,d065
2,reference,frozen_q,loss50,naive,information,p2c_capacity,360,0.1,360,180,180,1.2289028074060642,1.2520037478719528,1.2252554553288673,0.09461067189993262,0.049078894332372835,p2d,d065
3,reference,frozen_q,loss50,naive,information,p2c_capacity,360,0.1,360,188,188,1.4422705982170871,1.4811784917566697,1.439878862553058,0.08302613838054854,0.030685729951188553,p2d,d065
4,reference,frozen_q,loss50,naive,information,p2c_capacity,360,0.1,360,183,183,0.3931136689728219,0.4169731191752935,0.3691911089238349,0.13504177807205625,0.05869432565518443,p2d,d065
5,reference,frozen_q,loss50,naive,information,p2c_capacity,360,0.1,360,185,185,1.2050756465979173,1.2342926005394974,1.1999366107403249,0.11117303732654817,0.07131564881062724,p2d,d065
6,reference,frozen_q,loss50,naive,information,p2c_capacity,360,0.1,360,169,169,2.3368212094637224,2.353173301608245,2.333518116133622,0.12420373052241998,0.05694886528159675,p2d,d065
7,reference,frozen_q,loss50,naive,information,p2c_capacity,360,0.1,360,179,179,0.9439637307109982,1.0200555343841082,0.9380129754380875,0.10582619150102668,0.043943626640903496,p2d,d065
8,reference,frozen_q,loss50,naive,information,p2c_capacity,360,0.1,360,181,181,0.6037039201402309,0.6136610376265196,0.5935033001990692,0.11050907585124337,0.029236327158144716,p2d,d065
9,reference,frozen_q,loss50,naive,information,p2c_capacity,360,0.1,360,178,178,1.3853015652703242,1.4227747930082024,1.3802275547696046,0.11845810987487818,0.07014492575871772,p2d,d065
10,reference,frozen_q,loss50,naive,information,p2c_capacity,360,0.1,360,162,162,0.39734322889267876,0.4424431671080875,0.3814866727071714,0.1111285746046948,0.08368469703758073,p2d,d065
11,reference,frozen_q,loss50,naive,information,p2c_capacity,360,0.1,360,166,166,0.6358181367329955,0.6807048049178703,0.6234456821030779,0.12482060913825892,0.05443828508379717,p2d,d065
12,reference,frozen_q,loss50,naive,information,p2c_capacity,360,0.1,360,192,192,1.0136114427328367,1.049731495080057,1.0110640814798602,0.07181629327826404,0.05480149975848707,p2d,d065
13,reference,frozen_q,loss50,naive,information,p2c_capacity,360,0.1,360,194,194,1.321431368300723,1.3572765994007163,1.3178498558904197,0.09722457744172427,0.059624884850384044,p2d,d065
14,reference,frozen_q,loss50,naive,information,p2c_capacity,360,0.1,360,180,180,0.7928691714347302,0.8269349927496628,0.7830199926524288,0.12458416479708005,0.036615901959350265,p2d,d065
15,reference,frozen_q,loss50,naive,information,p2c_capacity,360,0.1,360,193,193,0.8384661396410132,0.8471517162765431,0.8344756332420776,0.08170608820483836,0.06112041034287416,p2d,d065
16,reference,frozen_q,loss50,naive,information,p2c_capacity,360,0.1,360,165,165,1.0007765386482503,1.0246830708253707,0.9964518499307731,0.0929375654851856,0.08218013002580461,p2d,d065
17,reference,frozen_q,loss50,naive,information,p2c_capacity,360,0.1,360,183,183,1.191622436926197,1.226053987751034,1.1851074226109384,0.12443644586047745,0.028672643471159973,p2d,d065
18,reference,frozen_q,loss50,naive,information,p2c_capacity,360,0.1,360,166,166,0.8749180140348307,0.9174672332567452,0.8628309320328102,0.14492865144630349,0.050792563898778786,p2d,d065
19,reference,frozen_q,loss50,naive,information,p2c_capacity,360,0.1,360,183,183,1.606039234344577,1.6412094401627195,1.6029595474168628,0.09941182826627035,0.04122019650387143,p2d,d065
0,reference,frozen_q,loss50,naive,uniform,uniform_rounds,360,0.1,360,182,182,1.1250144902084485,1.1647271214688855,1.122090279849476,0.0810617483545695,0.041632037005591226,p2d,d066
1,reference,frozen_q,loss50,naive,uniform,uniform_rounds,360,0.1,360,175,175,0.9260848772343412,0.9416794706895741,0.9220537184958232,0.08631419379319952,0.08551043559991564,p2d,d066
2,reference,frozen_q,loss50,naive,uniform,uniform_rounds,360,0.1,360,173,173,1.2253456948027455,1.230970339053191,1.220288775011298,0.11120871077864579,0.044076681918627625,p2d,d066
3,reference,frozen_q,loss50,naive,uniform,uniform_rounds,360,0.1,360,176,176,1.4431866592055649,1.4771350673061077,1.4400075371715988,0.09573936597819158,0.03340887076349892,p2d,d066
4,reference,frozen_q,loss50,naive,uniform,uniform_rounds,360,0.1,360,169,169,0.4094275679879341,0.49170970760466687,0.36481151752293806,0.18585879078247938,0.08315209398733453,p2d,d066
5,reference,frozen_q,loss50,naive,uniform,uniform_rounds,360,0.1,360,182,182,1.2103069750682434,1.2479371016741556,1.2007075557900333,0.1521326374173722,0.08747477199440856,p2d,d066
6,reference,frozen_q,loss50,naive,uniform,uniform_rounds,360,0.1,360,181,181,2.34535074658305,2.3624703667674534,2.3429999916049358,0.10498173096753426,0.05715147660647334,p2d,d066
7,reference,frozen_q,loss50,naive,uniform,uniform_rounds,360,0.1,360,184,184,0.9409216257529139,0.9949860912693942,0.9370149783060071,0.0856529990117093,0.0731279545569768,p2d,d066
8,reference,frozen_q,loss50,naive,uniform,uniform_rounds,360,0.1,360,176,176,0.603716212378203,0.6688629611524599,0.5907048619813449,0.12466367201347735,0.031150633737405904,p2d,d066
9,reference,frozen_q,loss50,naive,uniform,uniform_rounds,360,0.1,360,187,187,1.38140840326871,1.4206715424530398,1.3775289623059936,0.1034559550223148,0.06653602921153642,p2d,d066
10,reference,frozen_q,loss50,naive,uniform,uniform_rounds,360,0.1,360,165,165,0.4199907053369694,0.5406374452479563,0.3823631654548778,0.17375443094428056,0.10088195483709524,p2d,d066
11,reference,frozen_q,loss50,naive,uniform,uniform_rounds,360,0.1,360,186,186,0.6340945345581006,0.6846839586178635,0.6234113012566848,0.1159061181383507,0.06089984698784033,p2d,d066
12,reference,frozen_q,loss50,naive,uniform,uniform_rounds,360,0.1,360,184,184,1.0169815611179949,1.079034388697597,1.008517579697406,0.13093428540791247,0.05803525059497359,p2d,d066
13,reference,frozen_q,loss50,naive,uniform,uniform_rounds,360,0.1,360,178,178,1.3342360655804162,1.3684096334322604,1.3256073234296768,0.1514962136989463,0.05674401943684986,p2d,d066
14,reference,frozen_q,loss50,naive,uniform,uniform_rounds,360,0.1,360,166,166,0.7942841923488102,0.8259639205167479,0.7836060130330963,0.12980367696477899,0.043515825857966976,p2d,d066
15,reference,frozen_q,loss50,naive,uniform,uniform_rounds,360,0.1,360,186,186,0.8380593094237683,0.8533331907257051,0.8310493413856909,0.10816837936408562,0.056644538096755195,p2d,d066
16,reference,frozen_q,loss50,naive,uniform,uniform_rounds,360,0.1,360,169,169,0.9979343539209907,1.0207408930141435,0.992579270613331,0.10324420702592997,0.08090921685042912,p2d,d066
17,reference,frozen_q,loss50,naive,uniform,uniform_rounds,360,0.1,360,179,179,1.1846251896231388,1.1962874740015832,1.179505054679714,0.11002120647703444,0.0423010278764908,p2d,d066
18,reference,frozen_q,loss50,naive,uniform,uniform_rounds,360,0.1,360,188,188,0.8750396036181087,0.8999529777459692,0.8715735313469405,0.07780673078571486,0.05728828699206902,p2d,d066
19,reference,frozen_q,loss50,naive,uniform,uniform_rounds,360,0.1,360,181,181,1.6028280411392997,1.6486902492014708,1.599991554955179,0.09531397344856195,0.04026002028084862,p2d,d066
0,reference,frozen_q,network_outage,gated,cyclic,p2c_capacity,360,0.1,360,300,299,1.122833430808795,1.1434456845247485,1.1195831317903382,0.08537285489186439,0.03271102493064612,p2d,d067
1,reference,frozen_q,network_outage,gated,cyclic,p2c_capacity,360,0.1,360,300,300,0.9322284833217523,0.9589790889303796,0.927298959544901,0.095742282943947,0.10271446677639069,p2d,d067
2,reference,frozen_q,network_outage,gated,cyclic,p2c_capacity,360,0.1,360,300,300,1.2292360684017314,1.2499526042385305,1.2259135952465792,0.09031704628337293,0.05201738917964311,p2d,d067
3,reference,frozen_q,network_outage,gated,cyclic,p2c_capacity,360,0.1,360,300,298,1.4406772941059958,1.4906931744208527,1.4369096635755487,0.10412340983552955,0.0327562113602766,p2d,d067
4,reference,frozen_q,network_outage,gated,cyclic,p2c_capacity,360,0.1,360,300,300,0.3950152948450581,0.43848538854990143,0.3695525747736551,0.13952769488417077,0.0662810157779529,p2d,d067
5,reference,frozen_q,network_outage,gated,cyclic,p2c_capacity,360,0.1,360,300,299,1.2008871232017935,1.2397157851781988,1.1971092929444276,0.09517995281555863,0.06317336001926238,p2d,d067
6,reference,frozen_q,network_outage,gated,cyclic,p2c_capacity,360,0.1,360,300,298,2.3401411882673893,2.3624633677571127,2.337541142664215,0.11028230763629175,0.06384621096057543,p2d,d067
7,reference,frozen_q,network_outage,gated,cyclic,p2c_capacity,360,0.1,360,300,300,0.9445763720173719,0.953745982647992,0.9417937276002755,0.07245065373258239,0.05858027830162624,p2d,d067
8,reference,frozen_q,network_outage,gated,cyclic,p2c_capacity,360,0.1,360,300,300,0.593660264962638,0.61106190107709,0.5890904299338214,0.07351853885854302,0.03110167942760885,p2d,d067
9,reference,frozen_q,network_outage,gated,cyclic,p2c_capacity,360,0.1,360,300,299,1.3800120187073177,1.4042536113163886,1.3762738268803305,0.10150628168156009,0.06098074757562333,p2d,d067
10,reference,frozen_q,network_outage,gated,cyclic,p2c_capacity,360,0.1,360,300,300,0.393136731055161,0.4451769925438218,0.38070219733053007,0.0980934567259414,0.09037304977806353,p2d,d067
11,reference,frozen_q,network_outage,gated,cyclic,p2c_capacity,360,0.1,360,300,299,0.6245504801834186,0.6491637780278868,0.6204903269336489,0.07109892037937089,0.03581075489749845,p2d,d067
12,reference,frozen_q,network_outage,gated,cyclic,p2c_capacity,360,0.1,360,300,299,1.0177249793843741,1.0334326353422068,1.0140167837187484,0.08679917050070132,0.04735572326862379,p2d,d067
13,reference,frozen_q,network_outage,gated,cyclic,p2c_capacity,360,0.1,360,300,300,1.3221910923185667,1.337301843049001,1.31974801556609,0.0803396540690369,0.05529597875209917,p2d,d067
14,reference,frozen_q,network_outage,gated,cyclic,p2c_capacity,360,0.1,360,300,297,0.7879869037181308,0.8211721022844084,0.7814108620607225,0.1015894929842911,0.04030672133740469,p2d,d067
15,reference,frozen_q,network_outage,gated,cyclic,p2c_capacity,360,0.1,360,300,299,0.8351616819841435,0.8585250917672083,0.8309652181539825,0.08361723071764449,0.05338072029074468,p2d,d067
16,reference,frozen_q,network_outage,gated,cyclic,p2c_capacity,360,0.1,360,300,300,0.9972079100089186,1.016290533883021,0.993343261767684,0.08770849494258788,0.08245796052378233,p2d,d067
17,reference,frozen_q,network_outage,gated,cyclic,p2c_capacity,360,0.1,360,300,300,1.1887571364208986,1.2279363588300722,1.1853660654630946,0.08972636312788693,0.034498049375066564,p2d,d067
18,reference,frozen_q,network_outage,gated,cyclic,p2c_capacity,360,0.1,360,300,300,0.8744262204384318,0.9001444151936303,0.8707113896378843,0.08051640171483775,0.06315812368020247,p2d,d067
19,reference,frozen_q,network_outage,gated,cyclic,p2c_capacity,360,0.1,360,300,299,1.6056044818344146,1.6327892879942703,1.6031202021642865,0.08928252628312759,0.036970864846603516,p2d,d067
0,reference,frozen_q,network_outage,gated,information,p2c_capacity,360,0.1,360,300,299,1.1252286385245849,1.1468077559045493,1.1227266072735305,0.07499636175148014,0.03570023796600454,p2d,d068
1,reference,frozen_q,network_outage,gated,information,p2c_capacity,360,0.1,360,300,300,0.9242841753908044,0.9593540068443859,0.9205748789321299,0.0827232080915256,0.07933505531656306,p2d,d068
2,reference,frozen_q,network_outage,gated,information,p2c_capacity,360,0.1,360,300,300,1.2289158065834977,1.260904465968353,1.226294183534303,0.08022864264528842,0.03678256293033112,p2d,d068
3,reference,frozen_q,network_outage,gated,information,p2c_capacity,360,0.1,360,300,299,1.440896363083118,1.4665209546558413,1.438584503304836,0.08159017096032463,0.04866216908161094,p2d,d068
4,reference,frozen_q,network_outage,gated,information,p2c_capacity,360,0.1,360,300,299,0.391178656728761,0.4329917252253351,0.37087664407587645,0.12438350517304732,0.063363036649414,p2d,d068
5,reference,frozen_q,network_outage,gated,information,p2c_capacity,360,0.1,360,300,300,1.1989212436330812,1.2030521416914874,1.1946098362779338,0.10158487831711085,0.051814159953133855,p2d,d068
6,reference,frozen_q,network_outage,gated,information,p2c_capacity,360,0.1,360,300,297,2.3467458297965726,2.368960091201746,2.3435850601745574,0.12175818409545129,0.07200567834926452,p2d,d068
7,reference,frozen_q,network_outage,gated,information,p2c_capacity,360,0.1,360,300,300,0.9425777064268327,0.9634466220929443,0.9390845556577483,0.08107360839359375,0.0405830024108297,p2d,d068
8,reference,frozen_q,network_outage,gated,information,p2c_capacity,360,0.1,360,300,299,0.5966021506134637,0.6248573784416394,0.5884702814876929,0.09816747894494122,0.03282219879089048,p2d,d068
9,reference,frozen_q,network_outage,gated,information,p2c_capacity,360,0.1,360,300,300,1.3812936697649005,1.4057843006816098,1.3781371315163955,0.09332871406136022,0.07048031854639626,p2d,d068
10,reference,frozen_q,network_outage,gated,information,p2c_capacity,360,0.1,360,300,299,0.39221482465539675,0.40409014867000764,0.3800562386172951,0.0969005890979889,0.09063076595058552,p2d,d068
11,reference,frozen_q,network_outage,gated,information,p2c_capacity,360,0.1,360,300,300,0.628799560004355,0.6429673007682002,0.6206545168286309,0.10088041138838127,0.03682063165779788,p2d,d068
12,reference,frozen_q,network_outage,gated,information,p2c_capacity,360,0.1,360,300,300,1.0167873516232995,1.050251572537251,1.014785120386145,0.06377834949259834,0.055841804768740975,p2d,d068
13,reference,frozen_q,network_outage,gated,information,p2c_capacity,360,0.1,360,300,300,1.3297242100208164,1.358749318164728,1.3261609089574786,0.09728164404736464,0.047799260423017124,p2d,d068
14,reference,frozen_q,network_outage,gated,information,p2c_capacity,360,0.1,360,300,298,0.784687910728708,0.807078154262777,0.7790678925080404,0.093746125823232,0.03029604133083995,p2d,d068
15,reference,frozen_q,network_outage,gated,information,p2c_capacity,360,0.1,360,300,298,0.8352547861681403,0.8451620745884604,0.8312361629817612,0.08183519516775808,0.05089299284784344,p2d,d068
16,reference,frozen_q,network_outage,gated,information,p2c_capacity,360,0.1,360,300,300,0.9974085975900124,1.0397553666464014,0.9934211437967164,0.08909737147693705,0.07278436179967587,p2d,d068
17,reference,frozen_q,network_outage,gated,information,p2c_capacity,360,0.1,360,300,299,1.18991101504858,1.222583456716062,1.184866305272384,0.10945347122915759,0.027191759696202956,p2d,d068
18,reference,frozen_q,network_outage,gated,information,p2c_capacity,360,0.1,360,300,300,0.8773024328598232,0.9053624567400157,0.8746050541566515,0.06874269376017544,0.06595473496790803,p2d,d068
19,reference,frozen_q,network_outage,gated,information,p2c_capacity,360,0.1,360,300,299,1.6065472048110663,1.6164346539292622,1.6043181065476089,0.08460103007496518,0.042270056448029544,p2d,d068
0,reference,frozen_q,network_outage,gated,uniform,uniform_rounds,360,0.1,360,300,300,1.125727625058959,1.139544323841568,1.122298836030496,0.08779526448207715,0.03381215170294743,p2d,d069
1,reference,frozen_q,network_outage,gated,uniform,uniform_rounds,360,0.1,360,300,300,0.9304920834613554,0.9375475263048846,0.9259228829056229,0.09209957815318205,0.09569959347844817,p2d,d069
2,reference,frozen_q,network_outage,gated,uniform,uniform_rounds,360,0.1,360,300,300,1.2264109401448453,1.2507151337802493,1.2236588470090788,0.08211467739311455,0.04225494793557364,p2d,d069
3,reference,frozen_q,network_outage,gated,uniform,uniform_rounds,360,0.1,360,300,300,1.4454656891128594,1.4728118024402415,1.4432968236631412,0.07915388307848109,0.031505332502323784,p2d,d069
4,reference,frozen_q,network_outage,gated,uniform,uniform_rounds,360,0.1,360,300,300,0.3935140497224717,0.43292861206686156,0.3702506999885648,0.1332956356635796,0.08731899704531386,p2d,d069
5,reference,frozen_q,network_outage,gated,uniform,uniform_rounds,360,0.1,360,300,300,1.2008388756331347,1.244530829898311,1.1966354100746388,0.10038775118186823,0.08299233717063476,p2d,d069
6,reference,frozen_q,network_outage,gated,uniform,uniform_rounds,360,0.1,360,300,298,2.3460365095000753,2.387895345030582,2.3430825667674022,0.11769192503302772,0.0721332245594995,p2d,d069
7,reference,frozen_q,network_outage,gated,uniform,uniform_rounds,360,0.1,360,300,300,0.9426668001296212,0.9523119687060905,0.9406095349789618,0.062244668633389684,0.05791816649223711,p2d,d069
8,reference,frozen_q,network_outage,gated,uniform,uniform_rounds,360,0.1,360,300,298,0.5983075182582831,0.6275540783830988,0.5893155790434328,0.1033394150413539,0.028986595324503615,p2d,d069
9,reference,frozen_q,network_outage,gated,uniform,uniform_rounds,360,0.1,360,300,300,1.3808566626603205,1.4310236562352636,1.374026870742892,0.13716880581930663,0.06012613267960236,p2d,d069
10,reference,frozen_q,network_outage,gated,uniform,uniform_rounds,360,0.1,360,300,299,0.3910596326365124,0.44509038198254774,0.3794009682034072,0.09477627131366412,0.09677458246877253,p2d,d069
11,reference,frozen_q,network_outage,gated,uniform,uniform_rounds,360,0.1,360,300,300,0.6295611764875748,0.6579172521587069,0.6225871453711377,0.09344796070025879,0.04435602209419291,p2d,d069
12,reference,frozen_q,network_outage,gated,uniform,uniform_rounds,360,0.1,360,300,298,1.013259770987295,1.039097063224438,1.009714986006977,0.08468181938383174,0.05150704813959976,p2d,d069
13,reference,frozen_q,network_outage,gated,uniform,uniform_rounds,360,0.1,360,300,300,1.3298313401862154,1.372484715882362,1.3240426143335449,0.12394574930290096,0.04932812142997384,p2d,d069
14,reference,frozen_q,network_outage,gated,uniform,uniform_rounds,360,0.1,360,300,300,0.7918128140378046,0.8196406389937965,0.7808753385662782,0.13115349058819364,0.03970782557732388,p2d,d069
15,reference,frozen_q,network_outage,gated,uniform,uniform_rounds,360,0.1,360,300,298,0.8344198580719749,0.8491560211375693,0.8291836029104303,0.09333301778755917,0.06066395933699008,p2d,d069
16,reference,frozen_q,network_outage,gated,uniform,uniform_rounds,360,0.1,360,300,300,0.9974290758872469,1.0195085930649872,0.9922973148414879,0.10104850510354155,0.08139953184203674,p2d,d069
17,reference,frozen_q,network_outage,gated,uniform,uniform_rounds,360,0.1,360,300,300,1.1912306030887583,1.22342633184517,1.1847610975321257,0.12398181927072957,0.024498496937650698,p2d,d069
18,reference,frozen_q,network_outage,gated,uniform,uniform_rounds,360,0.1,360,300,300,0.8730037173458254,0.8848236946295996,0.8700208929980607,0.07210503620751314,0.05697470663550924,p2d,d069
19,reference,frozen_q,network_outage,gated,uniform,uniform_rounds,360,0.1,360,300,299,1.6053647527155464,1.641119189827176,1.602801029934112,0.09069094609494949,0.040886317446935064,p2d,d069
0,reference,frozen_q,network_outage,naive,cyclic,p2c_capacity,360,0.1,360,300,300,1.1227452486545018,1.1465416617513464,1.1192594944223229,0.08840292711073074,0.03259472412201494,p2d,d070
1,reference,frozen_q,network_outage,naive,cyclic,p2c_capacity,360,0.1,360,300,300,0.9322284833217523,0.9589790889303796,0.927298959544901,0.095742282943947,0.10271446677639069,p2d,d070
2,reference,frozen_q,network_outage,naive,cyclic,p2c_capacity,360,0.1,360,300,300,1.2292360684017314,1.2499526042385305,1.2259135952465792,0.09031704628337293,0.05201738917964311,p2d,d070
3,reference,frozen_q,network_outage,naive,cyclic,p2c_capacity,360,0.1,360,300,300,1.440917461855869,1.4929252810761173,1.4372120347400426,0.10327002991936628,0.031829840415534834,p2d,d070
4,reference,frozen_q,network_outage,naive,cyclic,p2c_capacity,360,0.1,360,300,300,0.3950152948450581,0.43848538854990143,0.3695525747736551,0.13952769488417077,0.0662810157779529,p2d,d070
5,reference,frozen_q,network_outage,naive,cyclic,p2c_capacity,360,0.1,360,300,300,1.2007694676491105,1.2392562825700475,1.197316168733559,0.09100168420155505,0.06393561212424272,p2d,d070
6,reference,frozen_q,network_outage,naive,cyclic,p2c_capacity,360,0.1,360,300,300,2.3401185066175447,2.362268820910957,2.3375385504564306,0.10985513253361193,0.06265601990500776,p2d,d070
7,reference,frozen_q,network_outage,naive,cyclic,p2c_capacity,360,0.1,360,300,300,0.9445763720173719,0.953745982647992,0.9417937276002755,0.07245065373258239,0.05858027830162624,p2d,d070
8,reference,frozen_q,network_outage,naive,cyclic,p2c_capacity,360,0.1,360,300,300,0.593660264962638,0.61106190107709,0.5890904299338214,0.07351853885854302,0.03110167942760885,p2d,d070
9,reference,frozen_q,network_outage,naive,cyclic,p2c_capacity,360,0.1,360,300,300,1.3793786757107067,1.4036702163474122,1.375634443226042,0.10156480500449454,0.06036809633573858,p2d,d070
10,reference,frozen_q,network_outage,naive,cyclic,p2c_capacity,360,0.1,360,300,300,0.393136731055161,0.4451769925438218,0.38070219733053007,0.0980934567259414,0.09037304977806353,p2d,d070
11,reference,frozen_q,network_outage,naive,cyclic,p2c_capacity,360,0.1,360,300,300,0.6241261233610165,0.6433084783466144,0.6201530144626679,0.07031114075676007,0.03769436606475842,p2d,d070
12,reference,frozen_q,network_outage,naive,cyclic,p2c_capacity,360,0.1,360,300,300,1.0175237060849425,1.0290285745414467,1.0142021562259018,0.08214912508096445,0.048511770096764766,p2d,d070
13,reference,frozen_q,network_outage,naive,cyclic,p2c_capacity,360,0.1,360,300,300,1.3221910923185667,1.337301843049001,1.31974801556609,0.0803396540690369,0.05529597875209917,p2d,d070
14,reference,frozen_q,network_outage,naive,cyclic,p2c_capacity,360,0.1,360,300,300,0.7885630916253413,0.8207163493138777,0.7813648431293255,0.10630489826532472,0.04271441564784455,p2d,d070
15,reference,frozen_q,network_outage,naive,cyclic,p2c_capacity,360,0.1,360,300,300,0.8359782910803546,0.8678137456225354,0.8317803674150208,0.08367271682312626,0.055051308110803894,p2d,d070
16,reference,frozen_q,network_outage,naive,cyclic,p2c_capacity,360,0.1,360,300,300,0.9972079100089186,1.016290533883021,0.993343261767684,0.08770849494258788,0.08245796052378233,p2d,d070
17,reference,frozen_q,network_outage,naive,cyclic,p2c_capacity,360,0.1,360,300,300,1.1887571364208986,1.2279363588300722,1.1853660654630946,0.08972636312788693,0.034498049375066564,p2d,d070
18,reference,frozen_q,network_outage,naive,cyclic,p2c_capacity,360,0.1,360,300,300,0.8744262204384318,0.9001444151936303,0.8707113896378843,0.08051640171483775,0.06315812368020247,p2d,d070
19,reference,frozen_q,network_outage,naive,cyclic,p2c_capacity,360,0.1,360,300,300,1.6057830198474334,1.6279140995252868,1.6032511505001226,0.09013797895657479,0.03675663180446904,p2d,d070
0,reference,frozen_q,network_outage,naive,information,p2c_capacity,360,0.1,360,300,300,1.125682956109353,1.1493219060219115,1.1231905135608893,0.07486780297242421,0.034861714009030174,p2d,d071
1,reference,frozen_q,network_outage,naive,information,p2c_capacity,360,0.1,360,300,300,0.9242841753908044,0.9593540068443859,0.9205748789321299,0.0827232080915256,0.07933505531656306,p2d,d071
2,reference,frozen_q,network_outage,naive,information,p2c_capacity,360,0.1,360,300,300,1.2289158065834977,1.260904465968353,1.226294183534303,0.08022864264528842,0.03678256293033112,p2d,d071
3,reference,frozen_q,network_outage,naive,information,p2c_capacity,360,0.1,360,300,300,1.4384031297869897,1.455701038871713,1.4356257746138579,0.08934315332116077,0.044955277555017714,p2d,d071
4,reference,frozen_q,network_outage,naive,information,p2c_capacity,360,0.1,360,300,300,0.3893304448023383,0.4201844845101773,0.37032301605644674,0.12016263574357605,0.08015964059549516,p2d,d071
5,reference,frozen_q,network_outage,naive,information,p2c_capacity,360,0.1,360,300,300,1.1989212436330812,1.2030521416914874,1.1946098362779338,0.10158487831711085,0.051814159953133855,p2d,d071
6,reference,frozen_q,network_outage,naive,information,p2c_capacity,360,0.1,360,300,300,2.3480874517121806,2.367903143768491,2.3464479470767046,0.08773090987628467,0.06709748723188086,p2d,d071
7,reference,frozen_q,network_outage,naive,information,p2c_capacity,360,0.1,360,300,300,0.9425777064268327,0.9634466220929443,0.9390845556577483,0.08107360839359375,0.0405830024108297,p2d,d071
8,reference,frozen_q,network_outage,naive,information,p2c_capacity,360,0.1,360,300,300,0.599267508867998,0.6382484260854882,0.5904836660523332,0.1022281140892892,0.034183198493551774,p2d,d071
9,reference,frozen_q,network_outage,naive,information,p2c_capacity,360,0.1,360,300,300,1.3812936697649005,1.4057843006816098,1.3781371315163955,0.09332871406136022,0.07048031854639626,p2d,d071
10,reference,frozen_q,network_outage,naive,information,p2c_capacity,360,0.1,360,300,300,0.3904001069274502,0.42231952060760225,0.3808152930447867,0.08597648557703315,0.07848494903088943,p2d,d071
11,reference,frozen_q,network_outage,naive,information,p2c_capacity,360,0.1,360,300,300,0.628799560004355,0.6429673007682002,0.6206545168286309,0.10088041138838127,0.03682063165779788,p2d,d071
12,reference,frozen_q,network_outage,naive,information,p2c_capacity,360,0.1,360,300,300,1.0167873516232995,1.050251572537251,1.014785120386145,0.06377834949259834,0.055841804768740975,p2d,d071
13,reference,frozen_q,network_outage,naive,information,p2c_capacity,360,0.1,360,300,300,1.3297242100208164,1.358749318164728,1.3261609089574786,0.09728164404736464,0.047799260423017124,p2d,d071
14,reference,frozen_q,network_outage,naive,information,p2c_capacity,360,0.1,360,300,300,0.7861139019207231,0.8112412842122599,0.7797886182627615,0.09952274926305721,0.032437563632794084,p2d,d071
15,reference,frozen_q,network_outage,naive,information,p2c_capacity,360,0.1,360,300,300,0.8372988330508795,0.8631007603335152,0.8330879175173219,0.08386809593055324,0.05602460182476089,p2d,d071
16,reference,frozen_q,network_outage,naive,information,p2c_capacity,360,0.1,360,300,300,0.9974085975900124,1.0397553666464014,0.9934211437967164,0.08909737147693705,0.07278436179967587,p2d,d071
17,reference,frozen_q,network_outage,naive,information,p2c_capacity,360,0.1,360,300,300,1.191955171156606,1.2151587588747266,1.1873838296199222,0.10429176000097605,0.033461927908992835,p2d,d071
18,reference,frozen_q,network_outage,naive,information,p2c_capacity,360,0.1,360,300,300,0.8773024328598232,0.9053624567400157,0.8746050541566515,0.06874269376017544,0.06595473496790803,p2d,d071
19,reference,frozen_q,network_outage,naive,information,p2c_capacity,360,0.1,360,300,300,1.6046170159084305,1.6234444785711883,1.6021836300234866,0.0883367614735764,0.03329295493300379,p2d,d071
0,reference,frozen_q,network_outage,naive,uniform,uniform_rounds,360,0.1,360,300,300,1.125727625058959,1.139544323841568,1.122298836030496,0.08779526448207715,0.03381215170294743,p2d,d072
1,reference,frozen_q,network_outage,naive,uniform,uniform_rounds,360,0.1,360,300,300,0.9304920834613554,0.9375475263048846,0.9259228829056229,0.09209957815318205,0.09569959347844817,p2d,d072
2,reference,frozen_q,network_outage,naive,uniform,uniform_rounds,360,0.1,360,300,300,1.2264109401448453,1.2507151337802493,1.2236588470090788,0.08211467739311455,0.04225494793557364,p2d,d072
3,reference,frozen_q,network_outage,naive,uniform,uniform_rounds,360,0.1,360,300,300,1.4454656891128594,1.4728118024402415,1.4432968236631412,0.07915388307848109,0.031505332502323784,p2d,d072
4,reference,frozen_q,network_outage,naive,uniform,uniform_rounds,360,0.1,360,300,300,0.3935140497224717,0.43292861206686156,0.3702506999885648,0.1332956356635796,0.08731899704531386,p2d,d072
5,reference,frozen_q,network_outage,naive,uniform,uniform_rounds,360,0.1,360,300,300,1.2008388756331347,1.244530829898311,1.1966354100746388,0.10038775118186823,0.08299233717063476,p2d,d072
6,reference,frozen_q,network_outage,naive,uniform,uniform_rounds,360,0.1,360,300,300,2.3454368703767314,2.379447713615068,2.3431946818295204,0.10253192658118655,0.06861478538186701,p2d,d072
7,reference,frozen_q,network_outage,naive,uniform,uniform_rounds,360,0.1,360,300,300,0.9426668001296212,0.9523119687060905,0.9406095349789618,0.062244668633389684,0.05791816649223711,p2d,d072
8,reference,frozen_q,network_outage,naive,uniform,uniform_rounds,360,0.1,360,300,300,0.6000914546879926,0.6330369834562236,0.5908329470504704,0.1050056316071055,0.02688136768097507,p2d,d072
9,reference,frozen_q,network_outage,naive,uniform,uniform_rounds,360,0.1,360,300,300,1.3808566626603205,1.4310236562352636,1.374026870742892,0.13716880581930663,0.06012613267960236,p2d,d072
10,reference,frozen_q,network_outage,naive,uniform,uniform_rounds,360,0.1,360,300,300,0.3873433266112837,0.42615334382035636,0.3792040607822568,0.07898818238535449,0.09487189635570079,p2d,d072
11,reference,frozen_q,network_outage,naive,uniform,uniform_rounds,360,0.1,360,300,300,0.6295611764875748,0.6579172521587069,0.6225871453711377,0.09344796070025879,0.04435602209419291,p2d,d072
12,reference,frozen_q,network_outage,naive,uniform,uniform_rounds,360,0.1,360,300,300,1.013693542965006,1.0396033477558637,1.009676892245732,0.09015083091101739,0.050910840998809645,p2d,d072
13,reference,frozen_q,network_outage,naive,uniform,uniform_rounds,360,0.1,360,300,300,1.3298313401862154,1.372484715882362,1.3240426143335449,0.12394574930290096,0.04932812142997384,p2d,d072
14,reference,frozen_q,network_outage,naive,uniform,uniform_rounds,360,0.1,360,300,300,0.7918128140378046,0.8196406389937965,0.7808753385662782,0.13115349058819364,0.03970782557732388,p2d,d072
15,reference,frozen_q,network_outage,naive,uniform,uniform_rounds,360,0.1,360,300,300,0.8348488713108186,0.8491370991651793,0.8291862062340967,0.09707148561783518,0.058468674813271754,p2d,d072
16,reference,frozen_q,network_outage,naive,uniform,uniform_rounds,360,0.1,360,300,300,0.9974290758872469,1.0195085930649872,0.9922973148414879,0.10104850510354155,0.08139953184203674,p2d,d072
17,reference,frozen_q,network_outage,naive,uniform,uniform_rounds,360,0.1,360,300,300,1.1912306030887583,1.22342633184517,1.1847610975321257,0.12398181927072957,0.024498496937650698,p2d,d072
18,reference,frozen_q,network_outage,naive,uniform,uniform_rounds,360,0.1,360,300,300,0.8730037173458254,0.8848236946295996,0.8700208929980607,0.07210503620751314,0.05697470663550924,p2d,d072
19,reference,frozen_q,network_outage,naive,uniform,uniform_rounds,360,0.1,360,300,300,1.6056938433447512,1.64203779690157,1.60307257139527,0.09171177348298928,0.043101049487183976,p2d,d072
0,reference,frozen_q,nlos,gated,cyclic,p2c_capacity,360,0.1,360,360,339,1.1252893124650656,1.1416333314066163,1.1224773435583006,0.07950251534637556,0.03331361943826259,p2d,d073
1,reference,frozen_q,nlos,gated,cyclic,p2c_capacity,360,0.1,360,360,340,0.93004007951693,0.9469081549630098,0.9266987592893571,0.07876521465357626,0.10174394011729884,p2d,d073
2,reference,frozen_q,nlos,gated,cyclic,p2c_capacity,360,0.1,360,360,340,1.229153872333008,1.2589172902298211,1.2255768036242176,0.0937056043653415,0.0556581228889142,p2d,d073
3,reference,frozen_q,nlos,gated,cyclic,p2c_capacity,360,0.1,360,360,338,1.4405698416597839,1.4660475640146708,1.4389178289772186,0.06897064702597917,0.029078654722914155,p2d,d073
4,reference,frozen_q,nlos,gated,cyclic,p2c_capacity,360,0.1,360,360,310,0.5164916932303778,0.5565308703660622,0.373944858860523,0.3562708403837819,0.10469767601575966,p2d,d073
5,reference,frozen_q,nlos,gated,cyclic,p2c_capacity,360,0.1,360,360,339,1.2024722202769933,1.2498401252788818,1.1986292826403222,0.0960587493934258,0.06462982683887757,p2d,d073
6,reference,frozen_q,nlos,gated,cyclic,p2c_capacity,360,0.1,360,360,339,2.3417461766134617,2.359016496045429,2.3392317383557923,0.1084897688849167,0.07398864659090693,p2d,d073
7,reference,frozen_q,nlos,gated,cyclic,p2c_capacity,360,0.1,360,360,340,0.9429795825405554,0.9564259145244541,0.9403281270122317,0.07066474819900177,0.07475933818196372,p2d,d073
8,reference,frozen_q,nlos,gated,cyclic,p2c_capacity,360,0.1,360,360,339,0.5927935419789776,0.6106004146285217,0.5886076579325539,0.07032217598407763,0.03920673333135766,p2d,d073
9,reference,frozen_q,nlos,gated,cyclic,p2c_capacity,360,0.1,360,360,340,1.3759902074488157,1.395337772293603,1.3735047952121804,0.08266576391821465,0.06850496341622639,p2d,d073
10,reference,frozen_q,nlos,gated,cyclic,p2c_capacity,360,0.1,360,360,340,0.39048419556103425,0.42141367226407794,0.3824002796738074,0.07904386812613583,0.08179546049742915,p2d,d073
11,reference,frozen_q,nlos,gated,cyclic,p2c_capacity,360,0.1,360,360,339,0.6252479587059141,0.6507096084743131,0.6214886615565148,0.06846059759163645,0.040485798835453564,p2d,d073
12,reference,frozen_q,nlos,gated,cyclic,p2c_capacity,360,0.1,360,360,339,1.015925914859277,1.0250243623471955,1.0137101339051833,0.06706138158876708,0.045562363300205105,p2d,d073
13,reference,frozen_q,nlos,gated,cyclic,p2c_capacity,360,0.1,360,360,340,1.3218889590116667,1.337930778279864,1.3193495908838235,0.08189674591603434,0.05859934093399229,p2d,d073
14,reference,frozen_q,nlos,gated,cyclic,p2c_capacity,360,0.1,360,360,337,0.7869704209578292,0.8319472311997523,0.7806865365982709,0.09925207824896982,0.03526565582815906,p2d,d073
15,reference,frozen_q,nlos,gated,cyclic,p2c_capacity,360,0.1,360,360,339,0.8359090022945901,0.867178541293192,0.8326503189512022,0.07373809373450227,0.059537085628571,p2d,d073
16,reference,frozen_q,nlos,gated,cyclic,p2c_capacity,360,0.1,360,360,340,0.994389174337697,1.0170337470206525,0.9912214407025137,0.07930879857645041,0.07931440592169695,p2d,d073
17,reference,frozen_q,nlos,gated,cyclic,p2c_capacity,360,0.1,360,360,341,1.1880966218500473,1.2346219875359545,1.184146675874486,0.09679996315546233,0.039357472061320876,p2d,d073
18,reference,frozen_q,nlos,gated,cyclic,p2c_capacity,360,0.1,360,360,340,0.8764964146959003,0.9131508647452965,0.8732535965653192,0.0753267619143582,0.07005147881883046,p2d,d073
19,reference,frozen_q,nlos,gated,cyclic,p2c_capacity,360,0.1,360,360,339,1.607453766727094,1.6310655672775856,1.6051164123986594,0.08665399479297102,0.04583480838316632,p2d,d073
0,reference,frozen_q,nlos,gated,information,p2c_capacity,360,0.1,360,360,272,1.128687605199899,1.2205745433541821,1.1202349671025456,0.1378743218030179,0.048045475051424875,p2d,d074
1,reference,frozen_q,nlos,gated,information,p2c_capacity,360,0.1,360,360,330,0.931311088875861,0.9615868358895876,0.9238513321465328,0.117639535676653,0.07847871627897261,p2d,d074
2,reference,frozen_q,nlos,gated,information,p2c_capacity,360,0.1,360,360,285,1.2273768383572021,1.2459887751327425,1.2227373077478152,0.10661791396076811,0.03606445416877431,p2d,d074
3,reference,frozen_q,nlos,gated,information,p2c_capacity,360,0.1,360,360,299,1.4412586794793483,1.4763362758525398,1.4334368216926106,0.14995152346789323,0.049149416257082454,p2d,d074
4,reference,frozen_q,nlos,gated,information,p2c_capacity,360,0.1,360,360,213,0.4706139040730017,0.6244707592174326,0.36870412167854705,0.29246318975912783,0.025219151149653552,p2d,d074
5,reference,frozen_q,nlos,gated,information,p2c_capacity,360,0.1,360,360,289,1.2038482715173475,1.2747550839164263,1.198050982663429,0.11800213461839361,0.05399742647633238,p2d,d074
6,reference,frozen_q,nlos,gated,information,p2c_capacity,360,0.1,360,360,283,2.344644673336316,2.412701537671036,2.3395793539672867,0.1540360045391167,0.08416450584336994,p2d,d074
7,reference,frozen_q,nlos,gated,information,p2c_capacity,360,0.1,360,360,292,0.9466123130859385,1.0050544528182275,0.9383255902616904,0.12497983015655469,0.05551017785025528,p2d,d074
8,reference,frozen_q,nlos,gated,information,p2c_capacity,360,0.1,360,360,326,0.6109937386498306,0.6933677773393856,0.5936859732927692,0.14439637732545435,0.03808951947421334,p2d,d074
9,reference,frozen_q,nlos,gated,information,p2c_capacity,360,0.1,360,360,305,1.3801999507594993,1.4260865251995078,1.3762900606520359,0.10381509055498488,0.04536541661409789,p2d,d074
10,reference,frozen_q,nlos,gated,information,p2c_capacity,360,0.1,360,360,281,0.4053979418870298,0.4585073868455819,0.3796599439664096,0.14214717103643779,0.07982510620589295,p2d,d074
11,reference,frozen_q,nlos,gated,information,p2c_capacity,360,0.1,360,360,282,0.6279453351978317,0.6569967015439755,0.6201302377539007,0.09876149158456281,0.043667482145150906,p2d,d074
12,reference,frozen_q,nlos,gated,information,p2c_capacity,360,0.1,360,360,278,1.016785512989873,1.0305287805444543,1.0143881289922672,0.06978182561131016,0.05624668174468433,p2d,d074
13,reference,frozen_q,nlos,gated,information,p2c_capacity,360,0.1,360,360,307,1.3389717664624297,1.4074258113302438,1.330384366575652,0.15140286838306682,0.06351579810886436,p2d,d074
14,reference,frozen_q,nlos,gated,information,p2c_capacity,360,0.1,360,360,311,0.7901043648670858,0.8261013231921093,0.7816565064597097,0.11523026204614269,0.03390090444200427,p2d,d074
15,reference,frozen_q,nlos,gated,information,p2c_capacity,360,0.1,360,360,310,0.8368366179877361,0.8513383264632277,0.8317670918394503,0.09197298591486408,0.0511877060894623,p2d,d074
16,reference,frozen_q,nlos,gated,information,p2c_capacity,360,0.1,360,360,306,0.9955051694898019,1.0363424463292141,0.9905555541129331,0.09914755013080019,0.06567497214203061,p2d,d074
17,reference,frozen_q,nlos,gated,information,p2c_capacity,360,0.1,360,360,311,1.1969255537675934,1.2703175648070966,1.1892970343913356,0.13491977338342245,0.029566523914126557,p2d,d074
18,reference,frozen_q,nlos,gated,information,p2c_capacity,360,0.1,360,360,274,0.8824019941095675,0.9257576577253837,0.8710358336426675,0.14117314092618546,0.057309435918329016,p2d,d074
19,reference,frozen_q,nlos,gated,information,p2c_capacity,360,0.1,360,360,325,1.6076382781866825,1.6301561316760116,1.6034846484641767,0.11548946112419181,0.044698482738613154,p2d,d074
0,reference,frozen_q,nlos,gated,uniform,uniform_rounds,360,0.1,360,360,339,1.1272734196722944,1.1832871481480258,1.122668930609376,0.10178327438272687,0.03944361408049508,p2d,d075
1,reference,frozen_q,nlos,gated,uniform,uniform_rounds,360,0.1,360,360,338,0.939013873225304,1.0658775762292125,0.9206077072834344,0.18500946840614813,0.08881731185718135,p2d,d075
2,reference,frozen_q,nlos,gated,uniform,uniform_rounds,360,0.1,360,360,339,1.2259662565337488,1.2506089002118221,1.2231194794010525,0.08349851057996249,0.04179631206085447,p2d,d075
3,reference,frozen_q,nlos,gated,uniform,uniform_rounds,360,0.1,360,360,340,1.4425743802381552,1.4641440776209886,1.4407214386972695,0.0730929449233415,0.03141518747701895,p2d,d075
4,reference,frozen_q,nlos,gated,uniform,uniform_rounds,360,0.1,360,360,341,0.392279122926727,0.4438378401635759,0.3705661535841812,0.12869979060584058,0.09540040921076393,p2d,d075
5,reference,frozen_q,nlos,gated,uniform,uniform_rounds,360,0.1,360,360,340,1.2023313105110163,1.243025059324664,1.1982802551320222,0.09861546732573713,0.08472988094371278,p2d,d075
6,reference,frozen_q,nlos,gated,uniform,uniform_rounds,360,0.1,360,360,337,2.3474977964473083,2.3672669727762616,2.345515558505704,0.09645034542521688,0.07972546588616175,p2d,d075
7,reference,frozen_q,nlos,gated,uniform,uniform_rounds,360,0.1,360,360,340,0.9413597955525962,0.9464452394782675,0.9393070195404715,0.06213362797086831,0.0631560887082588,p2d,d075
8,reference,frozen_q,nlos,gated,uniform,uniform_rounds,360,0.1,360,360,338,0.5946456289252722,0.6043249548289042,0.5887549206390109,0.0834929184020086,0.027783986855858322,p2d,d075
9,reference,frozen_q,nlos,gated,uniform,uniform_rounds,360,0.1,360,360,341,1.380021977473899,1.4228905297573562,1.3756756240076278,0.10944055839676294,0.04364171591349025,p2d,d075
10,reference,frozen_q,nlos,gated,uniform,uniform_rounds,360,0.1,360,360,339,0.39702246330389507,0.4671219645924534,0.37898720854373386,0.11830271395078432,0.09905475480266092,p2d,d075
11,reference,frozen_q,nlos,gated,uniform,uniform_rounds,360,0.1,360,360,339,0.6292413625726992,0.6538126219013213,0.6222859119781671,0.09330024719071268,0.051253991291746404,p2d,d075
12,reference,frozen_q,nlos,gated,uniform,uniform_rounds,360,0.1,360,360,338,1.010337018161557,1.0306654956972696,1.0079551873820327,0.06933419428563083,0.06398652136890588,p2d,d075
13,reference,frozen_q,nlos,gated,uniform,uniform_rounds,360,0.1,360,360,341,1.3286226384285063,1.3702956059259639,1.3244128552864627,0.10568208976304759,0.05225966266003727,p2d,d075
14,reference,frozen_q,nlos,gated,uniform,uniform_rounds,360,0.1,360,360,337,0.7968523880538713,0.8784511782312603,0.7829785780410643,0.1480482174021362,0.044144754792632995,p2d,d075
15,reference,frozen_q,nlos,gated,uniform,uniform_rounds,360,0.1,360,360,338,0.836139503713541,0.8534770468223685,0.8308644248918896,0.09377407487891407,0.06784541368565061,p2d,d075
16,reference,frozen_q,nlos,gated,uniform,uniform_rounds,360,0.1,360,360,340,0.9951112296423124,1.008601076860607,0.9916651552722937,0.08274405827014115,0.07422826162341045,p2d,d075
17,reference,frozen_q,nlos,gated,uniform,uniform_rounds,360,0.1,360,360,339,1.1847737976965012,1.205714529208392,1.1813263480895442,0.09031617251417642,0.029234937440438362,p2d,d075
18,reference,frozen_q,nlos,gated,uniform,uniform_rounds,360,0.1,360,360,336,0.8763864662482825,0.9019902928926037,0.8732439089052758,0.07415061552668668,0.06761095224799837,p2d,d075
19,reference,frozen_q,nlos,gated,uniform,uniform_rounds,360,0.1,360,360,339,1.6063159232674267,1.6418609636295909,1.603854901677626,0.08888363014154244,0.04389718781604743,p2d,d075
0,reference,frozen_q,nlos,naive,cyclic,p2c_capacity,360,0.1,360,360,360,1.1372318260899668,1.2216592677210547,1.1237508439006334,0.17458598770959574,0.04576212548576456,p2d,d076
1,reference,frozen_q,nlos,naive,cyclic,p2c_capacity,360,0.1,360,360,360,0.9380319713070532,1.016963299902379,0.9234058652421968,0.16500177947678646,0.08446397544189042,p2d,d076
2,reference,frozen_q,nlos,naive,cyclic,p2c_capacity,360,0.1,360,360,360,1.236841674080458,1.2950574907563044,1.2282317541249086,0.14568488219921913,0.06138964166658713,p2d,d076
3,reference,frozen_q,nlos,naive,cyclic,p2c_capacity,360,0.1,360,360,360,1.447341095296825,1.4933434688227614,1.4370656092396605,0.17215888265104612,0.039180351047412874,p2d,d076
4,reference,frozen_q,nlos,naive,cyclic,p2c_capacity,360,0.1,360,360,360,0.42098722775558084,0.4704140245682479,0.37042471910749186,0.2000394296319229,0.09814427271019883,p2d,d076
5,reference,frozen_q,nlos,naive,cyclic,p2c_capacity,360,0.1,360,360,360,1.2145633737631525,1.3023367458664465,1.2026052307873578,0.17001425754864474,0.09374403863350347,p2d,d076
6,reference,frozen_q,nlos,naive,cyclic,p2c_capacity,360,0.1,360,360,360,2.3456920936122163,2.4652481078989505,2.338650311425809,0.18162081076470493,0.0547483588757157,p2d,d076
7,reference,frozen_q,nlos,naive,cyclic,p2c_capacity,360,0.1,360,360,360,0.9550528849483445,1.0121097508400483,0.9423760610827536,0.155091497337249,0.07521644226768091,p2d,d076
8,reference,frozen_q,nlos,naive,cyclic,p2c_capacity,360,0.1,360,360,360,0.6114717525946921,0.7154443003315788,0.5885147691450506,0.1659761149062479,0.04943602143292507,p2d,d076
9,reference,frozen_q,nlos,naive,cyclic,p2c_capacity,360,0.1,360,360,360,1.3856619595292907,1.442666810100281,1.37606388428942,0.16281048013217025,0.05918771877571057,p2d,d076
10,reference,frozen_q,nlos,naive,cyclic,p2c_capacity,360,0.1,360,360,360,0.4202140602538046,0.4895031106716412,0.3801191362300487,0.17913486178494054,0.10572840130211965,p2d,d076
11,reference,frozen_q,nlos,naive,cyclic,p2c_capacity,360,0.1,360,360,360,0.6378764144106904,0.6954134719833847,0.6179054866028423,0.15836391535808772,0.0479279617315836,p2d,d076
12,reference,frozen_q,nlos,naive,cyclic,p2c_capacity,360,0.1,360,360,360,1.0223180122574504,1.117590837013487,1.0112695715888076,0.1498932011954328,0.07899668341984356,p2d,d076
13,reference,frozen_q,nlos,naive,cyclic,p2c_capacity,360,0.1,360,360,360,1.3294435669957707,1.4450751624863707,1.3188533026126623,0.16746988987311087,0.08299523137209458,p2d,d076
14,reference,frozen_q,nlos,naive,cyclic,p2c_capacity,360,0.1,360,360,360,0.7989991851825365,0.8693187205094719,0.7794531357528662,0.17564881749496958,0.06574645498138743,p2d,d076
15,reference,frozen_q,nlos,naive,cyclic,p2c_capacity,360,0.1,360,360,360,0.8473907086158422,0.9260372539914462,0.8306878219113439,0.16741790697725986,0.08058127451129071,p2d,d076
16,reference,frozen_q,nlos,naive,cyclic,p2c_capacity,360,0.1,360,360,360,1.004320177690896,1.1094649065019402,0.9893468011744438,0.1727771001115839,0.08688032876446329,p2d,d076
17,reference,frozen_q,nlos,naive,cyclic,p2c_capacity,360,0.1,360,360,360,1.2004486363614948,1.2844874283603878,1.1874328853163951,0.17629540950164527,0.0576241164481232,p2d,d076
18,reference,frozen_q,nlos,naive,cyclic,p2c_capacity,360,0.1,360,360,360,0.8913856857165753,0.9156288700841244,0.8757166620402308,0.16639942465503058,0.0758636616616034,p2d,d076
19,reference,frozen_q,nlos,naive,cyclic,p2c_capacity,360,0.1,360,360,360,1.6175801595535229,1.673323186497313,1.6083371571303142,0.17267646502977432,0.06671823096955558,p2d,d076
0,reference,frozen_q,nlos,naive,information,p2c_capacity,360,0.1,360,360,360,1.1297287675975518,1.2023563532267798,1.1218993329590765,0.13277415050928612,0.049798253120698424,p2d,d077
1,reference,frozen_q,nlos,naive,information,p2c_capacity,360,0.1,360,360,360,0.9301488539595918,0.989502671773586,0.9180536150503579,0.1495140475517646,0.07335928182062197,p2d,d077
2,reference,frozen_q,nlos,naive,information,p2c_capacity,360,0.1,360,360,360,1.2371805885219536,1.2721008485270942,1.22797303282204,0.1506586847060881,0.052964809105425156,p2d,d077
3,reference,frozen_q,nlos,naive,information,p2c_capacity,360,0.1,360,360,360,1.4422363877548539,1.4675882204255415,1.4354957953743885,0.13927533746726625,0.05286540166846639,p2d,d077
4,reference,frozen_q,nlos,naive,information,p2c_capacity,360,0.1,360,360,360,0.40757005707211325,0.4428867581805788,0.3705214968458594,0.16978566428550285,0.07544946310218567,p2d,d077
5,reference,frozen_q,nlos,naive,information,p2c_capacity,360,0.1,360,360,360,1.2084605356353102,1.2828248462198264,1.2001588939958032,0.14140542900027375,0.07577999494421879,p2d,d077
6,reference,frozen_q,nlos,naive,information,p2c_capacity,360,0.1,360,360,360,2.3455570188560677,2.4125061907711225,2.341303057957264,0.14120098974486991,0.07158727573412267,p2d,d077
7,reference,frozen_q,nlos,naive,information,p2c_capacity,360,0.1,360,360,360,0.9449629308447719,1.0053486131495504,0.9363552819370624,0.12725457421761066,0.05362410643197695,p2d,d077
8,reference,frozen_q,nlos,naive,information,p2c_capacity,360,0.1,360,360,360,0.6052508285882512,0.6915012140447313,0.5875755220706194,0.14520182977567386,0.03647653311329494,p2d,d077
9,reference,frozen_q,nlos,naive,information,p2c_capacity,360,0.1,360,360,360,1.3905696441565008,1.4487302043526362,1.3808528055023157,0.1641019950698986,0.05683393296391792,p2d,d077
10,reference,frozen_q,nlos,naive,information,p2c_capacity,360,0.1,360,360,360,0.41184301228823206,0.45015440050458944,0.3788614444195815,0.16148892439716497,0.0866006321826346,p2d,d077
11,reference,frozen_q,nlos,naive,information,p2c_capacity,360,0.1,360,360,360,0.6358179591892946,0.6645569108677006,0.6203102402053662,0.13956963539395076,0.05170521058534526,p2d,d077
12,reference,frozen_q,nlos,naive,information,p2c_capacity,360,0.1,360,360,360,1.022688249596237,1.079888908970895,1.0142573567625957,0.13104682413232174,0.07113337721987922,p2d,d077
13,reference,frozen_q,nlos,naive,information,p2c_capacity,360,0.1,360,360,360,1.3357497872569768,1.4135217936293991,1.3274377202533627,0.14878371216505307,0.06916732762660566,p2d,d077
14,reference,frozen_q,nlos,naive,information,p2c_capacity,360,0.1,360,360,360,0.7969590682911777,0.8570195715695176,0.7791894739222721,0.16735447487376845,0.05091354164198425,p2d,d077
15,reference,frozen_q,nlos,naive,information,p2c_capacity,360,0.1,360,360,360,0.8468517051344656,0.9118034941554265,0.8329544878210706,0.15278950130126714,0.05878003581965745,p2d,d077
16,reference,frozen_q,nlos,naive,information,p2c_capacity,360,0.1,360,360,360,1.0044269679715998,1.0919549744415378,0.9912740065014563,0.1620165979866635,0.0720138720672922,p2d,d077
17,reference,frozen_q,nlos,naive,information,p2c_capacity,360,0.1,360,360,360,1.1972596574503211,1.2245139397144411,1.187281655641197,0.1542496597596206,0.050800814884886705,p2d,d077
18,reference,frozen_q,nlos,naive,information,p2c_capacity,360,0.1,360,360,360,0.8812432450619161,0.8884655644655659,0.8714346265286295,0.13111578339072724,0.059900744679262895,p2d,d077
19,reference,frozen_q,nlos,naive,information,p2c_capacity,360,0.1,360,360,360,1.6129203052202308,1.6469458237708878,1.6062834271824546,0.14616929414453148,0.049304425664200825,p2d,d077
0,reference,frozen_q,nlos,naive,uniform,uniform_rounds,360,0.1,360,360,360,1.1353390925347435,1.2052775037835473,1.1261461028906845,0.1441867191586616,0.05359315280320167,p2d,d078
1,reference,frozen_q,nlos,naive,uniform,uniform_rounds,360,0.1,360,360,360,0.9330498199878456,1.0007832286033145,0.9196214164848847,0.15772893495388052,0.07590735241487422,p2d,d078
2,reference,frozen_q,nlos,naive,uniform,uniform_rounds,360,0.1,360,360,360,1.2351272862157954,1.2774632463354343,1.2263519781682946,0.1469701969703581,0.0450710777483151,p2d,d078
3,reference,frozen_q,nlos,naive,uniform,uniform_rounds,360,0.1,360,360,360,1.4486748362350659,1.4935463167110885,1.4388664613646382,0.16829167389000316,0.041549735754787744,p2d,d078
4,reference,frozen_q,nlos,naive,uniform,uniform_rounds,360,0.1,360,360,360,0.41562819031899134,0.469286915044533,0.36920173933290856,0.19088443692819684,0.119071027247836,p2d,d078
5,reference,frozen_q,nlos,naive,uniform,uniform_rounds,360,0.1,360,360,360,1.215611380404483,1.29069463066746,1.2019019824073458,0.18205123689276193,0.1175911248856435,p2d,d078
6,reference,frozen_q,nlos,naive,uniform,uniform_rounds,360,0.1,360,360,360,2.3513485644035916,2.48426784398434,2.344604832950259,0.17795574907576983,0.06086080759834901,p2d,d078
7,reference,frozen_q,nlos,naive,uniform,uniform_rounds,360,0.1,360,360,360,0.9540532003202884,1.0155788451998717,0.9421819365170417,0.150035687562598,0.0686470620556162,p2d,d078
8,reference,frozen_q,nlos,naive,uniform,uniform_rounds,360,0.1,360,360,360,0.6163060400097087,0.7234485560421683,0.588229019553025,0.18390148315915125,0.043398107526797416,p2d,d078
9,reference,frozen_q,nlos,naive,uniform,uniform_rounds,360,0.1,360,360,360,1.3887894469467905,1.4334798139567473,1.37852155867016,0.16856583352614576,0.041992408997406194,p2d,d078
10,reference,frozen_q,nlos,naive,uniform,uniform_rounds,360,0.1,360,360,360,0.4178839335812031,0.47899699477618624,0.3777207732305214,0.17875681641670738,0.1237125225925685,p2d,d078
11,reference,frozen_q,nlos,naive,uniform,uniform_rounds,360,0.1,360,360,360,0.6441882505816358,0.7295841387701597,0.6192306230352825,0.17757234492669233,0.061092662450711356,p2d,d078
12,reference,frozen_q,nlos,naive,uniform,uniform_rounds,360,0.1,360,360,360,1.019444616946164,1.1270581012255025,1.0052784676119177,0.16935917328667327,0.09340425814567582,p2d,d078
13,reference,frozen_q,nlos,naive,uniform,uniform_rounds,360,0.1,360,360,360,1.3346117101981423,1.4556773700788959,1.3223774428207793,0.18029507956898616,0.06903219419844146,p2d,d078
14,reference,frozen_q,nlos,naive,uniform,uniform_rounds,360,0.1,360,360,360,0.8023725798200257,0.9050884338964588,0.7799725358441312,0.18826736354429355,0.0661733497486638,p2d,d078
15,reference,frozen_q,nlos,naive,uniform,uniform_rounds,360,0.1,360,360,360,0.8486070792649912,0.9121385352223621,0.8288756006366905,0.18193189288254197,0.08375938294648087,p2d,d078
16,reference,frozen_q,nlos,naive,uniform,uniform_rounds,360,0.1,360,360,360,1.0030506972409752,1.079933606062499,0.9894117127433403,0.16484891240738112,0.08506797921729894,p2d,d078
17,reference,frozen_q,nlos,naive,uniform,uniform_rounds,360,0.1,360,360,360,1.1970752276780487,1.2570949425924733,1.1843577067390527,0.1740285126301552,0.05361218916968881,p2d,d078
18,reference,frozen_q,nlos,naive,uniform,uniform_rounds,360,0.1,360,360,360,0.8917384025339485,0.9420603815111893,0.8747777029082354,0.17309346910958118,0.07681816721111066,p2d,d078
19,reference,frozen_q,nlos,naive,uniform,uniform_rounds,360,0.1,360,360,360,1.6175316074949113,1.700976516798611,1.60784527063501,0.17675431237088277,0.06550530178688063,p2d,d078
0,reference,frozen_q,node_outage,naive,cyclic,p2c_capacity,360,0.1,360,330,330,1.123842811387509,1.1451871907914584,1.120234946053379,0.08997961073578543,0.03563657021664556,p2d,d079
1,reference,frozen_q,node_outage,naive,cyclic,p2c_capacity,360,0.1,360,330,330,0.9292791735829621,0.9543558924372156,0.9254701623980518,0.08405213242956329,0.09612194915866859,p2d,d079
2,reference,frozen_q,node_outage,naive,cyclic,p2c_capacity,360,0.1,360,330,330,1.2290271644818316,1.2500171888515859,1.2258502836929683,0.08831111483907385,0.054357950800527986,p2d,d079
3,reference,frozen_q,node_outage,naive,cyclic,p2c_capacity,360,0.1,360,330,330,1.4400623650981967,1.4831163230244953,1.4376671017738367,0.08302361019269182,0.030864964211941875,p2d,d079
4,reference,frozen_q,node_outage,naive,cyclic,p2c_capacity,360,0.1,360,330,330,0.39392832258509597,0.4343138298169261,0.3709229491080413,0.13264874352854167,0.07426954313257556,p2d,d079
5,reference,frozen_q,node_outage,naive,cyclic,p2c_capacity,360,0.1,360,330,330,1.2019217345501092,1.2511302895850325,1.1982794624671675,0.09349965675519294,0.0655830790818812,p2d,d079
6,reference,frozen_q,node_outage,naive,cyclic,p2c_capacity,360,0.1,360,330,330,2.3413437771028627,2.349456008938818,2.338619189940876,0.1129201798554201,0.06341208597085934,p2d,d079
7,reference,frozen_q,node_outage,naive,cyclic,p2c_capacity,360,0.1,360,330,330,0.9442534949623181,0.9560662953597292,0.941786533205942,0.06821135257774655,0.0725364891087977,p2d,d079
8,reference,frozen_q,node_outage,naive,cyclic,p2c_capacity,360,0.1,360,330,330,0.5930342127306499,0.6171290453050221,0.5887916672871287,0.07080925082434297,0.036642432900125504,p2d,d079
9,reference,frozen_q,node_outage,naive,cyclic,p2c_capacity,360,0.1,360,330,330,1.380011515818049,1.4072899761297644,1.3763919914302387,0.0998842816319513,0.061710246988017074,p2d,d079
10,reference,frozen_q,node_outage,naive,cyclic,p2c_capacity,360,0.1,360,330,330,0.3917467358236955,0.44202769765936994,0.3805414122003782,0.09302547301176238,0.09283146317934005,p2d,d079
11,reference,frozen_q,node_outage,naive,cyclic,p2c_capacity,360,0.1,360,330,330,0.6278905204497315,0.6494424195940133,0.6230530520845412,0.07779074468580818,0.043914643501031976,p2d,d079
12,reference,frozen_q,node_outage,naive,cyclic,p2c_capacity,360,0.1,360,330,330,1.0174953868477388,1.0264681334295012,1.0152963578498992,0.06685931493186831,0.04705223355856254,p2d,d079
13,reference,frozen_q,node_outage,naive,cyclic,p2c_capacity,360,0.1,360,330,330,1.3227474118127798,1.3454420283371797,1.3203067972081963,0.08031610488091713,0.05679688458757331,p2d,d079
14,reference,frozen_q,node_outage,naive,cyclic,p2c_capacity,360,0.1,360,330,330,0.7874907570531994,0.8179123713135564,0.7810826271139393,0.10025777807735442,0.03865796665799803,p2d,d079
15,reference,frozen_q,node_outage,naive,cyclic,p2c_capacity,360,0.1,360,330,330,0.8354102751509693,0.8758364953804729,0.8322203835942561,0.07293532037392876,0.05549369040584696,p2d,d079
16,reference,frozen_q,node_outage,naive,cyclic,p2c_capacity,360,0.1,360,330,330,0.9972205555459147,1.0085620038950325,0.9939767123595384,0.0803687233333111,0.08266992175029785,p2d,d079
17,reference,frozen_q,node_outage,naive,cyclic,p2c_capacity,360,0.1,360,330,330,1.191400141374217,1.2387085222061656,1.187747160269471,0.09322542645819085,0.03172512833501239,p2d,d079
18,reference,frozen_q,node_outage,naive,cyclic,p2c_capacity,360,0.1,360,330,330,0.878393672921312,0.9189365453967948,0.8740993111254024,0.08675159317435936,0.07254482292664023,p2d,d079
19,reference,frozen_q,node_outage,naive,cyclic,p2c_capacity,360,0.1,360,330,330,1.606939988085947,1.6285987998175302,1.6044060423108109,0.09020740937541293,0.04079811858819961,p2d,d079
0,reference,frozen_q,node_outage,naive,information,p2c_capacity,360,0.1,360,305,305,1.1248354444916135,1.1504009729693612,1.1221517929580584,0.07765391648629465,0.0393635218798643,p2d,d080
1,reference,frozen_q,node_outage,naive,information,p2c_capacity,360,0.1,360,305,305,0.9220418403700034,0.9582302965419903,0.9187079388673435,0.07833823112006227,0.06962377868898201,p2d,d080
2,reference,frozen_q,node_outage,naive,information,p2c_capacity,360,0.1,360,304,304,1.2273129725968257,1.263976385167851,1.2240632907148101,0.08925353230481455,0.041162571202624114,p2d,d080
3,reference,frozen_q,node_outage,naive,information,p2c_capacity,360,0.1,360,304,304,1.4380671081924743,1.4550799936229641,1.435924678282996,0.07846863043879206,0.03809298873509598,p2d,d080
4,reference,frozen_q,node_outage,naive,information,p2c_capacity,360,0.1,360,307,307,0.3842324227493892,0.4015720692824025,0.367481297338605,0.11221430745765486,0.06404284052893404,p2d,d080
5,reference,frozen_q,node_outage,naive,information,p2c_capacity,360,0.1,360,305,305,1.2043456716343972,1.225587290794023,1.1992486537728404,0.110684972821684,0.0552438564627823,p2d,d080
6,reference,frozen_q,node_outage,naive,information,p2c_capacity,360,0.1,360,305,305,2.34862413586273,2.3619781760226575,2.347067246232838,0.08550247492299023,0.07619446779961814,p2d,d080
7,reference,frozen_q,node_outage,naive,information,p2c_capacity,360,0.1,360,305,305,0.9437744167127292,0.9723482822819923,0.9408441557231871,0.07431301556911397,0.042196618938144526,p2d,d080
8,reference,frozen_q,node_outage,naive,information,p2c_capacity,360,0.1,360,305,305,0.5971338699748028,0.6309888588413369,0.5915320129956557,0.08160108009329266,0.031972912571765016,p2d,d080
9,reference,frozen_q,node_outage,naive,information,p2c_capacity,360,0.1,360,304,304,1.3807589444847528,1.419946204935114,1.37732766206954,0.09728193086438908,0.06152733319449509,p2d,d080
10,reference,frozen_q,node_outage,naive,information,p2c_capacity,360,0.1,360,306,306,0.39062340003745505,0.4190580059668513,0.38108865724424573,0.08577922811846372,0.08114168630018362,p2d,d080
11,reference,frozen_q,node_outage,naive,information,p2c_capacity,360,0.1,360,306,306,0.6244997192933935,0.6557071783131402,0.6185964457139458,0.08566409252189996,0.03832994054015484,p2d,d080
12,reference,frozen_q,node_outage,naive,information,p2c_capacity,360,0.1,360,306,306,1.0178015688482775,1.031678970624158,1.0160447052202015,0.05977617036920806,0.051230957301370846,p2d,d080
13,reference,frozen_q,node_outage,naive,information,p2c_capacity,360,0.1,360,304,304,1.3268660914187977,1.3355997449353203,1.3242145611966496,0.08384163924782168,0.05478753175186642,p2d,d080
14,reference,frozen_q,node_outage,naive,information,p2c_capacity,360,0.1,360,304,304,0.7878694138184631,0.8228282830524565,0.7817429012415251,0.0980624779879221,0.03505844490577762,p2d,d080
15,reference,frozen_q,node_outage,naive,information,p2c_capacity,360,0.1,360,306,306,0.8339517293408361,0.8491812511861093,0.8302002914920803,0.07901242229571306,0.050133031115754706,p2d,d080
16,reference,frozen_q,node_outage,naive,information,p2c_capacity,360,0.1,360,305,305,0.9961938966278663,1.0196167115204389,0.9925825405599001,0.08474774247297652,0.07046886466277341,p2d,d080
17,reference,frozen_q,node_outage,naive,information,p2c_capacity,360,0.1,360,305,305,1.19061900467494,1.2139478427340158,1.1869002616290592,0.09402862988481876,0.04092476078693895,p2d,d080
18,reference,frozen_q,node_outage,naive,information,p2c_capacity,360,0.1,360,305,305,0.8730749945879717,0.8855697151437032,0.87081835066421,0.06273233871976952,0.0632555507361937,p2d,d080
19,reference,frozen_q,node_outage,naive,information,p2c_capacity,360,0.1,360,305,305,1.6084363848802867,1.6198955090770581,1.6060889699175096,0.08686670775434184,0.04556610208288702,p2d,d080
0,reference,frozen_q,node_outage,naive,uniform,uniform_rounds,360,0.1,360,330,330,1.126769748695192,1.1453252781261363,1.1241678687544172,0.07652887974338361,0.03745206023554596,p2d,d081
1,reference,frozen_q,node_outage,naive,uniform,uniform_rounds,360,0.1,360,330,330,0.9264695874417165,0.9464596714452075,0.9239070757156879,0.06885936317531734,0.09150021949448853,p2d,d081
2,reference,frozen_q,node_outage,naive,uniform,uniform_rounds,360,0.1,360,330,330,1.2257637421808791,1.2510974506937307,1.2229280909456077,0.08332848265392032,0.041704659712574206,p2d,d081
3,reference,frozen_q,node_outage,naive,uniform,uniform_rounds,360,0.1,360,330,330,1.4450773280488227,1.463398811898665,1.4432131896313356,0.07337692631114708,0.033775938849716663,p2d,d081
4,reference,frozen_q,node_outage,naive,uniform,uniform_rounds,360,0.1,360,330,330,0.3914239359932931,0.4408649772121589,0.370250735256392,0.12699248289006215,0.09166580763532856,p2d,d081
5,reference,frozen_q,node_outage,naive,uniform,uniform_rounds,360,0.1,360,330,330,1.2012103180901232,1.2321521690672765,1.197419754910131,0.09535281242384562,0.08552872204737548,p2d,d081
6,reference,frozen_q,node_outage,naive,uniform,uniform_rounds,360,0.1,360,330,330,2.347067711331946,2.376563496349982,2.3453261337085087,0.09040004491634401,0.07018757646150309,p2d,d081
7,reference,frozen_q,node_outage,naive,uniform,uniform_rounds,360,0.1,360,330,330,0.9417196020651705,0.9491215253185203,0.9396065447877717,0.06305037593677221,0.05808879861341203,p2d,d081
8,reference,frozen_q,node_outage,naive,uniform,uniform_rounds,360,0.1,360,330,330,0.5966305548517128,0.6234880037125189,0.5901148656137307,0.08793443218871247,0.02931603371038377,p2d,d081
9,reference,frozen_q,node_outage,naive,uniform,uniform_rounds,360,0.1,360,330,330,1.3775824330199329,1.415655055405268,1.3734534984507285,0.10657789338587935,0.0535060509375326,p2d,d081
10,reference,frozen_q,node_outage,naive,uniform,uniform_rounds,360,0.1,360,330,330,0.3888266597050736,0.43230229050799596,0.37913778910728435,0.08625953957821389,0.09975837214565751,p2d,d081
11,reference,frozen_q,node_outage,naive,uniform,uniform_rounds,360,0.1,360,330,330,0.6317626179000974,0.6582662913251477,0.6239527810996051,0.09902995675073681,0.053338289115122166,p2d,d081
12,reference,frozen_q,node_outage,naive,uniform,uniform_rounds,360,0.1,360,330,330,1.0125871631050034,1.030474402282512,1.0093801550119408,0.08052617930281579,0.051877526902827716,p2d,d081
13,reference,frozen_q,node_outage,naive,uniform,uniform_rounds,360,0.1,360,330,330,1.328478928274658,1.358927516763469,1.3245159176984898,0.10253705005075779,0.04858344551363581,p2d,d081
14,reference,frozen_q,node_outage,naive,uniform,uniform_rounds,360,0.1,360,330,330,0.7884925860635321,0.807266092071159,0.7814381386396091,0.1052377962360466,0.04764930927928727,p2d,d081
15,reference,frozen_q,node_outage,naive,uniform,uniform_rounds,360,0.1,360,330,330,0.8361703079087397,0.8504261823503768,0.8302514572944741,0.09931415552980585,0.05847004667047769,p2d,d081
16,reference,frozen_q,node_outage,naive,uniform,uniform_rounds,360,0.1,360,330,330,0.9958940122610844,1.0112650309787008,0.9919566521452904,0.08846967798171569,0.07693293182164823,p2d,d081
17,reference,frozen_q,node_outage,naive,uniform,uniform_rounds,360,0.1,360,330,330,1.1882473689286785,1.213281742626294,1.1847939113654429,0.09052732933927611,0.02295582938650159,p2d,d081
18,reference,frozen_q,node_outage,naive,uniform,uniform_rounds,360,0.1,360,330,330,0.8742335250415119,0.8911639678847264,0.8712685570310662,0.0719399599354314,0.06178785992845685,p2d,d081
19,reference,frozen_q,node_outage,naive,uniform,uniform_rounds,360,0.1,360,330,330,1.6068100770984854,1.6467740914281874,1.6044372837673022,0.08729047097273658,0.04590962071794566,p2d,d081
0,reference,frozen_q,outliers,gated,cyclic,p2c_capacity,360,0.1,360,360,343,1.1271372212148754,1.1345363219380937,1.1241665798611848,0.08177906927323844,0.035315268344075536,p2d,d082
1,reference,frozen_q,outliers,gated,cyclic,p2c_capacity,360,0.1,360,360,342,0.9300840170606428,0.9498827883203708,0.926397591868936,0.08272714530973801,0.10235164602702479,p2d,d082
2,reference,frozen_q,outliers,gated,cyclic,p2c_capacity,360,0.1,360,360,344,1.2295019359795427,1.247367326085707,1.2263294226583534,0.08826753480115623,0.055576299023248246,p2d,d082
3,reference,frozen_q,outliers,gated,cyclic,p2c_capacity,360,0.1,360,360,340,1.4400940689042285,1.463820122347784,1.438530045585281,0.06709869776341747,0.030793423533987802,p2d,d082
4,reference,frozen_q,outliers,gated,cyclic,p2c_capacity,360,0.1,360,360,345,0.39619712427243037,0.4433438878170443,0.3715545372322944,0.1375477631364435,0.07236618601286211,p2d,d082
5,reference,frozen_q,outliers,gated,cyclic,p2c_capacity,360,0.1,360,360,345,1.2029517916126464,1.2507088206762949,1.1992088989191059,0.09482104037238422,0.06399065078735192,p2d,d082
6,reference,frozen_q,outliers,gated,cyclic,p2c_capacity,360,0.1,360,360,339,2.342396699246579,2.3598026765090068,2.340289671729081,0.09933050407329909,0.06732407265280041,p2d,d082
7,reference,frozen_q,outliers,gated,cyclic,p2c_capacity,360,0.1,360,360,344,0.9437045154833752,0.9530574490628779,0.9409270714620562,0.07234955931828786,0.0781270241683086,p2d,d082
8,reference,frozen_q,outliers,gated,cyclic,p2c_capacity,360,0.1,360,360,345,0.5935298751495705,0.6122881360373554,0.5895005186474984,0.06904238704879138,0.035874210442246,p2d,d082
9,reference,frozen_q,outliers,gated,cyclic,p2c_capacity,360,0.1,360,360,341,1.3768300819719965,1.389213842078655,1.3743807248650615,0.08208957145949068,0.06656996441815834,p2d,d082
10,reference,frozen_q,outliers,gated,cyclic,p2c_capacity,360,0.1,360,360,352,0.3913448879013727,0.42324536151888426,0.38226783123175195,0.08379812940579731,0.0828673399806975,p2d,d082
11,reference,frozen_q,outliers,gated,cyclic,p2c_capacity,360,0.1,360,360,343,0.6250828848237341,0.6432620018458897,0.62126621567288,0.06897029913709266,0.039445874360200556,p2d,d082
12,reference,frozen_q,outliers,gated,cyclic,p2c_capacity,360,0.1,360,360,338,1.0156161506616237,1.0267633719374132,1.0135166704588998,0.06526962683085813,0.04565824781491571,p2d,d082
13,reference,frozen_q,outliers,gated,cyclic,p2c_capacity,360,0.1,360,360,345,1.3235276602782275,1.348605163623125,1.3213537982874868,0.07582616482976882,0.053491546254658594,p2d,d082
14,reference,frozen_q,outliers,gated,cyclic,p2c_capacity,360,0.1,360,360,336,0.7867844972112028,0.8079216769327763,0.7810283105012262,0.09499801707133346,0.03783966075005034,p2d,d082
15,reference,frozen_q,outliers,gated,cyclic,p2c_capacity,360,0.1,360,360,344,0.8343024567404055,0.8612096864278047,0.8314703231573399,0.06868544992722264,0.06116250476581318,p2d,d082
16,reference,frozen_q,outliers,gated,cyclic,p2c_capacity,360,0.1,360,360,347,0.9946130499146563,1.0208565173005866,0.9915289762611155,0.0782649876708539,0.07917341383491841,p2d,d082
17,reference,frozen_q,outliers,gated,cyclic,p2c_capacity,360,0.1,360,360,339,1.188880664925117,1.2362153927303263,1.185063300126612,0.09519564131729596,0.036900812875444076,p2d,d082
18,reference,frozen_q,outliers,gated,cyclic,p2c_capacity,360,0.1,360,360,338,0.8763213591674296,0.9137666859048756,0.8728058605953576,0.07841590555141402,0.06805155422007235,p2d,d082
19,reference,frozen_q,outliers,gated,cyclic,p2c_capacity,360,0.1,360,360,346,1.6071467139394953,1.6245527998371976,1.6045445304861359,0.09141887011740486,0.043947773864013356,p2d,d082
0,reference,frozen_q,outliers,gated,information,p2c_capacity,360,0.1,360,360,340,1.119120321391008,1.148056873183605,1.1172829636996175,0.06410204970913068,0.04448960776532626,p2d,d083
1,reference,frozen_q,outliers,gated,information,p2c_capacity,360,0.1,360,360,344,0.92186384413172,0.9626331478860851,0.918038258977068,0.08389697355486586,0.07657759035708178,p2d,d083
2,reference,frozen_q,outliers,gated,information,p2c_capacity,360,0.1,360,360,344,1.2245189450991179,1.2413750337547351,1.222077853457249,0.07728109080479627,0.04237458251596732,p2d,d083
3,reference,frozen_q,outliers,gated,information,p2c_capacity,360,0.1,360,360,335,1.4378952004214152,1.4536837878541526,1.4365191273012297,0.06289200499789387,0.03870800432578545,p2d,d083
4,reference,frozen_q,outliers,gated,information,p2c_capacity,360,0.1,360,360,338,0.38692199589254117,0.40535888029376266,0.36840540959774104,0.11826277979393322,0.05347985728891303,p2d,d083
5,reference,frozen_q,outliers,gated,information,p2c_capacity,360,0.1,360,360,343,1.1979866910925459,1.249796228948118,1.193970006286188,0.0980190600027718,0.06570948082182104,p2d,d083
6,reference,frozen_q,outliers,gated,information,p2c_capacity,360,0.1,360,360,340,2.3472332797461104,2.3731815069014943,2.3460390900181514,0.07486426153036019,0.06264496696925781,p2d,d083
7,reference,frozen_q,outliers,gated,information,p2c_capacity,360,0.1,360,360,348,0.940390568352227,0.9555775935766361,0.9375955381607715,0.07245017506423385,0.05315164903210129,p2d,d083
8,reference,frozen_q,outliers,gated,information,p2c_capacity,360,0.1,360,360,343,0.5906424032249633,0.6299176233080969,0.5843352539587586,0.0860857680938794,0.03941920477637635,p2d,d083
9,reference,frozen_q,outliers,gated,information,p2c_capacity,360,0.1,360,360,342,1.3804225156885643,1.4136920524343892,1.3781103667585268,0.07986325095200317,0.06369455037763287,p2d,d083
10,reference,frozen_q,outliers,gated,information,p2c_capacity,360,0.1,360,360,342,0.3874058199196475,0.4028437077914153,0.38223225794739746,0.06310127013023221,0.07308751413132637,p2d,d083
11,reference,frozen_q,outliers,gated,information,p2c_capacity,360,0.1,360,360,344,0.6218988217770828,0.6493945146406427,0.6166881431867443,0.08033603538020409,0.036862976386126754,p2d,d083
12,reference,frozen_q,outliers,gated,information,p2c_capacity,360,0.1,360,360,345,1.01503046163485,1.043533130069134,1.01199015075329,0.07850333002484838,0.064884638987784,p2d,d083
13,reference,frozen_q,outliers,gated,information,p2c_capacity,360,0.1,360,360,339,1.3259302264591124,1.344527618960379,1.3238248927263156,0.07469015220276476,0.057567032976506886,p2d,d083
14,reference,frozen_q,outliers,gated,information,p2c_capacity,360,0.1,360,360,336,0.7864523211166679,0.8185337352065087,0.7790905855809181,0.1073550783567155,0.04609116527229566,p2d,d083
15,reference,frozen_q,outliers,gated,information,p2c_capacity,360,0.1,360,360,338,0.8389056111881297,0.8804688404630133,0.8346864170110441,0.08403100463635378,0.07297834926725254,p2d,d083
16,reference,frozen_q,outliers,gated,information,p2c_capacity,360,0.1,360,360,346,0.9940059176893389,0.9973883115228244,0.9914765395884558,0.0708663237872962,0.06790402940176316,p2d,d083
17,reference,frozen_q,outliers,gated,information,p2c_capacity,360,0.1,360,360,341,1.1847845236545689,1.1956178934346475,1.1806946321699547,0.09835930589648788,0.04257898707736827,p2d,d083
18,reference,frozen_q,outliers,gated,information,p2c_capacity,360,0.1,360,360,326,0.8788403501935116,0.897068659670545,0.8735502272789211,0.09628271677305099,0.07190464050811964,p2d,d083
19,reference,frozen_q,outliers,gated,information,p2c_capacity,360,0.1,360,360,344,1.607302747672386,1.6327110754533416,1.6052611438340691,0.08098631224928099,0.0546508606484014,p2d,d083
0,reference,frozen_q,outliers,gated,uniform,uniform_rounds,360,0.1,360,360,336,1.126365469723236,1.1411279225994628,1.1241229429234358,0.07104069663228024,0.038607306252767724,p2d,d084
1,reference,frozen_q,outliers,gated,uniform,uniform_rounds,360,0.1,360,360,340,0.9243881772200215,0.949265007176991,0.9215501140901347,0.07238017273130776,0.08549225790874737,p2d,d084
2,reference,frozen_q,outliers,gated,uniform,uniform_rounds,360,0.1,360,360,346,1.2271422801243332,1.2386626623376527,1.2245119463188667,0.0803036050942183,0.03924496920536061,p2d,d084
3,reference,frozen_q,outliers,gated,uniform,uniform_rounds,360,0.1,360,360,339,1.4430502747720104,1.4673185383440346,1.4409525554436529,0.07778064335026916,0.030802288457465278,p2d,d084
4,reference,frozen_q,outliers,gated,uniform,uniform_rounds,360,0.1,360,360,342,0.392165288836191,0.4399521036397868,0.370835645256123,0.12757169739189012,0.09532722117967286,p2d,d084
5,reference,frozen_q,outliers,gated,uniform,uniform_rounds,360,0.1,360,360,340,1.201913462045741,1.2312320658414821,1.1982485966238643,0.09378843711097251,0.08846605291945803,p2d,d084
6,reference,frozen_q,outliers,gated,uniform,uniform_rounds,360,0.1,360,360,347,2.3470882264173607,2.373191110761385,2.3448260848860887,0.10302317324161124,0.07988226767231424,p2d,d084
7,reference,frozen_q,outliers,gated,uniform,uniform_rounds,360,0.1,360,360,342,0.940518003165194,0.9539305245710863,0.9383780245121898,0.06340975784880319,0.06435200848565475,p2d,d084
8,reference,frozen_q,outliers,gated,uniform,uniform_rounds,360,0.1,360,360,342,0.5945235835885858,0.6088142475068921,0.5889902738941961,0.0809243393612456,0.028973672125236664,p2d,d084
9,reference,frozen_q,outliers,gated,uniform,uniform_rounds,360,0.1,360,360,339,1.3789692683581627,1.432068797026547,1.3742984578679334,0.11340190376738256,0.05137568729339408,p2d,d084
10,reference,frozen_q,outliers,gated,uniform,uniform_rounds,360,0.1,360,360,348,0.39281486831982415,0.4428594750697808,0.38009247149614134,0.09916266376553126,0.10073755936353278,p2d,d084
11,reference,frozen_q,outliers,gated,uniform,uniform_rounds,360,0.1,360,360,339,0.6287027611039873,0.6634631848833407,0.6217522394923675,0.09322721976978086,0.047001836811962044,p2d,d084
12,reference,frozen_q,outliers,gated,uniform,uniform_rounds,360,0.1,360,360,348,1.0099758732107889,1.0306387615221473,1.007564383957671,0.06975153509346387,0.06559869681658724,p2d,d084
13,reference,frozen_q,outliers,gated,uniform,uniform_rounds,360,0.1,360,360,342,1.326991369756013,1.3593101972357766,1.3236263123215082,0.09444300258412429,0.052995685510036396,p2d,d084
14,reference,frozen_q,outliers,gated,uniform,uniform_rounds,360,0.1,360,360,341,0.7876363768134819,0.8021275249433726,0.7810674206766365,0.10151229697635387,0.044260147655332996,p2d,d084
15,reference,frozen_q,outliers,gated,uniform,uniform_rounds,360,0.1,360,360,336,0.8337251662518222,0.8452434451635589,0.8287462613542579,0.09097959734450747,0.06961650390532735,p2d,d084
16,reference,frozen_q,outliers,gated,uniform,uniform_rounds,360,0.1,360,360,345,0.9961636622550731,1.0108907093174102,0.9927710159161942,0.08214470131522465,0.07769258699774005,p2d,d084
17,reference,frozen_q,outliers,gated,uniform,uniform_rounds,360,0.1,360,360,346,1.1843959720481925,1.1991068467020878,1.180622958836403,0.09446294338183636,0.02867442594316527,p2d,d084
18,reference,frozen_q,outliers,gated,uniform,uniform_rounds,360,0.1,360,360,340,0.8768315784130972,0.8960858539704749,0.8733272705474865,0.07831408187855297,0.06836805575304034,p2d,d084
19,reference,frozen_q,outliers,gated,uniform,uniform_rounds,360,0.1,360,360,347,1.6065355777858883,1.6442953284560655,1.6040874290421063,0.08865710733451193,0.045567935988052734,p2d,d084
0,reference,frozen_q,outliers,naive,cyclic,p2c_capacity,360,0.1,360,360,360,1.1466418728628356,1.2459616153838187,1.1078125708030442,0.29586972229875325,0.1052943120131655,p2d,d085
1,reference,frozen_q,outliers,naive,cyclic,p2c_capacity,360,0.1,360,360,360,1.0250248479520374,1.13383093480221,0.9416868873774187,0.40484780481129745,0.1780109289893363,p2d,d085
2,reference,frozen_q,outliers,naive,cyclic,p2c_capacity,360,0.1,360,360,360,1.2292166907666249,1.3631463936020056,1.2118916873494143,0.20565070141538944,0.09086782801091392,p2d,d085
3,reference,frozen_q,outliers,naive,cyclic,p2c_capacity,360,0.1,360,360,360,1.4634802227050967,1.5589529082453235,1.434540625811881,0.2895989557029101,0.08754360635044854,p2d,d085
4,reference,frozen_q,outliers,naive,cyclic,p2c_capacity,360,0.1,360,360,360,0.4782754005521881,0.5605882310192649,0.3817216071157413,0.28815963186111193,0.0930956011183405,p2d,d085
5,reference,frozen_q,outliers,naive,cyclic,p2c_capacity,360,0.1,360,360,360,1.2085724314123076,1.3435069829974509,1.1903443920948311,0.20911133440883511,0.09559717687591288,p2d,d085
6,reference,frozen_q,outliers,naive,cyclic,p2c_capacity,360,0.1,360,360,360,2.3681977703973183,2.4345682883191135,2.3449412954656754,0.3310755208930286,0.08966496837576933,p2d,d085
7,reference,frozen_q,outliers,naive,cyclic,p2c_capacity,360,0.1,360,360,360,1.0245729565263377,1.0896947204551877,0.9461742801307821,0.3930699363524471,0.1097509805477345,p2d,d085
8,reference,frozen_q,outliers,naive,cyclic,p2c_capacity,360,0.1,360,360,360,0.6329038647625173,0.7290785461205407,0.588623412763835,0.2325720963004519,0.08762183176009976,p2d,d085
9,reference,frozen_q,outliers,naive,cyclic,p2c_capacity,360,0.1,360,360,360,1.4064880773889832,1.5101346515633187,1.376457287293422,0.2890917641410643,0.0629124964940705,p2d,d085
10,reference,frozen_q,outliers,naive,cyclic,p2c_capacity,360,0.1,360,360,360,0.45358609416468226,0.5401633036728691,0.3807479407917623,0.24651845854297538,0.11104574914473869,p2d,d085
11,reference,frozen_q,outliers,naive,cyclic,p2c_capacity,360,0.1,360,360,360,0.6896065735875171,0.7301735802988384,0.6251039127600113,0.2912083868765455,0.08461596098754089,p2d,d085
12,reference,frozen_q,outliers,naive,cyclic,p2c_capacity,360,0.1,360,360,360,1.1160313065933436,1.1815044218274648,1.0377125832757497,0.41070484755797115,0.13498900900584318,p2d,d085
13,reference,frozen_q,outliers,naive,cyclic,p2c_capacity,360,0.1,360,360,360,1.3339018604457826,1.3953388637394029,1.3170033753527552,0.21165132319494223,0.12717781938287168,p2d,d085
14,reference,frozen_q,outliers,naive,cyclic,p2c_capacity,360,0.1,360,360,360,0.8135720851868719,0.8892733012034695,0.763523244996298,0.2809480239219307,0.10875738848768013,p2d,d085
15,reference,frozen_q,outliers,naive,cyclic,p2c_capacity,360,0.1,360,360,360,0.8626260803928197,0.9504698424385278,0.8283709258524468,0.24067688666808007,0.09874058696137407,p2d,d085
16,reference,frozen_q,outliers,naive,cyclic,p2c_capacity,360,0.1,360,360,360,1.0206489424049598,1.0579277909867038,0.9855087283828674,0.2655123535987482,0.1335068658208782,p2d,d085
17,reference,frozen_q,outliers,naive,cyclic,p2c_capacity,360,0.1,360,360,360,1.1930934992853743,1.2647690634896025,1.159956228150974,0.279237617112711,0.1381604047709982,p2d,d085
18,reference,frozen_q,outliers,naive,cyclic,p2c_capacity,360,0.1,360,360,360,0.9359836806363926,1.0697189359462278,0.8736073166638563,0.3359698002633947,0.12066530245718098,p2d,d085
19,reference,frozen_q,outliers,naive,cyclic,p2c_capacity,360,0.1,360,360,360,1.6418712773696804,1.7715811608945176,1.5904828314389012,0.4075606143258221,0.07869651453843048,p2d,d085
0,reference,frozen_q,outliers,naive,information,p2c_capacity,360,0.1,360,360,360,1.1774511437001465,1.3351069692151218,1.1138406059245456,0.3817725767972651,0.13407482775883797,p2d,d086
1,reference,frozen_q,outliers,naive,information,p2c_capacity,360,0.1,360,360,360,1.0095197498198478,1.0701155600710506,0.9449068785877295,0.3553605437776148,0.17936184003339145,p2d,d086
2,reference,frozen_q,outliers,naive,information,p2c_capacity,360,0.1,360,360,360,1.251843140791925,1.4094097362568374,1.2119480309685466,0.3135174945346014,0.12426671354697916,p2d,d086
3,reference,frozen_q,outliers,naive,information,p2c_capacity,360,0.1,360,360,360,1.4713416314552947,1.531820885751778,1.4418327757720046,0.29319693580104933,0.08051763335703212,p2d,d086
4,reference,frozen_q,outliers,naive,information,p2c_capacity,360,0.1,360,360,360,0.4985831038834544,0.5781921744097029,0.3921313274596633,0.30792553239830844,0.18673965070141088,p2d,d086
5,reference,frozen_q,outliers,naive,information,p2c_capacity,360,0.1,360,360,360,1.2389755422628153,1.401826776386581,1.2020810450907202,0.3001025747291062,0.09868667529892464,p2d,d086
6,reference,frozen_q,outliers,naive,information,p2c_capacity,360,0.1,360,360,360,2.347643829911469,2.4097668689330227,2.3258566781138135,0.3190960121887614,0.11041876601114604,p2d,d086
7,reference,frozen_q,outliers,naive,information,p2c_capacity,360,0.1,360,360,360,0.9763171381418316,1.0544681935375488,0.9460973724082963,0.24102886995456366,0.10443176553981366,p2d,d086
8,reference,frozen_q,outliers,naive,information,p2c_capacity,360,0.1,360,360,360,0.6702441427553444,0.8556822619444244,0.5796518909329746,0.33649798845709816,0.0870195658410775,p2d,d086
9,reference,frozen_q,outliers,naive,information,p2c_capacity,360,0.1,360,360,360,1.4091192729699336,1.4852394272865792,1.3834214325299514,0.26788479888207817,0.13897129333444397,p2d,d086
10,reference,frozen_q,outliers,naive,information,p2c_capacity,360,0.1,360,360,360,0.5434243058195347,0.6721891187341998,0.3871088883831489,0.38138784024953654,0.11130690599696684,p2d,d086
11,reference,frozen_q,outliers,naive,information,p2c_capacity,360,0.1,360,360,360,0.6454057731157058,0.6831816450593577,0.6108889205238953,0.20823865815989073,0.10962579168791448,p2d,d086
12,reference,frozen_q,outliers,naive,information,p2c_capacity,360,0.1,360,360,360,1.0848858080563988,1.1304522958502274,1.0295658092576476,0.3420109076182075,0.10779856309136425,p2d,d086
13,reference,frozen_q,outliers,naive,information,p2c_capacity,360,0.1,360,360,360,1.3476283755015386,1.4353065219934744,1.3152124492704613,0.2938000199811264,0.09837384410517884,p2d,d086
14,reference,frozen_q,outliers,naive,information,p2c_capacity,360,0.1,360,360,360,0.8046076586596793,0.8182236362444616,0.7724650105498985,0.22514726702750834,0.05681823518501569,p2d,d086
15,reference,frozen_q,outliers,naive,information,p2c_capacity,360,0.1,360,360,360,0.8494223643082659,0.8960511271859108,0.8194637559459369,0.22360122020691733,0.1405801772892805,p2d,d086
16,reference,frozen_q,outliers,naive,information,p2c_capacity,360,0.1,360,360,360,1.0236162979650452,1.0658471012512785,0.9883123897324992,0.2665125621071177,0.08517538476266501,p2d,d086
17,reference,frozen_q,outliers,naive,information,p2c_capacity,360,0.1,360,360,360,1.232295122566991,1.3181014801014883,1.16064328832203,0.41407538730938975,0.11869229451141787,p2d,d086
18,reference,frozen_q,outliers,naive,information,p2c_capacity,360,0.1,360,360,360,0.9318803179368363,1.0287294397070805,0.8812589152659533,0.3029581674461583,0.14098195387349433,p2d,d086
19,reference,frozen_q,outliers,naive,information,p2c_capacity,360,0.1,360,360,360,1.61512794527534,1.670615499850392,1.5915813952465065,0.274785265097177,0.060480246348411176,p2d,d086
0,reference,frozen_q,outliers,naive,uniform,uniform_rounds,360,0.1,360,360,360,1.1481076098869145,1.2371859813756843,1.1241181983807056,0.23347239654734447,0.06714988862552668,p2d,d087
1,reference,frozen_q,outliers,naive,uniform,uniform_rounds,360,0.1,360,360,360,1.0209179970160205,1.1531379880976853,0.9401674683514635,0.3979430714119841,0.21851517531512887,p2d,d087
2,reference,frozen_q,outliers,naive,uniform,uniform_rounds,360,0.1,360,360,360,1.2308068921329454,1.3311175659033758,1.2038850445806286,0.25602032176578887,0.11392310510277696,p2d,d087
3,reference,frozen_q,outliers,naive,uniform,uniform_rounds,360,0.1,360,360,360,1.463848418083227,1.5123772003615925,1.432319532154266,0.30218032519366644,0.11143505659559175,p2d,d087
4,reference,frozen_q,outliers,naive,uniform,uniform_rounds,360,0.1,360,360,360,0.4276589406484025,0.507841473737164,0.3503937122753541,0.2451864921124534,0.12958713469687555,p2d,d087
5,reference,frozen_q,outliers,naive,uniform,uniform_rounds,360,0.1,360,360,360,1.2214180343144319,1.3106595212618524,1.19557760425552,0.24991239815415706,0.12369949906185426,p2d,d087
6,reference,frozen_q,outliers,naive,uniform,uniform_rounds,360,0.1,360,360,360,2.3510448293309247,2.397082303733921,2.332875422503891,0.29172598890220747,0.08055115686215603,p2d,d087
7,reference,frozen_q,outliers,naive,uniform,uniform_rounds,360,0.1,360,360,360,1.0274744991671718,1.079089597413077,0.967615629441542,0.3455775457104806,0.17413352265070858,p2d,d087
8,reference,frozen_q,outliers,naive,uniform,uniform_rounds,360,0.1,360,360,360,0.6899781655620015,0.9826811472246986,0.5807474352849372,0.37256178730818923,0.12843458036538108,p2d,d087
9,reference,frozen_q,outliers,naive,uniform,uniform_rounds,360,0.1,360,360,360,1.405369029909009,1.441738399902331,1.3740972452405698,0.2948200652087063,0.07567135945862928,p2d,d087
10,reference,frozen_q,outliers,naive,uniform,uniform_rounds,360,0.1,360,360,360,0.4580663837486127,0.5552877179877169,0.3866436811558558,0.2456246643616644,0.13284982727971684,p2d,d087
11,reference,frozen_q,outliers,naive,uniform,uniform_rounds,360,0.1,360,360,360,0.7094104808273454,0.809079921661483,0.6385920832786962,0.3089714897550586,0.08973975203730855,p2d,d087
12,reference,frozen_q,outliers,naive,uniform,uniform_rounds,360,0.1,360,360,360,1.0238084980815867,1.096762588716872,1.0072770098719837,0.1832399141219786,0.08325175491218956,p2d,d087
13,reference,frozen_q,outliers,naive,uniform,uniform_rounds,360,0.1,360,360,360,1.344236968072662,1.375410169332639,1.3204842940150783,0.2515834962645281,0.08088893667099756,p2d,d087
14,reference,frozen_q,outliers,naive,uniform,uniform_rounds,360,0.1,360,360,360,0.8325032928176613,0.8797397787674813,0.7744037239451673,0.3055496766355774,0.10650941766464805,p2d,d087
15,reference,frozen_q,outliers,naive,uniform,uniform_rounds,360,0.1,360,360,360,0.8778463204097878,1.049235884747458,0.8165115478416859,0.3223709889214261,0.19234301114065702,p2d,d087
16,reference,frozen_q,outliers,naive,uniform,uniform_rounds,360,0.1,360,360,360,1.023805196412128,1.0658955372040282,0.9887271522529737,0.2656985107188236,0.143348615290313,p2d,d087
17,reference,frozen_q,outliers,naive,uniform,uniform_rounds,360,0.1,360,360,360,1.2207994589669218,1.287948056546016,1.1894265319513226,0.2749833524127922,0.0713611091189358,p2d,d087
18,reference,frozen_q,outliers,naive,uniform,uniform_rounds,360,0.1,360,360,360,0.9130451397897689,1.0504537420400601,0.8792536249493035,0.24609853779985824,0.1292943204048899,p2d,d087
19,reference,frozen_q,outliers,naive,uniform,uniform_rounds,360,0.1,360,360,360,1.6084556221305075,1.6833678132801175,1.5863168730311417,0.2659478646275228,0.05738774278205237,p2d,d087
