seed,condition,mode,budget,communication_ratio,white_scale,bias_scale,attempted,received,accepted,fleet_rmse_m,worst_node_rmse_m,centroid_rmse_m,relative_shape_rmse_m,yaw_rmse_deg,node1_rmse_m,node2_rmse_m,node3_rmse_m,node4_rmse_m,late_fleet_rms_rmse_m,late_centroid_rmse_m,late_shape_rms_rmse_m
0,reference,frozen_q,0,0.0,1.0,1.0,0,0,0,2.1000722893673838,3.673103240313417,1.1209550986108163,1.7758838046074918,0.04236435009769716,0.9988319045678615,3.673103240313417,1.2832767870387842,1.2268099211120258,3.0875509053796635,1.6606189508963336,2.602943582414867
0,reference,frozen_q,180,0.05,1.0,1.0,180,180,180,1.1305653996717477,1.1499118391715337,1.127192395176655,0.08726641502235905,0.050713792583091576,1.114116103754101,1.1451129123246397,1.112599199737292,1.1499118391715337,1.6735844536527003,1.6721346715443488,0.06964598859431777
0,reference,frozen_q,360,0.1,1.0,1.0,360,360,360,1.125631747174536,1.13501721491629,1.1225539220377942,0.08318366645420618,0.03483578711628007,1.13501721491629,1.1303392913879498,1.1099187353803488,1.1270921568482029,1.6633992498346004,1.6626602872520584,0.04957654228779683
0,reference,frozen_q,720,0.2,1.0,1.0,720,720,720,1.1334103566974296,1.1557305361232835,1.1304456939121967,0.08192417094098066,0.0584641779748562,1.0977193066050126,1.1557305361232835,1.1352773634717472,1.144080725492488,1.677696609030772,1.6772163376224343,0.040140612423564474
0,reference,frozen_q,3600,1.0,1.0,1.0,3600,3600,3600,1.1295994103531903,1.135764349453464,1.1288262604314643,0.041786380922393056,0.049550599800027774,1.127982927313082,1.135764349453464,1.1303541599378952,1.1242653791667472,1.6739398347885182,1.6737663251283001,0.02410102400970755
0,noise_half,frozen_q,0,0.0,0.5,1.0,0,0,0,1.998047877933173,3.5376809624908963,1.0498414092578627,1.7000083346621335,0.03937837929685174,0.9329859934968323,3.5376809624908963,1.1842828321556143,1.086556950685374,2.922433125799901,1.5480622756595588,2.4787332582293575
0,noise_half,frozen_q,180,0.05,0.5,1.0,180,180,180,1.0584904135199966,1.0773418146898244,1.0555683438302645,0.07859660945082521,0.04698120163393918,1.0476024904286163,1.0663275524342344,1.0423132971151918,1.0773418146898244,1.5600488858234456,1.558758537813047,0.06343774076924057
0,noise_half,frozen_q,360,0.1,0.5,1.0,360,360,360,1.0542710106398192,1.069199426054816,1.0509336152966822,0.08382064253482648,0.031500515710501546,1.069199426054816,1.0536466044122146,1.037922799171614,1.0560810285183846,1.5499930114225828,1.5493486522170965,0.04468880544290415
0,noise_half,frozen_q,720,0.2,0.5,1.0,720,720,720,1.0607986247850132,1.078718631460115,1.05810383698666,0.07556449232200921,0.051388251417312514,1.0277567835438008,1.078718631460115,1.0619710915887992,1.073999254205197,1.5632603379841026,1.5627611785740272,0.03950168421837069
0,noise_half,frozen_q,3600,1.0,0.5,1.0,3600,3600,3600,1.0566506499979722,1.058483491609166,1.0559518551689517,0.03842233343234691,0.04109005416990056,1.0575728813236758,1.058483491609166,1.0556299057722198,1.0549124064506439,1.5587202382337548,1.5585643657809447,0.022043112242482513
0,noise_half,white_rescaled_q,0,0.0,0.5,1.0,0,0,0,1.998047877933173,3.5376809624908963,1.0498414092578627,1.7000083346621335,0.03937837929685174,0.9329859934968323,3.5376809624908963,1.1842828321556143,1.086556950685374,2.922433125799901,1.5480622756595588,2.4787332582293575
0,noise_half,white_rescaled_q,180,0.05,0.5,1.0,180,180,180,1.0603457668650773,1.0850039099921354,1.057798384381152,0.0734555873253608,0.04826815583815929,1.0506324554978463,1.065613309718459,1.0395858858901303,1.0850039099921354,1.5641104830293837,1.5631864357817753,0.053756582018224724
0,noise_half,white_rescaled_q,360,0.1,0.5,1.0,360,360,360,1.0533202088509184,1.0754842280652896,1.0504115196894557,0.0782246871353934,0.036803897857601374,1.0754842280652896,1.0514198734244156,1.0312463423383391,1.0546633376863728,1.548826924686783,1.548492151021628,0.03220094500366772
0,noise_half,white_rescaled_q,720,0.2,0.5,1.0,720,720,720,1.0651210714099704,1.084597552241724,1.0626916498742234,0.07189822006923645,0.0661030967687758,1.0298173338855423,1.084597552241724,1.063933620694146,1.0812498537816635,1.5718559408552488,1.5715397348482483,0.03152714060989757
0,noise_half,white_rescaled_q,3600,1.0,0.5,1.0,3600,3600,3600,1.0620528144111814,1.0655967309975036,1.0615254581153388,0.03346464360682237,0.05191256291509353,1.061374438815121,1.0655967309975036,1.060822249541552,1.0604097249600122,1.568632284678571,1.5685391745974067,0.017091000239873012
0,noise_x4,frozen_q,0,0.0,4.0,1.0,0,0,0,2.786833272787428,4.513414885941498,1.5663418934615134,2.3049973455738484,0.1063109196890979,1.6047830254215096,4.513414885941498,1.92927138435434,2.097004576879262,4.193399152285216,2.36836922512285,3.4605525084699056
0,noise_x4,frozen_q,180,0.05,4.0,1.0,180,180,180,1.5840308348896674,1.632571769190187,1.574993464950687,0.1689652959749,0.1205157118618296,1.5385444364569127,1.632571769190187,1.5503922017833154,1.612603236901506,2.387521198094213,2.3836074188172627,0.13664971389846153
0,noise_x4,frozen_q,360,0.1,4.0,1.0,360,360,360,1.5754151123160083,1.607409150317005,1.5707794878078187,0.12076662119918666,0.11664869477181569,1.5573757080952948,1.607409150317005,1.5563480333511062,1.5799774146647274,2.3770701515533674,2.374596155470292,0.10842326241013882
0,noise_x4,frozen_q,720,0.2,4.0,1.0,720,720,720,1.5882581980017825,1.6338462991700644,1.5822319677588585,0.1382248303373887,0.14429690203276818,1.5403682326394426,1.6338462991700644,1.5880620152520928,1.5893795734048117,2.3960480341035204,2.3946087021618614,0.08303821567224383
0,noise_x4,frozen_q,3600,1.0,4.0,1.0,3600,3600,3600,1.5863091011005739,1.6166222743125855,1.5841473909280266,0.08278652094657143,0.15295252399394407,1.5730318710938276,1.6166222743125855,1.5915504001425458,1.5635142261788355,2.397233777820094,2.3963157827484736,0.06633592444649034
0,noise_x4,white_rescaled_q,0,0.0,4.0,1.0,0,0,0,2.786833272787428,4.513414885941498,1.5663418934615134,2.3049973455738484,0.1063109196890979,1.6047830254215096,4.513414885941498,1.92927138435434,2.097004576879262,4.193399152285216,2.36836922512285,3.4605525084699056
0,noise_x4,white_rescaled_q,180,0.05,4.0,1.0,180,180,180,1.5759617516490703,1.619930678323632,1.5692069266152897,0.14575686647085498,0.11199542048475404,1.5484644125662008,1.619930678323632,1.5579042585594522,1.57659083222233,2.376734175251612,2.3732528326074704,0.12859367142117273
0,noise_x4,white_rescaled_q,360,0.1,4.0,1.0,360,360,360,1.5734822628741898,1.602338066358998,1.5676492203041286,0.1353600888723809,0.10747114689243566,1.5711754716062303,1.602338066358998,1.5671333837021937,1.5528680055061623,2.372835346966168,2.37019223471666,0.111965862212093
0,noise_x4,white_rescaled_q,720,0.2,4.0,1.0,720,720,720,1.5761271938738317,1.6042673703303336,1.5691929452074866,0.14768355351782808,0.11285335817218359,1.5375229440643199,1.6042673703303336,1.5842533000535157,1.5777194323811623,2.3740374179323593,2.37293635564136,0.0722960152321315
0,noise_x4,white_rescaled_q,3600,1.0,4.0,1.0,3600,3600,3600,1.5715487554371488,1.5932025354217982,1.5690488471448096,0.08860703126499275,0.11190740576568083,1.5721233876318967,1.5932025354217982,1.574734002071642,1.5457711734826713,2.37349910885266,2.372611133253067,0.06491864206812359
0,bias_half,frozen_q,0,0.0,1.0,0.5,0,0,0,2.1097489856465934,3.69458376242474,1.1215842809819667,1.786921789864065,0.02928881141340518,1.006135493275011,3.69458376242474,1.2935745776439558,1.2118457547973052,3.099122809466237,1.6546211783631626,2.6204562473481605
0,bias_half,frozen_q,180,0.05,1.0,0.5,180,180,180,1.1304661624400316,1.1513540998819811,1.1272453500979924,0.08527405880070607,0.042551373022687716,1.1124993086061454,1.1444276759587981,1.1130270873716002,1.1513540998819811,1.6664317889509945,1.6649997572975035,0.0690703657559896
0,bias_half,frozen_q,360,0.1,1.0,0.5,360,360,360,1.1254975436579184,1.1345696987328333,1.1224569046805057,0.08267537671559823,0.03246511138091185,1.1345696987328333,1.129072341051128,1.1101413934023516,1.1280568324181748,1.6559410604612455,1.6551896317350265,0.04988064472700416
0,bias_half,frozen_q,720,0.2,1.0,0.5,720,720,720,1.1329580475660408,1.1545465207752363,1.1301011781144215,0.0804068701607742,0.0525371019334382,1.0962633357285594,1.1545465207752363,1.1352952744396148,1.1448621838967292,1.6698039816184276,1.6693210715196665,0.040155911260820944
0,bias_half,frozen_q,3600,1.0,1.0,0.5,3600,3600,3600,1.1288502800810907,1.1337933318069182,1.1281206885466777,0.04057914380721469,0.044328096316593533,1.1275294475916915,1.1337933318069182,1.1298087737641438,1.1242481841861838,1.6653571702237782,1.665188287649585,0.023716472975408413
0,bias_x10,frozen_q,0,0.0,1.0,10.0,0,0,0,1.9712680779005491,3.301992237360194,1.127351722444147,1.6170887201548159,0.40388435879460083,1.0515559494235727,3.301992237360194,1.1201812334089418,1.5099214197309179,2.9545550777957117,1.7824539962181065,2.3563220193968664
0,bias_x10,frozen_q,180,0.05,1.0,10.0,180,180,180,1.1544601950042896,1.1862376651086382,1.1453140279685616,0.14503144206609533,0.39633959694857196,1.1704515581479122,1.1862376651086382,1.127834987331153,1.1322477470305836,1.8197470823852908,1.8157210978642624,0.12098073656733872
0,bias_x10,frozen_q,360,0.1,1.0,10.0,360,360,360,1.149994427984347,1.1797767071504992,1.1438055195073762,0.11914746300071598,0.37602683940611126,1.169902970579554,1.1797767071504992,1.1290474337943064,1.1201136507144858,1.8149691721179326,1.8126972197623656,0.09078482915247986
0,bias_x10,frozen_q,720,0.2,1.0,10.0,720,720,720,1.16334124612154,1.2019885947958757,1.15630024910032,0.1277990174381438,0.38565413174267926,1.1512459480148993,1.2019885947958757,1.1573647273454835,1.1418469655636407,1.8366312513515592,1.834882052543679,0.0801386716528922
0,bias_x10,frozen_q,3600,1.0,1.0,10.0,3600,3600,3600,1.1649558212004878,1.1942050564073492,1.1618000706776421,0.0856893291042058,0.37475950971421884,1.1632986328458486,1.1942050564073492,1.1620672808451853,1.1396045236198349,1.845435635931194,1.8443096273159596,0.06445684567551259
0,combined_poor,frozen_q,0,0.0,4.0,10.0,0,0,0,2.7102979162401097,4.1667579838521505,1.5826873189925745,2.2001853660715898,0.3934391426353249,1.8096709004174099,4.1667579838521505,1.7555411964889571,2.379948197486415,4.156650998053019,2.503062403340577,3.318497570377
0,combined_poor,frozen_q,180,0.05,4.0,10.0,180,180,180,1.6179937688495198,1.6768191057198203,1.6027848725879652,0.22132439594191566,0.3756019476492871,1.6141549128402504,1.6768191057198203,1.5777346488114818,1.60160866822388,2.5453860985802748,2.539605330622785,0.17145015461657415
0,combined_poor,frozen_q,360,0.1,4.0,10.0,360,360,360,1.610690920579575,1.6613529109358376,1.6018524621179622,0.16850498878105014,0.3522539309134794,1.614694050678521,1.6613529109358376,1.585355756835596,1.5800688968670187,2.5410379621706554,2.537212686301803,0.13937614452116276
0,combined_poor,frozen_q,720,0.2,4.0,10.0,720,720,720,1.6285378099357994,1.68909244294856,1.6176114738540464,0.1883308738529886,0.368465531683772,1.6093330289013577,1.68909244294856,1.6187254532262119,1.5953944408517946,2.567361727628858,2.564503015572641,0.12112193695719947
0,combined_poor,frozen_q,3600,1.0,4.0,10.0,3600,3600,3600,1.6324621494040625,1.6839778521761792,1.6270120711725555,0.13328311781963675,0.3647392830272419,1.6255692470065943,1.6839778521761792,1.6298207588945604,1.5890746324168077,2.581879226520868,2.5797977930574816,0.10365175963651144
0,combined_poor,white_rescaled_q,0,0.0,4.0,10.0,0,0,0,2.7102979162401097,4.1667579838521505,1.5826873189925745,2.2001853660715898,0.3934391426353249,1.8096709004174099,4.1667579838521505,1.7555411964889571,2.379948197486415,4.156650998053019,2.503062403340577,3.318497570377
0,combined_poor,white_rescaled_q,180,0.05,4.0,10.0,180,180,180,1.6003605011508764,1.6683456223023954,1.5884828968912648,0.19461711108692398,0.38933186618403004,1.5897578608729697,1.6683456223023954,1.569803172492244,1.5715042992451107,2.518593626829783,2.5132090845182233,0.1646024137206682
0,combined_poor,white_rescaled_q,360,0.1,4.0,10.0,360,360,360,1.595135109412002,1.6491670156237552,1.5869916531274917,0.16097673801674267,0.38190393989394644,1.593833595867359,1.6491670156237552,1.5806840886909248,1.5553792155412958,2.5141657610802484,2.5103881559909063,0.13777075324175728
0,combined_poor,white_rescaled_q,720,0.2,4.0,10.0,720,720,720,1.6001250537226048,1.6354757922717114,1.588880833079997,0.1893617855370586,0.3914811438343219,1.5778188030778217,1.6354757922717114,1.5950768474325328,1.5915518711418253,2.5150738890226028,2.51364332787277,0.08481678774857979
0,combined_poor,white_rescaled_q,3600,1.0,4.0,10.0,3600,3600,3600,1.5934424632090487,1.6257112556352267,1.5888569584913208,0.1207992094818096,0.3872188790192657,1.5940620624446802,1.6257112556352267,1.5879779504968672,1.565436238670294,2.5149120346639986,2.5135147897499013,0.08382090315859866
1,reference,frozen_q,0,0.0,1.0,1.0,0,0,0,2.683813127254663,3.888774650072635,0.9268065770487,2.5187065074684125,0.0838233357418152,1.5982517875840274,3.888774650072635,1.9636655874658786,2.697860636344467,3.898295313960559,1.3958909582294459,3.639806971197804
1,reference,frozen_q,180,0.05,1.0,1.0,180,180,180,0.9317964605536123,0.9714207621804165,0.9254286451354591,0.10874955936916704,0.08752556270297025,0.9090193959928186,0.9714207621804165,0.9423130532006653,0.9028012659950514,1.3956817159296862,1.3940111028634234,0.06826783484141423
1,reference,frozen_q,360,0.1,1.0,1.0,360,360,360,0.9299850280462881,0.9476509680723133,0.9265984902924782,0.07929306513154563,0.10037880945478404,0.9476509680723133,0.9043809762482976,0.9350159983768589,0.9323552889602379,1.3950626061138596,1.394060286439136,0.0528733652270012
1,reference,frozen_q,720,0.2,1.0,1.0,720,720,720,0.9219472830888391,0.9407562169291867,0.9200033714951938,0.05983802497048587,0.09568949712236642,0.910836464077827,0.9239252041308772,0.9407562169291867,0.9119561745865711,1.3836089022558191,1.3827759863487328,0.04800172891513313
1,reference,frozen_q,3600,1.0,1.0,1.0,3600,3600,3600,0.9183662898749053,0.9298504669269777,0.9174557845575044,0.04088429723711261,0.07864278658315384,0.9115467477020803,0.9148509561329474,0.9298504669269777,0.9171122796508948,1.3804338545704744,1.3799528768186464,0.03643740666182537
1,noise_half,frozen_q,0,0.0,0.5,1.0,0,0,0,2.6567233621075115,3.796591185940769,0.8181475530190636,2.5276102556083995,0.07547130189328922,1.5711996868645834,3.796591185940769,2.088184910116117,2.6437524057801247,3.8625514874996147,1.2179271640555251,3.6655091619911624
1,noise_half,frozen_q,180,0.05,0.5,1.0,180,180,180,0.8234073344629217,0.8651550824895305,0.8168675211410635,0.1035716725373682,0.07745619049639267,0.8079093768471954,0.8651550824895305,0.8213204147887508,0.7976342846727943,1.2175030660157244,1.216259682970823,0.05500999306855583
1,noise_half,frozen_q,360,0.1,0.5,1.0,360,360,360,0.8222121592049068,0.8472483378508129,0.8182958686204,0.08015426465996692,0.0878947170685501,0.8472483378508129,0.7964328337611633,0.8142741908491408,0.8300324550345927,1.2181738189388687,1.216771054071567,0.05844360633700931
1,noise_half,frozen_q,720,0.2,0.5,1.0,720,720,720,0.813908096712631,0.8205361025992132,0.8119895821678647,0.05585076852858948,0.08250345152491746,0.8083696218572112,0.816388834499068,0.8205361025992132,0.8102801301232111,1.2065633104410713,1.2059029697384407,0.039913026426545525
1,noise_half,frozen_q,3600,1.0,0.5,1.0,3600,3600,3600,0.811085329990336,0.8177159782238957,0.8101743917414734,0.038430033721893464,0.06510496341954516,0.8089408819409188,0.8063441815116401,0.8112964560051037,0.8177159782238957,1.2048214155221615,1.204388534460385,0.032293983358988886
1,noise_half,white_rescaled_q,0,0.0,0.5,1.0,0,0,0,2.6567233621075115,3.796591185940769,0.8181475530190636,2.5276102556083995,0.07547130189328922,1.5711996868645834,3.796591185940769,2.088184910116117,2.6437524057801247,3.8625514874996147,1.2179271640555251,3.6655091619911624
1,noise_half,white_rescaled_q,180,0.05,0.5,1.0,180,180,180,0.8240012691882753,0.8561528253382952,0.8178096429408375,0.10082400278142342,0.08498013558190608,0.8100286556555746,0.8561528253382952,0.8291191391841435,0.7995809753966004,1.218907123653028,1.2181061164233433,0.04418218220208662
1,noise_half,white_rescaled_q,360,0.1,0.5,1.0,360,360,360,0.8224465996619947,0.8487686843565387,0.8187428856598226,0.07796471302457517,0.10478652569679946,0.8487686843565387,0.7909281650931919,0.821333833067378,0.827712951426487,1.2172415287869565,1.2162270078434205,0.04968706869847783
1,noise_half,white_rescaled_q,720,0.2,0.5,1.0,720,720,720,0.8082581571293014,0.8170781491036064,0.8064784053944907,0.0536081169079279,0.11310619784459618,0.8018356052234461,0.8090153691509591,0.8170781491036064,0.8050230351953482,1.1952052991051934,1.1947401081541935,0.033343379805300444
1,noise_half,white_rescaled_q,3600,1.0,0.5,1.0,3600,3600,3600,0.8025063137165375,0.808022579218555,0.8017444186124411,0.03496098938394836,0.08789496385545081,0.8012989575074329,0.7967506157194059,0.8039113649780469,0.808022579218555,1.1899439828700664,1.1897006855956533,0.024061609711517343
1,noise_x4,frozen_q,0,0.0,4.0,1.0,0,0,0,3.1184064578162247,4.647565067095258,1.5887731343212124,2.683329790355461,0.15380022624990713,1.8323250675497433,4.647565067095258,1.4507671441924335,3.440324669544443,4.570365048782827,2.467688564746538,3.846914325346333
1,noise_x4,frozen_q,180,0.05,4.0,1.0,180,180,180,1.597232067899008,1.6801950057049357,1.5874721994801164,0.17630171469019193,0.1656339097038915,1.5322839092533105,1.622971088017947,1.6801950057049357,1.5490696325876363,2.473871849364444,2.465612035970721,0.20198815597497394
1,noise_x4,frozen_q,360,0.1,4.0,1.0,360,360,360,1.5928179320443834,1.6716241069300397,1.5873227705540847,0.1321945033753303,0.1871722897544955,1.5689275005299006,1.566260485737786,1.6716241069300397,1.5618077002615758,2.46838578658578,2.463272076653585,0.15880512522406867
1,noise_x4,frozen_q,720,0.2,4.0,1.0,720,720,720,1.5845458818068265,1.6739753033669444,1.579217425457455,0.12983826355316813,0.18703661429930493,1.5408795382365859,1.585442912352511,1.6739753033669444,1.5339525123798432,2.4558411571529004,2.449631659896237,0.1745294244535994
1,noise_x4,frozen_q,3600,1.0,4.0,1.0,3600,3600,3600,1.5758294873249183,1.6533795942604446,1.572302354011602,0.10537495286968929,0.17644849167477036,1.541214953138209,1.5802793341767483,1.6533795942604446,1.5253405862203724,2.443995886377966,2.439265798026525,0.15198111465060166
1,noise_x4,white_rescaled_q,0,0.0,4.0,1.0,0,0,0,3.1184064578162247,4.647565067095258,1.5887731343212124,2.683329790355461,0.15380022624990713,1.8323250675497433,4.647565067095258,1.4507671441924335,3.440324669544443,4.570365048782827,2.467688564746538,3.846914325346333
1,noise_x4,white_rescaled_q,180,0.05,4.0,1.0,180,180,180,1.5955850620534582,1.6611435321352908,1.5870787792355108,0.1645376514614783,0.15329351471022748,1.5631037325423378,1.645756828080147,1.6611435321352908,1.5074349441277508,2.472297362153473,2.4646610580017443,0.19416517731237454
1,noise_x4,white_rescaled_q,360,0.1,4.0,1.0,360,360,360,1.5933543713191565,1.6727118138524875,1.5874370516921656,0.13719241785444686,0.15589123866240603,1.5704964806801054,1.5945382380247946,1.6727118138524875,1.5323630150372227,2.471212487794586,2.4650933377739914,0.17379872236063842
1,noise_x4,white_rescaled_q,720,0.2,4.0,1.0,720,720,720,1.5897459916726573,1.6543160813611693,1.5861210692687329,0.10729525460658336,0.1520248534431011,1.5532616505869095,1.6011010408352322,1.6543160813611693,1.5479862005067415,2.466098159442105,2.462772780703751,0.12802485160488516
1,noise_x4,white_rescaled_q,3600,1.0,4.0,1.0,3600,3600,3600,1.588289516475468,1.6506178195129584,1.5851909848060286,0.09916213912360528,0.14756634032502783,1.5494357962093892,1.6066859367559483,1.6506178195129584,1.5439961724516762,2.465624001775033,2.461664615177743,0.13967476690849553
1,bias_half,frozen_q,0,0.0,1.0,0.5,0,0,0,2.6667455872728456,3.874362086605839,0.9059132800531141,2.508157322869242,0.05225540130202192,1.545075604539129,3.874362086605839,1.983856679865489,2.6669271795156253,3.8677151029348478,1.3616910754887532,3.620085293526191
1,bias_half,frozen_q,180,0.05,1.0,0.5,180,180,180,0.9125093548173667,0.9547125465818069,0.9058066784912815,0.11039739050267032,0.0571274230605566,0.8837485115891052,0.9547125465818069,0.9304974025786574,0.8788517485756757,1.3645632942592265,1.3622298063409608,0.07976803091377442
1,bias_half,frozen_q,360,0.1,1.0,0.5,360,360,360,0.910711398961699,0.9238983709918229,0.9073494486207387,0.07818075393865322,0.07069786440379759,0.9238983709918229,0.887459581822339,0.9231584404940343,0.9078473402781428,1.3639425650660646,1.3629605789501509,0.05174728038134092
1,bias_half,frozen_q,720,0.2,1.0,0.5,720,720,720,0.9031055751486843,0.9286756843376629,0.9010342164520784,0.061131175738938705,0.06729921394756062,0.8873206186860568,0.9072476520127851,0.9286756843376629,0.8885516362881802,1.3533417603300057,1.352181542755277,0.05602674080363374
1,bias_half,frozen_q,3600,1.0,1.0,0.5,3600,3600,3600,0.9000084767081081,0.9175577186841891,0.8989975263168948,0.0426462873243762,0.05201897894803873,0.8893768892635022,0.898356190903079,0.9175577186841891,0.8944907873080374,1.3509413045682157,1.3502615120575479,0.04285157458643922
1,bias_x10,frozen_q,0,0.0,1.0,10.0,0,0,0,3.065605807047956,4.1506678558171135,1.3165636547673512,2.7685012384233794,0.7019709672478154,2.643790667838499,4.1506678558171135,1.637378416198228,3.2700267635494034,4.5736860288183,2.026785715504056,4.100090676270029
1,bias_x10,frozen_q,180,0.05,1.0,10.0,180,180,180,1.3076492699072488,1.3847725034314609,1.2909037304781088,0.20860050749378245,0.6724578045946311,1.377863583775473,1.2847793003681878,1.1717617761076045,1.3847725034314609,1.9974300693813927,1.9792654602956836,0.2687659199926048
1,bias_x10,frozen_q,360,0.1,1.0,10.0,360,360,360,1.3009848022980355,1.4109457450029852,1.2851913460081523,0.20210061839641302,0.6751175650117969,1.3897524142397049,1.221304441834693,1.1646809071027013,1.4109457450029852,1.9886491932954753,1.9668054856250157,0.2939418236830044
1,bias_x10,frozen_q,720,0.2,1.0,10.0,720,720,720,1.2834635958115732,1.3694382592943752,1.2730843936197864,0.16289545265388644,0.661742242370315,1.3447164617542018,1.2360930822021359,1.1736974016731763,1.3694382592943752,1.9593570858467488,1.945574849731262,0.2319885642678132
1,bias_x10,frozen_q,3600,1.0,1.0,10.0,3600,3600,3600,1.267445270074989,1.3509481702957635,1.260706809048865,0.13052147046861956,0.629590846968966,1.3205016962282352,1.2229102423226086,1.16677971408368,1.3509481702957635,1.9360470070637268,1.9255681149102524,0.20116025552128966
1,combined_poor,frozen_q,0,0.0,4.0,10.0,0,0,0,3.552176920910836,4.924875191623178,1.9718813307186112,2.9545972475136066,0.7401961775447956,2.832032480548677,4.924875191623178,1.3723492810060232,4.039021829203265,5.336015181876458,3.0906527351027036,4.349818811424014
1,combined_poor,frozen_q,180,0.05,4.0,10.0,180,180,180,1.9575131193929485,2.0107350123626078,1.946148939002123,0.2106226953972966,0.7319802461587,1.993904593883613,1.9251864581845115,1.8979928166760789,2.0107350123626078,3.0493579343613026,3.043556559726476,0.18800872213322647
1,combined_poor,frozen_q,360,0.1,4.0,10.0,360,360,360,1.947439363432866,2.018201981355456,1.9390614184270671,0.18044636271040704,0.7408180900776166,2.0064067381281774,1.8703616803114234,1.890243435502581,2.018201981355456,3.0347025227843574,3.0287788062854535,0.18952135602566084
1,combined_poor,frozen_q,720,0.2,4.0,10.0,720,720,720,1.9307452413423387,1.9716055488717645,1.9251135456938318,0.1473601817052669,0.7309045937033456,1.9669559894388169,1.8864239088226962,1.8964095758446469,1.9716055488717645,3.0073626819055166,3.004719652489313,0.12605598146237457
1,combined_poor,frozen_q,3600,1.0,4.0,10.0,3600,3600,3600,1.91050686656626,1.9421347274784861,1.9078270270059896,0.1011559302379997,0.6983917479249024,1.9417319988926958,1.8778421424493166,1.8792669798692592,1.9421347274784861,2.977829106777135,2.9764986943181704,0.08900399929967306
1,combined_poor,white_rescaled_q,0,0.0,4.0,10.0,0,0,0,3.552176920910836,4.924875191623178,1.9718813307186112,2.9545972475136066,0.7401961775447956,2.832032480548677,4.924875191623178,1.3723492810060232,4.039021829203265,5.336015181876458,3.0906527351027036,4.349818811424014
1,combined_poor,white_rescaled_q,180,0.05,4.0,10.0,180,180,180,1.9706252986726722,2.008855858061319,1.9641924659548753,0.15909753126577308,0.7310727534621425,2.008855858061319,1.9818402538303899,1.9277464070398924,1.9631753388452204,3.078575217708633,3.0768640502429903,0.10263034352498539
1,combined_poor,white_rescaled_q,360,0.1,4.0,10.0,360,360,360,1.9687599388607586,2.0043658231591914,1.9640523885732928,0.1360658362799458,0.7300017791922871,2.0043658231591914,1.9362888202132427,1.9417920303874385,1.991685153292175,3.078912078979897,3.0764271889451855,0.12367433528075432
1,combined_poor,white_rescaled_q,720,0.2,4.0,10.0,720,720,720,1.9653279105212453,1.9993813950521584,1.9625273570810793,0.10488168849784081,0.7269939055924386,1.9844848380924551,1.944320316919853,1.9323477050490452,1.9993813950521584,3.0758878271360603,3.0737900987408993,0.11357972533073273
1,combined_poor,white_rescaled_q,3600,1.0,4.0,10.0,3600,3600,3600,1.9628692904049068,1.9932806229695128,1.9612931636501205,0.0786446274958665,0.720536103371278,1.9743161844869321,1.950959573640116,1.9323788729562987,1.9932806229695128,3.073528956580038,3.0721687045475776,0.09143138265624592
2,reference,frozen_q,0,0.0,1.0,1.0,0,0,0,2.9339974584964437,4.129414416766775,1.2191312837321837,2.668718793632838,0.033921169171737625,1.256221341224446,2.412373414364832,4.129414416766775,3.1596935566556237,4.259368281149181,1.764691793736258,3.876606896188939
2,reference,frozen_q,180,0.05,1.0,1.0,180,180,180,1.2305138861913658,1.2404332605610984,1.2249858766413912,0.11650762266435741,0.043224288186877007,1.232888738087402,1.2404332605610984,1.2317549054034456,1.2168599899103725,1.7765500980386,1.7751433426798306,0.07068496148712562
2,reference,frozen_q,360,0.1,1.0,1.0,360,360,360,1.2289760077002214,1.2432754796717573,1.225811816901189,0.08813295097851186,0.05537252592525684,1.2432754796717573,1.2286600300785766,1.201908869329234,1.2416133826490006,1.7784443881427159,1.777464821095462,0.059019077291977695
2,reference,frozen_q,720,0.2,1.0,1.0,720,720,720,1.2232044166690126,1.2392433941285779,1.220343536180343,0.08361039804615078,0.044547218598550396,1.2187724566498577,1.2226231242347392,1.2120141851237358,1.2392433941285779,1.7685004012240142,1.7677647421954101,0.05100475840835154
2,reference,frozen_q,3600,1.0,1.0,1.0,3600,3600,3600,1.2239417623052418,1.2376349083517624,1.2227581348338494,0.053814321630085205,0.04714801942208007,1.2298587957287217,1.2183628951691734,1.2097242586359291,1.2376349083517624,1.7727408433605398,1.77231325058884,0.03893378360572895
2,noise_half,frozen_q,0,0.0,0.5,1.0,0,0,0,2.982828015508694,4.203532800286998,1.2675729178748163,2.7000966404878652,0.02328374957391912,1.3802661661361655,2.3638157994274587,4.203532800286998,3.229025248325324,4.338202093800364,1.845007729830524,3.926314287409947
2,noise_half,frozen_q,180,0.05,0.5,1.0,180,180,180,1.2764144999560172,1.2933222458085512,1.2717645972017009,0.10885212447336433,0.03539700032341974,1.2757002313871892,1.2933222458085512,1.2841364020470505,1.252132617522973,1.853264182746196,1.8521872983921146,0.06316915960218096
2,noise_half,frozen_q,360,0.1,0.5,1.0,360,360,360,1.2747489785746813,1.2889999249077115,1.272164908150192,0.08112585807501284,0.0405907488400562,1.2889999249077115,1.2784923743358787,1.2530588934643654,1.2781704445697224,1.8542673735131918,1.8536793187167124,0.046695565500975665
2,noise_half,frozen_q,720,0.2,0.5,1.0,720,720,720,1.2686326426098828,1.2766973626003357,1.2663835374133954,0.07550839730567088,0.032320705004451826,1.2656343931232243,1.2700378251797184,1.262114288591595,1.2766973626003357,1.8438776961809022,1.8434395784503483,0.04019302273024044
2,noise_half,frozen_q,3600,1.0,0.5,1.0,3600,3600,3600,1.2689626416302067,1.2782027084709058,1.268028169320094,0.04869032412957263,0.034733256596538316,1.2782027084709058,1.262817383638552,1.2583172482820228,1.2763982676760133,1.8468359014416431,1.8465933097307319,0.02993318077766286
2,noise_half,white_rescaled_q,0,0.0,0.5,1.0,0,0,0,2.982828015508694,4.203532800286998,1.2675729178748163,2.7000966404878652,0.02328374957391912,1.3802661661361655,2.3638157994274587,4.203532800286998,3.229025248325324,4.338202093800364,1.845007729830524,3.926314287409947
2,noise_half,white_rescaled_q,180,0.05,0.5,1.0,180,180,180,1.2756859396522051,1.285635251454628,1.2717082220795086,0.10066188216849475,0.03910123181811258,1.2837985500384714,1.285635251454628,1.2810251258788332,1.2519889682056922,1.8526943256957005,1.8519499797912904,0.05251225396120423
2,noise_half,white_rescaled_q,360,0.1,0.5,1.0,360,360,360,1.2775472796073752,1.2986094043908822,1.2750215849022195,0.08029327285418567,0.05617395304008536,1.2986094043908822,1.2731813268837269,1.2513751728166398,1.286542384489954,1.8600957778212504,1.8593300922649172,0.05336581927205106
2,noise_half,white_rescaled_q,720,0.2,0.5,1.0,720,720,720,1.268184086909248,1.2792289625184796,1.2658532095921033,0.0768539527624549,0.03687727473659351,1.263761387936547,1.2689683537791188,1.260699506655359,1.2792289625184796,1.8434485677366417,1.8430858536243109,0.036567171892576016
2,noise_half,white_rescaled_q,3600,1.0,0.5,1.0,3600,3600,3600,1.269181601283984,1.2798691052536282,1.268325740424843,0.046602073060661296,0.05370486169718454,1.2774463438602237,1.2620854687006287,1.25717696837846,1.2798691052536282,1.8485300646245926,1.8482811875483516,0.030332351967092025
2,noise_x4,frozen_q,0,0.0,4.0,1.0,0,0,0,2.8254799146541623,3.7530540026076205,0.9351997427866243,2.666221706686435,0.11995755371004622,1.0303732482532464,3.0386978534552704,3.7530540026076205,2.748195584498608,4.106925782070525,1.28556212566152,3.900534501898455
2,noise_x4,frozen_q,180,0.05,4.0,1.0,180,180,180,0.9740826902618364,1.0199938514188946,0.950921183242424,0.21115395030300746,0.13998928170696107,0.9928802112115898,0.946029209372052,0.934975140919756,1.0199938514188946,1.331094855978361,1.3168447419092446,0.19425097507613376
2,noise_x4,frozen_q,360,0.1,4.0,1.0,360,360,360,0.9709576806304937,1.0362211995380728,0.9544361385938195,0.1783549128044056,0.16309677320457214,0.9855262583665663,0.9469375561663212,0.9106745602689353,1.0362211995380728,1.3356859979044589,1.324670976081687,0.17118379048502477
2,noise_x4,frozen_q,720,0.2,4.0,1.0,720,720,720,0.9661364078772522,1.0283529217497673,0.9511103684026565,0.16973103942097093,0.15300984923542715,0.9553830303356297,0.9523293601338351,0.9254623482380838,1.0283529217497673,1.3267520577042207,1.3187136029386972,0.14582680153806896
2,noise_x4,frozen_q,3600,1.0,4.0,1.0,3600,3600,3600,0.9673797833841864,1.0168241039112718,0.9585761421167309,0.13021299883283696,0.1608282690650333,0.9582935749407524,0.9622563395447793,0.9301072433541953,1.0168241039112718,1.3373599960748228,1.3327321964349692,0.1111604771799441
2,noise_x4,white_rescaled_q,0,0.0,4.0,1.0,0,0,0,2.8254799146541623,3.7530540026076205,0.9351997427866243,2.666221706686435,0.11995755371004622,1.0303732482532464,3.0386978534552704,3.7530540026076205,2.748195584498608,4.106925782070525,1.28556212566152,3.900534501898455
2,noise_x4,white_rescaled_q,180,0.05,4.0,1.0,180,180,180,0.9659035778859401,0.9873224109762591,0.9393302276638832,0.22500765580259133,0.11921458889963556,0.9539764430694376,0.9775669925791789,0.9441213189859404,0.9873224109762591,1.3018882262741713,1.293443394080119,0.14804438530998046
2,noise_x4,white_rescaled_q,360,0.1,4.0,1.0,360,360,360,0.9484471126811642,0.9702101340234772,0.9386252840368817,0.13614147685375,0.11853036363475068,0.9520099715648294,0.9601886913375157,0.9102827522917144,0.9702101340234772,1.29632132815622,1.2924052185658266,0.10068632904483167
2,noise_x4,white_rescaled_q,720,0.2,4.0,1.0,720,720,720,0.9477054338311597,0.985732387912679,0.9383635213517493,0.13273843116992054,0.11954360536123339,0.9353603876861296,0.952135948237792,0.9162161851295609,0.985732387912679,1.296218676936291,1.2916470694386777,0.10876905097013852
2,noise_x4,white_rescaled_q,3600,1.0,4.0,1.0,3600,3600,3600,0.9483755659681435,0.9843267042896104,0.9385768712086217,0.13597672947100625,0.11858112869348127,0.9507302682620741,0.950895955716597,0.9059109416140668,0.9843267042896104,1.296417040775378,1.2920383644495064,0.10646130002696884
2,bias_half,frozen_q,0,0.0,1.0,0.5,0,0,0,2.9145031470311067,4.096992050346321,1.208710970286458,2.652045698015665,0.03056986223066166,1.2485720315721793,2.4021180339383883,4.096992050346321,3.1405202353463104,4.223925068726533,1.7429213084444175,3.847566542476796
2,bias_half,frozen_q,180,0.05,1.0,0.5,180,180,180,1.2204382365479467,1.2289803773873862,1.2149473216692401,0.11563950361793224,0.04283116962831226,1.2228224255245976,1.2289803773873862,1.223075834852863,1.2067626140807157,1.7555819544748394,1.7541231421688475,0.07155418216559097
2,bias_half,frozen_q,360,0.1,1.0,0.5,360,360,360,1.2189046853216505,1.2337283150022047,1.2158038631778791,0.08688842374457463,0.05669273595125083,1.2337283150022047,1.2173898064587434,1.1932628616732095,1.230818741504983,1.7574256948497085,1.7565042862817082,0.056901363709209604
2,bias_half,frozen_q,720,0.2,1.0,0.5,720,720,720,1.2131762303822204,1.2282195813788657,1.2104024755599208,0.0819903233487336,0.042924590370206246,1.209028773213576,1.2117429819553132,1.2035743828276266,1.2282195813788657,1.7475995273513398,1.746890901920338,0.04976228277093372
2,bias_half,frozen_q,3600,1.0,1.0,0.5,3600,3600,3600,1.2140325800875538,1.2262764162902884,1.212894836598802,0.052547320255256005,0.04482813561664424,1.2207502165539104,1.207821653289905,1.2011171198238915,1.2262764162902884,1.7519463466366587,1.7515589995256824,0.036838467315109646
2,bias_x10,frozen_q,0,0.0,1.0,10.0,0,0,0,3.2989719722084296,4.723295996520437,1.4151622396818064,2.9800221322660594,0.19597188104675095,1.4259957071753417,2.6124773948513202,4.723295996520437,3.516367063807391,4.910948950592828,2.1605861341830632,4.410134595690327
2,bias_x10,frozen_q,180,0.05,1.0,10.0,180,180,180,1.421424976854097,1.4572602549423543,1.4132997494621664,0.15176555272804154,0.2085677369453837,1.4238254986154861,1.4572602549423543,1.3947785445788115,1.4090784824625646,2.1587884546928584,2.1565961780167617,0.09726518944964416
2,bias_x10,frozen_q,360,0.1,1.0,10.0,360,360,360,1.419418752434873,1.4453846726479975,1.41352418750122,0.1292244795415578,0.20780584158944784,1.4260497601237294,1.440083090475758,1.3646993446566074,1.4453846726479975,2.160923436935177,2.157814387403311,0.11587566530990293
2,bias_x10,frozen_q,720,0.2,1.0,10.0,720,720,720,1.4128634572174241,1.4469472787560402,1.4069284414634105,0.12936579664544823,0.2228077954188586,1.4052686833636963,1.426271323723698,1.3718768917591304,1.4469472787560402,2.148930698483558,2.146638530399866,0.0992278523789407
2,bias_x10,frozen_q,3600,1.0,1.0,10.0,3600,3600,3600,1.411664841556964,1.4504140496571534,1.408206661886156,0.09875030282230898,0.2361356644446798,1.407378038140564,1.4145735582635819,1.3732291469854745,1.4504140496571534,2.151457239531725,2.1495693298933576,0.09011076248313282
2,combined_poor,frozen_q,0,0.0,4.0,10.0,0,0,0,3.1656352969606365,4.300074551907232,1.1236913294353017,2.959487224083757,0.21797210163570638,1.3001262696367624,3.211788084668117,4.300074551907232,3.0965198471310296,4.703434732185503,1.678634504108864,4.393686889338395
2,combined_poor,frozen_q,180,0.05,4.0,10.0,180,180,180,1.1606022420583364,1.2022811524173371,1.1329005331310644,0.2520594102631116,0.21836546983536798,1.198733534008156,1.1466989095532638,1.0911598475471234,1.2022811524173371,1.7092047549372253,1.6957975079586662,0.21366259921005795
2,combined_poor,frozen_q,360,0.1,4.0,10.0,360,360,360,1.1587255005552095,1.2307617890304547,1.1360986053120836,0.22787001699402967,0.23136892329146044,1.1826432776866904,1.1463645229806645,1.0691154378288779,1.2307617890304547,1.7161143344736034,1.7026030902835647,0.21492120868503095
2,combined_poor,frozen_q,720,0.2,4.0,10.0,720,720,720,1.1539681243137756,1.2269338753296244,1.1317421586853857,0.22539325230892973,0.24104053208746182,1.157079712825852,1.145704336023662,1.0815410791463578,1.2269338753296244,1.7061748331274993,1.6952719517145356,0.19257614319442443
2,combined_poor,frozen_q,3600,1.0,4.0,10.0,3600,3600,3600,1.1542232140283866,1.2236441480920761,1.1385020085856363,0.1898536390182983,0.264244151194227,1.14933541392137,1.149694592170649,1.0903441480045895,1.2236441480920761,1.7158509523574021,1.7079285357049976,0.16469549972718422
2,combined_poor,white_rescaled_q,0,0.0,4.0,10.0,0,0,0,3.1656352969606365,4.300074551907232,1.1236913294353017,2.959487224083757,0.21797210163570638,1.3001262696367624,3.211788084668117,4.300074551907232,3.0965198471310296,4.703434732185503,1.678634504108864,4.393686889338395
2,combined_poor,white_rescaled_q,180,0.05,4.0,10.0,180,180,180,1.1589870791833548,1.2003602519647496,1.126726004442224,0.27155029115731927,0.22367750123049915,1.1659838093251045,1.1656309717066662,1.1017829452976986,1.2003602519647496,1.6948140081735314,1.684097462046319,0.19028993833195387
2,combined_poor,white_rescaled_q,360,0.1,4.0,10.0,360,360,360,1.140038496081598,1.1856217334287462,1.1259570161886745,0.17862970145943968,0.21963288020744096,1.139722743001655,1.1533738739950747,1.0788016366708735,1.1856217334287462,1.6892058754724255,1.6829981338603455,0.1446850757789402
2,combined_poor,white_rescaled_q,720,0.2,4.0,10.0,720,720,720,1.1406082948328327,1.2024259886360915,1.1256113192961896,0.18435411607488825,0.22270034868281577,1.1309908376732036,1.1408900656683219,1.085057811352446,1.2024259886360915,1.6891116649854852,1.6821756019256662,0.15291651668822553
2,combined_poor,white_rescaled_q,3600,1.0,4.0,10.0,3600,3600,3600,1.1408396398898075,1.2103568744437572,1.1256238770189708,0.1857039887258384,0.2285660697021073,1.1424389908853467,1.134074588194139,1.072289397867722,1.2103568744437572,1.6900213143623728,1.682227725555413,0.16211700210583782
3,reference,frozen_q,0,0.0,1.0,1.0,0,0,0,2.3187166953176215,2.8322422349573237,1.4392763121848848,1.8179468667505518,0.02645848384290087,2.8322422349573237,2.6177857036543895,1.3450975247795365,2.1959287405736285,3.3888211948824054,2.0845151684167362,2.6718730515360867
3,reference,frozen_q,180,0.05,1.0,1.0,180,180,180,1.4432015760312036,1.4990477280817611,1.4392760706444911,0.10637284206555432,0.04322851223600814,1.4990477280817611,1.4216553903361537,1.3832021411818989,1.4662287860107905,2.085302391225573,2.0836120337483295,0.08394614744133284
3,reference,frozen_q,360,0.1,1.0,1.0,360,360,360,1.4406637212329687,1.4676818468372552,1.4391704465479391,0.06557730903163819,0.02873095687214066,1.4676818468372552,1.4331954389031758,1.4051078419179828,1.4558779528722228,2.0844592892735845,2.0836942181314577,0.05647064692803267
3,reference,frozen_q,720,0.2,1.0,1.0,720,720,720,1.444127940245338,1.4708291010513463,1.442069554648404,0.07707728169439265,0.052746872919715526,1.4708291010513463,1.429609632230225,1.417174497238117,1.4582580466096913,2.0900783525065703,2.0892745366410366,0.0579605914390027
3,reference,frozen_q,3600,1.0,1.0,1.0,3600,3600,3600,1.4368324482842492,1.4535449854051883,1.4363026824380813,0.0390139572932815,0.0535622682446404,1.4535449854051883,1.4291798208746915,1.4251059696155453,1.4393314170628624,2.0792639428416417,2.0790325011316995,0.03102262463813923
3,noise_half,frozen_q,0,0.0,0.5,1.0,0,0,0,2.2552285211000043,2.7354162482917794,1.4468120895873147,1.7299683406949682,0.025758177839602745,2.7354162482917794,2.5951386780514127,1.3494344452210996,2.0750909854378343,3.282688251387734,2.0963072357000723,2.5261706453346693
3,noise_half,frozen_q,180,0.05,0.5,1.0,180,180,180,1.4501589193774251,1.497309754586441,1.4466758398831714,0.10044852287725356,0.04155775178315075,1.497309754586441,1.4242543327100006,1.4082518582364563,1.4690927010063926,2.0962729420402666,2.095084822165718,0.07056794924748919
3,noise_half,frozen_q,360,0.1,0.5,1.0,360,360,360,1.4478669110254254,1.4676780658911814,1.446547692622596,0.061792920391824865,0.02564501597180621,1.4676780658911814,1.4367939038271684,1.4277802306298821,1.458856522766623,2.0955927723164605,2.095079978283303,0.046356790025036024
3,noise_half,frozen_q,720,0.2,0.5,1.0,720,720,720,1.4513191335176399,1.471332392195394,1.4494864544389339,0.07291258953323228,0.04785775278059424,1.471332392195394,1.434161003488917,1.4379317330404804,1.4615144365079034,2.101253896516895,2.1007819470830658,0.044532554803405594
3,noise_half,frozen_q,3600,1.0,0.5,1.0,3600,3600,3600,1.4440277274596436,1.454697927041467,1.443589501124965,0.0355728817224144,0.04446229477214285,1.454697927041467,1.434979094590383,1.4427906322969895,1.4435748824342047,2.0905309235336045,2.0904020482036327,0.023212477599828817
3,noise_half,white_rescaled_q,0,0.0,0.5,1.0,0,0,0,2.2552285211000043,2.7354162482917794,1.4468120895873147,1.7299683406949682,0.025758177839602745,2.7354162482917794,2.5951386780514127,1.3494344452210996,2.0750909854378343,3.282688251387734,2.0963072357000723,2.5261706453346693
3,noise_half,white_rescaled_q,180,0.05,0.5,1.0,180,180,180,1.448505610547175,1.4971694706677354,1.4452642530503916,0.0968490714531507,0.05147650606562603,1.4971694706677354,1.4260569535639729,1.3957481777124194,1.4728904171225257,2.0934663031446457,2.092188497482102,0.07313312112642863
3,noise_half,white_rescaled_q,360,0.1,0.5,1.0,360,360,360,1.4457274660247565,1.467648228462673,1.4446603315432056,0.05553766725240198,0.041055566129542344,1.467648228462673,1.439366497066709,1.417978935893529,1.4574224253962842,2.092246589786964,2.0917729947810413,0.044514388459633236
3,noise_half,white_rescaled_q,720,0.2,0.5,1.0,720,720,720,1.451904249585149,1.4727749359273776,1.4504017622277314,0.06603543056651821,0.06548931523048768,1.4727749359273776,1.4390589477385074,1.4339795084401779,1.4614547212504316,2.102947270318358,2.1025616633609823,0.040270007501010514
3,noise_half,white_rescaled_q,3600,1.0,0.5,1.0,3600,3600,3600,1.4402081389364028,1.4524229320053197,1.4398560709716304,0.031843026627448257,0.06902435527658154,1.4524229320053197,1.4332661603277128,1.4346270276088977,1.4404370745482808,2.083868060238779,2.0837613879674395,0.02108484051022977
3,noise_x4,frozen_q,0,0.0,4.0,1.0,0,0,0,2.880612680000216,3.419594504366849,1.3999180714208552,2.517570019977069,0.06363506856167822,3.419594504366849,3.0161285923933554,1.3497944842367664,3.2525550324148873,4.287814383487261,2.019629420172907,3.7823867058264002
3,noise_x4,frozen_q,180,0.05,4.0,1.0,180,180,180,1.410786865155716,1.523123101393087,1.4002537389711833,0.17207279097263806,0.06751441850349378,1.523123101393087,1.4130315063590564,1.23551370214036,1.4554113464743723,2.0312813359767548,2.019701398795142,0.21658745483627817
3,noise_x4,frozen_q,360,0.1,4.0,1.0,360,360,360,1.405518046921469,1.4797211398819934,1.4000876135793512,0.12343279355024592,0.06121244068929745,1.4797211398819934,1.4177525610606145,1.2715841887642212,1.4440916160566128,2.0273948440896348,2.0199131506284465,0.1740135562520819
3,noise_x4,frozen_q,720,0.2,4.0,1.0,720,720,720,1.4084032214979278,1.478393376689308,1.4026150186497115,0.12755682570529359,0.08971482797928387,1.478393376689308,1.4079247530158452,1.2956031594806474,1.4449608659244688,2.0316617591921524,2.0244489906305105,0.17104323458955464
3,noise_x4,frozen_q,3600,1.0,4.0,1.0,3600,3600,3600,1.400118507252354,1.45570603706862,1.3973527530657612,0.08796088818388755,0.11922373627069219,1.45570603706862,1.3988506849986353,1.3221917107685919,1.4203074005643608,2.018204399594897,2.014321047614315,0.12513878568280623
3,noise_x4,white_rescaled_q,0,0.0,4.0,1.0,0,0,0,2.880612680000216,3.419594504366849,1.3999180714208552,2.517570019977069,0.06363506856167822,3.419594504366849,3.0161285923933554,1.3497944842367664,3.2525550324148873,4.287814383487261,2.019629420172907,3.7823867058264002
3,noise_x4,white_rescaled_q,180,0.05,4.0,1.0,180,180,180,1.4123033544537122,1.5195408101692902,1.4003967629578893,0.18300183413909452,0.060988276056402106,1.5195408101692902,1.379098209317608,1.3098458793914345,1.4324073050404116,2.026061413444293,2.0199703997903384,0.15698546116995923
3,noise_x4,white_rescaled_q,360,0.1,4.0,1.0,360,360,360,1.4074379224085258,1.4849919506651956,1.400252352250242,0.14203821827695587,0.05967831854506421,1.4849919506651956,1.3852856422162976,1.319412153108364,1.434733490197192,2.0250417250997876,2.019835656187003,0.14511343973161928
3,noise_x4,white_rescaled_q,720,0.2,4.0,1.0,720,720,720,1.4111649379076103,1.4935710326889566,1.401287484244013,0.16667293865794283,0.06006728678010255,1.4935710326889566,1.3762676609450655,1.3388840588836675,1.4311073686259872,2.0268954279666067,2.021678434922662,0.1453319706072594
3,noise_x4,white_rescaled_q,3600,1.0,4.0,1.0,3600,3600,3600,1.4039474023702367,1.45468633538765,1.400331725131084,0.1006944299032353,0.06096666081556196,1.45468633538765,1.38619368084477,1.364449267193447,1.408866983276379,2.022404216716691,2.020169746794942,0.09504214816550466
3,bias_half,frozen_q,0,0.0,1.0,0.5,0,0,0,2.3115747176165833,2.7835669300042785,1.4483892857781158,1.8015399390430806,0.01746792472062653,2.7835669300042785,2.6048454998058657,1.3682245498423211,2.228902723322227,3.3808648432211643,2.1003117316003337,2.649327786105539
3,bias_half,frozen_q,180,0.05,1.0,0.5,180,180,180,1.4529332444202634,1.504240501057604,1.4492029319925337,0.10404746342816729,0.03105883644217001,1.504240501057604,1.4325902647722764,1.3954971307574962,1.477021820174511,2.1025800409010276,2.1009882888860485,0.08179876746651323
3,bias_half,frozen_q,360,0.1,1.0,0.5,360,360,360,1.450782326477208,1.4740752824951706,1.4493823512519737,0.06371937458827617,0.02258224614379786,1.4740752824951706,1.4444700122473824,1.4173358505289235,1.4665759330272554,2.102339042522202,2.101636098642313,0.05436137044524367
3,bias_half,frozen_q,720,0.2,1.0,0.5,720,720,720,1.4543253555116384,1.4781250305925018,1.4523165668557714,0.0764122327923958,0.04042859525987306,1.4781250305925018,1.44095878101105,1.4290182397379707,1.4686524485375934,2.108058250441697,2.1072873814811732,0.05700420252514732
3,bias_half,frozen_q,3600,1.0,1.0,0.5,3600,3600,3600,1.4474188409396558,1.4619684901981431,1.4469352431178981,0.037412609244011484,0.037524804475015945,1.4619684901981431,1.4407170061379109,1.4366770648390486,1.4501816636844578,2.0980368085678602,2.0978279194835983,0.029605241777922033
3,bias_x10,frozen_q,0,0.0,1.0,10.0,0,0,0,2.5890003196023477,3.7180317193968624,1.3309318722175774,2.2207077715035974,0.2722724762051381,3.7180317193968624,2.9815984826710626,1.0659105092373315,1.7209985553724598,3.783470205852043,1.9060416401920042,3.268279679651709
3,bias_x10,frozen_q,180,0.05,1.0,10.0,180,180,180,1.3308076436135396,1.4680258008979659,1.3179218025755894,0.1847460597580679,0.3249574764787024,1.4680258008979659,1.3013251956430827,1.2042173700776306,1.3362295633185866,1.8879321808083396,1.879620266460606,0.17696206724123734
3,bias_x10,frozen_q,360,0.1,1.0,10.0,360,360,360,1.3205176282656748,1.4185710389145683,1.3134620725910422,0.13632384393512015,0.32057799747083826,1.4185710389145683,1.2987865391925537,1.2318416554369165,1.3260630057946425,1.8761217977507307,1.8709466483103177,0.13925386591337754
3,bias_x10,frozen_q,720,0.2,1.0,10.0,720,720,720,1.3228396925730315,1.407232101115023,1.3171693569793974,0.12235087772955985,0.35933184487459696,1.407232101115023,1.2909255961700545,1.2550554228468094,1.333290745979305,1.8817131391677708,1.8780907656969912,0.11670224470984393
3,bias_x10,frozen_q,3600,1.0,1.0,10.0,3600,3600,3600,1.3100056529760722,1.3715306658902637,1.3071086890622883,0.08707287641471002,0.39213700256432976,1.3715306658902637,1.2841641888315611,1.2741040235933083,1.3080306376479078,1.8606748278256509,1.8590719169239538,0.07721672492867714
3,combined_poor,frozen_q,0,0.0,4.0,10.0,0,0,0,3.2343790346458055,4.307705110440872,1.3055472536263446,2.959181323999096,0.2595850372131059,4.307705110440872,3.573177930605913,1.1493704106950837,3.0331262380185247,4.833089862712984,1.8578032389969146,4.461762515669294
3,combined_poor,frozen_q,180,0.05,4.0,10.0,180,180,180,1.3162863508706881,1.5152170379969994,1.2936587030861326,0.2430162904374479,0.33354384765973644,1.5152170379969994,1.2940631229210904,1.0709421513236546,1.3464917007287753,1.855901105204772,1.8337122979796279,0.28612605707723815
3,combined_poor,frozen_q,360,0.1,4.0,10.0,360,360,360,1.3032167718848946,1.4523926941823797,1.2899329616749513,0.18559878476588756,0.3374172128143064,1.4523926941823797,1.2866045685894727,1.114512156743225,1.336623588199105,1.8419214079651054,1.826720582933989,0.23614907369173235
3,combined_poor,frozen_q,720,0.2,4.0,10.0,720,720,720,1.3057622853387676,1.4358946129360388,1.2946644006716526,0.1698800619455721,0.38557356944335425,1.4358946129360388,1.2737566951108117,1.1524476091504092,1.3444982832334222,1.8482005948989138,1.8355651525591743,0.2157452425781708
3,combined_poor,frozen_q,3600,1.0,4.0,10.0,3600,3600,3600,1.2948435155983096,1.3964526296257747,1.288439166824496,0.12862442722744663,0.44264687689029003,1.3964526296257747,1.2611124577702426,1.1955974083232055,1.31777888085473,1.829634720375138,1.8230830491351,0.1546977891195448
3,combined_poor,white_rescaled_q,0,0.0,4.0,10.0,0,0,0,3.2343790346458055,4.307705110440872,1.3055472536263446,2.959181323999096,0.2595850372131059,4.307705110440872,3.573177930605913,1.1493704106950837,3.0331262380185247,4.833089862712984,1.8578032389969146,4.461762515669294
3,combined_poor,white_rescaled_q,180,0.05,4.0,10.0,180,180,180,1.322802588898993,1.484221129436536,1.303771652321063,0.22357586587528377,0.2772724815440466,1.484221129436536,1.2643818017310837,1.1865101506963949,1.3378515304290393,1.8642772258417595,1.8536596144737714,0.1986846960920637
3,combined_poor,white_rescaled_q,360,0.1,4.0,10.0,360,360,360,1.3144427920894872,1.4364829798062058,1.3028223270768153,0.1743956356855267,0.27245596533585625,1.4364829798062058,1.2635350917524668,1.2005541002546227,1.3452527597827144,1.860594424694875,1.8519819829065685,0.17881372485104863
3,combined_poor,white_rescaled_q,720,0.2,4.0,10.0,720,720,720,1.3192793770405569,1.4352217262023794,1.3046001919375865,0.19625599068800936,0.28235172282768795,1.4352217262023794,1.255903299178287,1.2286537238555417,1.3473113320030192,1.8624666270479306,1.855261047481788,0.16367156919903406
3,combined_poor,white_rescaled_q,3600,1.0,4.0,10.0,3600,3600,3600,1.3099305680574718,1.3885677877532243,1.3033312726004382,0.13132283500249567,0.28451677338764203,1.3885677877532243,1.2704238266479049,1.2551300195278319,1.321447617616738,1.8569325512530885,1.8530863045063168,0.11945563174009857
4,reference,frozen_q,0,0.0,1.0,1.0,0,0,0,3.226132866178567,3.805962655155408,0.36904132987285426,3.204955813592944,0.05378347748317569,3.3232533650265084,2.2316965676278144,3.805962655155408,3.334951101649133,4.700108017407388,0.544324947602909,4.668482165191841
4,reference,frozen_q,180,0.05,1.0,1.0,180,180,180,0.39925241237102194,0.46422894166703177,0.3667721170780565,0.15773618138575882,0.06206464224800956,0.3703611681214913,0.33037700009129334,0.41926732261576494,0.46422894166703177,0.549702650308161,0.5407415525699352,0.09885128770062832
4,reference,frozen_q,360,0.1,1.0,1.0,360,360,360,0.39338940027979985,0.4368508317458785,0.37140293737438845,0.12967296696758593,0.07406299576181234,0.3693451509726526,0.3569940398723931,0.40536606513312523,0.4368508317458785,0.5542527224984776,0.5482964449968916,0.08103757647378804
4,reference,frozen_q,720,0.2,1.0,1.0,720,720,720,0.37917273272944385,0.39405558119512285,0.3695515781538573,0.08487397910730791,0.06707488495693582,0.37449184794914475,0.3721574599305712,0.39405558119512285,0.3755831795337639,0.549172021167595,0.5463634937066968,0.055469284995514324
4,reference,frozen_q,3600,1.0,1.0,1.0,3600,3600,3600,0.37220399928958203,0.3947512649253463,0.36782005994440625,0.05695805991826396,0.05476838197286243,0.3657383983619806,0.34881327846935195,0.377993952220867,0.3947512649253463,0.5449172715313327,0.5428207071093462,0.04775471438990803
4,noise_half,frozen_q,0,0.0,0.5,1.0,0,0,0,3.2801500642894843,3.771739684438948,0.43061992573947827,3.25176120338109,0.04957380008257655,3.4611608798544156,2.116977065657414,3.771739684438948,3.5142980802868102,4.778740870046705,0.6358765624934825,4.736245907923934
4,noise_half,frozen_q,180,0.05,0.5,1.0,180,180,180,0.45259148413174943,0.5225343601314487,0.42749748403765997,0.14861006914085695,0.05383737828872985,0.4246973003245084,0.4023850396905525,0.45169960310658097,0.5225343601314487,0.636246735686327,0.6311966846997303,0.08000408674296546
4,noise_half,frozen_q,360,0.1,0.5,1.0,360,360,360,0.44905499853193587,0.49180287748150237,0.4318263028102512,0.12319267797944054,0.06414864217419411,0.43083116117288206,0.4277280693206141,0.4429048496061743,0.49180287748150237,0.6416121449382461,0.6382166178113177,0.06592187255941424
4,noise_half,frozen_q,720,0.2,0.5,1.0,720,720,720,0.43827699775800394,0.4430553649419214,0.4305043046643877,0.08217524219131549,0.05553137936259359,0.4379278191619384,0.44084669317184166,0.4430553649419214,0.43118704639028615,0.6387512697821776,0.6370672139360122,0.04635244951619619
4,noise_half,frozen_q,3600,1.0,0.5,1.0,3600,3600,3600,0.43240285241996973,0.45378156399910086,0.42925683925007224,0.05206527382011742,0.04212119563274262,0.4315454929629499,0.4158608956640829,0.42755046749952813,0.45378156399910086,0.6355002343530815,0.6343896255776643,0.037554637826137334
4,noise_half,white_rescaled_q,0,0.0,0.5,1.0,0,0,0,3.2801500642894843,3.771739684438948,0.43061992573947827,3.25176120338109,0.04957380008257655,3.4611608798544156,2.116977065657414,3.771739684438948,3.5142980802868102,4.778740870046705,0.6358765624934825,4.736245907923934
4,noise_half,white_rescaled_q,180,0.05,0.5,1.0,180,180,180,0.4501382505978646,0.5153636152635467,0.4265664293311304,0.14375509041072482,0.0638258722618701,0.426760020455384,0.39071901527740693,0.45838047374346635,0.5153636152635467,0.6347457763909293,0.6292274525342393,0.0835165470035447
4,noise_half,white_rescaled_q,360,0.1,0.5,1.0,360,360,360,0.4472484913475964,0.4845959553685944,0.4309689711785217,0.11956989125205213,0.07703455096371521,0.4347211470322899,0.4214730648972626,0.44572367222332027,0.4845959553685944,0.6401260645728443,0.6364900643534158,0.0681305843575527
4,noise_half,white_rescaled_q,720,0.2,0.5,1.0,720,720,720,0.4344602442006906,0.4417689264151288,0.42712407599391133,0.07950300307077188,0.06813502447136671,0.43713164487301437,0.4326276130798602,0.4417689264151288,0.4261599515078289,0.6329796699460793,0.6313452198121342,0.04545850839408896
4,noise_half,white_rescaled_q,3600,1.0,0.5,1.0,3600,3600,3600,0.4299767517024791,0.44768117517216716,0.427119535510425,0.04948645663183247,0.04659420709105909,0.4314477642464846,0.4135552108933264,0.42652843713475275,0.44768117517216716,0.6319975875564938,0.6307939246083389,0.03898686130528306
4,noise_x4,frozen_q,0,0.0,4.0,1.0,0,0,0,3.0409806431365083,4.096326086280071,0.5296467880308944,2.994501219211555,0.10462915784939567,2.516420298976298,2.9354223623407596,4.096326086280071,2.29375022967954,4.461491882215385,0.8078649526763128,4.387740196651469
4,noise_x4,frozen_q,180,0.05,4.0,1.0,180,180,180,0.5952763825099239,0.6931393568511167,0.5410321542206282,0.2482703761496478,0.1383825292689474,0.5421252607266195,0.556447029822848,0.6931393568511167,0.5774431772597639,0.8624679024181495,0.8270524034856415,0.24461235575944734
4,noise_x4,frozen_q,360,0.1,4.0,1.0,360,360,360,0.5782581296491983,0.6693721254890055,0.5418201132464552,0.20202333871854405,0.1555331952164358,0.5136993087999275,0.5399415659353717,0.6693721254890055,0.5779679412853491,0.85152218261243,0.8283703723721102,0.197211951101164
4,noise_x4,frozen_q,720,0.2,4.0,1.0,720,720,720,0.5564720914436415,0.6193329845994424,0.5379423625075157,0.14240506723952318,0.15538204322948038,0.5108331399928071,0.5331692068442387,0.6193329845994424,0.556643070888305,0.8348822064258181,0.8224349338759146,0.14362826374694518
4,noise_x4,frozen_q,3600,1.0,4.0,1.0,3600,3600,3600,0.5410257634076798,0.6106697958467948,0.5298613839506555,0.10934253732540973,0.15224771331228484,0.5042082396963077,0.5180340499958054,0.6106697958467948,0.5247215272801173,0.8166419616438529,0.8083728630061963,0.11591983381926314
4,noise_x4,white_rescaled_q,0,0.0,4.0,1.0,0,0,0,3.0409806431365083,4.096326086280071,0.5296467880308944,2.994501219211555,0.10462915784939567,2.516420298976298,2.9354223623407596,4.096326086280071,2.29375022967954,4.461491882215385,0.8078649526763128,4.387740196651469
4,noise_x4,white_rescaled_q,180,0.05,4.0,1.0,180,180,180,0.6028689511829024,0.6667890029525766,0.5315600418598598,0.2844202774035577,0.0993602029567541,0.6491482808868014,0.509361871642165,0.6667890029525766,0.5730212106736544,0.8306281158224715,0.8107835577192412,0.18048016325047803
4,noise_x4,white_rescaled_q,360,0.1,4.0,1.0,360,360,360,0.5740283141936191,0.6438878589226319,0.5314881083322561,0.2168614677561883,0.10469842730341773,0.5597401413694671,0.5082954451186968,0.6438878589226319,0.5759940639686982,0.8266199448884132,0.8106094269438999,0.16190395374111674
4,noise_x4,white_rescaled_q,720,0.2,4.0,1.0,720,720,720,0.5614883094369676,0.6009513955036733,0.5316926173035864,0.18047737348278867,0.10470443880994076,0.5848011330337473,0.5055809638490673,0.6009513955036733,0.5498449150220607,0.8183388041769152,0.8110855319349201,0.10871365281118647
4,noise_x4,white_rescaled_q,3600,1.0,4.0,1.0,3600,3600,3600,0.5487382298572677,0.590277172283141,0.5292026699092625,0.1451143654770121,0.10530617153401041,0.5503455258309825,0.5132261703948174,0.590277172283141,0.5382807257636646,0.812131478314307,0.8067749004033723,0.09312249002314311
4,bias_half,frozen_q,0,0.0,1.0,0.5,0,0,0,3.2037712789072574,3.8021222836509243,0.3608837488213782,3.183380801504538,0.033693987996101404,3.2733012357746345,2.2147448920637474,3.8021222836509243,3.3137398590298357,4.660067065584182,0.5265864606703978,4.630219406807953
4,bias_half,frozen_q,180,0.05,1.0,0.5,180,180,180,0.3926454433553199,0.45563270247706844,0.35934307851556013,0.15824979023889954,0.04277098397542483,0.3625013499518826,0.32536094263540477,0.4145040958479038,0.45563270247706844,0.5324043257081595,0.5242211487564243,0.09298684438809049
4,bias_half,frozen_q,360,0.1,1.0,0.5,360,360,360,0.3863404975896594,0.4284894243494704,0.36396339098386554,0.12957480504076177,0.055379202389523034,0.3604168770601643,0.35123542695940796,0.40020755004222774,0.4284894243494704,0.5369854403242222,0.5317451183715098,0.07483643636804149
4,bias_half,frozen_q,720,0.2,1.0,0.5,720,720,720,0.371668739094603,0.3880021102347775,0.3618584961420621,0.08482971407459367,0.0500641865457847,0.3652398680661991,0.3658711849247972,0.3880021102347775,0.36707367618879805,0.5321942324807062,0.5293843365969955,0.05461616291435056
4,bias_half,frozen_q,3600,1.0,1.0,0.5,3600,3600,3600,0.36414256351921864,0.38441006734882804,0.3597884931979702,0.056143091549026164,0.03964332790525102,0.3564677485300084,0.3427114148755175,0.37162851983967743,0.38441006734882804,0.5268531323572355,0.5251256510775717,0.042629492783600884
4,bias_x10,frozen_q,0,0.0,1.0,10.0,0,0,0,3.7181785613910483,4.235393054491641,0.6504683752008911,3.6608390714768544,0.47915034213304225,4.235393054491641,2.8094400532552397,3.950936500360684,3.722633515241435,5.560066150905456,1.0538762579555814,5.459274716971308
4,bias_x10,frozen_q,180,0.05,1.0,10.0,180,180,180,0.6764563066360163,0.7789399542965857,0.6427733702648942,0.21079736541510477,0.43283965405572794,0.7088702310239515,0.613072816028814,0.5875966342360577,0.7789399542965857,1.0769459578468252,1.0410404710387469,0.27576681051576973
4,bias_x10,frozen_q,360,0.1,1.0,10.0,360,360,360,0.6725525844960099,0.7514057360789675,0.6472197937611137,0.1828483455656188,0.4316286752374802,0.7080952069964951,0.6270436524693067,0.5917049696962311,0.7514057360789675,1.075349417040346,1.0485413942464725,0.23861540872432208
4,bias_x10,frozen_q,720,0.2,1.0,10.0,720,720,720,0.6638451739598991,0.7052851927995826,0.6494096737963388,0.13768620326518352,0.413015555557768,0.7052851927995826,0.6383858941437022,0.603236744351724,0.7027825675124049,1.0658139507881066,1.052723316609428,0.16653226822870634
4,bias_x10,frozen_q,3600,1.0,1.0,10.0,3600,3600,3600,0.6621665824459433,0.7311234203683518,0.6532767567998973,0.10813908605655989,0.38591395498609343,0.687459513531431,0.6139121091149724,0.6081350305307014,0.7311234203683518,1.0709854130497316,1.0593712147869154,0.15729712090880443
4,combined_poor,frozen_q,0,0.0,4.0,10.0,0,0,0,3.528766808592471,4.353428690609409,0.3274304979776247,3.5135430064847673,0.4900339794554602,3.444450180039865,3.454803910144125,4.353428690609409,2.6564134266244452,5.317652936553853,0.522012573008208,5.2919689745180065
4,combined_poor,frozen_q,180,0.05,4.0,10.0,180,180,180,0.4276872200407691,0.6049681117401909,0.3247057035592611,0.2783569008706026,0.48963844297001474,0.36699382889394144,0.2371079042026407,0.6049681117401909,0.4180602681919301,0.6417797329838204,0.516244855688212,0.3812774247765543
4,combined_poor,frozen_q,360,0.1,4.0,10.0,360,360,360,0.40507085627493494,0.5604778059772132,0.3297135120981516,0.23531128010193442,0.4933840597650052,0.3297195452611094,0.2457804150963063,0.5604778059772132,0.41601830782803234,0.6189347001527836,0.5259834867649641,0.3262231363710843
4,combined_poor,frozen_q,720,0.2,4.0,10.0,720,720,720,0.37372873966135034,0.4917299396621155,0.3296578448963634,0.17606497706002347,0.4778598273565358,0.3252290370310089,0.2670366908550143,0.4917299396621155,0.37391420011069915,0.5815056219336916,0.5267422794289324,0.2463561637193231
4,combined_poor,frozen_q,3600,1.0,4.0,10.0,3600,3600,3600,0.35964338871721485,0.4588973628564946,0.3289002879429098,0.14549215662389758,0.45015165963396003,0.30710962129092934,0.2507619850711207,0.4588973628564946,0.3867670951736907,0.569584994913948,0.5266583040799842,0.21692878364734594
4,combined_poor,white_rescaled_q,0,0.0,4.0,10.0,0,0,0,3.528766808592471,4.353428690609409,0.3274304979776247,3.5135430064847673,0.4900339794554602,3.444450180039865,3.454803910144125,4.353428690609409,2.6564134266244452,5.317652936553853,0.522012573008208,5.2919689745180065
4,combined_poor,white_rescaled_q,180,0.05,4.0,10.0,180,180,180,0.4425965690224173,0.5232714594448472,0.3279075372719749,0.2972681784359768,0.48417495319047676,0.45878818343098576,0.26706620575706996,0.5232714594448472,0.47743367692145344,0.598806309914023,0.5224861542698269,0.2925358360768395
4,combined_poor,white_rescaled_q,360,0.1,4.0,10.0,360,360,360,0.40517170346473586,0.4933491337374773,0.32886141796863033,0.23667335519694163,0.48579657720960306,0.36692873611594806,0.24389569409484815,0.4933491337374773,0.4681252635875242,0.5888699621038439,0.5243718268179228,0.267958988481105
4,combined_poor,white_rescaled_q,720,0.2,4.0,10.0,720,720,720,0.38374155679364225,0.44141107349416303,0.3289420343570526,0.19762267188622815,0.48534368185557625,0.39077554484315247,0.2761437002075068,0.44141107349416303,0.4064796725872128,0.5609129792987884,0.5245307205810348,0.19872315796751858
4,combined_poor,white_rescaled_q,3600,1.0,4.0,10.0,3600,3600,3600,0.3631180777441973,0.4281518644401972,0.32720165595898437,0.15746051797939495,0.4768219698648638,0.34229443761490436,0.2555523515906798,0.4281518644401972,0.40203538163862684,0.552113475505803,0.5216019088382032,0.1809992777097181
5,reference,frozen_q,0,0.0,1.0,1.0,0,0,0,2.490196938648682,3.4196908403407806,1.2001899853293445,2.181885604785552,0.056520170645185476,1.329394066439075,3.4196908403407806,2.347767162551154,2.414692215598817,3.6135367114834542,1.7170085161003517,3.1795486033205287
5,reference,frozen_q,180,0.05,1.0,1.0,180,180,180,1.2054320458198906,1.223546137714977,1.200361802955936,0.11044437103764829,0.07998735424025649,1.1945937504339812,1.223546137714977,1.2165860259467762,1.18661903327731,1.7176070891026116,1.7161373671265419,0.071039775390469
5,reference,frozen_q,360,0.1,1.0,1.0,360,360,360,1.2026663701870806,1.2493979942056088,1.199281090734265,0.09017351820906065,0.06530963546443945,1.1661295881419116,1.2493979942056088,1.1980392514201532,1.1956061139470178,1.7158308108574365,1.7148654269922168,0.05754944651767082
5,reference,frozen_q,720,0.2,1.0,1.0,720,720,720,1.1999943677829499,1.209761361754359,1.1983867660973908,0.062093812521370736,0.06340863573136175,1.1729772646177739,1.209535876699737,1.209761361754359,1.2072989182946547,1.7136379350133777,1.7130765937567822,0.04385836567377743
5,reference,frozen_q,3600,1.0,1.0,1.0,3600,3600,3600,1.2015818494111983,1.2238060119121998,1.2003723934938901,0.053898587849640044,0.0693498237673839,1.1777504444912616,1.2238060119121998,1.2111245823416754,1.1931369347621557,1.7160043931784905,1.7155696895041557,0.03862276352740583
5,noise_half,frozen_q,0,0.0,0.5,1.0,0,0,0,2.464194546413775,3.403426418794191,1.2690283186034208,2.112302508912482,0.04193099078400238,1.1960023601567729,3.403426418794191,2.245366918116632,2.4967205329556137,3.5763766964253967,1.832131627621145,3.071443304670449
5,noise_half,frozen_q,180,0.05,0.5,1.0,180,180,180,1.273893750710005,1.2820894231159738,1.269592750874782,0.10459223214086484,0.06006440115098861,1.2720535370238044,1.2751560370798172,1.2820894231159738,1.2662246023396855,1.8334139321790357,1.8323234427038106,0.06322537486048113
5,noise_half,frozen_q,360,0.1,0.5,1.0,360,360,360,1.2711931689458842,1.3033009058966725,1.2684690293634977,0.08317688573339031,0.04543328131424449,1.2446382747916809,1.3033009058966725,1.2638643475909972,1.2722647191522711,1.8317477983931834,1.8310930732349027,0.048970951281694236
5,noise_half,frozen_q,720,0.2,0.5,1.0,720,720,720,1.2686686069407802,1.2817712983636107,1.2675355698894724,0.05360609388893867,0.04216673093204926,1.2509965680829638,1.266338635224171,1.2753574099924834,1.2817712983636107,1.8297351874050556,1.829336076975233,0.03821483357386494
5,noise_half,frozen_q,3600,1.0,0.5,1.0,3600,3600,3600,1.2699991667056723,1.2835495226416873,1.269157717185687,0.0462230715240516,0.04651029367183552,1.254826653956947,1.2835495226416873,1.2757983430883821,1.2656385001061135,1.8315935967455639,1.8313283774736675,0.031168533796386004
5,noise_half,white_rescaled_q,0,0.0,0.5,1.0,0,0,0,2.464194546413775,3.403426418794191,1.2690283186034208,2.112302508912482,0.04193099078400238,1.1960023601567729,3.403426418794191,2.245366918116632,2.4967205329556137,3.5763766964253967,1.832131627621145,3.071443304670449
5,noise_half,white_rescaled_q,180,0.05,0.5,1.0,180,180,180,1.273285158463593,1.286949327523931,1.26901711176413,0.10416652443794992,0.07422170278020071,1.265018008395635,1.283086975076053,1.286949327523931,1.2578549440477043,1.8318177875329231,1.8309159574548377,0.057473154248292815
5,noise_half,white_rescaled_q,360,0.1,0.5,1.0,360,360,360,1.270205361482749,1.3051376858988641,1.2676518800493513,0.08050075370371486,0.05289458183759672,1.2427078489564554,1.3051376858988641,1.2591475755398198,1.2729991545004475,1.8298132258536857,1.8293817253458662,0.039735934362408694
5,noise_half,white_rescaled_q,720,0.2,0.5,1.0,720,720,720,1.2668958170204263,1.2755135361727186,1.2658533037650899,0.05138506135892472,0.05502425764302829,1.2510591775440743,1.2679283331589772,1.272939095177386,1.2755135361727186,1.8260410220177445,1.8257369040953604,0.03332523242076842
5,noise_half,white_rescaled_q,3600,1.0,0.5,1.0,3600,3600,3600,1.2697339639254706,1.2832502522414082,1.2690004656888112,0.04315271981542427,0.07076423675191569,1.2580281537159856,1.2832502522414082,1.2760429763143366,1.2614458505075483,1.8294228079059849,1.8291704341459467,0.030386393878614956
5,noise_x4,frozen_q,0,0.0,4.0,1.0,0,0,0,2.840428680313138,3.712492765097101,0.8166715651302734,2.7204930881465414,0.15421037879670157,2.2635513253816004,3.712492765097101,3.01475291612882,2.0681242885618407,4.1600438960905235,1.0675189169491783,4.020742292084345
5,noise_x4,frozen_q,180,0.05,4.0,1.0,180,180,180,0.8389769859357642,0.9675717117303129,0.8120674213205907,0.2107816077355556,0.21553574578743795,0.7704194021734861,0.9675717117303129,0.8418920398038783,0.7596092761731037,1.068336191802399,1.05420425874808,0.17319237729260128
5,noise_x4,frozen_q,360,0.1,4.0,1.0,360,360,360,0.8319074979006771,0.9746223563821091,0.8106049366246049,0.18705539763178522,0.20927490887548522,0.7328489383886002,0.9746223563821091,0.818651843566354,0.78175008488759,1.0616339455317347,1.0511079539200534,0.14912646817811134
5,noise_x4,frozen_q,720,0.2,4.0,1.0,720,720,720,0.825936366207142,0.9151392599912387,0.8099108390469755,0.16191143819286616,0.21480252161887464,0.7428196001880597,0.9151392599912387,0.8332275827565262,0.803215099351778,1.0559826371476613,1.048853661027927,0.12249623547539408
5,noise_x4,frozen_q,3600,1.0,4.0,1.0,3600,3600,3600,0.8265768153000568,0.907167103928403,0.8142130479816155,0.14243013756951725,0.2300032302684704,0.752739030741281,0.907167103928403,0.8402848184849764,0.7982920188369902,1.061577548918295,1.0548164482031146,0.11962087178891792
5,noise_x4,white_rescaled_q,0,0.0,4.0,1.0,0,0,0,2.840428680313138,3.712492765097101,0.8166715651302734,2.7204930881465414,0.15421037879670157,2.2635513253816004,3.712492765097101,3.01475291612882,2.0681242885618407,4.1600438960905235,1.0675189169491783,4.020742292084345
5,noise_x4,white_rescaled_q,180,0.05,4.0,1.0,180,180,180,0.8323523941551294,0.8822713977084456,0.8163798685736801,0.16227882869738985,0.15320298906294513,0.7658886101426436,0.8822713977084456,0.8333905153363655,0.8436314946763487,1.0730876564436271,1.066600725761812,0.11781345515708984
5,noise_x4,white_rescaled_q,360,0.1,4.0,1.0,360,360,360,0.8338865833866244,0.936189814482975,0.8161004020451748,0.17130956696554306,0.1518874993161532,0.7344983593174281,0.936189814482975,0.8352259574411398,0.8172672312308505,1.0764272080783628,1.0659899712523244,0.1495356662500536
5,noise_x4,white_rescaled_q,720,0.2,4.0,1.0,720,720,720,0.8294996154548744,0.8809361049406031,0.8157633026716674,0.1503324517660703,0.14680261478927295,0.7406799925831626,0.8809361049406031,0.8395983599537261,0.8501163271701303,1.0708300410088616,1.0653965121106292,0.1077369421765138
5,noise_x4,white_rescaled_q,3600,1.0,4.0,1.0,3600,3600,3600,0.8311861786981446,0.9058050504082057,0.8155980978790845,0.1602192447705427,0.14426217885286594,0.7392797932648977,0.9058050504082057,0.8356799114331095,0.8355259051565326,1.0700857458333795,1.0652242458964996,0.10188625712044502
5,bias_half,frozen_q,0,0.0,1.0,0.5,0,0,0,2.491022794433013,3.4325577533346014,1.1945042927103575,2.185944660114109,0.04409146561904814,1.3322737188010985,3.4325577533346014,2.348936480898285,2.3970543728624536,3.6154667327740526,1.7067281104985588,3.1872682429676202
5,bias_half,frozen_q,180,0.05,1.0,0.5,180,180,180,1.199630798952343,1.2195102602604857,1.194519354939315,0.11062352584508901,0.0725551364688833,1.1861415680704424,1.2195102602604857,1.211590716571352,1.1808332042727556,1.706959300862373,1.7055142854277845,0.07022162773899003
5,bias_half,frozen_q,360,0.1,1.0,0.5,360,360,360,1.19690496477129,1.244910769580411,1.1934388260163695,0.09102342144103423,0.056853991097225415,1.1585040506743045,1.244910769580411,1.1925450780623743,1.1900536777472654,1.7052120788968737,1.704240141150032,0.057565400274090725
5,bias_half,frozen_q,720,0.2,1.0,0.5,720,720,720,1.1941490073973056,1.204509056967421,1.1924834117538294,0.0630489060961174,0.056475789152404636,1.1655186257139731,1.204509056967421,1.2041198198504919,1.2019929832209362,1.7028870353252148,1.7023444291174297,0.04298487794040967
5,bias_half,frozen_q,3600,1.0,1.0,0.5,3600,3600,3600,1.1955862814621045,1.218336789041485,1.1943416983814903,0.05453864618414748,0.06291929690759476,1.1705510291246277,1.218336789041485,1.2049843565226248,1.1879329454563683,1.7050415629474283,1.7046274252890725,0.03757755088555659
5,bias_x10,frozen_q,0,0.0,1.0,10.0,0,0,0,2.504836583712848,3.1929321832108712,1.322382802270706,2.1273246191789648,0.3193177390621311,1.2927197118830773,3.1929321832108712,2.32822801956785,2.794680545831556,3.629100687349771,1.9346283347460587,3.0704372661430934
5,bias_x10,frozen_q,180,0.05,1.0,10.0,180,180,180,1.3307301125549902,1.3652013500895568,1.325033447226894,0.12299998451475704,0.32397470564738146,1.3652013500895568,1.32043714275145,1.325118187731471,1.3115271038532779,1.9415262245077907,1.9391282713363718,0.09646568174999434
5,bias_x10,frozen_q,360,0.1,1.0,10.0,360,360,360,1.327065057534633,1.353648509301136,1.3239251229207194,0.0912356061456129,0.31795706689581255,1.3231778336092272,1.353648509301136,1.3152787364390448,1.3157829027240435,1.9391435823001428,1.9378675128799783,0.07033729665119387
5,bias_x10,frozen_q,720,0.2,1.0,10.0,720,720,720,1.325587743986733,1.3295784650793796,1.323875511887195,0.06735351537413639,0.3151325958716744,1.326453422811831,1.3240493374285291,1.3295784650793796,1.3222583871522038,1.9387316434618187,1.9375080071535231,0.06887022271016077
5,bias_x10,frozen_q,3600,1.0,1.0,10.0,3600,3600,3600,1.3293435447676218,1.345184893297935,1.3278713115161325,0.06254630339015363,0.3198350060193389,1.3260932172425677,1.345184893297935,1.339855244149836,1.305894079476526,1.944256906201672,1.9432391799346123,0.06289997519834403
5,combined_poor,frozen_q,0,0.0,4.0,10.0,0,0,0,2.795892884096673,3.4475523976530833,0.9651342579686424,2.6240298937774567,0.39237178598075667,2.270199581391757,3.4475523976530833,3.004143372099917,2.2811766707826338,4.078410481388028,1.3569930684570697,3.8460371639981843
5,combined_poor,frozen_q,180,0.05,4.0,10.0,180,180,180,0.980982193742854,1.0770309407404883,0.9618085068801222,0.19300378372864135,0.40769480929021457,0.9765016320526462,1.0770309407404883,0.9643279339220538,0.8976774525997463,1.3614957791886082,1.3480959823087326,0.1905465277339075
5,combined_poor,frozen_q,360,0.1,4.0,10.0,360,360,360,0.9740594503574637,1.092142351726318,0.9597130485671043,0.1665613317691686,0.4003485087664947,0.9249443187641841,1.092142351726318,0.9516788535481567,0.9171574029486802,1.3539781473812476,1.3439556666516395,0.16443840689116107
5,combined_poor,frozen_q,720,0.2,4.0,10.0,720,720,720,0.9696913696052422,1.0448743901367816,0.9592728659076584,0.14176360964718024,0.39938634968003,0.9301522625996559,1.0448743901367816,0.9651126071502443,0.9342469383863413,1.3499678284147936,1.3420698165272538,0.14581407792616255
5,combined_poor,frozen_q,3600,1.0,4.0,10.0,3600,3600,3600,0.9733724565793336,1.0458134302965831,0.9651083171687659,0.126569646278084,0.4059881963370884,0.9354582806682067,1.0458134302965831,0.9797809721990626,0.9279208358294279,1.3570428008403723,1.3499207504436632,0.13884930980851107
5,combined_poor,white_rescaled_q,0,0.0,4.0,10.0,0,0,0,2.795892884096673,3.4475523976530833,0.9651342579686424,2.6240298937774567,0.39237178598075667,2.270199581391757,3.4475523976530833,3.004143372099917,2.2811766707826338,4.078410481388028,1.3569930684570697,3.8460371639981843
5,combined_poor,white_rescaled_q,180,0.05,4.0,10.0,180,180,180,0.9777683109643253,1.0147427032570293,0.9655720716291161,0.15395273435664206,0.3857080291077251,0.948751626306212,1.0147427032570293,0.9696649381591067,0.9767502163690311,1.3636251784462767,1.3574680542207436,0.12943766477647983
5,combined_poor,white_rescaled_q,360,0.1,4.0,10.0,360,360,360,0.9775843801020813,1.069552784889922,0.9649962936475723,0.1563757444938917,0.3873386022693865,0.9120216828707071,1.069552784889922,0.9754585146706127,0.9462763113080561,1.3658184995786655,1.3562778755121463,0.16115364776379162
5,combined_poor,white_rescaled_q,720,0.2,4.0,10.0,720,720,720,0.9729262049030047,1.0158208683203676,0.9647342235541714,0.1259891983080043,0.38220497677138054,0.917478957852622,1.0158208683203676,0.9790580059622263,0.9767944241710468,1.3609793528509442,1.3558267903751666,0.11831531341102428
5,combined_poor,white_rescaled_q,3600,1.0,4.0,10.0,3600,3600,3600,0.9745828620288348,1.039350624313088,0.9648623965732613,0.13730371677131398,0.37828974447713787,0.9185125777550147,1.039350624313088,0.9763253550196923,0.9602711831731505,1.360808615096092,1.356117409600701,0.11289667088815733
6,reference,frozen_q,0,0.0,1.0,1.0,0,0,0,3.005153611043143,4.3612977560697885,2.345486556185886,1.8787338930026565,0.061337655850006244,3.0706297521182,1.9719450682073005,1.9456465146944508,4.3612977560697885,4.344603201665587,3.3811148516171428,2.7283033812420587
6,reference,frozen_q,180,0.05,1.0,1.0,180,180,180,2.3422688607202926,2.3827511837942947,2.339611067341487,0.11155030019306873,0.07808824089064718,2.301186232194243,2.3134931973860766,2.3827511837942947,2.3705867649454704,3.371967227746058,3.370766409200908,0.08998221822255044
6,reference,frozen_q,360,0.1,1.0,1.0,360,360,360,2.3417169007121688,2.354597179008601,2.3395433907380743,0.1008700447843675,0.06715938865791472,2.3186325400074295,2.354597179008601,2.3483377389947093,2.3451390800889955,3.3709609005412107,3.3705368559429005,0.05346677200052051
6,reference,frozen_q,720,0.2,1.0,1.0,720,720,720,2.33862762699949,2.352316503145921,2.3375639665337253,0.07052574089212559,0.06365705965249466,2.3191990446351896,2.345344856609037,2.352316503145921,2.3375194277329925,3.3677993670645856,3.3674911158130296,0.04556491765537152
6,reference,frozen_q,3600,1.0,1.0,1.0,3600,3600,3600,2.342916287760051,2.3510351599012496,2.342479900475206,0.04521777660398121,0.06720688980891064,2.3349210930902475,2.350523942244306,2.3510351599012496,2.335131963870988,3.37719121306279,3.3769875073696514,0.03709264964691561
6,noise_half,frozen_q,0,0.0,0.5,1.0,0,0,0,2.9692433756133108,4.248078514359461,2.3223157185939343,1.8502042932592786,0.048236818978850425,3.1423286633171013,2.0584078425881454,1.7630035608582844,4.248078514359461,4.297695837145243,3.351383806012016,2.6904304661923457
6,noise_half,frozen_q,180,0.05,0.5,1.0,180,180,180,2.3202503885448946,2.3567900273133695,2.3176974031002415,0.10881458176701962,0.06676052496319346,2.2872994712008934,2.284776945716394,2.3511366754602285,2.3567900273133695,3.344205063599013,3.343203931389806,0.08182286074820974
6,noise_half,frozen_q,360,0.1,0.5,1.0,360,360,360,2.319493815930967,2.3304375002161444,2.31767490314331,0.09184010824060002,0.057098392751797296,2.30210051371251,2.3256740305114274,2.3196639486623125,2.3304375002161444,3.343343053036225,3.343047836003278,0.04442900493355444
6,noise_half,frozen_q,720,0.2,0.5,1.0,720,720,720,2.316303852186464,2.3254538210800595,2.315521591365086,0.060193816758471706,0.055469212534388565,2.301221231806465,2.3174425062649906,2.3254538210800595,2.321025579583069,3.339866714653819,3.3396511926028363,0.03794184232415738
6,noise_half,frozen_q,3600,1.0,0.5,1.0,3600,3600,3600,2.3204312432429903,2.3263046346981775,2.3201579234212373,0.035614112425561215,0.05685704143381629,2.3152578734627065,2.3238597551364815,2.3263046346981775,2.3162832691362625,3.3486526691331853,3.3485265046016397,0.029067963002729423
6,noise_half,white_rescaled_q,0,0.0,0.5,1.0,0,0,0,2.9692433756133108,4.248078514359461,2.3223157185939343,1.8502042932592786,0.048236818978850425,3.1423286633171013,2.0584078425881454,1.7630035608582844,4.248078514359461,4.297695837145243,3.351383806012016,2.6904304661923457
6,noise_half,white_rescaled_q,180,0.05,0.5,1.0,180,180,180,2.317082842645573,2.3571382877322136,2.314614187627019,0.10693017403054413,0.08025773132547175,2.275216039528866,2.2882954234511566,2.3571382877322136,2.3465904456721565,3.3383797164011173,3.337360082557168,0.08250339527811605
6,noise_half,white_rescaled_q,360,0.1,0.5,1.0,360,360,360,2.314416587498477,2.32445536459671,2.3126784903238504,0.08967909946855558,0.0749078132185478,2.2896473684970062,2.3206679507514765,2.32445536459671,2.322718022111085,3.3344293789614308,3.3341687101256126,0.04169287349683137
6,noise_half,white_rescaled_q,720,0.2,0.5,1.0,720,720,720,2.3088657891643156,2.3228039720529363,2.3080158215280786,0.06264343500659204,0.07913578221914604,2.2913132496047406,2.3125164038989343,2.3228039720529363,2.308717849974881,3.3273958219280906,3.32718068509617,0.037837078474666885
6,noise_half,white_rescaled_q,3600,1.0,0.5,1.0,3600,3600,3600,2.3156457061879347,2.3223476100542806,2.3153759016833226,0.03534784987464754,0.08153414183522244,2.307967419373103,2.3208939838748055,2.3223476100542806,2.3113414354326043,3.340937485626779,3.340852311849556,0.02385609514704727
6,noise_x4,frozen_q,0,0.0,4.0,1.0,0,0,0,3.395257998895504,5.05160729492992,2.489960245553883,2.3082189789153778,0.1548947964734533,2.706934681979937,1.8756237403273928,3.1220043988247212,5.05160729492992,4.922090430602429,3.569197380146859,3.3893663520753865
6,noise_x4,frozen_q,180,0.05,4.0,1.0,180,180,180,2.483823532142704,2.579737667166498,2.475992286888561,0.19708255654473925,0.15814954894428412,2.397377334925058,2.49831500798987,2.579737667166498,2.456313285952339,3.5495643462625712,3.544486898870596,0.18978849278376775
6,noise_x4,frozen_q,360,0.1,4.0,1.0,360,360,360,2.4837489772175383,2.537665631905865,2.475777119782818,0.19883821310065802,0.14663402790615215,2.4293601579902484,2.537665631905865,2.5284635453914657,2.437492644164593,3.547319726616535,3.5440779746720272,0.1516197621928944
6,noise_x4,frozen_q,720,0.2,4.0,1.0,720,720,720,2.4805489206404556,2.5218940121722357,2.4749448284456945,0.1666464636301738,0.14172629753527627,2.4369289709285837,2.5206339278791723,2.5218940121722357,2.4413775157491147,3.5457282464444635,3.5433684047617127,0.1293411990456487
6,noise_x4,frozen_q,3600,1.0,4.0,1.0,3600,3600,3600,2.4857108688221996,2.5162072816591152,2.4824400382292047,0.12747540930469506,0.15523134688963547,2.4612674012147977,2.5162072816591152,2.5094940239513086,2.4552673037204995,3.5598507674810795,3.5583125356881946,0.10463930953461244
6,noise_x4,white_rescaled_q,0,0.0,4.0,1.0,0,0,0,3.395257998895504,5.05160729492992,2.489960245553883,2.3082189789153778,0.1548947964734533,2.706934681979937,1.8756237403273928,3.1220043988247212,5.05160729492992,4.922090430602429,3.569197380146859,3.3893663520753865
6,noise_x4,white_rescaled_q,180,0.05,4.0,1.0,180,180,180,2.4924380968143964,2.5350684959145537,2.4879748865810773,0.14909268994033312,0.15544620596682102,2.4497867338356367,2.4740748165391855,2.5350684959145537,2.509963574978359,3.5684780233079203,3.5659163954824176,0.13518751148417585
6,noise_x4,white_rescaled_q,360,0.1,4.0,1.0,360,360,360,2.493639472923148,2.5341340452723387,2.488432407916439,0.1610651177369876,0.14952451889869456,2.4749311900950928,2.5341340452723387,2.4923845270617018,2.4726202494178757,3.5690560800696893,3.566535321828218,0.1341159976815044
6,noise_x4,white_rescaled_q,720,0.2,4.0,1.0,720,720,720,2.4916645790995564,2.520587810182321,2.48902892137785,0.11457488068501905,0.15224825555141006,2.4631677951362168,2.4972579658564067,2.520587810182321,2.48529951013721,3.5689272979852817,3.5676700505066448,0.09472311767695132
6,noise_x4,white_rescaled_q,3600,1.0,4.0,1.0,3600,3600,3600,2.4927578943864916,2.520149985901009,2.4894234217998727,0.12889122165759598,0.14562508125116483,2.47066044283652,2.520149985901009,2.5144841943858434,2.4652419639975443,3.570379808733001,3.568505198572596,0.11568330203040222
6,bias_half,frozen_q,0,0.0,1.0,0.5,0,0,0,3.0050881931362676,4.331007226660539,2.355947977922833,1.8654930109352637,0.045533522529349627,3.116615247106786,1.9513588825158268,1.9604857841489896,4.331007226660539,4.348289455836308,3.4056422576665693,2.703557287081776
6,bias_half,frozen_q,180,0.05,1.0,0.5,180,180,180,2.3534804371320224,2.396191192238335,2.350753920295515,0.11325270053470325,0.065352249552927,2.312604254419282,2.3193640408471587,2.396191192238335,2.384567141130427,3.397842448035747,3.3964817774934533,0.09615007451099727
6,bias_half,frozen_q,360,0.1,1.0,0.5,360,360,360,2.352878822902625,2.361676526430755,2.350854903477078,0.09757037491686923,0.05321520626910848,2.3296419099481733,2.360201478373583,2.361676526430755,2.3598424859419564,3.3969792635544915,3.396575600047449,0.05236707153862836
6,bias_half,frozen_q,720,0.2,1.0,0.5,720,720,720,2.3498481363681347,2.365783973197104,2.3488968451574794,0.06685712229848477,0.05016664882552864,2.330005788511051,2.35110558389602,2.365783973197104,2.3523577123840833,3.3939074537958045,3.393577383770408,0.0473322859443161
6,bias_half,frozen_q,3600,1.0,1.0,0.5,3600,3600,3600,2.354365501449198,2.3647366954453446,2.3540005534121042,0.04145249027069758,0.05504200695938864,2.345976423070629,2.3567389945708217,2.3647366954453446,2.3499667982200982,3.4036028846567272,3.403416966516538,0.03557454807810683
6,bias_x10,frozen_q,0,0.0,1.0,10.0,0,0,0,3.111210656938583,4.962728171379665,2.1833218482180317,2.2164695935072074,0.3970981711681285,2.2983251056717897,2.437238789290877,1.6933472464329646,4.962728171379665,4.459942118421614,2.972978158711675,3.324527720969463
6,bias_x10,frozen_q,180,0.05,1.0,10.0,180,180,180,2.177062466083437,2.2543548806750846,2.164837256059781,0.23039235231416696,0.42476151900304554,2.129993262237855,2.2543548806750846,2.189492963579698,2.1320265622524337,2.947166307800437,2.9394386367513294,0.21328325440021154
6,bias_x10,frozen_q,360,0.1,1.0,10.0,360,360,360,2.1779316132135373,2.295888360594122,2.162131266661099,0.26186732816713376,0.42161400279886885,2.155270986223716,2.295888360594122,2.1614057308596335,2.094176049327634,2.945298510036718,2.933923922050615,0.25859956079554375
6,bias_x10,frozen_q,720,0.2,1.0,10.0,720,720,720,2.17261659321848,2.27996968188525,2.1598720082192555,0.234980359262632,0.4244941775229874,2.1577304702112547,2.27996968188525,2.1634540174563908,2.0848154897906186,2.939884367234761,2.930272882316308,0.23753089877531702
6,bias_x10,frozen_q,3600,1.0,1.0,10.0,3600,3600,3600,2.17154636550649,2.2730648827642534,2.162105874907813,0.20226666367339974,0.4349122110736993,2.167532103706769,2.2730648827642534,2.157026734715069,2.084387380993911,2.9431791082060665,2.9347068632542546,0.22315664845357278
6,combined_poor,frozen_q,0,0.0,4.0,10.0,0,0,0,3.582822521027678,5.675962232907934,2.3425049859170937,2.710956954312754,0.4589328195354378,2.07255549198374,2.567592310936616,2.8708718286963695,5.675962232907934,5.1839241542840275,3.1881976936925307,4.087598941102589
6,combined_poor,frozen_q,180,0.05,4.0,10.0,180,180,180,2.3421106743841746,2.4764349863229405,2.314578554782366,0.3580621800831067,0.4589786645800255,2.2566928451013486,2.4764349863229405,2.414322164393343,2.2107883870149734,3.1543408400305095,3.136721860857579,0.3329295761907421
6,combined_poor,frozen_q,360,0.1,4.0,10.0,360,360,360,2.3423449731130193,2.509365943798961,2.3117394923056396,0.3774128942978689,0.449306252446624,2.294688843630053,2.509365943798961,2.3701213669347267,2.183192678004508,3.151298826728085,3.131211999957317,0.3552403505531183
6,combined_poor,frozen_q,720,0.2,4.0,10.0,720,720,720,2.3346897541672664,2.4811114434027,2.310319978054104,0.33644887756937913,0.44886751476543146,2.300414304585073,2.4811114434027,2.359795943544684,2.1878409746508223,3.145663646888945,3.1295993054382563,0.3175027035460313
6,combined_poor,frozen_q,3600,1.0,4.0,10.0,3600,3600,3600,2.332350660572494,2.4603395582329806,2.3153594490578913,0.2810164150566387,0.4588825599744301,2.3148657432107957,2.4603395582329806,2.339527198992089,2.2077537792451207,3.152772461285367,3.140443651827296,0.27854597885631927
6,combined_poor,white_rescaled_q,0,0.0,4.0,10.0,0,0,0,3.582822521027678,5.675962232907934,2.3425049859170937,2.710956954312754,0.4589328195354378,2.07255549198374,2.567592310936616,2.8708718286963695,5.675962232907934,5.1839241542840275,3.1881976936925307,4.087598941102589
6,combined_poor,white_rescaled_q,180,0.05,4.0,10.0,180,180,180,2.3527730661200414,2.4400196440486557,2.3390243831333355,0.2539803846119238,0.45540335522776976,2.308200085950268,2.4400196440486557,2.380445849631879,2.2790696477917995,3.1938858970686583,3.1821611716654976,0.27341799691778945
6,combined_poor,white_rescaled_q,360,0.1,4.0,10.0,360,360,360,2.3588677108507077,2.497318050279278,2.3393868941608105,0.30253237301600444,0.45256761998186984,2.338923349282999,2.497318050279278,2.350698397926765,2.2414470043007624,3.1994323900132984,3.1825590158282413,0.3281550381094047
6,combined_poor,white_rescaled_q,720,0.2,4.0,10.0,720,720,720,2.3520729434968515,2.456455992246774,2.3399386164022284,0.23860931037905278,0.45468519378674993,2.32731816142813,2.456455992246774,2.3640753978395743,2.2560031411970933,3.192508383130495,3.1836458517602564,0.2377159374720159
6,combined_poor,white_rescaled_q,3600,1.0,4.0,10.0,3600,3600,3600,2.35460109070459,2.4720051246266657,2.340538330191597,0.25695645788961025,0.4535256638853029,2.3399116485821505,2.4720051246266657,2.3609229843632895,2.2397839154577337,3.196229635468323,3.18493508404846,0.2684630198802097
7,reference,frozen_q,0,0.0,1.0,1.0,0,0,0,1.8787567679601749,2.702718356834527,0.9432883509226806,1.6247873953750787,0.04225638312417608,2.702718356834527,0.24893787170063808,2.178656429479993,1.4162300500176415,2.772063968343866,1.408741916399005,2.387422220213845
7,reference,frozen_q,180,0.05,1.0,1.0,180,180,180,0.9468413796069198,1.0302713419509468,0.9389234343866679,0.12219403625169238,0.06927750757323285,1.0302713419509468,0.8917523711744769,0.9067535668067794,0.9524447658978555,1.4036033517494764,1.400242058273236,0.097080107566357
7,reference,frozen_q,360,0.1,1.0,1.0,360,360,360,0.9429591697728238,0.9518490778327838,0.9404343462159067,0.06895822152661378,0.07620656004608325,0.9489664508558838,0.9252040343034442,0.9518490778327838,0.9455852613710253,1.4041455511570162,1.4031095314030222,0.05392932152393354
7,reference,frozen_q,720,0.2,1.0,1.0,720,720,720,0.9402705654488154,0.9710113854538183,0.9377760393790608,0.06844586339551335,0.07391101260097012,0.9710113854538183,0.931380573385514,0.9223144833422598,0.9356484679910316,1.3985373661397753,1.3974212602830904,0.05586220366222033
7,reference,frozen_q,3600,1.0,1.0,1.0,3600,3600,3600,0.9372309234909741,0.942269542096715,0.9366266736339813,0.033649341525315596,0.06201325776140573,0.9418015586195703,0.9276050271205728,0.9371734437499885,0.942269542096715,1.3966255081274233,1.3963698064631194,0.02672402571346618
7,noise_half,frozen_q,0,0.0,0.5,1.0,0,0,0,1.7398803016867697,2.564166587090946,0.9243007423937184,1.4740595652171133,0.03595226685845148,2.564166587090946,0.34175011602592353,1.9158666030864935,1.321531531145217,2.5568160219995417,1.3710701724989445,2.158118336059743
7,noise_half,frozen_q,180,0.05,0.5,1.0,180,180,180,0.9289575605304641,0.9991751414631228,0.9217587497246892,0.11542511240058917,0.06486202693701747,0.9991751414631228,0.8915288425976027,0.9015028952388143,0.9197643646291214,1.3681064603886781,1.3655728598455634,0.08322290195881898
7,noise_half,frozen_q,360,0.1,0.5,1.0,360,360,360,0.9262643326913088,0.945615973457258,0.9238179415892442,0.06727573718575909,0.06511612581649061,0.9198267518093118,0.9228269512582712,0.945615973457258,0.9165053472261303,1.3702512981226977,1.369339823007911,0.04997068272098543
7,noise_half,frozen_q,720,0.2,0.5,1.0,720,720,720,0.9236706156343456,0.9447493921122645,0.9213485190972469,0.06545466021331732,0.06053122651899934,0.9447493921122645,0.92650706975415,0.9146019232818122,0.9084085988549505,1.3648457298159704,1.3638869501506603,0.05114932458614933
7,noise_half,frozen_q,3600,1.0,0.5,1.0,3600,3600,3600,0.9213013091216102,0.9287939581725121,0.9207005256774926,0.03326626228450661,0.04208963283114736,0.9190484079306838,0.9199691994794832,0.9287939581725121,0.9173510167368635,1.3637499566806808,1.3635802648819875,0.021512916374303123
7,noise_half,white_rescaled_q,0,0.0,0.5,1.0,0,0,0,1.7398803016867697,2.564166587090946,0.9243007423937184,1.4740595652171133,0.03595226685845148,2.564166587090946,0.34175011602592353,1.9158666030864935,1.321531531145217,2.5568160219995417,1.3710701724989445,2.158118336059743
7,noise_half,white_rescaled_q,180,0.05,0.5,1.0,180,180,180,0.9227321982362203,0.9985941477113005,0.9157120195576752,0.1136054879812221,0.09504277571268491,0.9985941477113005,0.8857721149711405,0.8894900538207288,0.9125589138777179,1.3563740201339127,1.3543228304310244,0.07456643660207105
7,noise_half,white_rescaled_q,360,0.1,0.5,1.0,360,360,360,0.9232669423108616,0.938791574596368,0.9211653788359716,0.062259068399942406,0.08980372605178827,0.923277024304501,0.9151425933797304,0.938791574596368,0.9156589630952743,1.3648603194175954,1.3642557627851093,0.040619025447693365
7,noise_half,white_rescaled_q,720,0.2,0.5,1.0,720,720,720,0.9187905395117928,0.9484005547099172,0.9167057582716632,0.06185958493189376,0.08863115924917106,0.9484005547099172,0.9167032417709504,0.9041592689503852,0.9052026252221878,1.355162811067618,1.3545055275312334,0.04220213724473355
7,noise_half,white_rescaled_q,3600,1.0,0.5,1.0,3600,3600,3600,0.9151960131872903,0.9192559950650062,0.9147341046826275,0.029073360390277022,0.07233767349992691,0.9169853858463479,0.9109301901731247,0.9192559950650062,0.9135903767707207,1.3520198202769709,1.35186873259817,0.020211982712991485
7,noise_x4,frozen_q,0,0.0,4.0,1.0,0,0,0,2.8495381336364143,3.8568420381885704,1.0797620958332748,2.6370402711088494,0.1008523840543085,3.6196926004898584,0.5119728492361156,3.8568420381885704,2.05911366181128,4.26481958157189,1.6703618826960134,3.924102094007656
7,noise_x4,frozen_q,180,0.05,4.0,1.0,180,180,180,1.0831963975207994,1.249090220624726,1.060602280457111,0.22008461620752554,0.13195415074158312,1.249090220624726,0.92583268545396,0.9585530634747754,1.1649211244526623,1.6571623348112292,1.637627360367457,0.2536998866631976
7,noise_x4,frozen_q,360,0.1,4.0,1.0,360,360,360,1.0683246580101518,1.15165252604131,1.0574651867872449,0.15193733460056666,0.1679370915228936,1.15165252604131,0.9685214602284391,1.0063731508892542,1.1349652070257066,1.642982740803497,1.6328502489596792,0.1821876808417212
7,noise_x4,frozen_q,720,0.2,4.0,1.0,720,720,720,1.061967458771349,1.1536635538811106,1.0522844356039551,0.14308162032540114,0.18597960058957236,1.1536635538811106,0.9867196755179192,0.9833870373824584,1.113325718313145,1.6313553419690117,1.6232742804212352,0.1621754059460047
7,noise_x4,frozen_q,3600,1.0,4.0,1.0,3600,3600,3600,1.0505041595289097,1.1057392178707282,1.0459073723925791,0.09816698814974498,0.2152471246534994,1.098595644626072,0.9944143533681953,0.997900016152286,1.1057392178707282,1.6187090585977972,1.6139206218550697,0.12441560487942144
7,noise_x4,white_rescaled_q,0,0.0,4.0,1.0,0,0,0,2.8495381336364143,3.8568420381885704,1.0797620958332748,2.6370402711088494,0.1008523840543085,3.6196926004898584,0.5119728492361156,3.8568420381885704,2.05911366181128,4.26481958157189,1.6703618826960134,3.924102094007656
7,noise_x4,white_rescaled_q,180,0.05,4.0,1.0,180,180,180,1.087048161055837,1.157279471878484,1.0771232574000333,0.1465578139261704,0.09638598853918379,1.157279471878484,1.0168554349351193,1.0304785599211712,1.1364497365804875,1.6738005136611467,1.6656716948623036,0.16476032431037654
7,noise_x4,white_rescaled_q,360,0.1,4.0,1.0,360,360,360,1.0849089848551496,1.1258185628982864,1.0771002343665745,0.1299330233116352,0.09920962971853232,1.1258185628982864,1.0401430141895647,1.0730982145449934,1.0987289552407142,1.668852728421253,1.6657073101497852,0.102413798253107
7,noise_x4,white_rescaled_q,720,0.2,4.0,1.0,720,720,720,1.0823470863876372,1.1253521398720783,1.0756376031608974,0.12032855886316828,0.09814955617160043,1.1251370802315046,1.040858393955178,1.0344872050217595,1.1253521398720783,1.668825833655698,1.6631225807324717,0.13785116805598394
7,noise_x4,white_rescaled_q,3600,1.0,4.0,1.0,3600,3600,3600,1.078564937626676,1.1109390668250352,1.0761786859744884,0.07170607039755185,0.09870236911152341,1.1109390668250352,1.0508451307117153,1.056048556878694,1.09522127685978,1.6655517428894315,1.6643386035506949,0.06355801265730515
7,bias_half,frozen_q,0,0.0,1.0,0.5,0,0,0,1.8658496119306862,2.6937920966984774,0.9307434213058744,1.6171306249149227,0.029778342068399563,2.6937920966984774,0.21017081152061293,2.136117352499818,1.4359297070073889,2.7458356846159115,1.3811116410969513,2.373213905600719
7,bias_half,frozen_q,180,0.05,1.0,0.5,180,180,180,0.9352034645068111,1.0201045879818407,0.9269647038206289,0.12386265739227414,0.05692922635696241,1.0201045879818407,0.8764968016642294,0.889827876963209,0.9475064198896428,1.3775544188430704,1.3737013709088215,0.10295980010321361
7,bias_half,frozen_q,360,0.1,1.0,0.5,360,360,360,0.9311917376430233,0.9396204438592167,0.9285596956728769,0.06996387515373384,0.06599655214021095,0.938456736707233,0.9100636446502853,0.9363059043469649,0.9396204438592167,1.3778783649231834,1.376691052527265,0.05718858640285183
7,bias_half,frozen_q,720,0.2,1.0,0.5,720,720,720,0.9283423829946144,0.9606573128088107,0.9257704859318945,0.0690549595723797,0.06290227584072965,0.9606573128088107,0.916188429996009,0.9067031114966665,0.9289263027534214,1.3720246398249794,1.3707595985692358,0.05890445838110752
7,bias_half,frozen_q,3600,1.0,1.0,0.5,3600,3600,3600,0.925261858723119,0.9345145361963534,0.924607867606206,0.03478215589157025,0.053946093963821544,0.9310241473538674,0.9128362062928962,0.92252084420546,0.9345145361963534,1.3700691245209151,1.3696993706083362,0.03182829119878012
7,bias_x10,frozen_q,0,0.0,1.0,10.0,0,0,0,2.2509624258737246,3.0596107870706066,1.2759802297026035,1.854374907105738,0.3293135290183479,2.9041762232754933,1.105589937495276,3.0596107870706066,1.1178285005728652,3.469525024390584,2.039581280617225,2.8067262236684725
7,bias_x10,frozen_q,180,0.05,1.0,10.0,180,180,180,1.2717445588881522,1.3501789656518677,1.2610550422341265,0.16454301418628126,0.3469897995903951,1.3056368823910551,1.2616160097229323,1.3501789656518677,1.161891143054583,2.0218317414399225,2.012799834810762,0.1908937287596412
7,bias_x10,frozen_q,360,0.1,1.0,10.0,360,360,360,1.2687096605661266,1.3672817272975493,1.2617394426930852,0.1328073099131167,0.34436335194469014,1.2357876420651122,1.2894209090573951,1.3672817272975493,1.1744190531740548,2.0231102490232376,2.014727113903278,0.18398297803284483
7,bias_x10,frozen_q,720,0.2,1.0,10.0,720,720,720,1.267299658141744,1.336842660988039,1.2610619250233748,0.12558361669629262,0.3415951059839407,1.254095089417777,1.2940672786695377,1.336842660988039,1.1788472245554888,2.0193815723101993,2.0126135174399904,0.16519311124814337
7,bias_x10,frozen_q,3600,1.0,1.0,10.0,3600,3600,3600,1.2638711896434585,1.3321252219377135,1.2603372332974505,0.0944480935482515,0.31675695656346997,1.2338662872526855,1.2851055985867392,1.3321252219377135,1.2004172252940946,2.016596775409627,2.012152283020548,0.13381234818842797
7,combined_poor,frozen_q,0,0.0,4.0,10.0,0,0,0,3.144499377776206,4.569586254762458,1.465176780535973,2.782289226269115,0.3500271106127793,3.885933020553675,0.5455166192683097,4.569586254762458,1.8089563249284057,4.8225274060867305,2.3724914151877954,4.19857774339333
7,combined_poor,frozen_q,180,0.05,4.0,10.0,180,180,180,1.4457685355293803,1.5769949467938988,1.4341605472344034,0.1828392274187517,0.37802415513675525,1.5769949467938988,1.3441796105343466,1.4408931577336361,1.4110569278784284,2.3261970154115272,2.320660625758688,0.16039580593890565
7,combined_poor,frozen_q,360,0.1,4.0,10.0,360,360,360,1.434940859876894,1.4871685228134797,1.429661415921385,0.12297766939530146,0.3915926068202307,1.4871685228134797,1.3836829316414894,1.4626579287162569,1.4037821050210095,2.3174631007161417,2.314311405470931,0.12082194208022316
7,combined_poor,frozen_q,720,0.2,4.0,10.0,720,720,720,1.4304828405859273,1.484166084689008,1.4253473329527357,0.12110383006043629,0.3990105640554093,1.484166084689008,1.4002357829154768,1.438929003330479,1.396853155317152,2.3087498267068094,2.3064058159099114,0.10400949310354908
7,combined_poor,frozen_q,3600,1.0,4.0,10.0,3600,3600,3600,1.41982201368195,1.4367334171844584,1.4180194613623285,0.0715217291007348,0.39458975862976353,1.4367334171844584,1.4027679247936116,1.4342864985260122,1.4051475649927827,2.2959113589007956,2.2953404488198426,0.05119757749368037
7,combined_poor,white_rescaled_q,0,0.0,4.0,10.0,0,0,0,3.144499377776206,4.569586254762458,1.465176780535973,2.782289226269115,0.3500271106127793,3.885933020553675,0.5455166192683097,4.569586254762458,1.8089563249284057,4.8225274060867305,2.3724914151877954,4.19857774339333
7,combined_poor,white_rescaled_q,180,0.05,4.0,10.0,180,180,180,1.4677040761199074,1.4939902422747866,1.460821540461174,0.14197070818881335,0.3525419761877294,1.4939902422747866,1.432696837922036,1.4907571051600201,1.452459018439695,2.36853936328376,2.3651405160011856,0.12684263870752097
7,combined_poor,white_rescaled_q,360,0.1,4.0,10.0,360,360,360,1.4673816513119853,1.5264225769726885,1.4609739024635113,0.13698235991406887,0.3559417029524209,1.468902313430229,1.449677648885648,1.5264225769726885,1.4225436607911586,2.369541611211226,2.365455206102618,0.13910109698890094
7,combined_poor,white_rescaled_q,720,0.2,4.0,10.0,720,720,720,1.4643211820512998,1.4792155109775567,1.4595312430314116,0.11834303874457185,0.3511998518096345,1.4772344909633826,1.4541449975713983,1.4792155109775567,1.4464121658939793,2.365219043782818,2.3629497689529653,0.1035833696982118
7,combined_poor,white_rescaled_q,3600,1.0,4.0,10.0,3600,3600,3600,1.4627172505279926,1.5069199320683844,1.4602123571414691,0.08556650655206602,0.3511650021859434,1.4612374574868656,1.4627963319458441,1.5069199320683844,1.4185807422867382,2.366196882365076,2.3643120969129363,0.09442454397750542
8,reference,frozen_q,0,0.0,1.0,1.0,0,0,0,2.1135156147101846,2.6335085358671444,0.5926532718475674,2.0287213591304605,0.022488153159756823,2.2234518462075594,2.6335085358671444,0.8317129379715177,2.3015084797621204,3.046707951568171,0.8204738379516159,2.9341526925819092
8,reference,frozen_q,180,0.05,1.0,1.0,180,180,180,0.5955828101143691,0.6500161328732845,0.5867000560399008,0.10247891464348063,0.04070468273330149,0.6500161328732845,0.5926402313419991,0.5628093290103202,0.5730425614151451,0.8108332693042271,0.8094722474974034,0.04696031454413117
8,reference,frozen_q,360,0.1,1.0,1.0,360,360,360,0.5950548271556779,0.6157530329484263,0.5908434272623763,0.07067030339628387,0.03089013256180793,0.6046074844109607,0.5874326527726511,0.5714734114118051,0.6157530329484263,0.819002044438515,0.8163433841671649,0.06593806124665814
8,reference,frozen_q,720,0.2,1.0,1.0,720,720,720,0.5933601752916396,0.6148177768208091,0.5902009213180108,0.06114875385072443,0.03311116826515426,0.6148177768208091,0.5862256614694656,0.5762839890582397,0.5954330605394947,0.8164563435894895,0.8151453314346447,0.04624986084110262
8,reference,frozen_q,3600,1.0,1.0,1.0,3600,3600,3600,0.5941076396655367,0.6068033450054136,0.592606777247172,0.04220302204434869,0.035977627324875486,0.6007412358980511,0.5894840458067631,0.57901966957698,0.6068033450054136,0.8210811621725452,0.8200867277298343,0.04039843902913014
8,noise_half,frozen_q,0,0.0,0.5,1.0,0,0,0,2.1677573129527663,2.8182196718410846,0.6558540987650285,2.0661624256077524,0.017621329441743497,2.021148638193936,2.8182196718410846,0.9298599988227028,2.429947225271564,3.135615917289999,0.9281790729920585,2.9950911153455766
8,noise_half,frozen_q,180,0.05,0.5,1.0,180,180,180,0.6566665751082057,0.6985950535087772,0.6494285048211016,0.09722966620414374,0.03890663501839303,0.6985950535087772,0.6672050848198366,0.6282434111949027,0.6300448442382338,0.9178958171725622,0.9165322331956854,0.050013965011939276
8,noise_half,frozen_q,360,0.1,0.5,1.0,360,360,360,0.6570335915421177,0.6709930933005039,0.6534806177255237,0.06823652007394794,0.027339328840562793,0.6561114603583529,0.6624028919147891,0.638185702418434,0.6709930933005039,0.9249806561257058,0.9232659180539029,0.05629617009020208
8,noise_half,frozen_q,720,0.2,0.5,1.0,720,720,720,0.6555238306215128,0.6709107613980606,0.6530221998647614,0.05721449987974571,0.02670172754105324,0.6709107613980606,0.6572917484613002,0.6454599771762779,0.6481309247053162,0.9233973522272205,0.92231786040768,0.044636694246333576
8,noise_half,frozen_q,3600,1.0,0.5,1.0,3600,3600,3600,0.6554272027130031,0.6601796055328157,0.6544097752110386,0.036505673044474246,0.024587826976236404,0.6598120567671997,0.6575568493760923,0.6440257760730786,0.6601796055328157,0.92562425816283,0.9251700848412886,0.02899278210610676
8,noise_half,white_rescaled_q,0,0.0,0.5,1.0,0,0,0,2.1677573129527663,2.8182196718410846,0.6558540987650285,2.0661624256077524,0.017621329441743497,2.021148638193936,2.8182196718410846,0.9298599988227028,2.429947225271564,3.135615917289999,0.9281790729920585,2.9950911153455766
8,noise_half,white_rescaled_q,180,0.05,0.5,1.0,180,180,180,0.6530381610017226,0.6980413220547159,0.6469464119856229,0.08898977325199064,0.05759420494264866,0.6980413220547159,0.6621822657120461,0.6269769301224958,0.6220837947357136,0.9131436333197928,0.9119672708318216,0.04633564506976544
8,noise_half,white_rescaled_q,360,0.1,0.5,1.0,360,360,360,0.6554310264606281,0.6602033790516767,0.652476683917849,0.06216114052042478,0.04446593753734186,0.6593577985051945,0.6586499026103004,0.6433649193261177,0.6602033790516767,0.9219555654045458,0.9207700350514988,0.046739781040110985
8,noise_half,white_rescaled_q,720,0.2,0.5,1.0,720,720,720,0.6532605013984396,0.6741818944200957,0.6510712233021053,0.053437298539885006,0.05133555938568956,0.6741818944200957,0.6507371782573531,0.6447665941687531,0.6428787349595406,0.9188283989155039,0.9180213493922408,0.03850232088689926
8,noise_half,white_rescaled_q,3600,1.0,0.5,1.0,3600,3600,3600,0.654051459023456,0.6613206379295454,0.653209049388473,0.03318506965065658,0.04672272006285789,0.6613206379295454,0.6547026913884084,0.6439779327410703,0.6560831243696302,0.9229439334611164,0.9226008737972285,0.0251621140063373
8,noise_x4,frozen_q,0,0.0,4.0,1.0,0,0,0,2.4008067425324815,3.7003238453799456,0.8898270392483715,2.2298163276852883,0.05946627789359989,3.7003238453799456,2.060570052808863,0.4067081353572163,2.2252494353154693,3.538101491687161,1.3358991127946205,3.2762075218022226
8,noise_x4,frozen_q,180,0.05,4.0,1.0,180,180,180,0.8976712328744747,0.9536145254156899,0.8831243580982333,0.16095033539562045,0.07021006431624133,0.9536145254156899,0.8188817736504549,0.9145836326172279,0.8982445802616825,1.330548910842143,1.325790202143811,0.11243106351309791
8,noise_x4,frozen_q,360,0.1,4.0,1.0,360,360,360,0.8946515784700525,0.9220396778682036,0.8861822184015059,0.12281092234790092,0.07536170665358462,0.9220396778682036,0.8159032863341049,0.9171946765516994,0.9189691901946208,1.339113687946454,1.330371220716762,0.15276741908583166
8,noise_x4,frozen_q,720,0.2,4.0,1.0,720,720,720,0.8931930652420508,0.9212061940430246,0.8858019983965143,0.11466765643908647,0.0891704037005795,0.9019171717549861,0.8330980141492161,0.9138094272641578,0.9212061940430246,1.336119348409156,1.3304547175401022,0.12290304214540182
8,noise_x4,frozen_q,3600,1.0,4.0,1.0,3600,3600,3600,0.898966669967219,0.9398751408754517,0.8935916286032172,0.0981584178876204,0.11606345611846164,0.8890603136099872,0.8449909274981175,0.9398751408754517,0.9191088649456793,1.35133745062441,1.3447588674379383,0.13317842883558031
8,noise_x4,white_rescaled_q,0,0.0,4.0,1.0,0,0,0,2.4008067425324815,3.7003238453799456,0.8898270392483715,2.2298163276852883,0.05946627789359989,3.7003238453799456,2.060570052808863,0.4067081353572163,2.2252494353154693,3.538101491687161,1.3358991127946205,3.2762075218022226
8,noise_x4,white_rescaled_q,180,0.05,4.0,1.0,180,180,180,0.9042584803865429,0.9451865904222891,0.889874559278013,0.1606445395920513,0.05359162406595591,0.9044519245349395,0.8427208287854205,0.9451865904222891,0.9214902211234064,1.3449179861658078,1.336488906974057,0.15033892060135864
8,noise_x4,white_rescaled_q,360,0.1,4.0,1.0,360,360,360,0.9019102932398445,0.9330811435252027,0.8898137808307638,0.14721960635609604,0.05687128778089787,0.9053982662098602,0.8406567229302326,0.9330811435252027,0.9255693067199289,1.346445832799408,1.3359848549611593,0.16751372474308318
8,noise_x4,white_rescaled_q,720,0.2,4.0,1.0,720,720,720,0.8977586558306405,0.9251632524203401,0.8901953712635976,0.11628759649981607,0.058277256273184655,0.892090395659626,0.8547332897897576,0.9173663947100965,0.9251632524203401,1.3421422136308891,1.336749736806394,0.12019094291193388
8,noise_x4,white_rescaled_q,3600,1.0,4.0,1.0,3600,3600,3600,0.898958408007082,0.9651098941388678,0.8906784588961747,0.12172962739186594,0.06228668169172661,0.8747652283273395,0.8344563849266021,0.9651098941388678,0.9162620293924756,1.349057983295028,1.3377822664848,0.17405760474865795
8,bias_half,frozen_q,0,0.0,1.0,0.5,0,0,0,2.1067578838823513,2.630895958389872,0.6111410331101271,2.0161684996422125,0.017042326779546854,2.2203374835639704,2.630895958389872,0.7822461212015542,2.300063922215107,3.034548046865639,0.8520439436775695,2.912473685164973
8,bias_half,frozen_q,180,0.05,1.0,0.5,180,180,180,0.6142347373170398,0.6669960075922883,0.6057478616305515,0.1017538237952125,0.04055007054913346,0.6669960075922883,0.6086370297692784,0.5809566437239211,0.596911986871051,0.8435454026147112,0.8422598146047652,0.04655374286093242
8,bias_half,frozen_q,360,0.1,1.0,0.5,360,360,360,0.6142211331233112,0.6387906020373773,0.6100091007237909,0.07180875579924959,0.03152260638148124,0.6233093838139908,0.6038083422509567,0.5898456290652979,0.6387906020373773,0.8521438339456706,0.8493295373650473,0.06919863214617297
8,bias_half,frozen_q,720,0.2,1.0,0.5,720,720,720,0.6124884447416432,0.6330352256921595,0.609440432251282,0.06102830883620802,0.02907324235211718,0.6330352256921595,0.6038207828166284,0.59443789226754,0.6179634594992358,0.8496080904421157,0.8482931740759103,0.04725037736267984
8,bias_half,frozen_q,3600,1.0,1.0,0.5,3600,3600,3600,0.6135904128127276,0.6284181751988827,0.6120818475560883,0.043000076604805544,0.033667995802167734,0.6199659969117642,0.607816106884914,0.5977165873112021,0.6284181751988827,0.8546646762669424,0.8536366717874759,0.04190634126332784
8,bias_x10,frozen_q,0,0.0,1.0,10.0,0,0,0,2.3976365818502066,2.6817819075127662,0.3278388802881847,2.375117438611769,0.14764865053188975,2.3515250608022744,2.6817819075127662,1.8256748486747132,2.6343750208309364,3.5625678366697398,0.36782978605633126,3.543528021529315
8,bias_x10,frozen_q,180,0.05,1.0,10.0,180,180,180,0.3527796950721176,0.42882403872158664,0.3202900919811798,0.14787755148724788,0.13446011626013432,0.42882403872158664,0.3441321390460024,0.3573768401297885,0.2603437378729953,0.38202006092695756,0.3505788828566471,0.1517688171055624
8,bias_x10,frozen_q,360,0.1,1.0,10.0,360,360,360,0.3347245179879441,0.3508136959732034,0.3224673834793484,0.08975126480581998,0.12767020230919196,0.3508136959732034,0.3491784289457674,0.34745158291139755,0.28712990923621473,0.3667738899180435,0.35422773653239104,0.09510939489215585
8,bias_x10,frozen_q,720,0.2,1.0,10.0,720,720,720,0.3352708400516502,0.3789921838096752,0.32251915270838855,0.09158565567381362,0.14683407179014188,0.3789921838096752,0.3250635616756617,0.35243996002603506,0.27588190374598914,0.36735234156679397,0.35413055348872424,0.0976693091015611
8,bias_x10,frozen_q,3600,1.0,1.0,10.0,3600,3600,3600,0.32574065743336744,0.34185525627275204,0.3206459224950287,0.05738613327655494,0.14285014483065175,0.34185525627275204,0.32729979854962,0.32981475580415304,0.30275395307477915,0.3568048030321251,0.3499836474740844,0.06943424203899246
8,combined_poor,frozen_q,0,0.0,4.0,10.0,0,0,0,2.826092085802425,3.960040312645648,0.7271660897860902,2.730938658282223,0.16793262589522087,3.960040312645648,2.089481598446826,1.321278903908641,3.1864643948740143,4.271607408568847,1.0702436581855281,4.135360729737361
8,combined_poor,frozen_q,180,0.05,4.0,10.0,180,180,180,0.7423600005625975,0.8117974440186388,0.7201618286806948,0.18018132796318595,0.15943250234498144,0.8117974440186388,0.722187247204098,0.6930242638314268,0.73725256279153,1.0662346401698348,1.0601840633217,0.11342865500739747
8,combined_poor,frozen_q,360,0.1,4.0,10.0,360,360,360,0.7306814072880834,0.7729844761725766,0.720484012514458,0.12164746880868628,0.16078656405405947,0.7729844761725766,0.7192582138824849,0.7097759925462606,0.7190006520092549,1.0656791698850505,1.059999493967813,0.10987795918595718
8,combined_poor,frozen_q,720,0.2,4.0,10.0,720,720,720,0.7290561772163018,0.7549237944919371,0.7190934978858271,0.12011432402329646,0.1826540373807297,0.7549237944919371,0.7202056211659801,0.7200062376418711,0.7204696965567727,1.0627325058302077,1.0583576627650004,0.09632983242359612
8,combined_poor,frozen_q,3600,1.0,4.0,10.0,3600,3600,3600,0.728580345648484,0.7601692876339621,0.7234091213954471,0.08665196562762799,0.19170423675558218,0.7302993943041775,0.716788385990521,0.7601692876339621,0.7059299815046729,1.0719497519944827,1.0666924913784903,0.10603489820706154
8,combined_poor,white_rescaled_q,0,0.0,4.0,10.0,0,0,0,2.826092085802425,3.960040312645648,0.7271660897860902,2.730938658282223,0.16793262589522087,3.960040312645648,2.089481598446826,1.321278903908641,3.1864643948740143,4.271607408568847,1.0702436581855281,4.135360729737361
8,combined_poor,white_rescaled_q,180,0.05,4.0,10.0,180,180,180,0.7448200346728725,0.7833312580058833,0.7272939609061981,0.16062496219290562,0.15684059628399868,0.7484512198648618,0.7244254271843834,0.7833312580058833,0.7214209924606012,1.078026453255102,1.071149520342301,0.1215719498413737
8,combined_poor,white_rescaled_q,360,0.1,4.0,10.0,360,360,360,0.7377591298213886,0.7689503885225251,0.7266699415024013,0.12743362881009587,0.16048190741459795,0.7508013736414344,0.7151193565210207,0.7689503885225251,0.7146824734085799,1.0774016881585993,1.0696712570348603,0.1288324474674807
8,combined_poor,white_rescaled_q,720,0.2,4.0,10.0,720,720,720,0.7344992895151752,0.752231707855827,0.7270007252185988,0.10468596768396643,0.16228518027777242,0.7404607729674093,0.7206580982631181,0.752231707855827,0.7242057939520974,1.074108108247453,1.070320575134401,0.09012266444622898
8,combined_poor,white_rescaled_q,3600,1.0,4.0,10.0,3600,3600,3600,0.7348292788151811,0.8048882011831505,0.7273315984050447,0.10470346205165315,0.16511306513099414,0.7177967622370199,0.7104689699544054,0.8048882011831505,0.7014648319525983,1.080956477151632,1.0711652046245121,0.14516201258522562
9,reference,frozen_q,0,0.0,1.0,1.0,0,0,0,3.025534143282945,4.414787889618853,1.3788565018759622,2.6930673217365455,0.035959145580916146,4.414787889618853,2.1390529154361966,1.8841154775719962,2.999939464471856,4.414178664160134,2.006617790570815,3.931724598912193
9,reference,frozen_q,180,0.05,1.0,1.0,180,180,180,1.3785275945307836,1.4206157998066924,1.3749400285509168,0.09938936950817409,0.05418165295981047,1.3220302978278782,1.3614332034439587,1.4206157998066924,1.407813762205909,2.002227812807649,2.000186810913799,0.09038216542543152
9,reference,frozen_q,360,0.1,1.0,1.0,360,360,360,1.3759579603796885,1.3958480778351252,1.373508035811602,0.08207304242676963,0.06753856488411478,1.3657548975351244,1.3882477009118739,1.3535624327324667,1.3958480778351252,1.998359763281812,1.9975533658269664,0.056765255016577566
9,reference,frozen_q,720,0.2,1.0,1.0,720,720,720,1.379382246838823,1.3959500317947209,1.3773620929647121,0.07462605280990797,0.049723738973621395,1.3531327533426036,1.377365042386561,1.3906841237864698,1.3959500317947209,2.0054305853131678,2.005115809430185,0.035530596429671976
9,reference,frozen_q,3600,1.0,1.0,1.0,3600,3600,3600,1.3776485880340348,1.394164103380363,1.3766698198255942,0.05192147237449484,0.05364720335639585,1.3645428190214492,1.3851785122182951,1.3664817472765676,1.394164103380363,2.0030363417602453,2.0026821049939367,0.03766925469555158
9,noise_half,frozen_q,0,0.0,0.5,1.0,0,0,0,2.957623509014256,4.269219133333407,1.3526555290052718,2.6301824729332504,0.037672522015041864,4.269219133333407,2.241448720983966,1.641024927057942,3.007799876296456,4.3062124873614485,1.960778820589355,3.8339030247302675
9,noise_half,frozen_q,180,0.05,0.5,1.0,180,180,180,1.3524302886868116,1.385328983580549,1.349310481332385,0.09180909935327597,0.04568228796563848,1.3027094508286854,1.347274970344744,1.385328983580549,1.3729284727493487,1.9570512056453464,1.955038113493917,0.08874342963876279
9,noise_half,frozen_q,360,0.1,0.5,1.0,360,360,360,1.350121361292849,1.3685894913903234,1.348195896127997,0.07207992704549093,0.05646462132693746,1.346603413403008,1.3685894913903234,1.3241432373967745,1.3607268273980504,1.953633534939288,1.9529029677455252,0.05342272372406571
9,noise_half,frozen_q,720,0.2,0.5,1.0,720,720,720,1.3533222597246712,1.3627511452835164,1.3518248323208188,0.0636455920475353,0.03728189753865362,1.3334610157538476,1.3561774301192084,1.3627511452835164,1.3606977504918605,1.9604342109081763,1.960124879045533,0.03482461551688052
9,noise_half,frozen_q,3600,1.0,0.5,1.0,3600,3600,3600,1.3517912718882228,1.361179664328249,1.3511481310700033,0.041693772427262334,0.04022360941847525,1.3431556002215934,1.361179664328249,1.3425967944152946,1.3601159412532091,1.9578949539274204,1.9576743877930358,0.029387786470194088
9,noise_half,white_rescaled_q,0,0.0,0.5,1.0,0,0,0,2.957623509014256,4.269219133333407,1.3526555290052718,2.6301824729332504,0.037672522015041864,4.269219133333407,2.241448720983966,1.641024927057942,3.007799876296456,4.3062124873614485,1.960778820589355,3.8339030247302675
9,noise_half,white_rescaled_q,180,0.05,0.5,1.0,180,180,180,1.3514202128858148,1.3880942888453278,1.3486350369267424,0.0867186771690236,0.060055764913240245,1.3027317430569572,1.3304743979003035,1.3880942888453278,1.3824863451853564,1.9560428969393389,1.9545072281963254,0.07749393263448749
9,noise_half,white_rescaled_q,360,0.1,0.5,1.0,360,360,360,1.3466152953701016,1.3584092470960654,1.3450302866370742,0.06531678003159273,0.07863036592192385,1.3461304318393668,1.3549278980569266,1.3267699815136462,1.3584092470960654,1.948043332883153,1.947597557289103,0.04167231253507752
9,noise_half,white_rescaled_q,720,0.2,0.5,1.0,720,720,720,1.3536654446251513,1.3671321509146086,1.3523054840198072,0.06066311780780722,0.06073846489225581,1.3353456575782703,1.3474104366361086,1.3645245750280144,1.3671321509146086,1.9623186594612316,1.962070673649397,0.031196039407707453
9,noise_half,white_rescaled_q,3600,1.0,0.5,1.0,3600,3600,3600,1.3492988995940403,1.3613270425672968,1.3486282186045186,0.04253761193685918,0.06462552172141571,1.338985451983652,1.3552036256574844,1.3415512876288678,1.3613270425672968,1.9535281123570238,1.9533095408861563,0.029221965236977787
9,noise_x4,frozen_q,0,0.0,4.0,1.0,0,0,0,3.7276373459838092,5.424197004700728,1.603218630188218,3.365259307540896,0.07247416726594219,5.424197004700728,1.6039813137564318,3.835809162649597,2.97876142041322,5.55437170723558,2.400373755460742,5.00891713808827
9,noise_x4,frozen_q,180,0.05,4.0,1.0,180,180,180,1.603812710697117,1.688220953099675,1.5921237490162816,0.19328005280414903,0.13508958984096084,1.5270804669326319,1.5264296337579704,1.688220953099675,1.6663759114281769,2.3898415818896486,2.383756836267023,0.17042925828345298
9,noise_x4,frozen_q,360,0.1,4.0,1.0,360,360,360,1.5987745565278217,1.6588068954832413,1.5887843074403174,0.1784502928888703,0.158126645329922,1.5671338652516147,1.5807748507248736,1.5867962482932338,1.6588068954832413,2.3824104399536012,2.3784567039853313,0.13719771013812201
9,noise_x4,frozen_q,720,0.2,4.0,1.0,720,720,720,1.602165473098586,1.6607617105362205,1.5934383339375575,0.16699844049426601,0.14955619924715124,1.554463972655443,1.5778243863117596,1.6136044488194228,1.6607617105362205,2.3897036239437917,2.3872883435214405,0.10741403621848775
9,noise_x4,frozen_q,3600,1.0,4.0,1.0,3600,3600,3600,1.5986354248316377,1.6549851820985366,1.5930423478622333,0.1336087551181205,0.1634045667919683,1.570192754240859,1.6008135514959856,1.5669893493630103,1.6549851820985366,2.388504565846789,2.386231673839294,0.10417514020668137
9,noise_x4,white_rescaled_q,0,0.0,4.0,1.0,0,0,0,3.7276373459838092,5.424197004700728,1.603218630188218,3.365259307540896,0.07247416726594219,5.424197004700728,1.6039813137564318,3.835809162649597,2.97876142041322,5.55437170723558,2.400373755460742,5.00891713808827
9,noise_x4,white_rescaled_q,180,0.05,4.0,1.0,180,180,180,1.6136239047254874,1.6602098116946664,1.6021433106185603,0.1921429627692052,0.07347166531881145,1.5245560811636214,1.6107456442937977,1.6553123661516158,1.6602098116946664,2.4033427533530505,2.398911928410245,0.14586963297979585
9,noise_x4,white_rescaled_q,360,0.1,4.0,1.0,360,360,360,1.6120991537335783,1.6694746804392462,1.6011576723882104,0.1875041056107527,0.07768000648933904,1.570199500079637,1.6508581172776304,1.554815109205777,1.6694746804392462,2.4007732964194783,2.3973847942409723,0.12750909435416657
9,noise_x4,white_rescaled_q,720,0.2,4.0,1.0,720,720,720,1.6091633855608558,1.637773191821833,1.602924149823362,0.1415661376979953,0.0717807125982169,1.558835266721388,1.6188175108862877,1.6201199509733866,1.637773191821833,2.4014074803051746,2.4004402635208173,0.06815003839879226
9,noise_x4,white_rescaled_q,3600,1.0,4.0,1.0,3600,3600,3600,1.606489863225235,1.6482964067710537,1.602758233086152,0.10943366447300361,0.07316463843439287,1.5906816993543647,1.618537162640919,1.567299225577799,1.6482964067710537,2.401394780034398,2.399907039246984,0.08451681814427126
9,bias_half,frozen_q,0,0.0,1.0,0.5,0,0,0,3.024767002475097,4.442675906558701,1.386195812359143,2.6884338543211665,0.02070198009891608,4.442675906558701,2.0857054018382626,1.9014260779919352,2.9822649635816187,4.411919248604894,2.023485091938555,3.920527966857626
9,bias_half,frozen_q,180,0.05,1.0,0.5,180,180,180,1.3859125943063364,1.4299778836257375,1.3824201829817355,0.09832678547407309,0.040730522301782514,1.3322582365692237,1.3683913718667455,1.4299778836257375,1.410946906535836,2.019419823795763,2.017326791518805,0.09191866491499018
9,bias_half,frozen_q,360,0.1,1.0,0.5,360,360,360,1.3832531799992982,1.3993375865052158,1.380993311566347,0.07903691154887417,0.05510334801180036,1.3750259779282747,1.395871605772166,1.3624455141868492,1.3993375865052158,2.0154666415275178,2.014715417529548,0.05502335394129657
9,bias_half,frozen_q,720,0.2,1.0,0.5,720,720,720,1.3868736196021838,1.4000553498951909,1.3850111171158217,0.07185152896109205,0.04066276421185104,1.3620282766087706,1.3850155109074351,1.4000463465498787,1.4000553498951909,2.022855760117428,2.0225491427355187,0.03521919164426958
9,bias_half,frozen_q,3600,1.0,1.0,0.5,3600,3600,3600,1.3853585869275367,1.3989736056355853,1.3844910685737164,0.04901933713821212,0.04450723443522896,1.3735638738414888,1.3930706939157451,1.3756536026416988,1.3989736056355853,2.0207782874986835,2.020473330440566,0.03510567197078781
9,bias_x10,frozen_q,0,0.0,1.0,10.0,0,0,0,3.1401795331014455,3.9893920802846,1.3212136889041781,2.8487053003709293,0.41014023014822115,3.9893920802846,3.1407826856714824,1.5916852011680995,3.33611797932388,4.635492660001275,1.835106639770244,4.256779982756551
9,bias_x10,frozen_q,180,0.05,1.0,10.0,180,180,180,1.3310964532671368,1.4348776202789784,1.3205747161240942,0.16703349075595106,0.40193381789099764,1.2277901165859038,1.328612805328712,1.3250346144740806,1.4348776202789784,1.8406904703719755,1.8353181249947128,0.14053038028873688
9,bias_x10,frozen_q,360,0.1,1.0,10.0,360,360,360,1.3304142268760668,1.419280894265011,1.32000479062855,0.1661004749900518,0.406308526970737,1.2858504343314638,1.3348245811639068,1.276903207577401,1.419280894265011,1.8397296708657238,1.834288484404044,0.14138959596243225
9,bias_x10,frozen_q,720,0.2,1.0,10.0,720,720,720,1.3299023719529819,1.4097022743934071,1.321245710124226,0.15149287905540862,0.38469527798378833,1.279727568859326,1.3204142874674794,1.3061792496544526,1.4097022743934071,1.840802421455409,1.8374174239892793,0.11158299537429096
9,bias_x10,frozen_q,3600,1.0,1.0,10.0,3600,3600,3600,1.3245637239403683,1.3966671532314474,1.3185914428829533,0.1256410185195407,0.38405587711899425,1.286285952283801,1.319991566475334,1.292396151182299,1.3966671532314474,1.8343293203965827,1.8307907572473818,0.11388265383343964
9,combined_poor,frozen_q,0,0.0,4.0,10.0,0,0,0,3.7597223661550183,5.144164234208268,1.4224640129804722,3.4802454514504837,0.38362553845374125,5.144164234208268,2.536437899887363,3.529485640693993,3.3449719439641763,5.606193762057551,2.0080356779161317,5.234233584198253
9,combined_poor,frozen_q,180,0.05,4.0,10.0,180,180,180,1.4350146296641322,1.5767158181820895,1.4115346678240852,0.2585282748188984,0.4295815485581461,1.3037727376530708,1.3578982217664872,1.4857066486930568,1.5767158181820895,2.000535180688886,1.9906261820899527,0.19886782633671973
9,combined_poor,frozen_q,360,0.1,4.0,10.0,360,360,360,1.4316312187842064,1.5626966428365745,1.408174806312261,0.25809235065181374,0.4414558240930687,1.360422153793648,1.40201572308893,1.3927865825518206,1.5626966428365745,1.9953122630911309,1.9848130790964176,0.20442130096848782
9,combined_poor,frozen_q,720,0.2,4.0,10.0,720,720,720,1.431074493383692,1.553872475329347,1.4105022020182116,0.24178036255073784,0.42105933524409,1.3534367861007042,1.397905596176787,1.4111860129247429,1.553872475329347,1.997201815724125,1.9896893701814318,0.17306444729856663
9,combined_poor,frozen_q,3600,1.0,4.0,10.0,3600,3600,3600,1.4223520972654475,1.5346498012157859,1.4072627429942401,0.20663267112377112,0.41779681374865346,1.3652122241070397,1.4162821246344075,1.3665769164594375,1.5346498012157859,1.9900198545060428,1.9821576369417115,0.176720467524001
9,combined_poor,white_rescaled_q,0,0.0,4.0,10.0,0,0,0,3.7597223661550183,5.144164234208268,1.4224640129804722,3.4802454514504837,0.38362553845374125,5.144164234208268,2.536437899887363,3.529485640693993,3.3449719439641763,5.606193762057551,2.0080356779161317,5.234233584198253
9,combined_poor,white_rescaled_q,180,0.05,4.0,10.0,180,180,180,1.440659536653961,1.5347244998245382,1.420601683357004,0.23956368212909937,0.3844104228568174,1.3212361978166904,1.444755214587046,1.4538354760249772,1.5347244998245382,2.0103744714265326,2.004770019985243,0.15000894083980293
9,combined_poor,white_rescaled_q,360,0.1,4.0,10.0,360,360,360,1.4423504576137958,1.5522522698315986,1.4198536564691335,0.2537527079460599,0.38452873587237296,1.3759715336217444,1.4751449809008998,1.3574468258841905,1.5522522698315986,2.0126584637990166,2.0035820301158034,0.1909270554396459
9,combined_poor,white_rescaled_q,720,0.2,4.0,10.0,720,720,720,1.4343915024176912,1.512213494956458,1.4210165207283803,0.19542525431757715,0.37873780013863145,1.3659861725883868,1.4464839574910482,1.4088620271418575,1.512213494956458,2.0085611420707186,2.0056837159910224,0.10747414965875507
9,combined_poor,white_rescaled_q,3600,1.0,4.0,10.0,3600,3600,3600,1.4307547509305978,1.5219317648168096,1.4207852121326743,0.1686076460175781,0.3790109932580075,1.3898274400367157,1.4411584348370463,1.3650649746816153,1.5219317648168096,2.0105415552753407,2.0049311340372538,0.1500949474735182
10,reference,frozen_q,0,0.0,1.0,1.0,0,0,0,1.6170077788646906,2.3242867365896207,0.37994702928222457,1.5717361139353299,0.07754118410118077,2.3242867365896207,1.365790504902405,1.6032541034672112,0.7878707826688508,2.344622156535623,0.5134980831183243,2.2877003246823135
10,reference,frozen_q,180,0.05,1.0,1.0,180,180,180,0.3902079608616792,0.4070153030749085,0.3791987724745108,0.09203555657273961,0.08779142986174063,0.4070153030749085,0.39741811295987356,0.35908526518258926,0.3956060790259948,0.5216119290969761,0.5117575780155325,0.10091177295016164
10,reference,frozen_q,360,0.1,1.0,1.0,360,360,360,0.3906447374741911,0.42204033506616084,0.3821750715158188,0.08090442279726401,0.08198050076742511,0.42204033506616084,0.3936663519916249,0.3604115878234671,0.38396027127104465,0.5211591200675977,0.5167675443527548,0.06751395065655962
10,reference,frozen_q,720,0.2,1.0,1.0,720,720,720,0.3889437496663455,0.40603842416751,0.3853353134896876,0.05285770125838849,0.07517916915538013,0.3950436308635038,0.38094796268276215,0.3729087544690601,0.40603842416751,0.5263278834473465,0.5239663304084321,0.04980286630792621
10,reference,frozen_q,3600,1.0,1.0,1.0,3600,3600,3600,0.38145222247186855,0.395193156227109,0.3788544870689771,0.044441823279768145,0.10091472542540088,0.395193156227109,0.38421757267454054,0.3605240492677196,0.3850257499620755,0.5129647506472029,0.5114759466032148,0.03905369960570128
10,noise_half,frozen_q,0,0.0,0.5,1.0,0,0,0,1.6096130013537226,2.391458393411815,0.4656269333551016,1.5407938126372596,0.048333219460752544,2.391458393411815,1.3203986911300938,1.4652338423789177,0.8683201556438636,2.3382556804830066,0.6607321166482231,2.2429606990182878
10,noise_half,frozen_q,180,0.05,0.5,1.0,180,180,180,0.4722232514052712,0.48755797107467647,0.46431731652667013,0.0860478282191829,0.0620559628542535,0.48755797107467647,0.48311901502047283,0.4392695425992031,0.47739366123037635,0.6651807309851558,0.6578879844166976,0.09822833009921991
10,noise_half,frozen_q,360,0.1,0.5,1.0,360,360,360,0.472542802225873,0.49818404040991315,0.46713662108733556,0.07127466011555304,0.05902780532735116,0.49818404040991315,0.47992287121944566,0.44451804105890563,0.46591545421504604,0.6657793115967655,0.662486408365503,0.06613509266069631
10,noise_half,frozen_q,720,0.2,0.5,1.0,720,720,720,0.47291661089360076,0.4898042571881531,0.4704334842956465,0.04839894329990111,0.05632684622452778,0.47462656659116026,0.4687314502667565,0.45794401720453776,0.4898042571881531,0.6713087022806736,0.6695826201811901,0.04810913124401837
10,noise_half,frozen_q,3600,1.0,0.5,1.0,3600,3600,3600,0.4651963992652461,0.47307385773918115,0.4636523852995085,0.03787024551579293,0.07656491540399002,0.47307385773918115,0.4717114117988019,0.4454944222100237,0.4699520703643171,0.6579057485341254,0.6568901679531393,0.036541499705736995
10,noise_half,white_rescaled_q,0,0.0,0.5,1.0,0,0,0,1.6096130013537226,2.391458393411815,0.4656269333551016,1.5407938126372596,0.048333219460752544,2.391458393411815,1.3203986911300938,1.4652338423789177,0.8683201556438636,2.3382556804830066,0.6607321166482231,2.2429606990182878
10,noise_half,white_rescaled_q,180,0.05,0.5,1.0,180,180,180,0.46911690836644754,0.48482104325195474,0.46235462483255696,0.07936544973248442,0.07052163830145475,0.47213818800373003,0.48482104325195474,0.44096657347778545,0.47735234720809483,0.6601774368185488,0.6540775900513911,0.08953632936899544
10,noise_half,white_rescaled_q,360,0.1,0.5,1.0,360,360,360,0.4733545447789384,0.5016726887522338,0.46862727931813586,0.06673078855938873,0.07130740716223039,0.5016726887522338,0.4790030380401759,0.44626186875900625,0.4647462185447112,0.6677199008652188,0.6649212684181575,0.06107022856225752
10,noise_half,white_rescaled_q,720,0.2,0.5,1.0,720,720,720,0.4755069318081592,0.49384691576285517,0.47345031831702483,0.04417735034061108,0.07739946769550285,0.473195032724249,0.47592121963231787,0.45839725816232274,0.49384691576285517,0.6765505731565455,0.6752373871671359,0.04213251725389517
10,noise_half,white_rescaled_q,3600,1.0,0.5,1.0,3600,3600,3600,0.4644041633581121,0.47268324186895005,0.4631544123253526,0.03404728018367066,0.10785086348429894,0.4699889293505961,0.47268324186895005,0.4445111864114678,0.4698677176361484,0.656823933011752,0.6559334348940664,0.034190758475032716
10,noise_x4,frozen_q,0,0.0,4.0,1.0,0,0,0,1.8589172258977726,2.4896805356308933,0.25522898902129076,1.8413124167024564,0.2628770197088131,1.971829114876461,1.6450382117395688,2.4896805356308933,1.0146541603426966,2.715558987934863,0.41062892785109795,2.6843331575208165
10,noise_x4,frozen_q,180,0.05,4.0,1.0,180,180,180,0.30369562921413956,0.37265406821833585,0.25252527201207087,0.16870691212573888,0.2502216315034408,0.37265406821833585,0.21728749959139612,0.3580354409344338,0.23377307760222732,0.42898558293904593,0.4058414769843266,0.13900117240057128
10,noise_x4,frozen_q,360,0.1,4.0,1.0,360,360,360,0.2999481958996544,0.37668315674926367,0.25037495284731726,0.16517052766810753,0.23898817581433537,0.37668315674926367,0.2268067573525778,0.31829058011477274,0.25541198434029966,0.41214086043999637,0.4012482330512649,0.0941272772232277
10,noise_x4,frozen_q,720,0.2,4.0,1.0,720,720,720,0.27714808941686003,0.331405503832678,0.24596434860855285,0.12772079971949019,0.2260574829137661,0.331405503832678,0.22730680264752706,0.2979471848674627,0.23869172251836546,0.4001756979934853,0.3934731933679737,0.07293445938225838
10,noise_x4,frozen_q,3600,1.0,4.0,1.0,3600,3600,3600,0.27865031926825395,0.3118154314300788,0.25218759843537625,0.11852179387647359,0.2613450140239474,0.3118154314300788,0.2408764339890432,0.3043803558829971,0.2503722846813025,0.40994570632026467,0.40540454659429603,0.060849287022067454
10,noise_x4,white_rescaled_q,0,0.0,4.0,1.0,0,0,0,1.8589172258977726,2.4896805356308933,0.25522898902129076,1.8413124167024564,0.2628770197088131,1.971829114876461,1.6450382117395688,2.4896805356308933,1.0146541603426966,2.715558987934863,0.41062892785109795,2.6843331575208165
10,noise_x4,white_rescaled_q,180,0.05,4.0,1.0,180,180,180,0.3099812934000566,0.3684787178582937,0.2549982896076562,0.17625060157384395,0.2631552691163167,0.340463152266167,0.2578128648216481,0.3684787178582937,0.25728274757323816,0.43633214795232195,0.41034585440407795,0.14833078948780082
10,noise_x4,white_rescaled_q,360,0.1,4.0,1.0,360,360,360,0.3062757470924521,0.3402776922379064,0.25519701359517916,0.16934969001784922,0.2636238451168255,0.3402776922379064,0.25270730838612154,0.3358023200925351,0.28776073968162486,0.4273568104881402,0.4104555754667779,0.11899606732506918
10,noise_x4,white_rescaled_q,720,0.2,4.0,1.0,720,720,720,0.3004921178315277,0.35359178077813014,0.25354017557605435,0.16128512717464133,0.25639640037076616,0.35359178077813014,0.26179605978096404,0.3126566153110774,0.2643171732351882,0.41653505421242104,0.40747500722915686,0.08640352927596814
10,noise_x4,white_rescaled_q,3600,1.0,4.0,1.0,3600,3600,3600,0.3048513369328808,0.35602858247097835,0.2542405899111821,0.1682143277826801,0.2601706327666153,0.35602858247097835,0.25796463422504884,0.3236969525772365,0.271395522004531,0.41791421692694897,0.40890900813876474,0.08628856107640549
10,bias_half,frozen_q,0,0.0,1.0,0.5,0,0,0,1.6201701354349707,2.325358524691708,0.3802032641797732,1.5749275366385642,0.06933230606585211,2.325358524691708,1.3744200612708237,1.5934798506250705,0.8150486264593578,2.3457786076971416,0.5110717122120452,2.289428527232547
10,bias_half,frozen_q,180,0.05,1.0,0.5,180,180,180,0.39011789114447243,0.4040113048171538,0.37955564396596786,0.0901636408126354,0.07719901477475642,0.4040113048171538,0.3948649680239796,0.36601581309910697,0.3945336780717265,0.517639330490296,0.5095429955303866,0.09119436482788958
10,bias_half,frozen_q,360,0.1,1.0,0.5,360,360,360,0.3907947598251921,0.41975565648647556,0.38256296731584927,0.07978797118188913,0.06788715917732233,0.41975565648647556,0.3909104169316603,0.3677358725350249,0.3829448263916696,0.5178139788341699,0.5146132655633239,0.0574848117534194
10,bias_half,frozen_q,720,0.2,1.0,0.5,720,720,720,0.3892979092079979,0.40525217388329043,0.3857082919016183,0.05274443735650771,0.058837873982320196,0.392491690866329,0.3784277379032671,0.3804271859423931,0.40525217388329043,0.5237971110988633,0.5217978743814989,0.0457208036506829
10,bias_half,frozen_q,3600,1.0,1.0,0.5,3600,3600,3600,0.38160274807466626,0.3930455015707259,0.379197600976307,0.04277659116795888,0.08540909994499789,0.3930455015707259,0.3812348818074215,0.3677666422648947,0.38393427142943615,0.5100097171325494,0.5091898097927726,0.02890759714717237
10,bias_x10,frozen_q,0,0.0,1.0,10.0,0,0,0,1.6880026749632455,2.565652229173502,0.38791867251907136,1.6428244380316828,0.28317811937699566,2.565652229173502,1.2286486938739931,1.7831893173384414,0.35425839050208385,2.54508459714617,0.5715175773614892,2.480085334297499
10,bias_x10,frozen_q,180,0.05,1.0,10.0,180,180,180,0.44605985441723534,0.5337586473806571,0.38425910159518095,0.22652667958540698,0.35724793100242164,0.5337586473806571,0.47709429766945227,0.2622166633627075,0.46325234357042683,0.6761413064957876,0.5645605048121969,0.3720732491808946
10,bias_x10,frozen_q,360,0.1,1.0,10.0,360,360,360,0.4392425762118742,0.5238586715098456,0.38648460450801264,0.20871916834715765,0.3825399817830478,0.5238586715098456,0.47756869500141036,0.2528816606146024,0.45308637431770854,0.6624720821153884,0.5684181274132186,0.3402500433656813
10,bias_x10,frozen_q,720,0.2,1.0,10.0,720,720,720,0.4325112811640822,0.4954627668706727,0.38988533226076016,0.18723096971952172,0.3986145648210183,0.4954627668706727,0.4632218725780554,0.26032642620638036,0.4695064734010971,0.6525171426465848,0.575934628324952,0.3067212502319702
10,bias_x10,frozen_q,3600,1.0,1.0,10.0,3600,3600,3600,0.4246058141254798,0.477623397991284,0.3844561413766141,0.1802319970120911,0.4470520849241929,0.477623397991284,0.47401374418711484,0.2543458573603648,0.4512819899056897,0.6406932722898823,0.5668148720336447,0.29867837216477566
10,combined_poor,frozen_q,0,0.0,4.0,10.0,0,0,0,1.9806261417178797,2.675987889392136,0.21263541195846358,1.9691790408283119,0.4284129771848274,2.2960791560478495,1.5007888159096847,2.675987889392136,1.0031260678771343,2.98188068896677,0.3406192705226845,2.9623623944044275
10,combined_poor,frozen_q,180,0.05,4.0,10.0,180,180,180,0.32075280539871875,0.4771100498400897,0.213336398380034,0.23952023567411537,0.4846565514675884,0.24314538355707352,0.24930990498509334,0.4771100498400897,0.2502405697671491,0.5034949751108346,0.34342315145564534,0.36819523218821404
10,combined_poor,frozen_q,360,0.1,4.0,10.0,360,360,360,0.31316740423708833,0.44416959665075617,0.21194425919930476,0.23055032871165854,0.5026492247802756,0.2516174731417145,0.25617487170809,0.44416959665075617,0.257044245282034,0.4815309199043626,0.3411659426495384,0.33982028544510623
10,combined_poor,frozen_q,720,0.2,4.0,10.0,720,720,720,0.2885449964188407,0.42488733010885693,0.20932458473898183,0.19859867366677347,0.5126539351244673,0.21081899330256923,0.2434237234792932,0.42488733010885693,0.22091595564089553,0.45862490593032573,0.3368726981817359,0.3112130934895851
10,combined_poor,frozen_q,3600,1.0,4.0,10.0,3600,3600,3600,0.2940824165012078,0.43427257718592094,0.2153115221213694,0.20031329495809536,0.5672874519494105,0.20434233401690874,0.2591497238439606,0.43427257718592094,0.22007005849315042,0.4706307467701811,0.34869558159500463,0.3160770336193058
10,combined_poor,white_rescaled_q,0,0.0,4.0,10.0,0,0,0,1.9806261417178797,2.675987889392136,0.21263541195846358,1.9691790408283119,0.4284129771848274,2.2960791560478495,1.5007888159096847,2.675987889392136,1.0031260678771343,2.98188068896677,0.3406192705226845,2.9623623944044275
10,combined_poor,white_rescaled_q,180,0.05,4.0,10.0,180,180,180,0.33211972431524234,0.49124402253672567,0.21318574284001968,0.2546671363348274,0.4458384549255561,0.2314623525772429,0.24049185741302062,0.49124402253672567,0.2974595792646639,0.5202272679150459,0.3420206316455201,0.39199272673246444
10,combined_poor,white_rescaled_q,360,0.1,4.0,10.0,360,360,360,0.3241555986967916,0.46315824884774426,0.21323296585880838,0.24414863185676808,0.448130900596946,0.23307907830496286,0.24896338116010455,0.46315824884774426,0.2991374655372174,0.497363619496542,0.34198152673741233,0.3611359929016347
10,combined_poor,white_rescaled_q,720,0.2,4.0,10.0,720,720,720,0.3015926440351079,0.42799393542935266,0.2117123378972279,0.21479294429328283,0.4434373506089543,0.23479685537742948,0.24299294732160645,0.42799393542935266,0.2578343406857853,0.45936740820004723,0.3392353638387196,0.30973825020110185
10,combined_poor,white_rescaled_q,3600,1.0,4.0,10.0,3600,3600,3600,0.3066607975453516,0.43338976066431717,0.21236039412298696,0.2212327004741405,0.4450955334112027,0.24489918071075026,0.2462303856129153,0.43338976066431717,0.2602531130343091,0.4632257970502849,0.3405464931919896,0.31401628146882743
11,reference,frozen_q,0,0.0,1.0,1.0,0,0,0,1.2649012453999098,1.681391648460132,0.625977594107227,1.0991484032149483,0.042540839657475016,0.24136718151228503,0.9821297918626876,1.5968674718241513,1.681391648460132,1.8665664311367192,0.9308309980108548,1.6179072578453269
11,reference,frozen_q,180,0.05,1.0,1.0,180,180,180,0.6358542467485561,0.668437600987916,0.6269462210378293,0.10606158133159697,0.05403843705329785,0.6013276749441161,0.6565924127798886,0.614593440287482,0.668437600987916,0.9349356253462026,0.9324841180948434,0.06766086788075412
11,reference,frozen_q,360,0.1,1.0,1.0,360,360,360,0.6243368780625779,0.6415375702300418,0.6209088247115887,0.06533581486596751,0.03921614289037022,0.5997139927897293,0.6348260620233698,0.6204471718423259,0.6415375702300418,0.9232754250441355,0.9220959338687028,0.046654037694866465
11,reference,frozen_q,720,0.2,1.0,1.0,720,720,720,0.6243648062640733,0.6449770448494493,0.6222116943671484,0.051807515805488945,0.044457940833893976,0.6012577795826135,0.6449770448494493,0.6139717464647242,0.636284554155142,0.9250762752137478,0.9241784120153893,0.040747732796498765
11,reference,frozen_q,3600,1.0,1.0,1.0,3600,3600,3600,0.6214948182071863,0.6354360818849119,0.6196236182739686,0.048191085643082505,0.04933067735762776,0.6011066167929836,0.6354360818849119,0.6167335342637461,0.6321034765246318,0.9200117962368344,0.9197021154205829,0.02386889410574462
11,noise_half,frozen_q,0,0.0,0.5,1.0,0,0,0,1.158580223609907,1.5392913367286416,0.5457977021294963,1.0219652650115578,0.03896613172008502,0.07330404176713366,0.9156377824362667,1.5392913367286416,1.4683489665838563,1.6895875426439693,0.8065580197640656,1.4846448144293491
11,noise_half,frozen_q,180,0.05,0.5,1.0,180,180,180,0.5562913774966165,0.5813908862170013,0.5483746646695243,0.09351643612579527,0.0534214394271461,0.537850117201584,0.57075522687135,0.5336485234284996,0.5813908862170013,0.8136800399470971,0.8110375214128719,0.0655236313765879
11,noise_half,frozen_q,360,0.1,0.5,1.0,360,360,360,0.5449767224467142,0.5576025515376785,0.5425613667488671,0.05125223234518051,0.037906461518079144,0.5360148708170898,0.5495680527652587,0.5364148769343219,0.5576025515376785,0.8018960219226622,0.8009305321391514,0.039338437471339416
11,noise_half,frozen_q,720,0.2,0.5,1.0,720,720,720,0.5459821789101786,0.5603118154737328,0.5442633315291244,0.0432893247848088,0.043898284544173945,0.5376704633445979,0.5603118154737328,0.5290776352401182,0.5562590735674193,0.8048315268898756,0.8037367657978274,0.0419642464573957
11,noise_half,frozen_q,3600,1.0,0.5,1.0,3600,3600,3600,0.5435775216716668,0.555050475460072,0.5422505156686354,0.037959192876173456,0.04707370574450963,0.5352812109867274,0.5519460234443474,0.5316527723307275,0.555050475460072,0.8007457811252768,0.8003361398081933,0.02560994546752838
11,noise_half,white_rescaled_q,0,0.0,0.5,1.0,0,0,0,1.158580223609907,1.5392913367286416,0.5457977021294963,1.0219652650115578,0.03896613172008502,0.07330404176713366,0.9156377824362667,1.5392913367286416,1.4683489665838563,1.6895875426439693,0.8065580197640656,1.4846448144293491
11,noise_half,white_rescaled_q,180,0.05,0.5,1.0,180,180,180,0.5559572434738218,0.5794282406797266,0.5481924120687012,0.09259339026793274,0.06677993912275187,0.5280374062045687,0.5782928979787231,0.5360695495763207,0.5794282406797266,0.8133655446490462,0.811014184261584,0.06180212090824237
11,noise_half,white_rescaled_q,360,0.1,0.5,1.0,360,360,360,0.5413537758903156,0.5578896986840431,0.5392674808923537,0.04748151980209883,0.047618413695993456,0.5305889590526858,0.5501818214420523,0.5261083982138374,0.5578896986840431,0.7961653779242094,0.7955531273531686,0.03121747209163883
11,noise_half,white_rescaled_q,720,0.2,0.5,1.0,720,720,720,0.5446038399999157,0.5630249133202121,0.5430440408718089,0.0411887389497526,0.05342332118772131,0.5338252606430384,0.5630249133202121,0.5259352165203237,0.5547964097527079,0.8025953944917237,0.8016191929804712,0.03957318163432845
11,noise_half,white_rescaled_q,3600,1.0,0.5,1.0,3600,3600,3600,0.539437925529436,0.5514588374556715,0.5381052065941152,0.03789541048472762,0.06391041946636211,0.5285587738476285,0.5514588374556715,0.5261968121898081,0.5510070689383403,0.7937334166101216,0.793432756296707,0.0218448593263367
11,noise_x4,frozen_q,0,0.0,4.0,1.0,0,0,0,2.173185979913576,3.063988611116929,1.1482241592717115,1.8450795601701575,0.10496289256220757,1.3495783794334841,1.401158484161916,2.391300086593952,3.063988611116929,3.3059343186301513,1.7233766252026326,2.821200936977334
11,noise_x4,frozen_q,180,0.05,4.0,1.0,180,180,180,1.1658402072819083,1.25654891832575,1.1403474102108726,0.24246891128653802,0.1032853635469186,1.057633111509892,1.1976923413943692,1.1422625041198122,1.25654891832575,1.7193716175484224,1.7094300651778427,0.1846283063269418
11,noise_x4,frozen_q,360,0.1,4.0,1.0,360,360,360,1.150682385228752,1.2060582826138702,1.132727010336109,0.20248326284103252,0.10278141340902967,1.0553846321825522,1.1725512526486677,1.163181010722898,1.2060582826138702,1.7048546164063794,1.6965397252177628,0.16817319596231944
11,noise_x4,frozen_q,720,0.2,4.0,1.0,720,720,720,1.145777292456579,1.180283277684214,1.132217273509773,0.1757545148075138,0.11170768866377598,1.0560833843056514,1.180283277684214,1.1625117573711596,1.1795796282671485,1.7014479486908807,1.6953700400635694,0.1436855920378123
11,noise_x4,frozen_q,3600,1.0,4.0,1.0,3600,3600,3600,1.1369375233100227,1.1653093689907799,1.126110047117067,0.1565346405506637,0.132225271518056,1.0623083152983452,1.1653093689907799,1.165073517854068,1.151810116046373,1.6882970688755574,1.6842247468760874,0.11719212765360329
11,noise_x4,white_rescaled_q,0,0.0,4.0,1.0,0,0,0,2.173185979913576,3.063988611116929,1.1482241592717115,1.8450795601701575,0.10496289256220757,1.3495783794334841,1.401158484161916,2.391300086593952,3.063988611116929,3.3059343186301513,1.7233766252026326,2.821200936977334
11,noise_x4,white_rescaled_q,180,0.05,4.0,1.0,180,180,180,1.161633867332886,1.1978318049988896,1.148070582204766,0.1769948587128082,0.10670792294587247,1.0913054226630956,1.176419159585878,1.1780757060976654,1.1978318049988896,1.7288648752238869,1.722911335632784,0.14335371055875426
11,noise_x4,white_rescaled_q,360,0.1,4.0,1.0,360,360,360,1.1582717164562495,1.183951699592627,1.145759120052722,0.16979224940649934,0.10152614458139725,1.095303178895109,1.183951699592627,1.1740658868385794,1.1775024795158457,1.7233975563406942,1.7191480997851862,0.12095018894594514
11,noise_x4,white_rescaled_q,720,0.2,4.0,1.0,720,720,720,1.1549212318974096,1.1892615300730232,1.1463652579192583,0.1403201600738223,0.10395472780924442,1.088518639109337,1.1765527976456114,1.1892615300730232,1.1627037057229719,1.724898035032043,1.7202032905473081,0.12717653261359302
11,noise_x4,white_rescaled_q,3600,1.0,4.0,1.0,3600,3600,3600,1.1512285295744622,1.1869547729457275,1.1466102336181123,0.10301504486431097,0.1054711375564794,1.1083120998464169,1.1536859546587832,1.1869547729457275,1.1545994472383683,1.7238378534337147,1.7204720043664694,0.1076709205040058
11,bias_half,frozen_q,0,0.0,1.0,0.5,0,0,0,1.2927399683320877,1.744008927076921,0.6363361846504192,1.1252790257655187,0.029401419486680593,0.2177569285047365,0.9492160882711091,1.6415572189309975,1.744008927076921,1.914068907971401,0.943077671763652,1.6656122866632803
11,bias_half,frozen_q,180,0.05,1.0,0.5,180,180,180,0.6459820452053477,0.6805129798404679,0.6372206432161106,0.10603138491470443,0.03871046597125308,0.6104513304179197,0.6627383867351475,0.6278537243005486,0.6805129798404679,0.9468620254074293,0.9445287651415635,0.06643121991061429
11,bias_half,frozen_q,360,0.1,1.0,0.5,360,360,360,0.6345441959723095,0.6526126053235691,0.6310363746397722,0.0666290516489447,0.028798348920695473,0.6085232398569297,0.6425079106618095,0.6336917115067723,0.6526126053235691,0.9351712593916354,0.9338678775393422,0.04935657699133658
11,bias_half,frozen_q,720,0.2,1.0,0.5,720,720,720,0.6344845672329744,0.6528183994609381,0.6323671247579408,0.05179271746288064,0.031987839979256846,0.6099711636755806,0.6528183994609381,0.6269266295597651,0.6473090314414053,0.9369023723176605,0.9360417220978957,0.04014909396818157
11,bias_half,frozen_q,3600,1.0,1.0,0.5,3600,3600,3600,0.6318043128869605,0.6442837182990229,0.629920836704606,0.048748633498112315,0.03929065078264357,0.6105813829271214,0.6442837182990229,0.6293331988360485,0.6424448218568136,0.9322424963123954,0.9318987078599767,0.02531541466522521
11,bias_x10,frozen_q,0,0.0,1.0,10.0,0,0,0,1.1628516237165776,1.884997843442971,0.5834286860640431,1.0059000283615989,0.39251818775706965,0.733797703294584,1.884997843442971,0.9225361586263642,0.6827493625064556,1.7520846372793835,0.9290995574505304,1.485454337411843
11,bias_x10,frozen_q,180,0.05,1.0,10.0,180,180,180,0.6079267636069127,0.6753003900488135,0.5793030701810883,0.1843445219916778,0.42455214324777896,0.6001273480220499,0.6753003900488135,0.5877233465805523,0.5627589331840032,0.9536817388514793,0.9214560280258539,0.2458203560195899
11,bias_x10,frozen_q,360,0.1,1.0,10.0,360,360,360,0.5888568130106766,0.6198849898699995,0.5750032170179229,0.12697892206240544,0.41709477748267865,0.6008270509922933,0.6198849898699995,0.5734658225036753,0.5593708872173484,0.9303338643353843,0.9137859612262365,0.1746891988505651
11,bias_x10,frozen_q,720,0.2,1.0,10.0,720,720,720,0.5850552326415293,0.6209738210581737,0.573649595384338,0.11495984932409763,0.4300247193533041,0.5993471598762123,0.6209738210581737,0.5628636197311917,0.5545426422348096,0.9242063551200818,0.9106669613964258,0.15761685273265452
11,bias_x10,frozen_q,3600,1.0,1.0,10.0,3600,3600,3600,0.5720772324965427,0.5974772992639293,0.5664692872442132,0.07990561025320085,0.4406818597440554,0.5773622117446598,0.5974772992639293,0.5529077753709368,0.5595142402223294,0.901890366819193,0.8971235742795259,0.09260413723579636
11,combined_poor,frozen_q,0,0.0,4.0,10.0,0,0,0,1.9860386030403914,2.2503793399950287,1.1222183872293188,1.6385894007136308,0.38761978928687507,1.7770415896940648,2.2503793399950287,1.9425234772689168,1.94471485980509,3.00149717692048,1.7415989326590524,2.4445487233480256
11,combined_poor,frozen_q,180,0.05,4.0,10.0,180,180,180,1.140758748178827,1.200466013872692,1.1127460070155961,0.2512505630190136,0.40965138901356235,1.0791473249597168,1.200466013872692,1.1135633429565148,1.16602794476741,1.7398322590697124,1.7245037098126286,0.2304414123852316
11,combined_poor,frozen_q,360,0.1,4.0,10.0,360,360,360,1.1241180289916057,1.1512050100627185,1.1064096702602189,0.19874351475871085,0.3954175300837029,1.077264610161813,1.1512050100627185,1.1225156479685052,1.1440069829249957,1.722281224352739,1.7133390901243628,0.17527629049529103
11,combined_poor,frozen_q,720,0.2,4.0,10.0,720,720,720,1.118290888790032,1.1518871210463781,1.104545913813681,0.17479369619153887,0.4028962332257151,1.0751598116386987,1.1518871210463781,1.1173298793411315,1.127412714288451,1.7156226695148236,1.7089211580824115,0.15149131860089762
11,combined_poor,frozen_q,3600,1.0,4.0,10.0,3600,3600,3600,1.1052620763909784,1.1275757874650825,1.0955996792441767,0.14582729630681038,0.4077956913804331,1.0664701963788885,1.1275757874650825,1.1116138011174315,1.1144262878071902,1.693799576135472,1.6913091235031603,0.09181749763349102
11,combined_poor,white_rescaled_q,0,0.0,4.0,10.0,0,0,0,1.9860386030403914,2.2503793399950287,1.1222183872293188,1.6385894007136308,0.38761978928687507,1.7770415896940648,2.2503793399950287,1.9425234772689168,1.94471485980509,3.00149717692048,1.7415989326590524,2.4445487233480256
11,combined_poor,white_rescaled_q,180,0.05,4.0,10.0,180,180,180,1.1335540103866417,1.1636315825102521,1.1210854561913886,0.16766661677204747,0.39302017871582867,1.0986244446404108,1.1490756000902944,1.1217797969989123,1.1636315825102521,1.7437816186784485,1.7391706056644374,0.12672781081366322
11,combined_poor,white_rescaled_q,360,0.1,4.0,10.0,360,360,360,1.1306278445852032,1.1508513810658185,1.1189727943386667,0.16192346488788667,0.38639437001023635,1.1077779690016476,1.1508513810658185,1.1184048415192165,1.1449091546342816,1.7386282010837573,1.735696133129428,0.10093044656243737
11,combined_poor,white_rescaled_q,720,0.2,4.0,10.0,720,720,720,1.1271399493747563,1.143980908998659,1.1194041914208959,0.13182837974373415,0.3900515636263787,1.0923964133538326,1.143980908998659,1.1368490195533865,1.134605625133642,1.7394209044609636,1.7363675991004666,0.10301768619939593
11,combined_poor,white_rescaled_q,3600,1.0,4.0,10.0,3600,3600,3600,1.1228141205149516,1.1333735695092608,1.119135153252605,0.09081881953665942,0.3928612428911381,1.0973963861134068,1.1288547191513132,1.1312465441467376,1.1333735695092608,1.7370455184669538,1.7357290743740892,0.06761444814975666
12,reference,frozen_q,0,0.0,1.0,1.0,0,0,0,1.9792450641103903,2.715881506757521,1.0132250050194422,1.700231193987657,0.049029894693234044,2.715881506757521,1.1687094617037905,1.4005260762283085,2.228514446980868,2.8862592379752323,1.4750071580921054,2.4808962639285057
12,reference,frozen_q,180,0.05,1.0,1.0,180,180,180,1.01293578342961,1.049628302858459,1.0085434543376033,0.09422845676828495,0.06175448717764738,1.0139498625135819,0.9833675206405391,1.0036583217933641,1.049628302858459,1.4685153390430874,1.4661302432008767,0.08366248249109055
12,reference,frozen_q,360,0.1,1.0,1.0,360,360,360,1.01531276891956,1.0225821550028176,1.0135908376906513,0.05910695797169163,0.048640678141684206,1.0225821550028176,1.0001174194812128,1.0199778922883331,1.018418409931544,1.4756763992015214,1.4749795495911218,0.04534493850849182
12,reference,frozen_q,720,0.2,1.0,1.0,720,720,720,1.0153739043646124,1.0240030918549687,1.0140129868132892,0.05255309922953418,0.059926865227572554,1.0173194952470364,0.9995006410565607,1.0240030918549687,1.0204968611651117,1.4751158702832101,1.4743675465595765,0.04698051099432596
12,reference,frozen_q,3600,1.0,1.0,1.0,3600,3600,3600,1.0165046135395475,1.022404024165087,1.0160350469438622,0.030893570997358708,0.04973010262963902,1.022404024165087,1.00802391960839,1.0135582554264784,1.02196084519611,1.4777278593608674,1.4774054010205087,0.030869197700640547
12,noise_half,frozen_q,0,0.0,0.5,1.0,0,0,0,1.9005563624473916,2.49202968345407,0.9976721793901161,1.6176417122806386,0.037885800719323875,2.49202968345407,1.155613250064768,1.4118820710233042,2.21571501731124,2.7594646841537607,1.4473907688593706,2.3494053088627544
12,noise_half,frozen_q,180,0.05,0.5,1.0,180,180,180,0.9976519318146723,1.0310452414889129,0.9935736618916515,0.09011523427679599,0.0527428229202108,0.9996071933972952,0.96371387602191,0.9951001167161346,1.0310452414889129,1.4418056214905635,1.439733574829925,0.07727019910182654
12,noise_half,frozen_q,360,0.1,0.5,1.0,360,360,360,1.0005552357862422,1.0082827239470178,0.9988579848325366,0.0582538067043395,0.0431008219436435,1.0080455261108714,0.987006456058763,1.0082827239470178,0.9987349703566034,1.4498274539953944,1.4491730740058613,0.043555113766004405
12,noise_half,frozen_q,720,0.2,0.5,1.0,720,720,720,0.99978686499054,1.0116133697999523,0.9985216419513223,0.05028226290102464,0.05037870231981163,1.0005931242868054,0.9873564675384991,1.0116133697999523,0.9994368901097767,1.447931821807085,1.4473044641791637,0.04261864109339291
12,noise_half,frozen_q,3600,1.0,0.5,1.0,3600,3600,3600,1.000816167154596,1.0049494569348405,1.0004550519953892,0.026882882563429952,0.040089303909715046,1.0049494569348405,0.9964500917041774,1.0017393996291548,1.0001069846430402,1.4507779596377963,1.450589778404784,0.023366278230957233
12,noise_half,white_rescaled_q,0,0.0,0.5,1.0,0,0,0,1.9005563624473916,2.49202968345407,0.9976721793901161,1.6176417122806386,0.037885800719323875,2.49202968345407,1.155613250064768,1.4118820710233042,2.21571501731124,2.7594646841537607,1.4473907688593706,2.3494053088627544
12,noise_half,white_rescaled_q,180,0.05,0.5,1.0,180,180,180,0.9963060714228663,1.012965672915628,0.9927410216761454,0.08420838340372482,0.05836825369897346,1.0024475079249162,0.9736357249434223,0.9957590904831717,1.012965672915628,1.4392457534884868,1.4382672855457312,0.05306179664839337
12,noise_half,white_rescaled_q,360,0.1,0.5,1.0,360,360,360,1.0012078965137001,1.012196257901634,0.9997737269638515,0.05357001879967817,0.0574090289985416,1.005790251779351,0.9879352546806609,1.012196257901634,0.9987480391170552,1.4512061211221057,1.4507197566275247,0.03756852023760613
12,noise_half,white_rescaled_q,720,0.2,0.5,1.0,720,720,720,0.9994528145168009,1.0118510268597205,0.998337407463487,0.04720539486794257,0.06729615714823688,1.0003835696024816,0.9881485151744964,1.0118510268597205,0.9972845325447419,1.4468644062035294,1.4464598140075027,0.034214271876988334
12,noise_half,white_rescaled_q,3600,1.0,0.5,1.0,3600,3600,3600,1.0018863399035889,1.0040922734525926,1.0016019447386495,0.02387011481257542,0.06269381617295965,1.002721221783527,0.9982544779043303,1.0040922734525926,1.0024678585687157,1.4513490108034968,1.4512054013205569,0.0204165212102713
12,noise_x4,frozen_q,0,0.0,4.0,1.0,0,0,0,2.664522210408526,4.091661765271635,1.2306961515407195,2.3632743370889457,0.13398111467720805,4.091661765271635,1.6679657193256459,1.5030750956015608,2.5720952653026656,3.9706283705147376,1.8367566132304494,3.520257774722005
12,noise_x4,frozen_q,180,0.05,4.0,1.0,180,180,180,1.2280516103135806,1.274831686680977,1.2205071249714095,0.13591583972371463,0.13778834472952076,1.230244261255663,1.226930660337855,1.1782985247294802,1.274831686680977,1.8239417737094534,1.8183802845519912,0.1423261558358385
12,noise_x4,frozen_q,360,0.1,4.0,1.0,360,360,360,1.2274142181961492,1.25519405695039,1.2241075494595124,0.09003538407921442,0.11881492678435247,1.239650699523491,1.2095668704147342,1.2045267372220136,1.25519405695039,1.8268258907885995,1.824022625162645,0.10116470802771438
12,noise_x4,frozen_q,720,0.2,4.0,1.0,720,720,720,1.231318727493662,1.265135339782315,1.2280436603014746,0.08974729561367202,0.13532447990579172,1.246844456735964,1.2046800221847713,1.2075349898019634,1.265135339782315,1.8327070875520404,1.829321858906408,0.11134094166426994
12,noise_x4,frozen_q,3600,1.0,4.0,1.0,3600,3600,3600,1.233143826185099,1.270226017741189,1.2307848312581389,0.07623906612295332,0.12731295904755016,1.256710694161271,1.2102648043452693,1.1937495476987068,1.270226017741189,1.8346952590840693,1.8318507592546938,0.10212487220830593
12,noise_x4,white_rescaled_q,0,0.0,4.0,1.0,0,0,0,2.664522210408526,4.091661765271635,1.2306961515407195,2.3632743370889457,0.13398111467720805,4.091661765271635,1.6679657193256459,1.5030750956015608,2.5720952653026656,3.9706283705147376,1.8367566132304494,3.520257774722005
12,noise_x4,white_rescaled_q,180,0.05,4.0,1.0,180,180,180,1.237380576218061,1.3162507353382897,1.2283467145817593,0.14924824681696847,0.1309800908363523,1.2717725079299296,1.1928655793298788,1.1625803890707875,1.3162507353382897,1.8432286502466082,1.83221816207305,0.2011677500485272
12,noise_x4,white_rescaled_q,360,0.1,4.0,1.0,360,360,360,1.2345112082263536,1.2835870250943293,1.2295158611859929,0.11094444703795525,0.12766718200430607,1.2612219955494888,1.2017298087628494,1.1889661839717847,1.2835870250943293,1.8389799279136503,1.8342476769395013,0.1318432209532901
12,noise_x4,white_rescaled_q,720,0.2,4.0,1.0,720,720,720,1.234965196917203,1.2674102100971112,1.2311080670780685,0.09752930212017331,0.13189336242943522,1.2674102100971112,1.2017638884181725,1.2061910821631927,1.262970363679451,1.8400715376756605,1.8366983095897953,0.11136688607507134
12,noise_x4,white_rescaled_q,3600,1.0,4.0,1.0,3600,3600,3600,1.235424742449505,1.274516135842193,1.231814853633459,0.09437404634965163,0.13013896995312038,1.274516135842193,1.2092023642057428,1.19406101092537,1.2620434782885717,1.8408136456429198,1.8378425679843309,0.10454459952545662
12,bias_half,frozen_q,0,0.0,1.0,0.5,0,0,0,1.9973789719456616,2.7316959513011345,1.0255591320975392,1.7139869381480275,0.0378521731137099,2.7316959513011345,1.16925890901948,1.3614240740832055,2.2967991540648596,2.920076464483643,1.4961613459096736,2.5076578286195756
12,bias_half,frozen_q,180,0.05,1.0,0.5,180,180,180,1.0249714596212591,1.063189080810135,1.020414473153644,0.09654426972485164,0.04778171330931853,1.0280091722052778,0.9971513885863228,1.0103371717901026,1.063189080810135,1.4889360693106741,1.4864049850570578,0.08678040615166711
12,bias_half,frozen_q,360,0.1,1.0,0.5,360,360,360,1.027115176335333,1.0364392160070774,1.0254149924739655,0.0590735022491429,0.03991947950846234,1.0364392160070774,1.0128393724690694,1.0274447965153766,1.0315860066160363,1.4958498420079207,1.495155816706422,0.04556131697035748
12,bias_half,frozen_q,720,0.2,1.0,0.5,720,720,720,1.0271110540349566,1.0337347490334694,1.0257685579065006,0.052497456426171284,0.045393182665173566,1.0310539343800735,1.0114361165212609,1.0320589636836017,1.0337347490334694,1.4951941176877843,1.49443821234293,0.047538185255848145
12,bias_half,frozen_q,3600,1.0,1.0,0.5,3600,3600,3600,1.0281639059038892,1.0358210450200025,1.0276794827635334,0.03155785338736454,0.0377015470980938,1.0358210450200025,1.018961684689672,1.0225926364606883,1.035171588336252,1.497663879623121,1.497322148514427,0.03199187234154774
12,bias_x10,frozen_q,0,0.0,1.0,10.0,0,0,0,1.9851577838699637,2.5231892438725634,0.7956202242681327,1.818746789851471,0.3153782669697102,2.5231892438725634,1.9171167413488357,2.136640480888402,1.0753383665213707,2.8698145052041717,1.0966869384402744,2.652001706887604
12,bias_x10,frozen_q,180,0.05,1.0,10.0,180,180,180,0.8104901286753604,0.8900255582084954,0.8009790782031115,0.12380131243688772,0.3579665643060707,0.7695830886848799,0.7382243381203216,0.8900255582084954,0.8355825492873349,1.1141612118623607,1.1072930259595526,0.12352068927893005
12,bias_x10,frozen_q,360,0.1,1.0,10.0,360,360,360,0.8149938548257301,0.8931548563039421,0.8067729034615565,0.11546629657139491,0.34405525337305026,0.7808019690194336,0.7743451991509733,0.8931548563039421,0.8061464718044191,1.1240469537227153,1.1178068550413505,0.1182767474860626
12,bias_x10,frozen_q,720,0.2,1.0,10.0,720,720,720,0.8146128419985355,0.8868363118847301,0.8084487427751847,0.10002356049528568,0.3724937362853342,0.7773953354518061,0.7880927504294901,0.8868363118847301,0.8015385171385527,1.1240939002593473,1.1191276833466002,0.10554773786085148
12,bias_x10,frozen_q,3600,1.0,1.0,10.0,3600,3600,3600,0.8150139124422958,0.8586557285723556,0.8123047088418414,0.06639832428510194,0.3684112667699903,0.7869334659663626,0.8159793299914059,0.8586557285723556,0.796626953383335,1.1274185064840345,1.1246668612831958,0.07872064464989591
12,combined_poor,frozen_q,0,0.0,4.0,10.0,0,0,0,2.41105831227835,3.7943618679436404,1.0370696410655063,2.176623243647551,0.3602335902478268,3.7943618679436404,1.4701600462118471,2.112284918903333,1.494158162918927,3.500740792950749,1.494586522500864,3.1656590508436335
12,combined_poor,frozen_q,180,0.05,4.0,10.0,180,180,180,1.048009731454161,1.0981908120994262,1.0398725789234053,0.13034345716532392,0.4093556968025193,0.9936808545192437,0.9990639246655925,1.0981908120994262,1.0962409237501487,1.5072933419639838,1.5008572729989706,0.13914260603800488
12,combined_poor,frozen_q,360,0.1,4.0,10.0,360,360,360,1.0502557201032865,1.1112975319992198,1.0439160879630103,0.11522273604491931,0.39204066336083543,1.008056033767048,1.0005037419860496,1.1112975319992198,1.077024326962436,1.512210856097299,1.5076647002966765,0.11717006775562872
12,combined_poor,frozen_q,720,0.2,4.0,10.0,720,720,720,1.0553049448980494,1.1040820546679642,1.0498645078065387,0.10701888606414033,0.4194170273779342,1.020781476764162,1.0135926983120893,1.1040820546679642,1.0799592316790771,1.5209780227305787,1.5169512089868893,0.11060368521272591
12,combined_poor,frozen_q,3600,1.0,4.0,10.0,3600,3600,3600,1.0568005008186199,1.0765797763797549,1.054164795676024,0.07459143441315796,0.4088323756764647,1.0372393914280866,1.0403573531077621,1.0724160582146107,1.0765797763797549,1.5245990326111134,1.5221910323192658,0.08565437154956283
12,combined_poor,white_rescaled_q,0,0.0,4.0,10.0,0,0,0,2.41105831227835,3.7943618679436404,1.0370696410655063,2.176623243647551,0.3602335902478268,3.7943618679436404,1.4701600462118471,2.112284918903333,1.494158162918927,3.500740792950749,1.494586522500864,3.1656590508436335
12,combined_poor,white_rescaled_q,180,0.05,4.0,10.0,180,180,180,1.044741298766596,1.0986008936796001,1.0371060502757738,0.1260770471969334,0.36977108739909936,1.0383923863470017,1.0108615407371444,1.0290353731702058,1.0986008936796001,1.5010175657143654,1.4944632685170978,0.1401187768868694
12,combined_poor,white_rescaled_q,360,0.1,4.0,10.0,360,360,360,1.043412687334734,1.0705298277712165,1.0381168265827945,0.10499281145278211,0.3612699479024107,1.0319771641278013,1.020878704643436,1.0495884123506585,1.0705298277712165,1.4997348056943476,1.4961906462907066,0.10304386135651142
12,combined_poor,white_rescaled_q,720,0.2,4.0,10.0,720,720,720,1.0441829228546853,1.0642535367499406,1.0400450890509743,0.09286651238366168,0.36698343136173395,1.0452377907330133,1.0201089210453664,1.0642535367499406,1.046657568198829,1.5019248108153203,1.4993148604343876,0.08850472655880305
12,combined_poor,white_rescaled_q,3600,1.0,4.0,10.0,3600,3600,3600,1.0442056910761663,1.058499067129194,1.0407725815339304,0.08460472092650936,0.36229655857411,1.058499067129194,1.030465096150372,1.0408624297891536,1.0467993665737816,1.5029855750573202,1.5004631642675588,0.08703982712855464
13,reference,frozen_q,0,0.0,1.0,1.0,0,0,0,2.168311973871754,2.703857759040438,1.3204428717041659,1.7198858795284289,0.05073223514164903,1.6738364728485045,2.308997311096584,2.703857759040438,1.8336475567922361,3.160326453784155,1.9288321680284413,2.5034515697465847
13,reference,frozen_q,180,0.05,1.0,1.0,180,180,180,1.323443737452477,1.3787145883960914,1.3190105518931499,0.10823349849611572,0.06149300840303053,1.3787145883960914,1.3100970225953326,1.2901649989072843,1.313118218415211,1.9281419694820088,1.9265016952554397,0.07951523536955901
13,reference,frozen_q,360,0.1,1.0,1.0,360,360,360,1.3227209127887247,1.3464997163526662,1.3204180324198116,0.0780181567920604,0.05707364834808445,1.3464997163526662,1.3207935700181472,1.3001477939590038,1.3230347786959322,1.9309596490546401,1.9292912334547148,0.08025274320547643
13,reference,frozen_q,720,0.2,1.0,1.0,720,720,720,1.3310397360944606,1.3393383783687085,1.3287243345198516,0.07847561351903656,0.050625221629747606,1.3378539207193547,1.3393383783687085,1.3165233828368246,1.3303205981033526,1.944468190164517,1.9431701510049455,0.0710373620363998
13,reference,frozen_q,3600,1.0,1.0,1.0,3600,3600,3600,1.3291824719982204,1.3414996096161227,1.3284956286922303,0.042724798571035665,0.05586637670875917,1.3329069849539499,1.3414996096161227,1.326254215443095,1.315937573880076,1.9427025835705345,1.9420663235068907,0.04971642899544378
13,noise_half,frozen_q,0,0.0,0.5,1.0,0,0,0,2.1939599217309116,2.9300835999087256,1.3689958441876509,1.7144417507627518,0.04417666171237306,1.6086878211315767,2.1642377097412946,2.9300835999087256,1.8430000759817218,3.184452354663493,1.992927783114702,2.4837422673078193
13,noise_half,frozen_q,180,0.05,0.5,1.0,180,180,180,1.3698054860265496,1.413021404334562,1.366366178499435,0.0970079161784332,0.057365537357019915,1.413021404334562,1.3682578755979888,1.3474577388323405,1.3494690870898147,1.9895691038622905,1.9883066987274138,0.07086388952838682
13,noise_half,frozen_q,360,0.1,0.5,1.0,360,360,360,1.369494561005302,1.3837911349476884,1.3675599031451877,0.07276856417869661,0.05212254664647445,1.3837911349476884,1.3755422058636089,1.3540507806320705,1.3644096264282821,1.9920368544149634,1.9907683435449974,0.07107905237528798
13,noise_half,frozen_q,720,0.2,0.5,1.0,720,720,720,1.3771922487684012,1.3897144833458903,1.3753958462047955,0.07031896124346984,0.04748941467390506,1.3762905316532201,1.3897144833458903,1.3695137676148637,1.3731656956990903,2.0047952421181403,2.0038841499539686,0.06043406640956294
13,noise_half,frozen_q,3600,1.0,0.5,1.0,3600,3600,3600,1.3746468698439658,1.3868621496706641,1.3741647105265733,0.036405564344363324,0.055246732663888465,1.3742915892456808,1.3868621496706641,1.3756107430469147,1.3617074415015173,2.0017350603314723,2.0013296463515777,0.04028521309998235
13,noise_half,white_rescaled_q,0,0.0,0.5,1.0,0,0,0,2.1939599217309116,2.9300835999087256,1.3689958441876509,1.7144417507627518,0.04417666171237306,1.6086878211315767,2.1642377097412946,2.9300835999087256,1.8430000759817218,3.184452354663493,1.992927783114702,2.4837422673078193
13,noise_half,white_rescaled_q,180,0.05,0.5,1.0,180,180,180,1.367766292942192,1.4246854857272724,1.3644132765261365,0.09571333735712446,0.06725961110069106,1.4246854857272724,1.3560900294028495,1.3274876533701925,1.3609578088600789,1.985626754460082,1.9846914420096413,0.06093839546106572
13,noise_half,white_rescaled_q,360,0.1,0.5,1.0,360,360,360,1.3682840191569796,1.381628071032398,1.3666491804773258,0.06686684216434698,0.06228373287421072,1.381628071032398,1.3710562690385233,1.3450934471849616,1.3750770258887486,1.9901820107403219,1.989250994519493,0.06086802672668173
13,noise_half,white_rescaled_q,720,0.2,0.5,1.0,720,720,720,1.3797373215448154,1.3909108723315395,1.3781646576139444,0.06585782388980814,0.054970648172823475,1.379881295602137,1.3909108723315395,1.3676412272496639,1.3804174494184578,2.009446437392736,2.0087818309319396,0.05167727225852784
13,noise_half,white_rescaled_q,3600,1.0,0.5,1.0,3600,3600,3600,1.3781354713114564,1.3906121827131552,1.3776982212418647,0.034712943894928586,0.07813044445246904,1.3794689537207439,1.3906121827131552,1.3761496726351776,1.3662008456533201,2.007906455420708,2.007540860773424,0.03831482800756516
13,noise_x4,frozen_q,0,0.0,4.0,1.0,0,0,0,2.290456212876902,3.1959152629390264,1.1286171403853924,1.9930913209220245,0.12672096987518117,2.3300451978465455,3.1959152629390264,1.3766734119609718,1.8564869989663184,3.455645380309648,1.7145905087069597,3.0002773841609076
13,noise_x4,frozen_q,180,0.05,4.0,1.0,180,180,180,1.153388222069167,1.2731934213836322,1.1350561700539084,0.2048215848743158,0.1137674142612577,1.2731934213836322,1.06428296078047,1.0746203937873742,1.188565885269119,1.7381654419524823,1.7267734080442456,0.19867737885609799
13,noise_x4,frozen_q,360,0.1,4.0,1.0,360,360,360,1.1478657271443424,1.2221795063320073,1.1377830420171164,0.15180736757775248,0.10910445617821052,1.2221795063320073,1.0902715241216436,1.1072496096948254,1.1670331914871206,1.740310319110532,1.7313997589614345,0.17588314720543682
13,noise_x4,frozen_q,720,0.2,4.0,1.0,720,720,720,1.158034420971499,1.204677313152389,1.1480997037789813,0.15136310758375146,0.09536693538858693,1.204677313152389,1.1339080987341597,1.1258018145853537,1.1660832516147943,1.755407933033116,1.7481959380384233,0.1589590311418442
13,noise_x4,frozen_q,3600,1.0,4.0,1.0,3600,3600,3600,1.1597051142278658,1.1783725727773184,1.1549097503420742,0.10535378745481887,0.08553750294583679,1.1783725727773184,1.1662959462251583,1.1559578483972794,1.1378124213325882,1.7618818054471186,1.7574861427978978,0.12437827076690361
13,noise_x4,white_rescaled_q,0,0.0,4.0,1.0,0,0,0,2.290456212876902,3.1959152629390264,1.1286171403853924,1.9930913209220245,0.12672096987518117,2.3300451978465455,3.1959152629390264,1.3766734119609718,1.8564869989663184,3.455645380309648,1.7145905087069597,3.0002773841609076
13,noise_x4,white_rescaled_q,180,0.05,4.0,1.0,180,180,180,1.141162811595646,1.1886555036488808,1.1303484130410613,0.15673234415536086,0.12097429960131213,1.1886555036488808,1.1322337847884438,1.1295529163637068,1.1127736560678565,1.7246054493747416,1.7175437562747724,0.15590831053731266
13,noise_x4,white_rescaled_q,360,0.1,4.0,1.0,360,360,360,1.138908465397485,1.1864643840693903,1.1304682095721257,0.1383984093147274,0.1199286502439136,1.1864643840693903,1.134113141645808,1.129574516622392,1.1039026356045265,1.7228449760720668,1.717636928192357,0.13385886032192346
13,noise_x4,white_rescaled_q,720,0.2,4.0,1.0,720,720,720,1.1403763520888226,1.1613737615921529,1.1325458128495631,0.13340991792341464,0.1130997912441344,1.1613737615921529,1.1451796340455025,1.1364351798228252,1.1180888029702318,1.725711729764786,1.7209844091198325,0.12764653467380327
13,noise_x4,white_rescaled_q,3600,1.0,4.0,1.0,3600,3600,3600,1.1360494456954864,1.1499373619772122,1.13239783207677,0.09101369662228648,0.10931150216979071,1.1460443446747959,1.1499373619772122,1.140010079617711,1.107716937758883,1.7235183303420774,1.720582552549281,0.10055403964109384
13,bias_half,frozen_q,0,0.0,1.0,0.5,0,0,0,2.179302227849662,2.7123226682482606,1.3080339602575055,1.7431022227980684,0.03609212209515765,1.6627136600418078,2.3362015244386365,2.7123226682482606,1.8488602614772174,3.1836543728653113,1.9113524859535005,2.5460531888206486
13,bias_half,frozen_q,180,0.05,1.0,0.5,180,180,180,1.3110789348453864,1.3680759046855364,1.3066830064836377,0.10727298803610572,0.04558758429765666,1.3680759046855364,1.290321956686657,1.2769030025042263,1.307160350870584,1.9107699667422524,1.9091932556380198,0.07760785031481979
13,bias_half,frozen_q,360,0.1,1.0,0.5,360,360,360,1.3103212100832884,1.3356493857975258,1.3081137601682775,0.07602673248629876,0.04413219909231936,1.3356493857975258,1.3020540690947728,1.2864127987357383,1.3166642415581336,1.9135287620963357,1.9120315851823142,0.07568051687945468
13,bias_half,frozen_q,720,0.2,1.0,0.5,720,720,720,1.3186785564950578,1.3268006785188948,1.316396452157526,0.07754686394025379,0.03875382146497223,1.3268006785188948,1.3214073618132907,1.3026217437481076,1.3237490992562133,1.9270955610257072,1.9258765926892367,0.06853211697213026
13,bias_half,frozen_q,3600,1.0,1.0,0.5,3600,3600,3600,1.3166454551144462,1.324685825958934,1.3160275704207092,0.04033222490878033,0.03931933225324545,1.321292141808978,1.324685825958934,1.3118533264949737,1.3086849911860066,1.9250592735665,1.9245569358253956,0.04397507829151515
13,bias_x10,frozen_q,0,0.0,1.0,10.0,0,0,0,2.048816937489523,2.569169346494302,1.5499648715086867,1.3398730314597005,0.42292066846885684,1.8992616948000705,2.0082737096456373,2.569169346494302,1.596751065201194,2.873704717439395,2.253004077006217,1.7838585796039992
13,bias_x10,frozen_q,180,0.05,1.0,10.0,180,180,180,1.5585200755075397,1.6675263881386095,1.5466719214076439,0.19180926278262694,0.42845762950620203,1.576927160069638,1.6675263881386095,1.5443253783946453,1.4365426918064266,2.262443679088384,2.246776027817185,0.2657985738731751
13,bias_x10,frozen_q,360,0.1,1.0,10.0,360,360,360,1.5573067221484829,1.6602715051738437,1.54752271179036,0.17429194858587846,0.4168098313624863,1.548277710149697,1.6602715051738437,1.5625014537517072,1.4511170785917344,2.2642651024019465,2.2484154658926703,0.26744036099650986
13,bias_x10,frozen_q,720,0.2,1.0,10.0,720,720,720,1.5642418044632882,1.6646572354738065,1.5560682546798075,0.15969974830381517,0.4061630818284966,1.5431212109841934,1.6646572354738065,1.5819876946738483,1.460280055954391,2.2753807531572434,2.2625503782910354,0.2412951668258519
13,bias_x10,frozen_q,3600,1.0,1.0,10.0,3600,3600,3600,1.5638404553691831,1.6472224733964174,1.557993795817442,0.13510108083821334,0.4101303109125924,1.5471565878428026,1.6472224733964174,1.5991100997166259,1.4554035125056792,2.2753655128843877,2.2646759886333423,0.22029726219639612
13,combined_poor,frozen_q,0,0.0,4.0,10.0,0,0,0,2.1586637388709273,2.7672578611786687,1.3738046465792906,1.6650795568240464,0.4339738465129676,2.6152568172328756,2.7672578611786687,1.3074780073153431,1.5596581420662041,3.1405205332448656,2.063797661362849,2.367194211019842
13,combined_poor,frozen_q,180,0.05,4.0,10.0,180,180,180,1.397871907442287,1.4676759518563063,1.3771086337470044,0.2400368314984103,0.4357074189399568,1.4676759518563063,1.409967133178915,1.3779132429322238,1.332463341752887,2.0876924113759348,2.069810343382923,0.2726623313582809
13,combined_poor,frozen_q,360,0.1,4.0,10.0,360,360,360,1.3948569390534356,1.4236928447523245,1.3790584921193063,0.2093407646378137,0.42176981813708875,1.4217048210826073,1.4236928447523245,1.4150661927130048,1.3160339195683015,2.0928849311351794,2.072914129218236,0.28843430423600397
13,combined_poor,frozen_q,720,0.2,4.0,10.0,720,720,720,1.4042057620644053,1.4545191499273864,1.3891459348782271,0.20510337351241711,0.4085086198556855,1.4079856629406264,1.4545191499273864,1.435022694090358,1.3152321360707842,2.106848104067715,2.089091454854735,0.2729575550642495
13,combined_poor,frozen_q,3600,1.0,4.0,10.0,3600,3600,3600,1.407588649123502,1.4707231223807833,1.3966937182575399,0.1747926271936338,0.4097206725904555,1.3924111616373485,1.4707231223807833,1.4666311637400689,1.2932056697811063,2.1152814626962715,2.0990070856711043,0.2618872290299287
13,combined_poor,white_rescaled_q,0,0.0,4.0,10.0,0,0,0,2.1586637388709273,2.7672578611786687,1.3738046465792906,1.6650795568240464,0.4339738465129676,2.6152568172328756,2.7672578611786687,1.3074780073153431,1.5596581420662041,3.1405205332448656,2.063797661362849,2.367194211019842
13,combined_poor,white_rescaled_q,180,0.05,4.0,10.0,180,180,180,1.391866802807219,1.4469200701534928,1.3750236214276725,0.21587782950714968,0.43194803811123605,1.4054098013966192,1.440955487845919,1.4469200701534928,1.2665171415339063,2.0852552804439832,2.0656159250012656,0.28551783657187124
13,combined_poor,white_rescaled_q,360,0.1,4.0,10.0,360,360,360,1.389805982680905,1.4461953607566056,1.3751700770339408,0.20116642047345212,0.4256166146666327,1.4047155848309774,1.4391625274091917,1.4461953607566056,1.2610896090059494,2.0833268027180463,2.0657301383670603,0.2702028170937599
13,combined_poor,white_rescaled_q,720,0.2,4.0,10.0,720,720,720,1.3899959456567974,1.4508192522598877,1.377215707345583,0.18805750286266165,0.424478235115538,1.3822833702696746,1.4437940746089923,1.4508192522598877,1.2760210685726459,2.0837743693552193,2.0690156128755417,0.24756820486279651
13,combined_poor,white_rescaled_q,3600,1.0,4.0,10.0,3600,3600,3600,1.3861404656783265,1.4524540648159945,1.377078447937128,0.15824139413566285,0.42340250695339465,1.3707622027160884,1.444619606772797,1.4524540648159945,1.2688593016153338,2.0816319044998552,2.068607900384497,0.23249245213240635
14,reference,frozen_q,0,0.0,1.0,1.0,0,0,0,2.1799058483621163,3.5768243121940473,0.7793282201675398,2.035838164730648,0.028263914647579443,1.6219769405811004,3.5768243121940473,1.2950924899874643,1.3806564080872132,3.171757296724431,1.118560113963551,2.9679736556739384
14,reference,frozen_q,180,0.05,1.0,1.0,180,180,180,0.7930026322262491,0.8185008953297264,0.7819559539159623,0.1319017090607141,0.03694526080221626,0.8071080161501902,0.8185008953297264,0.7888253321340755,0.7561747343472578,1.1280379953709165,1.1233987550565374,0.10220056818754865
14,reference,frozen_q,360,0.1,1.0,1.0,360,360,360,0.7873125016956992,0.8178999105531102,0.780960607821117,0.09980733619334721,0.04115991759519701,0.7660069730169266,0.8178999105531102,0.8122306893821406,0.7509981771867592,1.1246619343477966,1.1213865545588624,0.0857709847531856
14,reference,frozen_q,720,0.2,1.0,1.0,720,720,720,0.7897210563846441,0.8081597860954519,0.7837064665962175,0.09728063071624368,0.04885240382270397,0.7822870354833116,0.8081597860954519,0.8060088161288348,0.761506355958106,1.1277897801406502,1.126291493422405,0.05811419821372854
14,reference,frozen_q,3600,1.0,1.0,1.0,3600,3600,3600,0.7838608781334855,0.8062604639814844,0.7809006003693677,0.06805974295396806,0.04546878582873715,0.7768147167712441,0.8007599411080282,0.8062604639814844,0.750358568830555,1.1223007082946785,1.120325584705454,0.0665542191984814
14,noise_half,frozen_q,0,0.0,0.5,1.0,0,0,0,2.087605985655562,3.3326494048924586,0.7938798741851262,1.930765002973883,0.02204337676144802,1.6031964009111537,3.3326494048924586,1.4368553863326723,1.3004041096220773,3.0359811293588894,1.1410477332572917,2.8133950110590003
14,noise_half,frozen_q,180,0.05,0.5,1.0,180,180,180,0.8056283788292206,0.8303358041208473,0.7956796703978212,0.12621785488041193,0.030116108642489633,0.8303358041208473,0.8227930358342042,0.7902303280949379,0.7779707193954533,1.147658105681675,1.1444875073248661,0.08524947574129299
14,noise_half,frozen_q,360,0.1,0.5,1.0,360,360,360,0.7998370354153934,0.8224518914174941,0.7946117865371473,0.09127645873021442,0.03855541787696334,0.7863047536629748,0.8224518914174941,0.8163591090279226,0.7731834573154506,1.1444080860320465,1.142417429747064,0.06747061275580969
14,noise_half,frozen_q,720,0.2,0.5,1.0,720,720,720,0.8026964698661215,0.8129790317231707,0.7974592857574125,0.09154403473089327,0.044197502609987324,0.8021220166701025,0.8129790317231707,0.8110368847151959,0.7843283922727462,1.148284080210486,1.147552431629437,0.040984698683873694
14,noise_half,frozen_q,3600,1.0,0.5,1.0,3600,3600,3600,0.7973264933903941,0.813735954493285,0.7949294317078424,0.06177973508253967,0.036788996846861266,0.7949930236078331,0.8065185237186844,0.813735954493285,0.7734765076764122,1.1432249023718761,1.1422038565553014,0.04830659865258158
14,noise_half,white_rescaled_q,0,0.0,0.5,1.0,0,0,0,2.087605985655562,3.3326494048924586,0.7938798741851262,1.930765002973883,0.02204337676144802,1.6031964009111537,3.3326494048924586,1.4368553863326723,1.3004041096220773,3.0359811293588894,1.1410477332572917,2.8133950110590003
14,noise_half,white_rescaled_q,180,0.05,0.5,1.0,180,180,180,0.8057569376266114,0.8349708918972688,0.7964205774391945,0.12230497277230754,0.03335024622529836,0.8349708918972688,0.8212604395346894,0.8015651133741953,0.7634299177361588,1.14866917824872,1.1458187674004277,0.08087170909257634
14,noise_half,white_rescaled_q,360,0.1,0.5,1.0,360,360,360,0.8002804492815508,0.8243897142297281,0.795192159107218,0.09010120752066363,0.04422829129425647,0.7844191626493575,0.8206874929035959,0.8243897142297281,0.7702826788533164,1.1455364028940387,1.143472081071694,0.06874045508274253
14,noise_half,white_rescaled_q,720,0.2,0.5,1.0,720,720,720,0.8053082344891135,0.8186574930532601,0.8001736429861409,0.09079368703968922,0.05663145128521421,0.8025031902451529,0.8176291363310014,0.8186574930532601,0.7818929237949491,1.1529769714409996,1.1521216790028677,0.0444019531650656
14,noise_half,white_rescaled_q,3600,1.0,0.5,1.0,3600,3600,3600,0.7995214112831404,0.8177277746725669,0.7972557374986143,0.06014795196617356,0.05124306742428135,0.7929618177451043,0.8111075508701608,0.8177277746725669,0.775612874731704,1.1462167273999766,1.145231838664315,0.04750601941927571
14,noise_x4,frozen_q,0,0.0,4.0,1.0,0,0,0,3.125686304027842,5.202794863523939,0.71533064290427,3.0427318223118838,0.12642001027880456,2.1927535773580034,5.202794863523939,1.1171694636965592,2.440153526154751,4.615133883025614,0.9980557235559124,4.505923382718393
14,noise_x4,frozen_q,180,0.05,4.0,1.0,180,180,180,0.7589148770375542,0.8125762195270693,0.7242209536505464,0.22683871116372378,0.1125951497957769,0.7377783531123121,0.8089621785001099,0.8125762195270693,0.6669260418142645,1.0394203516273977,1.0139554700194553,0.2286678206369411
14,noise_x4,frozen_q,360,0.1,4.0,1.0,360,360,360,0.7493722957518911,0.8134678615490646,0.7238224150007153,0.19401017803968965,0.1026074997913453,0.7088763433834547,0.8074841179610863,0.8134678615490646,0.6557203045663141,1.0346240410926737,1.0125753250194096,0.2124573311721003
14,noise_x4,frozen_q,720,0.2,4.0,1.0,720,720,720,0.7462115462437664,0.7990334529324905,0.7259130544137521,0.17286384578392855,0.11128134090338639,0.7193038618297,0.7965850874471109,0.7990334529324905,0.6610040702587163,1.0324962320373607,1.0161191495027753,0.18316752764915614
14,noise_x4,frozen_q,3600,1.0,4.0,1.0,3600,3600,3600,0.733666919219237,0.7860673548963866,0.7214419295504603,0.13337425030025465,0.11994430328757734,0.7119078932686427,0.7860673548963866,0.7808965971682322,0.6469577753035067,1.023265782295524,1.006455379909907,0.18471716072762628
14,noise_x4,white_rescaled_q,0,0.0,4.0,1.0,0,0,0,3.125686304027842,5.202794863523939,0.71533064290427,3.0427318223118838,0.12642001027880456,2.1927535773580034,5.202794863523939,1.1171694636965592,2.440153526154751,4.615133883025614,0.9980557235559124,4.505923382718393
14,noise_x4,white_rescaled_q,180,0.05,4.0,1.0,180,180,180,0.7430925815996419,0.8007142284682759,0.7158759327865603,0.19926924922173167,0.12459530031433191,0.7431773243019527,0.8007142284682759,0.7433357700740607,0.6802517631097537,1.0204180734764614,0.9991190800322819,0.2073984295814694
14,noise_x4,white_rescaled_q,360,0.1,4.0,1.0,360,360,360,0.7359557544301302,0.8033327972591844,0.7157210699843569,0.1713890966755747,0.12185512154194471,0.7165178887958599,0.8033327972591844,0.7683539126924149,0.6460760687789028,1.0192989638724004,0.9988485612967017,0.20315493926276526
14,noise_x4,white_rescaled_q,720,0.2,4.0,1.0,720,720,720,0.7299465074714335,0.7662955776721146,0.7158017243333052,0.1430027804317473,0.12191688111835915,0.7172404810538419,0.7662955776721146,0.7652732118309451,0.6663345303304775,1.007999124014632,0.9990158206131695,0.13427443605862135
14,noise_x4,white_rescaled_q,3600,1.0,4.0,1.0,3600,3600,3600,0.7247988259951791,0.7639446323508856,0.7152583054805217,0.11721303086740206,0.12282054148634407,0.7114065892117787,0.7622199958028222,0.7639446323508856,0.6562341763293331,1.0073480084669755,0.9978752856540554,0.13782207531168342
14,bias_half,frozen_q,0,0.0,1.0,0.5,0,0,0,2.1806038966157564,3.620240747464985,0.8079551761592951,2.0253991673873135,0.028832176567670544,1.5994792794037467,3.620240747464985,1.2684906501617346,1.3215853553016437,3.1697384812044236,1.16678816292496,2.947176177646379
14,bias_half,frozen_q,180,0.05,1.0,0.5,180,180,180,0.8209643176037955,0.8425868807841657,0.8106972171359282,0.129431189852861,0.036244124066259896,0.8355832388850437,0.8425868807841657,0.8150705879991406,0.7895806348424395,1.1754516735797826,1.171774841886502,0.09289971390362381
14,bias_half,frozen_q,360,0.1,1.0,0.5,360,360,360,0.8155449201676369,0.8426120842211429,0.8097181288336305,0.09731427772635033,0.034718929381834705,0.7950291820052405,0.8426120842211429,0.8393419467202274,0.7835130113823424,1.1724231928362507,1.1698099424847275,0.07823580743002038
14,bias_half,frozen_q,720,0.2,1.0,0.5,720,720,720,0.8181335416330109,0.8333215168018314,0.8125250098482218,0.09563263206730435,0.042458206589073254,0.8116448555497326,0.8332338842281232,0.8333215168018314,0.7936618549790349,1.1759523383892923,1.1748141814345727,0.05172563449063975
14,bias_half,frozen_q,3600,1.0,1.0,0.5,3600,3600,3600,0.8125191233582144,0.834265557673569,0.8098212961089507,0.06615734419715337,0.03994055756988073,0.8064196528833921,0.8266933260183618,0.834265557673569,0.7816749776799443,1.1706583296566264,1.1690605488517236,0.061142112434467585
14,bias_x10,frozen_q,0,0.0,1.0,10.0,0,0,0,2.3619140475656515,2.8103688084718,0.35686485603516294,2.3347988013135006,0.2629554047400117,2.0769323835833937,2.8103688084718,1.8267046725290499,2.6011307053094708,3.544801556784886,0.29700206021286635,3.5323374489442347
14,bias_x10,frozen_q,180,0.05,1.0,10.0,180,180,180,0.4185189526911866,0.4554161955214874,0.3557850804377573,0.2203975732616543,0.2533971663003658,0.4455314566484465,0.4483274549502161,0.4554161955214874,0.3061580607761632,0.42503954537872995,0.2975303486335928,0.3035363351853122
14,bias_x10,frozen_q,360,0.1,1.0,10.0,360,360,360,0.3987118539117673,0.44112535629518107,0.3549411931468944,0.18162569162213102,0.26473495936495517,0.4018886387230325,0.43133393962007827,0.44112535629518107,0.3061528122190835,0.38883887892587643,0.2947037281316883,0.25366392409961713
14,bias_x10,frozen_q,720,0.2,1.0,10.0,720,720,720,0.3907321474223478,0.42950980508139636,0.3558668781072855,0.16133931974399088,0.2647189335275568,0.39848527165189745,0.4179339876993073,0.42950980508139636,0.30454628820316887,0.36030252485565645,0.29687446539146173,0.2041652791634628
14,bias_x10,frozen_q,3600,1.0,1.0,10.0,3600,3600,3600,0.3752364703229047,0.40609178429813164,0.3529019262801002,0.12752505278644993,0.2540826992785185,0.37907113917234864,0.3951789110227201,0.40609178429813164,0.31374798341440036,0.33992845909585884,0.28821740509280225,0.18022786883514028
14,combined_poor,frozen_q,0,0.0,4.0,10.0,0,0,0,3.305836253701388,4.451164929329437,0.4214417305479952,3.2788626387878983,0.2234177659295139,2.769944612559344,4.451164929329437,1.3458327972374664,3.7970363498769437,4.95692590933924,0.31886382309911077,4.946659512539475
14,combined_poor,frozen_q,180,0.05,4.0,10.0,180,180,180,0.5314446034758523,0.5839233857754107,0.4225299651882733,0.3223380137085951,0.234602031474281,0.5808393956250123,0.49629202668273115,0.5839233857754107,0.45286506438466173,0.5377247386340948,0.32507239494929907,0.4283407902372041
14,combined_poor,frozen_q,360,0.1,4.0,10.0,360,360,360,0.5067895124112176,0.5546176409178781,0.4227328866692862,0.2795219426418113,0.2540335214325223,0.5546176409178781,0.4834859807003811,0.544281593138193,0.43559220123853,0.49985648770361196,0.32489710758872586,0.37986626301880383
14,combined_poor,frozen_q,720,0.2,4.0,10.0,720,720,720,0.4900342152034265,0.5324025774761968,0.4231697578730914,0.24710501429891565,0.26535830645585595,0.5324025774761968,0.4721791649749806,0.5253716893294055,0.4220344156482389,0.4624501065373469,0.32546880878987994,0.3285272523570914
14,combined_poor,frozen_q,3600,1.0,4.0,10.0,3600,3600,3600,0.4650806376102381,0.49655267034569267,0.42043535457717385,0.19883186892827764,0.272893870083649,0.49655267034569267,0.45710856867198807,0.4803748247903709,0.42299790501444756,0.435452633099744,0.31736393315872297,0.29815957070589877
14,combined_poor,white_rescaled_q,0,0.0,4.0,10.0,0,0,0,3.305836253701388,4.451164929329437,0.4214417305479952,3.2788626387878983,0.2234177659295139,2.769944612559344,4.451164929329437,1.3458327972374664,3.7970363498769437,4.95692590933924,0.31886382309911077,4.946659512539475
14,combined_poor,white_rescaled_q,180,0.05,4.0,10.0,180,180,180,0.4878361485673146,0.5068650935117379,0.4207713068131195,0.246851403098647,0.22908346017022413,0.5068650935117379,0.49916233139813615,0.48149561470917485,0.4626263592839384,0.4519358344023121,0.31800821126278817,0.3211180094394519
14,combined_poor,white_rescaled_q,360,0.1,4.0,10.0,360,360,360,0.47397254583659176,0.4979028480142836,0.4206980662904093,0.2183188292986441,0.2322670671190405,0.4862984089388366,0.4979028480142836,0.47279158992738446,0.43666305170467123,0.44449813825757417,0.31803440874063893,0.3105361649976404
14,combined_poor,white_rescaled_q,720,0.2,4.0,10.0,720,720,720,0.4616193161081864,0.49359021610844267,0.42090102101392984,0.18956456291622933,0.23297618856869873,0.49359021610844267,0.46273746048637293,0.47411441411065214,0.4121017296419853,0.3951505440325529,0.31851899885692586,0.23385807622659557
14,combined_poor,white_rescaled_q,3600,1.0,4.0,10.0,3600,3600,3600,0.451189022683631,0.4780198170092299,0.42068840169817673,0.16307299858297697,0.23137407120468062,0.4780198170092299,0.45711477056532834,0.45483212997743516,0.41225842790475425,0.3900739100789727,0.31795228909779116,0.2259734435321396
15,reference,frozen_q,0,0.0,1.0,1.0,0,0,0,1.3532758646775767,2.2056794958061774,0.8298853097330247,1.068946181343179,0.0629815206042384,1.0014333683581076,0.49473031790797106,2.2056794958061774,1.1012598906421627,1.9493020131743886,1.1988156576705744,1.5370814413978175
15,reference,frozen_q,180,0.05,1.0,1.0,180,180,180,0.8425783704466919,0.8566282001229258,0.8364310687903956,0.10159418047683295,0.06884649148516415,0.8556513286662433,0.8566282001229258,0.8264167846889862,0.8311663310484716,1.2128961682632606,1.2098776243875742,0.08551753617813909
15,reference,frozen_q,360,0.1,1.0,1.0,360,360,360,0.8351837773197426,0.8734750019957035,0.8321539060207265,0.07107614643831936,0.05994631348862908,0.825361539439173,0.8055625091735527,0.8348751772028602,0.8734750019957035,1.202519996833735,1.2002770179995659,0.07341268859724237
15,reference,frozen_q,720,0.2,1.0,1.0,720,720,720,0.8316610057096604,0.8444871403387356,0.8296380035669092,0.057972506031023205,0.05494739386815032,0.823737277034372,0.833835503322181,0.8244130247017948,0.8444871403387356,1.196909011852249,1.1960643025314253,0.04495961368986721
15,reference,frozen_q,3600,1.0,1.0,1.0,3600,3600,3600,0.8338895002694479,0.8345485764106609,0.8332709833577049,0.032111788391696684,0.057101997225199715,0.8334295462390596,0.8338102553693558,0.8345485764106609,0.8337692233142819,1.2038983151684743,1.2035432700564728,0.029236114093076904
15,noise_half,frozen_q,0,0.0,0.5,1.0,0,0,0,1.3713648704618187,2.186560388639113,0.806972987712943,1.10879944310881,0.05243312587898524,1.0426101676926522,0.7720079259856777,2.186560388639113,1.0288284108735557,1.9802802207824506,1.1688615323718394,1.5985219644920579
15,noise_half,frozen_q,180,0.05,0.5,1.0,180,180,180,0.8204192249946721,0.8373814462654059,0.8133742737770668,0.10728464707723778,0.0628047963257921,0.8300160058300862,0.8373814462654059,0.8085293279594011,0.805293044990009,1.1833953094823788,1.1799707507201933,0.0899638035529765
15,noise_half,frozen_q,360,0.1,0.5,1.0,360,360,360,0.8120126399191495,0.847158186386393,0.8089161078079377,0.07084672128845047,0.05158037489637816,0.7952137317640168,0.7856724464197993,0.8186177646148763,0.847158186386393,1.1720075476341383,1.17012911020067,0.06632915778430853
15,noise_half,frozen_q,720,0.2,0.5,1.0,720,720,720,0.8086563401080259,0.8171129634922001,0.8063966581300781,0.060411142627409715,0.04592324080804783,0.7970999294941487,0.8142745924381,0.805987159321296,0.8171129634922001,1.1668967713622989,1.1660625620301364,0.04411548988135947
15,noise_half,frozen_q,3600,1.0,0.5,1.0,3600,3600,3600,0.8099297671572505,0.8139177533915716,0.8092097959177857,0.03414284578200378,0.051464115689937244,0.806697605124906,0.8139177533915716,0.8124976447482612,0.806578795151397,1.172634683737199,1.1722286370663568,0.030856505715842693
15,noise_half,white_rescaled_q,0,0.0,0.5,1.0,0,0,0,1.3713648704618187,2.186560388639113,0.806972987712943,1.10879944310881,0.05243312587898524,1.0426101676926522,0.7720079259856777,2.186560388639113,1.0288284108735557,1.9802802207824506,1.1688615323718394,1.5985219644920579
15,noise_half,white_rescaled_q,180,0.05,0.5,1.0,180,180,180,0.8209127234340352,0.8313326480981865,0.8153254762362186,0.09561415844982422,0.06561122371902102,0.8313326480981865,0.8293555190605276,0.8058348760096589,0.8168698805807063,1.1847956600264349,1.182641194036091,0.07141822026880719
15,noise_half,white_rescaled_q,360,0.1,0.5,1.0,360,360,360,0.8120662935681919,0.842432332997354,0.809716610993255,0.06173066524166674,0.049985504297179933,0.8024149438863719,0.7890763349589185,0.8133899558972874,0.842432332997354,1.1709709572751583,1.169870567870143,0.0507527064607414
15,noise_half,white_rescaled_q,720,0.2,0.5,1.0,720,720,720,0.807791386701237,0.8160990050146176,0.8058552143750493,0.055895419251051105,0.05092170070107421,0.8004517373773569,0.8132457146691685,0.8012481110310241,0.8160990050146176,1.164417982437076,1.1638679508725118,0.03578590161852676
15,noise_half,white_rescaled_q,3600,1.0,0.5,1.0,3600,3600,3600,0.8132288491953471,0.8170144774559103,0.8127663237081231,0.027423789117684467,0.057693095548976045,0.8122035833327025,0.8170144774559103,0.813652946965582,0.8100285238172439,1.177609929005736,1.1773862954383925,0.022948991410368453
15,noise_x4,frozen_q,0,0.0,4.0,1.0,0,0,0,1.9851669113085264,2.4525909764097613,1.0424509374547055,1.6894329547969762,0.16745124722679613,1.5365869357886837,1.336831303983762,2.366459553616539,2.4525909764097613,2.963335593792621,1.5139976689901389,2.547384717652733
15,noise_x4,frozen_q,180,0.05,4.0,1.0,180,180,180,1.0540192470793706,1.1095443515754657,1.0452344369895028,0.13579965001796035,0.14780985213144449,1.1095443515754657,1.04885377144795,0.9841660963716873,1.0696076316172958,1.5206074803398335,1.5163023536448523,0.11434282485813428
15,noise_x4,frozen_q,360,0.1,4.0,1.0,360,360,360,1.049959004003949,1.1075568513477025,1.04190392092458,0.12980804925331665,0.14638360732236394,1.0971103977354821,1.0036884394472376,0.9858659914457361,1.1075568513477025,1.5150189932694558,1.508143161954413,0.14417611805475994
15,noise_x4,frozen_q,720,0.2,4.0,1.0,720,720,720,1.0440365962495006,1.0827335487065002,1.0395846782947356,0.09631256908147523,0.14195725801542786,1.0745808102313665,1.0263245890682382,0.9897836328687234,1.0827335487065002,1.5066266709946938,1.5033884262981685,0.09872773382019304
15,noise_x4,frozen_q,3600,1.0,4.0,1.0,3600,3600,3600,1.049562478314123,1.0795354487099584,1.0471499876462638,0.07112172141697658,0.13473109216558607,1.0795354487099584,1.026499902913672,1.0211028976130658,1.069848409973371,1.5183305190923033,1.5163879725666025,0.07677943645568094
15,noise_x4,white_rescaled_q,0,0.0,4.0,1.0,0,0,0,1.9851669113085264,2.4525909764097613,1.0424509374547055,1.6894329547969762,0.16745124722679613,1.5365869357886837,1.336831303983762,2.366459553616539,2.4525909764097613,2.963335593792621,1.5139976689901389,2.547384717652733
15,noise_x4,white_rescaled_q,180,0.05,4.0,1.0,180,180,180,1.0523900253578207,1.0695514268136073,1.044000010198106,0.13262256285786844,0.1620935087874786,1.0660993448895424,1.0425760611063117,1.0308375967753873,1.0695514268136073,1.5211418134778583,1.5164310057436554,0.11962199434047553
15,noise_x4,white_rescaled_q,360,0.1,4.0,1.0,360,360,360,1.0507350649172325,1.1039611527003956,1.0432668048942988,0.12505419006279572,0.16102261454992892,1.0726978722661078,1.0027450509579283,1.0204254590757935,1.1039611527003956,1.5227223306654651,1.5143972860772803,0.15900992493877278
15,noise_x4,white_rescaled_q,720,0.2,4.0,1.0,720,720,720,1.0466309639934057,1.0882306387601222,1.0423220896643255,0.09487379083582186,0.1608769646334818,1.0634560037600538,1.022034874304579,1.010942935973499,1.0882306387601222,1.5172701699257964,1.512877772197702,0.11536730445309538
15,noise_x4,white_rescaled_q,3600,1.0,4.0,1.0,3600,3600,3600,1.0454331840477271,1.0561198587826213,1.0429252046702253,0.0723709870855563,0.16017643560392603,1.0507848565167337,1.0340878626213879,1.0405991018696357,1.0561198587826213,1.516277476301018,1.5142148242122528,0.07906232524812713
15,bias_half,frozen_q,0,0.0,1.0,0.5,0,0,0,1.3520040829313273,2.1966500110004166,0.8353206676496425,1.063087213007632,0.046898213236869574,0.9921762949525711,0.5381067811318838,2.1966500110004166,1.1010977168525273,1.94574546775742,1.205171047519236,1.5275759135047686
15,bias_half,frozen_q,180,0.05,1.0,0.5,180,180,180,0.8477674986363426,0.8610932752498123,0.8419654952503371,0.09901432498369062,0.05193277871998977,0.8610932752498123,0.8586536833115403,0.8293762743153834,0.8415498476230004,1.2190861013745595,1.2163953847385187,0.08095177917411099
15,bias_half,frozen_q,360,0.1,1.0,0.5,360,360,360,0.8408486583414297,0.8839586228149076,0.8376530584696087,0.07323810395615803,0.04695083772767535,0.8306733644555496,0.8072610690435743,0.8396632337313749,0.8839586228149076,1.2094110169128667,1.206714427986863,0.0807173904344825
15,bias_half,frozen_q,720,0.2,1.0,0.5,720,720,720,0.8371444355299584,0.8545205951701015,0.8351286726419437,0.05805950456280044,0.04246145100242166,0.8293736772682357,0.8351752617455757,0.8292522908066041,0.8545205951701015,1.2034309932423843,1.2024961244669021,0.04742600698385286
15,bias_half,frozen_q,3600,1.0,1.0,0.5,3600,3600,3600,0.8392072350398538,0.8435132684358732,0.838581951849229,0.03238971095847635,0.03784953202100649,0.8389946188427319,0.8349977432181018,0.8393016726536375,0.8435132684358732,1.210055738655748,1.2096565990580557,0.031077371333596938
15,bias_x10,frozen_q,0,0.0,1.0,10.0,0,0,0,1.6251774395637717,2.4011686815432514,0.7692542722766406,1.431589876553754,0.48472786529944856,1.236407761807388,1.4211154055344657,2.4011686815432514,1.118446535932373,2.4560389827418474,1.154004919189075,2.1680406202917473
15,bias_x10,frozen_q,180,0.05,1.0,10.0,180,180,180,0.7968892049056873,0.8716524453075705,0.7741567511783944,0.18898076489455712,0.4828516849723558,0.7820216093803579,0.8716524453075705,0.8425119150284028,0.6774714087454414,1.1886642060961647,1.1624398040723156,0.24830686007950303
15,bias_x10,frozen_q,360,0.1,1.0,10.0,360,360,360,0.7805140660689645,0.8234724608309905,0.7708161676373343,0.12265660618328285,0.46623686879970644,0.7566624039245086,0.8229306513644832,0.8234724608309905,0.7134066758245223,1.1661616825534118,1.155092878632353,0.1602919573423091
15,bias_x10,frozen_q,720,0.2,1.0,10.0,720,720,720,0.7805862808815919,0.8517517025700918,0.7684238809273501,0.13725771789267457,0.4584417077644644,0.7493869011571053,0.8517517025700918,0.8173309343311993,0.6943833386038384,1.1678798555880068,1.151046528268943,0.19757339610452773
15,bias_x10,frozen_q,3600,1.0,1.0,10.0,3600,3600,3600,0.7851002222391033,0.8499956212797165,0.775302573687837,0.12364577709289433,0.4687629463547959,0.7609577975489578,0.8499956212797165,0.8313411693230511,0.6876423272188011,1.180258837310448,1.1641263296909055,0.1944757351696904
15,combined_poor,frozen_q,0,0.0,4.0,10.0,0,0,0,2.283728718276449,2.6308900653886,1.0559644217123931,2.0249335788509715,0.5099966007530811,1.4040021198567532,2.6308900653886,2.493739910783735,2.3979416597081795,3.507434272722132,1.6046061938249847,3.118867445115988
15,combined_poor,frozen_q,180,0.05,4.0,10.0,180,180,180,1.0699531617089184,1.1328550183318677,1.0554451035133645,0.1756001187943064,0.4980345625073954,1.0802206521958502,1.1328550183318677,1.0763396313668159,0.9851167042349176,1.6136698276258274,1.6020554562685636,0.19325793031617797
15,combined_poor,frozen_q,360,0.1,4.0,10.0,360,360,360,1.0596877495755574,1.088671380368053,1.053075542256711,0.11819487679778336,0.4857647547531733,1.0755176984869275,1.088671380368053,1.0586215905401166,1.0144600239798784,1.5996816424756888,1.5963412830976051,0.10332407827805153
15,combined_poor,frozen_q,720,0.2,4.0,10.0,720,720,720,1.0568904438362337,1.108225930022653,1.05080725023493,0.11323220887210633,0.4795965701094062,1.0501028062927513,1.108225930022653,1.0676085886681423,0.9986996178696258,1.597737417706807,1.5918825450255563,0.1366558406485966
15,combined_poor,frozen_q,3600,1.0,4.0,10.0,3600,3600,3600,1.064429703047101,1.1034764271156652,1.060172323269545,0.09510645457693698,0.493464882866011,1.058832143902641,1.1034764271156652,1.1007872964683496,0.9907189130566965,1.6134027738552794,1.6077868248819203,0.134499206020047
15,combined_poor,white_rescaled_q,0,0.0,4.0,10.0,0,0,0,2.283728718276449,2.6308900653886,1.0559644217123931,2.0249335788509715,0.5099966007530811,1.4040021198567532,2.6308900653886,2.493739910783735,2.3979416597081795,3.507434272722132,1.6046061938249847,3.118867445115988
15,combined_poor,white_rescaled_q,180,0.05,4.0,10.0,180,180,180,1.0709244853049127,1.1187874783956335,1.0573306363829589,0.17009167702036265,0.511759274492743,1.042886984057225,1.1170630814384777,1.1187874783956335,1.0001941819760323,1.617111326036901,1.6068503106208998,0.18188215980228056
15,combined_poor,white_rescaled_q,360,0.1,4.0,10.0,360,360,360,1.0626058809672847,1.088800151657992,1.056884509947898,0.1101198932911335,0.5069672703907692,1.0569597152317627,1.0797850367154178,1.088800151657992,1.0236892583578487,1.610114033748948,1.6055110538608839,0.12166124118149711
15,combined_poor,white_rescaled_q,720,0.2,4.0,10.0,720,720,720,1.0611652726548957,1.0944638464704066,1.055960677195458,0.10497039632986495,0.505183775809915,1.0460910527381724,1.0944638464704066,1.085004738332298,1.017297429222035,1.6089941868545745,1.6039962674093524,0.1267212194886012
15,combined_poor,white_rescaled_q,3600,1.0,4.0,10.0,3600,3600,3600,1.0632268880630333,1.1187388958653552,1.0567885653402103,0.11683040557312989,0.5074434299407765,1.036002825499246,1.1018425406291281,1.1187388958653552,0.9913980563307055,1.6134756205615355,1.6056803948120824,0.15841100928454183
16,reference,frozen_q,0,0.0,1.0,1.0,0,0,0,1.929807488959068,2.966477657437607,0.9893089685814151,1.656932318812956,0.050627981921900794,0.9794592381707712,2.966477657437607,1.617209149224715,1.5880592728608365,2.79632402838403,1.41072936478954,2.4143882726352013
16,reference,frozen_q,180,0.05,1.0,1.0,180,180,180,0.9973521199936906,1.0242337226649585,0.9923775202797781,0.09948923810778477,0.07440372021621855,1.0242337226649585,0.9953375113000851,1.0112021359933634,0.957373367678946,1.4198586155651822,1.4167738097494331,0.09354389452418911
16,reference,frozen_q,360,0.1,1.0,1.0,360,360,360,0.9944084192086577,1.0165190929793244,0.9915291311177291,0.0756180291860544,0.07991167979077113,1.0165190929793244,1.0023068160464448,0.9830135853512653,0.975267495563359,1.4178381815037784,1.4161538937081506,0.06908877090516152
16,reference,frozen_q,720,0.2,1.0,1.0,720,720,720,0.9910056601687792,0.9984149556185463,0.9898207736268417,0.048446409395521084,0.05654819418598712,0.9930334381487654,0.9927949162915282,0.9796832627168782,0.9984149556185463,1.4140476810494276,1.4132412026895322,0.0477508879698391
16,reference,frozen_q,3600,1.0,1.0,1.0,3600,3600,3600,0.993259307365962,1.0011557671149072,0.992323830893105,0.04309833303902413,0.07073021437205472,0.9830439984895114,1.0011557671149072,0.9952928698796248,0.9934585732930864,1.4191221141454362,1.4187398571148229,0.032936191194867355
16,noise_half,frozen_q,0,0.0,0.5,1.0,0,0,0,1.8807686818212621,2.8730409469207507,1.0032548061966782,1.590839598565158,0.04502738056393278,1.1037100532992639,2.8730409469207507,1.4824412065017574,1.5744812615294104,2.71887429469055,1.438534553833918,2.3071401708077657
16,noise_half,frozen_q,180,0.05,0.5,1.0,180,180,180,1.0102562541116562,1.037596191944531,1.005509916026179,0.0978136378259269,0.06255425321347394,1.037596191944531,1.0046160417126524,1.0360985353957435,0.960786850468646,1.445521395725566,1.4427342752852876,0.08972132643593608
16,noise_half,frozen_q,360,0.1,0.5,1.0,360,360,360,1.0068557718866924,1.0300714027877085,1.0043867248486087,0.07046880394495429,0.06914775683760095,1.0300714027877085,1.012542514799673,1.0035177587425799,0.9806614351021319,1.4430113781202205,1.4415036945735171,0.0659464624928296
16,noise_half,frozen_q,720,0.2,0.5,1.0,720,720,720,1.004237263146896,1.0091900048070295,1.0032039543632325,0.045544556675212455,0.04784314932589737,1.0091900048070295,1.0046960200721473,0.9996683124568059,1.0033716306980236,1.4401176662222535,1.4394385795841582,0.04422067582219197
16,noise_half,frozen_q,3600,1.0,0.5,1.0,3600,3600,3600,1.0061767302043485,1.0133338087527886,1.0054155086091854,0.03913141260991299,0.059293777581010475,0.9980317762886095,1.0119860894446708,1.0133338087527886,1.001268080958395,1.4444676717039957,1.4441905896476361,0.02829125962510235
16,noise_half,white_rescaled_q,0,0.0,0.5,1.0,0,0,0,1.8807686818212621,2.8730409469207507,1.0032548061966782,1.590839598565158,0.04502738056393278,1.1037100532992639,2.8730409469207507,1.4824412065017574,1.5744812615294104,2.71887429469055,1.438534553833918,2.3071401708077657
16,noise_half,white_rescaled_q,180,0.05,0.5,1.0,180,180,180,1.0099815429652585,1.0406374359250798,1.0056304992418224,0.09364836424160089,0.07525995593632813,1.0406374359250798,1.0032804681700573,1.0277402088129832,0.9666969332995372,1.4457796511124617,1.4437046223433705,0.07743231234605671
16,noise_half,white_rescaled_q,360,0.1,0.5,1.0,360,360,360,1.0081450354201733,1.0294104289641413,1.0058517297318637,0.06796109355918634,0.08697898804150893,1.0294104289641413,1.0122702319928847,1.0017689377275723,0.9886899369036166,1.446493204372015,1.4450912829825568,0.06366925586377863
16,noise_half,white_rescaled_q,720,0.2,0.5,1.0,720,720,720,1.0075769135561492,1.0130413258373774,1.00682134872039,0.039012927244571866,0.06979016342553519,1.0130413258373774,1.007652933395425,1.0017294441660256,1.0078521248583105,1.4474914561128709,1.447067411301965,0.03503459244216364
16,noise_half,white_rescaled_q,3600,1.0,0.5,1.0,3600,3600,3600,1.008184420302774,1.013790672120581,1.0075160595004715,0.03670443011249275,0.09162389021757796,1.0008902330458251,1.012678517844695,1.013790672120581,1.0053222047560717,1.4504292656118538,1.4502196913950924,0.02465565317052445
16,noise_x4,frozen_q,0,0.0,4.0,1.0,0,0,0,2.3835150326468715,3.538884431239016,1.0190451757468335,2.1546904280292147,0.10001702339125527,0.3678164794428689,3.538884431239016,2.5925845524941944,1.8286850470672384,3.518574765330196,1.4468892611124005,3.207316611327304
16,noise_x4,frozen_q,180,0.05,4.0,1.0,180,180,180,1.0430027718795807,1.0784896629053076,1.0313222526123516,0.15565729476986834,0.15934452408115712,1.0642858396060029,1.0784896629053076,0.9802456930210964,1.0462758759180508,1.4805754210262232,1.4721379218419919,0.15784016099117273
16,noise_x4,frozen_q,360,0.1,4.0,1.0,360,360,360,1.0430175738563359,1.0755311495367,1.0335479673040409,0.14022930740341816,0.16702751285497747,1.0575689342741337,1.0755311495367,0.9795743351861359,1.0567674554847957,1.4832396921905417,1.4779120778442982,0.12560204875495548
16,noise_x4,frozen_q,720,0.2,4.0,1.0,720,720,720,1.0364783489047378,1.0843958653776078,1.0308480989149043,0.10788681435569092,0.1504250902175347,1.0230639937749673,1.0552404847817498,0.980327833973871,1.0843958653776078,1.4777273622751539,1.4741101159623036,0.10333210166394587
16,noise_x4,frozen_q,3600,1.0,4.0,1.0,3600,3600,3600,1.0411476891294413,1.0702865645502941,1.036870230372631,0.09427956271951306,0.1804345460006748,1.024395815576248,1.0633885996249293,1.005116217797244,1.0702865645502941,1.4894924242808463,1.4872350479209844,0.08197313111928416
16,noise_x4,white_rescaled_q,0,0.0,4.0,1.0,0,0,0,2.3835150326468715,3.538884431239016,1.0190451757468335,2.1546904280292147,0.10001702339125527,0.3678164794428689,3.538884431239016,2.5925845524941944,1.8286850470672384,3.518574765330196,1.4468892611124005,3.207316611327304
16,noise_x4,white_rescaled_q,180,0.05,4.0,1.0,180,180,180,1.0304736410593123,1.0554462779551887,1.0208881082669867,0.1402262290625015,0.11244222131049868,1.0341935506106097,1.0554462779551887,1.014131307043174,1.0176041695929743,1.4563374397174123,1.4506023760890265,0.1291181041044895
16,noise_x4,white_rescaled_q,360,0.1,4.0,1.0,360,360,360,1.027545069748159,1.0493792381075553,1.020976140256959,0.11600254906574836,0.11335573105198837,1.0493792381075553,1.0422754034242054,0.9925348413028166,1.0250537880036863,1.4545820843194486,1.451139418837623,0.10001713412569599
16,noise_x4,white_rescaled_q,720,0.2,4.0,1.0,720,720,720,1.0256984664766053,1.0731804584464881,1.0196815011981006,0.11093682998377061,0.10501513043268375,1.0103186255760574,1.0320236586545308,0.9852393226672616,1.0731804584464881,1.4530567486823827,1.4489824994709688,0.10873652154764452
16,noise_x4,white_rescaled_q,3600,1.0,4.0,1.0,3600,3600,3600,1.027173732683341,1.0835268712296406,1.0204130116877266,0.11765697043954217,0.10782819026685403,0.9948876012691518,1.0259140980701618,1.0020039680578214,1.0835268712296406,1.4529255252759508,1.4505018996743961,0.08388576183933158
16,bias_half,frozen_q,0,0.0,1.0,0.5,0,0,0,1.9403422520653728,2.9683087277096667,1.0233241558349497,1.648555648813473,0.032554096739193815,1.011255284047331,2.9683087277096667,1.6233411383799692,1.60965270059497,2.819183638061466,1.4646265439629482,2.408872240662139
16,bias_half,frozen_q,180,0.05,1.0,0.5,180,180,180,1.0297984103003714,1.0567411346655127,1.025141989687218,0.09781956265136273,0.056939670015876076,1.0567411346655127,1.0273403068059428,1.0394348950947316,0.9946779532118949,1.4707324998682558,1.4680819542639705,0.08825792731086692
16,bias_half,frozen_q,360,0.1,1.0,0.5,360,360,360,1.0266704415173278,1.049702389561219,1.024002565743307,0.07396580856388545,0.06120965005733919,1.049702389561219,1.0336386811633764,1.0115497585257058,1.0112822742046017,1.4682234788584865,1.466849523498235,0.063503222629387
16,bias_half,frozen_q,720,0.2,1.0,0.5,720,720,720,1.0232922735767889,1.0337939676210965,1.0221027436726025,0.049326043211392744,0.03545978284067652,1.0265545410948036,1.0241590384050783,1.0084951062691705,1.0337939676210965,1.4644122887813713,1.4635816267306379,0.049317070375223336
16,bias_half,frozen_q,3600,1.0,1.0,0.5,3600,3600,3600,1.0250972143499764,1.0313229136474908,1.0242549306233892,0.04154679243644819,0.04759312997061543,1.0166155148212375,1.0313229136474908,1.0246957971038217,1.027697261687744,1.4686956562279954,1.4683734562489683,0.03076237322510487
16,bias_x10,frozen_q,0,0.0,1.0,10.0,0,0,0,2.0230827483456144,2.9469856060603887,0.4473279935047237,1.9730082292987738,0.4175248808729232,1.9424686219311869,2.9469856060603887,1.5660940515287087,1.208675365375925,2.832983839850683,0.5318182908468515,2.7826186843288196
16,bias_x10,frozen_q,180,0.05,1.0,10.0,180,180,180,0.5021861395038795,0.5597717012027643,0.465711751450153,0.1878922118424308,0.5125635485156376,0.5597717012027643,0.5035084243391066,0.530907908328077,0.4000442186384625,0.6312210775942305,0.5785179753678925,0.2525014870757323
16,bias_x10,frozen_q,360,0.1,1.0,10.0,360,360,360,0.4944054024755143,0.5200693332475006,0.4684008895890671,0.15823181926889998,0.5369488534663595,0.5149762013920658,0.5200693332475006,0.5010329301779237,0.43708147007225473,0.6233628586510498,0.5871243129553398,0.20944281960078964
16,bias_x10,frozen_q,720,0.2,1.0,10.0,720,720,720,0.4804449318460532,0.4994703701322115,0.46806237919828214,0.10837408230662071,0.5394427308562527,0.46858969664414074,0.4994703701322115,0.4967306002629566,0.45554482377432604,0.6009431226818123,0.5861650681678393,0.13245055514553358
16,bias_x10,frozen_q,3600,1.0,1.0,10.0,3600,3600,3600,0.4864444836445529,0.5328368094566132,0.4743841560896456,0.1076471463594387,0.581582158994303,0.44532675954986906,0.5328368094566132,0.4987781206113402,0.46422229673852733,0.6136351376479846,0.6015840687023504,0.12101524879033573
16,combined_poor,frozen_q,0,0.0,4.0,10.0,0,0,0,2.523899722314784,3.512648235729931,0.6612536129546768,2.4357367402194825,0.4409016270730484,2.0386077127770386,3.512648235729931,2.628941261253581,1.440252770700467,3.681243129587909,0.9933514988504807,3.544686696856252
16,combined_poor,frozen_q,180,0.05,4.0,10.0,180,180,180,0.7211458631181608,0.8320646253540821,0.6839859764787698,0.22850501060769035,0.5538421563848459,0.8320646253540821,0.7815785731610755,0.608037446506445,0.6382000316715271,1.0722109134368347,1.0369879924025234,0.2725658571905792
16,combined_poor,frozen_q,360,0.1,4.0,10.0,360,360,360,0.7197597898311858,0.7872771761538635,0.6892432711702435,0.20735927325387443,0.5794668118956338,0.7872771761538635,0.7783999542679733,0.6253793884356954,0.6748373136200616,1.0728771313792824,1.0479955696469514,0.2297185779100163
16,combined_poor,frozen_q,720,0.2,4.0,10.0,720,720,720,0.7050269566370807,0.749060418111629,0.6871746131338996,0.15765170677547213,0.5824089545247348,0.7268235297521248,0.749060418111629,0.6301438611015814,0.7083832291019184,1.0567821299656002,1.0449892609212212,0.15743543049120357
16,combined_poor,frozen_q,3600,1.0,4.0,10.0,3600,3600,3600,0.7110216891424815,0.7718094521169676,0.6952768846348204,0.14880153266524648,0.6312126235686346,0.708704754177325,0.7718094521169676,0.6428641537765688,0.7148292037561211,1.0705278545466932,1.0608193273033124,0.14384798288503636
16,combined_poor,white_rescaled_q,0,0.0,4.0,10.0,0,0,0,2.523899722314784,3.512648235729931,0.6612536129546768,2.4357367402194825,0.4409016270730484,2.0386077127770386,3.512648235729931,2.628941261253581,1.440252770700467,3.681243129587909,0.9933514988504807,3.544686696856252
16,combined_poor,white_rescaled_q,180,0.05,4.0,10.0,180,180,180,0.6902530177825316,0.7617001737863314,0.6639331989521362,0.18879071981184622,0.464569128092964,0.7057928022107243,0.7617001737863314,0.6211235336064763,0.6645839569483881,1.0156359391808034,0.9983781050602604,0.18643368872592794
16,combined_poor,white_rescaled_q,360,0.1,4.0,10.0,360,360,360,0.6829109949535828,0.7478383453410152,0.6643262638978369,0.15823413703759961,0.4691054696040642,0.6861093391862952,0.7478383453410152,0.6224442246813325,0.669346456772412,1.0135025243957383,0.999370503693877,0.16865931134443932
16,combined_poor,white_rescaled_q,720,0.2,4.0,10.0,720,720,720,0.6796714979034338,0.7232542231318198,0.6631692853881452,0.14886182848559365,0.46095599531824133,0.6647051051472672,0.7232542231318198,0.6129974263793339,0.7121221716915227,1.0076907239779545,0.9973930371238087,0.14369316159149187
16,combined_poor,white_rescaled_q,3600,1.0,4.0,10.0,3600,3600,3600,0.6821893965471183,0.7217480090678616,0.6639923376163435,0.1565137321390849,0.4653677192100665,0.6471860238594692,0.7217480090678616,0.6437138557463046,0.7123145547390282,1.0030834667839013,0.9990063539847043,0.09034791659688444
17,reference,frozen_q,0,0.0,1.0,1.0,0,0,0,3.0352821838503328,3.642007141425323,1.1857848086836698,2.794074502065805,0.02465528616483776,3.3799859583609777,2.4626552883574533,3.642007141425323,2.4695261845567855,4.441547354078254,1.7651120371197102,4.075748077952641
17,reference,frozen_q,180,0.05,1.0,1.0,180,180,180,1.1975735880238765,1.2092067878686055,1.1917779441949938,0.1176768051178139,0.041475927118589585,1.169760350970099,1.2092067878686055,1.2074090091169367,1.2034837535686074,1.7767025160972196,1.7747053174786807,0.0842191594536915
17,reference,frozen_q,360,0.1,1.0,1.0,360,360,360,1.1878759231461027,1.2323032925452322,1.1841884997723093,0.09352435937878775,0.040030761311548535,1.143459107870579,1.1986348000374185,1.2323032925452322,1.175330300430513,1.7639741984195267,1.7614868316104417,0.09364355158161938
17,reference,frozen_q,720,0.2,1.0,1.0,720,720,720,1.1885328554283465,1.2021840056001754,1.1869055223433105,0.06217418647326094,0.02844816967603751,1.1629511308713503,1.194201817926261,1.2021840056001754,1.1944126990602582,1.7666491322414868,1.7660996411096714,0.04405921154410559
17,reference,frozen_q,3600,1.0,1.0,1.0,3600,3600,3600,1.183811859604837,1.1995384698559721,1.1829437787705301,0.04532698102853514,0.03564139124580658,1.1736167656955583,1.1823914602457126,1.1995384698559721,1.1795438343343396,1.7600571144514092,1.7596678851213328,0.037013243624912234
17,noise_half,frozen_q,0,0.0,0.5,1.0,0,0,0,3.048890633443835,3.765320647780494,1.124202898800802,2.8340610326930893,0.02836873639566448,3.4536339231407087,2.4541543903555736,3.765320647780494,2.2482961885468398,4.448764973118318,1.6581129643643806,4.1282164651882285
17,noise_half,frozen_q,180,0.05,0.5,1.0,180,180,180,1.135271629798544,1.146155704280921,1.1290388768234485,0.11879767694146205,0.04697080643241862,1.114549966985197,1.146155704280921,1.1445655020828396,1.1355359870040336,1.6677544424900677,1.6657636355139387,0.08146404755929414
17,noise_half,frozen_q,360,0.1,0.5,1.0,360,360,360,1.1257584069693443,1.167557356815958,1.122254802830287,0.08874766693558506,0.03443612420075113,1.0875647185240866,1.1364062678524618,1.167557356815958,1.109919618441274,1.6561526058295652,1.6538976677638335,0.08639420328593471
17,noise_half,frozen_q,720,0.2,0.5,1.0,720,720,720,1.1264196606124572,1.137845784514779,1.124737921240917,0.06152934533167023,0.02847736486741621,1.1031184095197921,1.131885351919792,1.137845784514779,1.1325004647270611,1.6585785861794635,1.658100722696615,0.03981105281240493
17,noise_half,frozen_q,3600,1.0,0.5,1.0,3600,3600,3600,1.122384565074841,1.1355216001197563,1.1215122441594663,0.04424249222905041,0.020935533614998895,1.1124311622707694,1.1220328562063269,1.1355216001197563,1.119427676152779,1.6532213986010644,1.6529213843285668,0.031494285541885825
17,noise_half,white_rescaled_q,0,0.0,0.5,1.0,0,0,0,3.048890633443835,3.765320647780494,1.124202898800802,2.8340610326930893,0.02836873639566448,3.4536339231407087,2.4541543903555736,3.765320647780494,2.2482961885468398,4.448764973118318,1.6581129643643806,4.1282164651882285
17,noise_half,white_rescaled_q,180,0.05,0.5,1.0,180,180,180,1.140310460055574,1.1573981768358823,1.1349748088936695,0.11018225124280992,0.0666192763041353,1.1148584570245577,1.1499447412425614,1.1385863842480304,1.1573981768358823,1.6769498212365277,1.6758350805458002,0.06113497981739983
17,noise_half,white_rescaled_q,360,0.1,0.5,1.0,360,360,360,1.1295603204847278,1.163384469696654,1.1264386978919754,0.08391887454555057,0.041938342977739,1.0800246803339892,1.1437937040180441,1.163384469696654,1.1293561434025245,1.6625707526266609,1.6609883145070596,0.07252121455531814
17,noise_half,white_rescaled_q,720,0.2,0.5,1.0,720,720,720,1.1291384511343303,1.1409058217911003,1.1273972895363027,0.06268168294033576,0.044547223410454,1.0996429152768894,1.1375765160204703,1.1379163423571133,1.1409058217911003,1.6622341151865552,1.6619348310382493,0.03154157687712888
17,noise_half,white_rescaled_q,3600,1.0,0.5,1.0,3600,3600,3600,1.1220492261930368,1.1352575591459748,1.1212381134256044,0.04265628912814548,0.043207145280194086,1.1095262235340855,1.1221730304378612,1.1352575591459748,1.121092051283743,1.6518442460112073,1.6515832277600095,0.02936417651087492
17,noise_x4,frozen_q,0,0.0,4.0,1.0,0,0,0,3.3127770165737664,4.376899224454803,1.6624992136917143,2.8654123483390337,0.056846875617508376,3.090227258884796,2.5632431207212547,2.9361538818061,4.376899224454803,4.983129141492101,2.5717799989759604,4.268199114105973
17,noise_x4,frozen_q,180,0.05,4.0,1.0,180,180,180,1.680458657878775,1.7167472054947532,1.6744908463339736,0.1414980790804792,0.0707595678305433,1.6116945082053835,1.7048516038810675,1.6865544926712728,1.7167472054947532,2.593342838124309,2.5906199878145997,0.11880721689412553
17,noise_x4,frozen_q,360,0.1,4.0,1.0,360,360,360,1.6689912563975495,1.7193455169895957,1.663124052587233,0.13982202844076444,0.11480774592447968,1.5903751642121753,1.6858819325604841,1.7193455169895957,1.6776433457254485,2.5751585282434957,2.5711465737312036,0.14368974206775398
17,noise_x4,frozen_q,720,0.2,4.0,1.0,720,720,720,1.6686772406945976,1.6895475589606037,1.6659672773645515,0.09506189753355059,0.11535344873301359,1.6270878825214503,1.677848294925078,1.6895475589606037,1.6795160321436882,2.5775115977497323,2.5759342590576453,0.09015946732051024
17,noise_x4,frozen_q,3600,1.0,4.0,1.0,3600,3600,3600,1.6594440793780394,1.6826042275083875,1.6577925013419559,0.07401807263911986,0.16238345328559334,1.6459465156615711,1.653750385927603,1.6826042275083875,1.6552435931088973,2.563879189177639,2.562582840167152,0.08152106463385825
17,noise_x4,white_rescaled_q,0,0.0,4.0,1.0,0,0,0,3.3127770165737664,4.376899224454803,1.6624992136917143,2.8654123483390337,0.056846875617508376,3.090227258884796,2.5632431207212547,2.9361538818061,4.376899224454803,4.983129141492101,2.5717799989759604,4.268199114105973
17,noise_x4,white_rescaled_q,180,0.05,4.0,1.0,180,180,180,1.6704149902582737,1.7025976994712384,1.6622569200539292,0.1648883604514697,0.06085205406728984,1.640910322467239,1.6812199790899527,1.7025976994712384,1.656266502711047,2.5758624015082283,2.5715216714352915,0.14947710474310721
17,noise_x4,white_rescaled_q,360,0.1,4.0,1.0,360,360,360,1.6642639100684553,1.711344214809222,1.6596306404600034,0.1240987494000736,0.0680375688919915,1.6198635697265102,1.67801906062366,1.711344214809222,1.6464180743422885,2.5702427954725513,2.566890580897717,0.13122794434546414
17,noise_x4,white_rescaled_q,720,0.2,4.0,1.0,720,720,720,1.6641220304434838,1.690966268975045,1.6615483436141227,0.09251612854258473,0.06543484210891377,1.6442190341289453,1.6593478737898828,1.690966268975045,1.6616106666650428,2.572080479936346,2.5702771485066838,0.09629836516751432
17,noise_x4,white_rescaled_q,3600,1.0,4.0,1.0,3600,3600,3600,1.6625977534632892,1.6951368350387352,1.660118579069179,0.0907611880183678,0.06705155404153956,1.6341290589064223,1.6642548732949833,1.6951368350387352,1.6562953255174864,2.5694633645929876,2.56816227863505,0.0817587462082493
17,bias_half,frozen_q,0,0.0,1.0,0.5,0,0,0,3.030144101664312,3.6364840105793586,1.1557668242727313,2.8010669975496025,0.013761653547161499,3.3422396652090063,2.4939760263690642,3.6364840105793586,2.472366224572061,4.428273898872266,1.7166166774959095,4.082013829713991
17,bias_half,frozen_q,180,0.05,1.0,0.5,180,180,180,1.1676943970962808,1.1804918302595733,1.1618360865795263,0.1168208582900245,0.0348273596222256,1.141530018788842,1.1804918302595733,1.1739611709197166,1.1743952674067348,1.7284421814385271,1.7264850108881273,0.0822306618883533
17,bias_half,frozen_q,360,0.1,1.0,0.5,360,360,360,1.1580718402623622,1.1990500713613095,1.1543737995092163,0.09247441924830076,0.040081613705305434,1.1153087760413045,1.170060736917282,1.1990500713613095,1.1462306404964437,1.7158952326380594,1.7134913169093307,0.09079623486878437
17,bias_half,frozen_q,720,0.2,1.0,0.5,720,720,720,1.158674054937377,1.169370026320743,1.1570728954103053,0.060892366449629684,0.030328203422909025,1.1341073785007445,1.165406740916866,1.169370026320743,1.1654628205731923,1.7185828517878863,1.7180790126070784,0.04161159572126484
17,bias_half,frozen_q,3600,1.0,1.0,0.5,3600,3600,3600,1.1540167508603492,1.1674488505296168,1.1531830832118168,0.04385701609053088,0.04005115932959086,1.1440396041659715,1.1536758367828832,1.1674488505296168,1.150776813367938,1.7121152640629982,1.7117640856292635,0.034675532978192106
17,bias_x10,frozen_q,0,0.0,1.0,10.0,0,0,0,3.2556252935962915,4.135293373043157,1.7403144853541601,2.751436269363771,0.33061018498872946,4.135293373043157,1.9025674914917654,3.7443911805754895,2.7668582463198823,4.8897091042783565,2.657891174225537,4.104250191013779
17,bias_x10,frozen_q,180,0.05,1.0,10.0,180,180,180,1.7550777777370428,1.8350781115167556,1.74666537216348,0.17163357361369788,0.2862164206779546,1.6968220769354923,1.7423031113423169,1.8350781115167556,1.7432312111962889,2.6730459219551026,2.6662847265782648,0.19000067814687494
17,bias_x10,frozen_q,360,0.1,1.0,10.0,360,360,360,1.7440169219604809,1.855356150708525,1.7377466070331438,0.14775572350777433,0.2540651502826462,1.6705665665040055,1.7300213722034576,1.855356150708525,1.7147206912393569,2.6576370605038235,2.650836964430648,0.1899950877562657
17,bias_x10,frozen_q,720,0.2,1.0,10.0,720,720,720,1.7450874535691046,1.8172767781497208,1.7409222088647942,0.12049930823712995,0.23359907057937612,1.69990572495263,1.7288047488578318,1.8172767781497208,1.7321606913375138,2.6597037662198493,2.656239508785582,0.13570481203914894
17,bias_x10,frozen_q,3600,1.0,1.0,10.0,3600,3600,3600,1.7401161793704163,1.8002377612923184,1.7371868090399174,0.10092724213216057,0.20240065486339695,1.7247583081162845,1.7171878335690443,1.8002377612923184,1.7168680777713543,2.6527187982697678,2.6505763007522956,0.10659407386940103
17,combined_poor,frozen_q,0,0.0,4.0,10.0,0,0,0,3.6191200424456644,5.052937232729805,2.2382797919638353,2.8439643905151555,0.2943042352388348,3.6755310835501196,2.0139651530040505,3.048665357982523,5.052937232729805,5.552784467670252,3.4982657877010412,4.312256001561179
17,combined_poor,frozen_q,180,0.05,4.0,10.0,180,180,180,2.263365007740984,2.3363081568507353,2.254303404585523,0.20232972678394637,0.24200517052258308,2.1717378772220495,2.254475153075359,2.3363081568507353,2.287759866354638,3.5301471958322015,3.5230998008856296,0.22295070585578863
17,combined_poor,frozen_q,360,0.1,4.0,10.0,360,360,360,2.251631388946054,2.3661045590563767,2.2433694631616237,0.19271056909538367,0.2128861805747642,2.1505616137445593,2.2373202176738283,2.3661045590563767,2.247311249346095,3.512831824080939,3.5047042756570246,0.23882077896863604
17,combined_poor,frozen_q,720,0.2,4.0,10.0,720,720,720,2.2528400912634114,2.3315126316936685,2.247358131190655,0.15706656861019816,0.1835708004035313,2.1937415746645237,2.2334952769312397,2.3315126316936685,2.2503776365272645,3.516463462013556,3.51166912047074,0.18356270865462126
17,combined_poor,frozen_q,3600,1.0,4.0,10.0,3600,3600,3600,2.246209320368053,2.3136063372316906,2.242223932151607,0.13374658498405465,0.16850070429701217,2.226483653463686,2.215068600406337,2.3136063372316906,2.228293651273883,3.5073911139966554,3.504113213022329,0.1516015068032917
17,combined_poor,white_rescaled_q,0,0.0,4.0,10.0,0,0,0,3.6191200424456644,5.052937232729805,2.2382797919638353,2.8439643905151555,0.2943042352388348,3.6755310835501196,2.0139651530040505,3.048665357982523,5.052937232729805,5.552784467670252,3.4982657877010412,4.312256001561179
17,combined_poor,white_rescaled_q,180,0.05,4.0,10.0,180,180,180,2.2474812870699283,2.331370809699148,2.238128532087956,0.20482385013301935,0.272636543698617,2.2115353418942587,2.229245096357927,2.331370809699148,2.215621001551831,3.50458504061112,3.4980510852428597,0.21390397823906473
17,combined_poor,white_rescaled_q,360,0.1,4.0,10.0,360,360,360,2.241836212016803,2.339402004608405,2.235708079428064,0.16564717048571742,0.27110148119150157,2.1933133149205104,2.2251559173392765,2.339402004608405,2.206484650523535,3.499526485024845,3.4938227510800233,0.19972031300287538
17,combined_poor,white_rescaled_q,720,0.2,4.0,10.0,720,720,720,2.2420214061490666,2.3104600990963773,2.2376184978618814,0.14044017821469496,0.2667247512970874,2.221767752600017,2.2114213844172963,2.3104600990963773,2.22301092823555,3.500985842491901,3.4971980328686247,0.16281212555748503
17,combined_poor,white_rescaled_q,3600,1.0,4.0,10.0,3600,3600,3600,2.240364196200883,2.3144844867668675,2.2367374151472803,0.1274263210608059,0.26673711385254556,2.212038356006109,2.216265272023274,2.3144844867668675,2.2170121881875673,3.4991402999121446,3.496073419476895,0.14647007918474492
18,reference,frozen_q,0,0.0,1.0,1.0,0,0,0,1.9172170191309015,2.4831479131050034,0.8694429934341177,1.7087392953910496,0.0579587509598278,1.825465894839018,2.251880283964344,0.36547269240701835,2.4831479131050034,2.824017207079008,1.2806562485476145,2.5169411512656135
18,reference,frozen_q,180,0.05,1.0,1.0,180,180,180,0.8721174645132136,0.8962371011741781,0.8666942615130564,0.09710782136004428,0.04505971383337253,0.8598998526619829,0.8615960602631871,0.8962371011741781,0.8702522728758488,1.2780340769192797,1.2755026975308603,0.08039882062825342
18,reference,frozen_q,360,0.1,1.0,1.0,360,360,360,0.8768749572799818,0.9168980151933358,0.873288552234842,0.07922622823499445,0.06851808391718844,0.855659227774713,0.9168980151933358,0.8649485148533113,0.8687048665286929,1.288386125051077,1.286970989237559,0.06036952944183593
18,reference,frozen_q,720,0.2,1.0,1.0,720,720,720,0.8720645883077748,0.885832270067014,0.8701914921487718,0.057126291427879554,0.06091685715004699,0.8577648271079755,0.885832270067014,0.8637762662970824,0.8805781266803375,1.2829541831445521,1.2820297387003854,0.04869481631473877
18,reference,frozen_q,3600,1.0,1.0,1.0,3600,3600,3600,0.870187824578735,0.8777061019323578,0.8692528136124776,0.04032860116421923,0.06479902851913405,0.8644346900078972,0.8777061019323578,0.8693355745066166,0.8692224826931207,1.280489559379624,1.2801535329650093,0.029333320941001113
18,noise_half,frozen_q,0,0.0,0.5,1.0,0,0,0,1.9479478209604122,2.539449784030724,0.8290308586011518,1.7627275877660324,0.04950862125408234,1.910172995901431,2.2345771912135546,0.2951297161606865,2.539449784030724,2.8540790138483394,1.2166161340106236,2.5817846927570383
18,noise_half,frozen_q,180,0.05,0.5,1.0,180,180,180,0.831914553112399,0.8606714092422039,0.8267450995362134,0.09259786214086739,0.03568105677591011,0.827428567981221,0.8123991849145171,0.8606714092422039,0.8264027766607677,1.2149049118454662,1.2119989792843775,0.0839786820560248
18,noise_half,frozen_q,360,0.1,0.5,1.0,360,360,360,0.8365060300931586,0.8693940085906813,0.8333847742365242,0.0721952661395052,0.059293294160232074,0.8214935354027175,0.8693940085906813,0.8292014118131141,0.8250435147882643,1.2246778358062285,1.2234844720448004,0.05405134762690083
18,noise_half,frozen_q,720,0.2,0.5,1.0,720,720,720,0.8317445111602455,0.8400733643777023,0.8302685882093684,0.049527803080877814,0.04710533935975727,0.822626052400106,0.8400733643777023,0.8271774530082547,0.8369804710931462,1.21920351373898,1.2184209523601213,0.043675974669496215
18,noise_half,frozen_q,3600,1.0,0.5,1.0,3600,3600,3600,0.8300213638757888,0.8349124316059324,0.829277686427794,0.03512809820058482,0.04477002611935691,0.8274692858022036,0.8349124316059324,0.8305528477760937,0.8271273406288655,1.2166111325138786,1.216313501512391,0.026909362596864484
18,noise_half,white_rescaled_q,0,0.0,0.5,1.0,0,0,0,1.9479478209604122,2.539449784030724,0.8290308586011518,1.7627275877660324,0.04950862125408234,1.910172995901431,2.2345771912135546,0.2951297161606865,2.539449784030724,2.8540790138483394,1.2166161340106236,2.5817846927570383
18,noise_half,white_rescaled_q,180,0.05,0.5,1.0,180,180,180,0.829246174397596,0.841834022862351,0.8250706792862388,0.08311192414565229,0.04663849396799648,0.8213828646975722,0.8197847126482541,0.841834022862351,0.8337838829415049,1.2098560776655238,1.2080828082931276,0.06548020289214565
18,noise_half,white_rescaled_q,360,0.1,0.5,1.0,360,360,360,0.8382232829290593,0.8745172657450611,0.8354612110221769,0.06799144741603472,0.07042597749775573,0.8271731488781355,0.8745172657450611,0.8202821085077067,0.8298279847826558,1.227452013067138,1.2263153909969975,0.05281104227764104
18,noise_half,white_rescaled_q,720,0.2,0.5,1.0,720,720,720,0.8316243369592565,0.8453019536535639,0.8302741915853533,0.04736881474357186,0.04555760761131481,0.8217774154109692,0.8453019536535639,0.818479905481129,0.8406148239742329,1.2183313206244966,1.2175971549024187,0.042289185238847476
18,noise_half,white_rescaled_q,3600,1.0,0.5,1.0,3600,3600,3600,0.8300105658345196,0.8379352297450994,0.8293832714818867,0.032263421748821665,0.054277109966879324,0.8278815922339947,0.8379352297450994,0.8256864752547326,0.8284857404695094,1.2154643468759543,1.215241967859328,0.02324947483230077
18,noise_x4,frozen_q,0,0.0,4.0,1.0,0,0,0,2.0240156043688273,2.6192038053419635,1.1142623652857042,1.6896918500236715,0.14723509568882964,1.4516422154307396,2.6192038053419635,1.3404984083877172,2.3711024837584618,3.093508224095217,1.665669962056825,2.6067866637004187
18,noise_x4,frozen_q,180,0.05,4.0,1.0,180,180,180,1.121765835676577,1.161074695909886,1.1093307365165064,0.16656502367218207,0.16688868245700328,1.067607597779843,1.161074695909886,1.1180075267281337,1.138250015692703,1.6626924119248703,1.6581174399636598,0.12325831396259841
18,noise_x4,frozen_q,360,0.1,4.0,1.0,360,360,360,1.1266230922282987,1.205125206536801,1.115950620008487,0.15470554497084835,0.19289955236989165,1.0730229959160924,1.205125206536801,1.087877959727507,1.1357529657950358,1.6747835681212733,1.6699169147209683,0.1275832981930903
18,noise_x4,frozen_q,720,0.2,4.0,1.0,720,720,720,1.1212314012465698,1.1642454362865524,1.113467114978169,0.13172258349857596,0.20937445794737983,1.0799349514712926,1.1642454362865524,1.0914569501383062,1.147010990024423,1.6696240897702315,1.6663907197253218,0.1038584149426405
18,noise_x4,frozen_q,3600,1.0,4.0,1.0,3600,3600,3600,1.1179431179506876,1.140077872774769,1.1137632165869866,0.09658318876033223,0.24725926566518236,1.0946322017994081,1.140077872774769,1.108917307568916,1.1276047408823981,1.6681747390800756,1.6669987872546224,0.06262590036475724
18,noise_x4,white_rescaled_q,0,0.0,4.0,1.0,0,0,0,2.0240156043688273,2.6192038053419635,1.1142623652857042,1.6896918500236715,0.14723509568882964,1.4516422154307396,2.6192038053419635,1.3404984083877172,2.3711024837584618,3.093508224095217,1.665669962056825,2.6067866637004187
18,noise_x4,white_rescaled_q,180,0.05,4.0,1.0,180,180,180,1.1259572510589884,1.1775898913942457,1.1148579503074227,0.15770694927188736,0.15502964048196777,1.1001062236646735,1.108723396337258,1.1775898913942457,1.1157507336336234,1.6709596584559168,1.6669180832498491,0.11614768151695334
18,noise_x4,white_rescaled_q,360,0.1,4.0,1.0,360,360,360,1.1242106474317848,1.1638668260295266,1.116099686985739,0.1348001057467248,0.1588945016120725,1.0906878364898522,1.1638668260295266,1.123634224824309,1.11743389182559,1.6717884306021729,1.6688987415480523,0.09825246640468531
18,noise_x4,white_rescaled_q,720,0.2,4.0,1.0,720,720,720,1.1216699576205031,1.1411339272357004,1.1155143853226848,0.1173505431028525,0.15750047019720484,1.0940346166131012,1.1283497675655894,1.1411339272357004,1.1226319054400937,1.6703120139278584,1.6680976853404852,0.08597869523000444
18,noise_x4,white_rescaled_q,3600,1.0,4.0,1.0,3600,3600,3600,1.1172950019503114,1.1337949689256828,1.1150325659451898,0.07106685771041531,0.16024947031488646,1.110291575850732,1.1153811232918032,1.1337949689256828,1.1095400039523629,1.6679826658655508,1.6670563687777669,0.05558090450357726
18,bias_half,frozen_q,0,0.0,1.0,0.5,0,0,0,1.916574668504089,2.4722063518017157,0.8592998360473848,1.7131439670151765,0.041873340794963,1.8702177575861312,2.218563370232293,0.40186030581596743,2.4722063518017157,2.817662828153504,1.2627068209815593,2.518887710360398
18,bias_half,frozen_q,180,0.05,1.0,0.5,180,180,180,0.8624273523527931,0.8931500884200712,0.8569781065944615,0.09679598599126181,0.04091995141459716,0.8457766437062714,0.8504636061868394,0.8931500884200712,0.859523237273341,1.2611376323615824,1.2584902473794217,0.08167266990529841
18,bias_half,frozen_q,360,0.1,1.0,0.5,360,360,360,0.867152029838584,0.90562545956029,0.8636309557248979,0.07806545437564562,0.060836635836963825,0.8432024374976039,0.90562545956029,0.860461379029702,0.8580611650723532,1.2715331836163388,1.2701318899971867,0.05967930168556208
18,bias_half,frozen_q,720,0.2,1.0,0.5,720,720,720,0.8623453562158978,0.875304628528722,0.8605497916723782,0.055619865513593165,0.05424048263378212,0.8458510364343017,0.875304628528722,0.8589335410894691,0.8690046357639374,1.2660600634151462,1.2652370388968854,0.04564339577863534
18,bias_half,frozen_q,3600,1.0,1.0,0.5,3600,3600,3600,0.8605458010761075,0.8674351239121759,0.8596227640405659,0.0398469483521252,0.061010864912876155,0.8529498650411548,0.8674351239121759,0.8630727208593709,0.8586586137907347,1.2637157933804746,1.263398743213236,0.028305866643812592
18,bias_x10,frozen_q,0,0.0,1.0,10.0,0,0,0,2.128314660551986,2.924237130405814,1.184916253843531,1.767964017082341,0.46538867347496593,1.0819005044152477,2.924237130405814,0.98493313853561,2.725275838075562,3.2567278674070197,1.8338779605185043,2.691313439246712
18,bias_x10,frozen_q,180,0.05,1.0,10.0,180,180,180,1.1800262499908136,1.2285656089092774,1.1669309082504158,0.17531173958763208,0.3735136098783119,1.2189326381634447,1.1824950494376143,1.0846119255062343,1.2285656089092774,1.8113021026111857,1.7993375108840814,0.20784568518297505
18,bias_x10,frozen_q,360,0.1,1.0,10.0,360,360,360,1.1803750639828374,1.2219305134075449,1.1705182021112688,0.15222493290748976,0.38346237858190835,1.1961865694211415,1.2219305134075449,1.0801933731608593,1.2175167164393979,1.8136778747685491,1.8045149786245487,0.18207999710183817
18,bias_x10,frozen_q,720,0.2,1.0,10.0,720,720,720,1.173170905249637,1.232834746765734,1.1665111280543756,0.12482692437755868,0.37061327193785926,1.1914919102878134,1.1782231234695246,1.0851615906879926,1.232834746765734,1.8054821403832657,1.7978163598036345,0.1661989640922783
18,bias_x10,frozen_q,3600,1.0,1.0,10.0,3600,3600,3600,1.1671583035730089,1.2027691425863467,1.164111559382208,0.08427800965938907,0.3557454632050982,1.1920032834232956,1.1629893715704291,1.1085866253757979,1.2027691425863467,1.7971587368452973,1.7933181874052158,0.11742829361382956
18,combined_poor,frozen_q,0,0.0,4.0,10.0,0,0,0,2.312755433608077,3.389613990112393,1.406253431893789,1.8361070178425403,0.4840549478077625,0.776479741339893,3.389613990112393,1.7950320380266505,2.4659292314492105,3.5857493312568547,2.1699755143477115,2.8546111002622347
18,combined_poor,frozen_q,180,0.05,4.0,10.0,180,180,180,1.408830063384677,1.4806762618766578,1.3887466738005676,0.2370333805697688,0.37791233143051595,1.4020481789597088,1.4549886969590824,1.2899903848858474,1.4806762618766578,2.153540171159477,2.137600704090978,0.26153106635225015
18,combined_poor,frozen_q,360,0.1,4.0,10.0,360,360,360,1.4105785456511544,1.4871031429244943,1.3937645351721553,0.21714569751130677,0.39076185505032174,1.3919016127680903,1.4871031429244943,1.2847514742157757,1.4695152690541788,2.159888099332456,2.1456605618989495,0.24750223180702124
18,combined_poor,frozen_q,720,0.2,4.0,10.0,720,720,720,1.4038096571223855,1.4821782483283041,1.3914259194274181,0.18605231569543526,0.3827454449719283,1.3944989594180683,1.4360818517613008,1.295729686750466,1.4821782483283041,2.153284429224001,2.142059968462414,0.21957441711031134
18,combined_poor,frozen_q,3600,1.0,4.0,10.0,3600,3600,3600,1.398344264936568,1.4439642872643383,1.3920353395716776,0.13268118428984046,0.38255646679287164,1.4064366163750814,1.40932565671942,1.3312291717284996,1.4439642872643383,2.1478665231240304,2.142635990872171,0.14980524615694027
18,combined_poor,white_rescaled_q,0,0.0,4.0,10.0,0,0,0,2.312755433608077,3.389613990112393,1.406253431893789,1.8361070178425403,0.4840549478077625,0.776479741339893,3.389613990112393,1.7950320380266505,2.4659292314492105,3.5857493312568547,2.1699755143477115,2.8546111002622347
18,combined_poor,white_rescaled_q,180,0.05,4.0,10.0,180,180,180,1.4157040232993834,1.4295910430516108,1.404605126930616,0.17692461385089897,0.46702098560729255,1.4295910430516108,1.3986155120410368,1.4062248183047525,1.42812723026795,2.1717258448515766,2.1667163755826495,0.14742215904768047
18,combined_poor,white_rescaled_q,360,0.1,4.0,10.0,360,360,360,1.4153164245241983,1.4478279120050996,1.4060298137525629,0.16186643990307,0.47183453535641207,1.4121281154967156,1.4478279120050996,1.3650911131010814,1.4348160515156445,2.1742450851266786,2.169006958893891,0.15083269694397294
18,combined_poor,white_rescaled_q,720,0.2,4.0,10.0,720,720,720,1.411550570458427,1.443377109325752,1.4052097415828995,0.13364353752438493,0.47099535038939194,1.4080563829963109,1.4163056697948562,1.3776857566697776,1.443377109325752,2.1708705929156524,2.1677906856542934,0.11559703446215666
18,combined_poor,white_rescaled_q,3600,1.0,4.0,10.0,3600,3600,3600,1.407707670494167,1.4298295242419425,1.404988275360217,0.08745759926065397,0.46946444104465435,1.427045441031416,1.4026454000719815,1.3705029240271185,1.4298295242419425,2.1693074767869263,2.1672725824162136,0.09393871593022203
19,reference,frozen_q,0,0.0,1.0,1.0,0,0,0,3.2235424801713384,4.589395041708776,1.6032719462215508,2.7965595269774153,0.034283604755993645,3.2709992548902402,4.589395041708776,1.363027309827911,2.818701485469228,4.678610566710607,2.312606557636723,4.067093279543976
19,reference,frozen_q,180,0.05,1.0,1.0,180,180,180,1.6081130724657235,1.6386811781341712,1.6036708058173679,0.11944706109496273,0.03998129718742869,1.6197874070313878,1.5964401340804075,1.6386811781341712,1.5768646949213079,2.315876364607211,2.313646929691934,0.101593409596289
19,reference,frozen_q,360,0.1,1.0,1.0,360,360,360,1.6074539441202111,1.6230275889255927,1.6050576795981601,0.0877384045363979,0.044147314096952356,1.6230275889255927,1.6080040901851922,1.6171641847373668,1.5813023180300758,2.316766792346872,2.31633319066954,0.04482097638251329
19,reference,frozen_q,720,0.2,1.0,1.0,720,720,720,1.6014278224138458,1.6122842451573285,1.5987939701977398,0.09180910227478073,0.03630811942283305,1.5894902956588763,1.5981138443004,1.6122842451573285,1.605732398341556,2.306457644078381,2.3060100066419658,0.04543911525012888
19,reference,frozen_q,3600,1.0,1.0,1.0,3600,3600,3600,1.604539950147931,1.62780361170368,1.603516539212863,0.05729886640701098,0.04419026733155008,1.6079377950378066,1.5928350093818398,1.62780361170368,1.5892960354773034,2.3140104962091654,2.3135082949333947,0.04820732144152603
19,noise_half,frozen_q,0,0.0,0.5,1.0,0,0,0,3.2545609498359127,4.683447975943748,1.621775882614612,2.8217033796567694,0.029276278983614897,3.238179650541117,4.683447975943748,1.3972701654490023,2.8276866157661953,4.727524102105162,2.348919419353321,4.1026895687305025
19,noise_half,frozen_q,180,0.05,0.5,1.0,180,180,180,1.6258212928724485,1.6505732483033821,1.6219193703704067,0.11257189869014335,0.03602002401245158,1.6340142126586676,1.6211102302986604,1.6505732483033821,1.5971182271408315,2.35106629877578,2.3491526097503557,0.09484069454795585
19,noise_half,frozen_q,360,0.1,0.5,1.0,360,360,360,1.6249829084697,1.636228019322412,1.62299813351232,0.08029017022133837,0.04013808612804677,1.636228019322412,1.6332061732642713,1.628572084651552,1.6016948026275235,2.3516152119339115,2.3512489590434624,0.04150226013136288
19,noise_half,frozen_q,720,0.2,0.5,1.0,720,720,720,1.6189038950477317,1.6261864754852875,1.6163808830206263,0.09034745378911517,0.024578708392235988,1.6028286617540253,1.6221197432693393,1.624372079330109,1.6261864754852875,2.340660645133684,2.3403236299586094,0.03971854396866033
19,noise_half,frozen_q,3600,1.0,0.5,1.0,3600,3600,3600,1.6213670385711045,1.6400792668995,1.6206471116553074,0.048311626428258016,0.029571545392110786,1.6183544556837652,1.6155547364695089,1.6400792668995,1.6113274163202178,2.347319160617227,2.346989491245728,0.039339163474605574
19,noise_half,white_rescaled_q,0,0.0,0.5,1.0,0,0,0,3.2545609498359127,4.683447975943748,1.621775882614612,2.8217033796567694,0.029276278983614897,3.238179650541117,4.683447975943748,1.3972701654490023,2.8276866157661953,4.727524102105162,2.348919419353321,4.1026895687305025
19,noise_half,white_rescaled_q,180,0.05,0.5,1.0,180,180,180,1.6275967739738817,1.6470375692310903,1.6242377652304707,0.10451287312725456,0.04578827668636285,1.6324640341132872,1.6189941168023847,1.6470375692310903,1.6116673066200502,2.354754048227073,2.3534017871309287,0.07979132766622227
19,noise_half,white_rescaled_q,360,0.1,0.5,1.0,360,360,360,1.6264630006187293,1.6344618568526865,1.624445261574221,0.08099064471123425,0.048552523123994586,1.6332770169972881,1.6330884715834886,1.6344618568526865,1.6048333987520138,2.3541712689926895,2.3538753402237718,0.03732621648484864
19,noise_half,white_rescaled_q,720,0.2,0.5,1.0,720,720,720,1.6165390007522105,1.6256857923666417,1.6141046572957867,0.08868199506667794,0.03491046811096337,1.60248526062486,1.613134334302952,1.6247392643997098,1.6256857923666417,2.3377086817858106,2.337422366369305,0.03658636485457605
19,noise_half,white_rescaled_q,3600,1.0,0.5,1.0,3600,3600,3600,1.621825444667723,1.6406583759703466,1.6210658178740915,0.04963252050681645,0.036924226543519255,1.6221885794388484,1.6127487287378526,1.6406583759703466,1.6115386858333816,2.348132084299073,2.347819253304113,0.038328046248497304
19,noise_x4,frozen_q,0,0.0,4.0,1.0,0,0,0,3.1141138045832477,4.055592855780056,1.5280607658290677,2.713436029065331,0.08001559790444503,3.4841085842487423,4.055592855780056,1.1973955341411537,2.961455224667867,4.501550763848117,2.143648276048254,3.9583748367350102
19,noise_x4,frozen_q,180,0.05,4.0,1.0,180,180,180,1.5444650962695405,1.6035011490809736,1.531491967289058,0.19976182749457552,0.10856575008738356,1.5933540593126283,1.4907729794049864,1.6035011490809736,1.4863016399181777,2.159238742385628,2.1525902257018887,0.16931410700753646
19,noise_x4,frozen_q,360,0.1,4.0,1.0,360,360,360,1.5448138761321812,1.6000417245342335,1.534971453564903,0.17410499312593786,0.12051154339681645,1.6000417245342335,1.4985244093058823,1.5878958680154769,1.4895225524863624,2.162193663433834,2.1592337009238904,0.11309846589561913
19,noise_x4,frozen_q,720,0.2,4.0,1.0,720,720,720,1.5390837595368647,1.5809425969417075,1.5314349393705597,0.15325092282012212,0.13650963529221966,1.5638136645564917,1.4965831701558165,1.5809425969417075,1.5134270441645004,2.1566638340245685,2.1536328225887114,0.11430029946650742
19,noise_x4,frozen_q,3600,1.0,4.0,1.0,3600,3600,3600,1.5466962597759797,1.5977157570463767,1.5394508244791818,0.14953420684034752,0.17046850881250336,1.5977157570463767,1.5013695916672136,1.5965600775555193,1.487705248924894,2.1701652363515214,2.1668379696373594,0.12012646005980411
19,noise_x4,white_rescaled_q,0,0.0,4.0,1.0,0,0,0,3.1141138045832477,4.055592855780056,1.5280607658290677,2.713436029065331,0.08001559790444503,3.4841085842487423,4.055592855780056,1.1973955341411537,2.961455224667867,4.501550763848117,2.143648276048254,3.9583748367350102
19,noise_x4,white_rescaled_q,180,0.05,4.0,1.0,180,180,180,1.5416404047061618,1.606381561003628,1.5279473109944235,0.2050174437639111,0.0850255020692994,1.606381561003628,1.5041472269666594,1.6035972991517702,1.446435498706916,2.151562788448871,2.14384814040705,0.18203731351322938
19,noise_x4,white_rescaled_q,360,0.1,4.0,1.0,360,360,360,1.5351813140662556,1.5803898013616546,1.5285992476698058,0.14200706701252275,0.08596583379017265,1.5803898013616546,1.5152456106602068,1.5633229229837473,1.4797117698502573,2.147006142695361,2.145079863888467,0.09092719236756643
19,noise_x4,white_rescaled_q,720,0.2,4.0,1.0,720,720,720,1.532669540093481,1.544700856352685,1.5269577993759118,0.13219605915244012,0.08617660299329148,1.544700856352685,1.513853693846987,1.5397595733945333,1.5321848422009827,2.1438088065944405,2.142192290747187,0.08323694309138845
19,noise_x4,white_rescaled_q,3600,1.0,4.0,1.0,3600,3600,3600,1.531809043246394,1.5883487180630818,1.528269042703711,0.10408015221412498,0.08917341426045412,1.5265269775106172,1.5201014961411141,1.5883487180630818,1.4906075801749246,2.147943516102826,2.144787288573762,0.11639946366105293
19,bias_half,frozen_q,0,0.0,1.0,0.5,0,0,0,3.2105253264787144,4.5932479247167315,1.5940682149671364,2.7868296320357913,0.0239039483267488,3.2436807284377807,4.5932479247167315,1.3540766020591701,2.7887231626046587,4.6580583523509045,2.298283081088709,4.051592587253489
19,bias_half,frozen_q,180,0.05,1.0,0.5,180,180,180,1.5983436187936357,1.6254506760630176,1.5941841207306386,0.1152359013008365,0.030119678232307486,1.6084070713043765,1.5896091404211434,1.6254506760630176,1.5693593815016555,2.300776290037236,2.298857014152389,0.09395725240699235
19,bias_half,frozen_q,360,0.1,1.0,0.5,360,360,360,1.597787971951655,1.6116084819521819,1.5955596727404082,0.08435481040167978,0.03375934808985391,1.6116084819521819,1.6012259051298763,1.603925337046402,1.574141933903961,2.3019150081198685,2.3015450742803822,0.041267125695916826
19,bias_half,frozen_q,720,0.2,1.0,0.5,720,720,720,1.5919602654493696,1.5992663868782497,1.589329768263174,0.09147881985549355,0.033405392872152384,1.5783975018644054,1.591086856133148,1.5992663868782497,1.5989999728669315,2.291693303209133,2.291303506781547,0.042266248759142415
19,bias_half,frozen_q,3600,1.0,1.0,0.5,3600,3600,3600,1.5950519807077508,1.6148063251130258,1.5941684948059933,0.05308136516435584,0.0367140371584122,1.59680915408746,1.585497616635464,1.6148063251130258,1.5828966011965495,2.299428094866457,2.2990490459603277,0.04174982311450474
19,bias_x10,frozen_q,0,0.0,1.0,10.0,0,0,0,3.497947916369979,4.562360275719867,1.7758371631431717,3.013642645642759,0.2676188614729118,3.7832169984595945,4.562360275719867,1.5371394414194754,3.384065409722552,5.108361026938884,2.5807666276565637,4.408514034810625
19,bias_x10,frozen_q,180,0.05,1.0,10.0,180,180,180,1.800496835756439,1.8886501876865778,1.7816253650494216,0.2599998349643026,0.28499270805202526,1.8545186413439876,1.7379849415960238,1.8886501876865778,1.714737543334363,2.605565036036045,2.590962929110001,0.27546371265784386
19,bias_x10,frozen_q,360,0.1,1.0,10.0,360,360,360,1.7974049885141339,1.867799145234036,1.7834084803696546,0.2238724745945622,0.29068697159568346,1.8555284709771243,1.7489963160140378,1.867799145234036,1.7123116258343873,2.6019785740964005,2.594048784218576,0.20298621911564385
19,bias_x10,frozen_q,720,0.2,1.0,10.0,720,720,720,1.7868147548474211,1.8586727217759906,1.7766751823061513,0.1900848881890766,0.2670415141011928,1.8131808929414883,1.7428780948805758,1.8586727217759906,1.7294260844988367,2.589457726182564,2.582586375450354,0.18851771541364365
19,bias_x10,frozen_q,3600,1.0,1.0,10.0,3600,3600,3600,1.788606349459052,1.8730965489944151,1.779562829860228,0.17963520786609008,0.2783986308096039,1.8260702908587947,1.742588079183662,1.8730965489944151,1.7078682884157133,2.593195225914936,2.5861922968666273,0.19044916207674048
19,combined_poor,frozen_q,0,0.0,4.0,10.0,0,0,0,3.4579823650255217,4.0987101095107015,1.7221210135833616,2.9986565744349774,0.2850279929562366,4.009618957260424,4.0987101095107015,1.4032446651208819,3.6034710784037634,5.039039039529463,2.4458259895460737,4.405661093498112
19,combined_poor,frozen_q,180,0.05,4.0,10.0,180,180,180,1.768190669190451,1.8857853337339838,1.7311920401334981,0.3598226824292647,0.31408428131497224,1.8857853337339838,1.669929299800543,1.8671989975970615,1.6354542740665892,2.488301484526929,2.464809894261288,0.34111063168798966
19,combined_poor,frozen_q,360,0.1,4.0,10.0,360,360,360,1.7659434159854357,1.886533237186898,1.7353807534367667,0.32712350735395096,0.32833358880046487,1.886533237186898,1.6789730564915024,1.8540709873379126,1.630548125117983,2.4869633990560414,2.4724624629550256,0.2681721788753351
19,combined_poor,frozen_q,720,0.2,4.0,10.0,720,720,720,1.754929655269623,1.844662284949733,1.7317599379766464,0.2842280988288802,0.31830203788648787,1.8380281545005976,1.6807009160114146,1.844662284949733,1.6471886256420571,2.4793785222292595,2.466521617433065,0.2521685294146066
19,combined_poor,frozen_q,3600,1.0,4.0,10.0,3600,3600,3600,1.7611231284387447,1.8623440179529231,1.7389484052097368,0.27859130916161784,0.35126641386401314,1.8591958809278795,1.6918552138460223,1.8623440179529231,1.618304688433326,2.4906541723169147,2.477575551752099,0.2549070250894233
19,combined_poor,white_rescaled_q,0,0.0,4.0,10.0,0,0,0,3.4579823650255217,4.0987101095107015,1.7221210135833616,2.9986565744349774,0.2850279929562366,4.009618957260424,4.0987101095107015,1.4032446651208819,3.6034710784037634,5.039039039529463,2.4458259895460737,4.405661093498112
19,combined_poor,white_rescaled_q,180,0.05,4.0,10.0,180,180,180,1.7511657928049993,1.8636956456904388,1.721956741730031,0.31850685000617585,0.28818885573088304,1.8636956456904388,1.6875465688990836,1.8634482598658726,1.5724860051509886,2.4665613590328155,2.445814016912558,0.3192471339697
19,combined_poor,white_rescaled_q,360,0.1,4.0,10.0,360,360,360,1.7398249743134786,1.8278507857583957,1.7226712471324,0.24371031071376364,0.2897172796612386,1.8278507857583957,1.693001257685346,1.8246591657416917,1.6035245368664217,2.456355281925575,2.447100995912098,0.21302109484670992
19,combined_poor,white_rescaled_q,720,0.2,4.0,10.0,720,720,720,1.7321140509022606,1.7939885938931222,1.7209547487585608,0.19630037712240167,0.28042926554753367,1.7819882161891583,1.6906177293398907,1.7939885938931222,1.6579538464378796,2.4494923674062408,2.4440828607190848,0.16270165309745496
19,combined_poor,white_rescaled_q,3600,1.0,4.0,10.0,3600,3600,3600,1.7331353316490643,1.8465240098044917,1.7222187981549022,0.1942176333194188,0.28818323641858357,1.7593105739060817,1.7020096519707875,1.8465240098044917,1.6165923547998482,2.4582358644864626,2.4465245672094165,0.23966874533047283
