condition,mode,budget,time_s,mean_fleet_rms_error_m,std_fleet_rms_error_m,mean_centroid_error_m,std_centroid_error_m,mean_shape_rms_error_m,std_shape_rms_error_m
bias_half,frozen_q,0,0,0,0,0,0,0,0
bias_half,frozen_q,0,0.5,0.03296517,0.009203657,0.01527245,0.006410561,0.02858984,0.009032542
bias_half,frozen_q,0,1,0.06593851,0.01845919,0.03049939,0.0128437,0.05720751,0.01812144
bias_half,frozen_q,0,1.5,0.09889438,0.02759684,0.04574134,0.01927902,0.08579436,0.02709761
bias_half,frozen_q,0,2,0.1318058,0.03672441,0.06102713,0.02565572,0.1143038,0.03611456
bias_half,frozen_q,0,2.5,0.1646785,0.04588814,0.07624934,0.03201539,0.1427986,0.04519324
bias_half,frozen_q,0,3,0.1975174,0.0551343,0.09143256,0.03825989,0.1712949,0.05437154
bias_half,frozen_q,0,3.5,0.2304251,0.06447081,0.1066481,0.04459909,0.1998434,0.06360712
bias_half,frozen_q,0,4,0.2633565,0.07377764,0.1219061,0.05100222,0.2283951,0.07277255
bias_half,frozen_q,0,4.5,0.2962113,0.08303479,0.1372699,0.05745983,0.2568079,0.08182989
bias_half,frozen_q,0,5,0.3291045,0.09219063,0.1527152,0.06390333,0.2852188,0.09080215
bias_half,frozen_q,0,5.5,0.3620355,0.1013355,0.1680737,0.07032865,0.313718,0.09978176
bias_half,frozen_q,0,6,0.394937,0.110549,0.1834077,0.07675688,0.3421989,0.1088205
bias_half,frozen_q,0,6.5,0.4279443,0.1196942,0.1988419,0.0832383,0.370735,0.1177953
bias_half,frozen_q,0,7,0.4610563,0.1286968,0.2142538,0.08963915,0.3994128,0.1266529
bias_half,frozen_q,0,7.5,0.4941721,0.1376926,0.229622,0.09598236,0.4281309,0.135503
bias_half,frozen_q,0,8,0.5273177,0.146635,0.2449929,0.1022504,0.4568963,0.1443043
bias_half,frozen_q,0,8.5,0.5604622,0.1555135,0.2604127,0.108499,0.4856453,0.1530172
bias_half,frozen_q,0,9,0.5935551,0.1643203,0.2758041,0.1147994,0.5143602,0.1615858
bias_half,frozen_q,0,9.5,0.6266941,0.1731107,0.2911894,0.1210566,0.5431367,0.170151
bias_half,frozen_q,0,10,0.6598504,0.1819515,0.3065761,0.1273587,0.5719337,0.1787304
bias_half,frozen_q,0,10.5,0.6931052,0.1907702,0.3221456,0.1336779,0.6007395,0.1872973
bias_half,frozen_q,0,11,0.7263777,0.1995509,0.3377492,0.140017,0.6295428,0.1958274
bias_half,frozen_q,0,11.5,0.7596662,0.2083072,0.3532904,0.1464313,0.6583748,0.2043563
bias_half,frozen_q,0,12,0.7929043,0.2170379,0.368728,0.1529053,0.6871969,0.2128417
bias_half,frozen_q,0,12.5,0.8261112,0.2259525,0.3840996,0.1594818,0.7160131,0.221458
bias_half,frozen_q,0,13,0.8593083,0.2348182,0.3994613,0.1661164,0.7448174,0.230003
bias_half,frozen_q,0,13.5,0.8926552,0.2437541,0.4147965,0.1727881,0.7737934,0.2386436
bias_half,frozen_q,0,14,0.9260843,0.2525965,0.4301474,0.1794651,0.8028579,0.2471775
bias_half,frozen_q,0,14.5,0.9596418,0.2612236,0.4454802,0.1861378,0.8320981,0.2554325
bias_half,frozen_q,0,15,0.9932098,0.2697181,0.4607954,0.1927915,0.8613697,0.2635308
bias_half,frozen_q,0,15.5,1.026808,0.2781028,0.476121,0.1994512,0.89066,0.2715452
bias_half,frozen_q,0,16,1.060393,0.2864989,0.4914895,0.2063086,0.9198972,0.2794803
bias_half,frozen_q,0,16.5,1.093977,0.2947907,0.5068055,0.2132389,0.9491458,0.2873018
bias_half,frozen_q,0,17,1.127533,0.3031261,0.5221438,0.2202172,0.9783484,0.2951377
bias_half,frozen_q,0,17.5,1.160989,0.3114404,0.5374407,0.2271241,1.007475,0.3029441
bias_half,frozen_q,0,18,1.194469,0.3197439,0.5526695,0.2340524,1.036665,0.3107232
bias_half,frozen_q,0,18.5,1.228032,0.3279917,0.5678799,0.2409448,1.065975,0.3184145
bias_half,frozen_q,0,19,1.261631,0.3362903,0.5830949,0.2479019,1.095314,0.3261478
bias_half,frozen_q,0,19.5,1.295206,0.3445962,0.598323,0.2548729,1.124613,0.3338944
bias_half,frozen_q,0,20,1.32879,0.35286,0.613511,0.261799,1.153956,0.3415828
bias_half,frozen_q,0,20.5,1.362385,0.3611377,0.6286863,0.2688005,1.183323,0.3492133
bias_half,frozen_q,0,21,1.395894,0.3694507,0.6438137,0.2757771,1.212621,0.3568741
bias_half,frozen_q,0,21.5,1.429407,0.3777763,0.6589358,0.2827605,1.241935,0.3645177
bias_half,frozen_q,0,22,1.462911,0.3861665,0.6739937,0.2896855,1.271281,0.372238
bias_half,frozen_q,0,22.5,1.496403,0.3946207,0.6890455,0.2966206,1.300613,0.3800262
bias_half,frozen_q,0,23,1.530017,0.4030931,0.7040582,0.3034837,1.330114,0.3878609
bias_half,frozen_q,0,23.5,1.56363,0.4115968,0.719054,0.310246,1.359644,0.3957275
bias_half,frozen_q,0,24,1.597347,0.4201009,0.734062,0.3169794,1.389272,0.4036713
bias_half,frozen_q,0,24.5,1.631106,0.4286485,0.7489742,0.3237117,1.418984,0.4117129
bias_half,frozen_q,0,25,1.664887,0.437214,0.7639692,0.3304079,1.448671,0.4198246
bias_half,frozen_q,0,25.5,1.698574,0.4458098,0.7789632,0.3370405,1.478255,0.4279997
bias_half,frozen_q,0,26,1.732218,0.4542987,0.7939518,0.3436431,1.50778,0.4361342
bias_half,frozen_q,0,26.5,1.765817,0.4627928,0.8089544,0.350295,1.537232,0.444281
bias_half,frozen_q,0,27,1.799312,0.4713215,0.8239106,0.3569843,1.566585,0.4524516
bias_half,frozen_q,0,27.5,1.83272,0.4798476,0.838809,0.3635835,1.595872,0.4606783
bias_half,frozen_q,0,28,1.866105,0.4884172,0.8536612,0.3701202,1.625165,0.4689644
bias_half,frozen_q,0,28.5,1.899512,0.4969792,0.8685067,0.3765877,1.654505,0.4772371
bias_half,frozen_q,0,29,1.932888,0.5055756,0.8833487,0.3830381,1.683802,0.4855872
bias_half,frozen_q,0,29.5,1.966241,0.5142924,0.898141,0.3895266,1.713099,0.4940322
bias_half,frozen_q,0,30,1.999558,0.5231192,0.9129398,0.3960913,1.742367,0.5024769
bias_half,frozen_q,0,30.5,2.033023,0.5319135,0.9278039,0.402592,1.771777,0.5109079
bias_half,frozen_q,0,31,2.066596,0.5405826,0.9426964,0.4091087,1.801302,0.5191785
bias_half,frozen_q,0,31.5,2.100135,0.5491891,0.9575598,0.4156344,1.830816,0.5273293
bias_half,frozen_q,0,32,2.133761,0.5578006,0.9724494,0.422052,1.860453,0.5354352
bias_half,frozen_q,0,32.5,2.167408,0.5663961,0.987313,0.4284974,1.890135,0.5434716
bias_half,frozen_q,0,33,2.201145,0.5749183,1.002292,0.4349311,1.919851,0.5514761
bias_half,frozen_q,0,33.5,2.234906,0.5833916,1.017355,0.4414927,1.949524,0.5594264
bias_half,frozen_q,0,34,2.26866,0.5917897,1.032496,0.4479897,1.979141,0.5673718
bias_half,frozen_q,0,34.5,2.302368,0.6001578,1.047688,0.4544753,2.008679,0.5752947
bias_half,frozen_q,0,35,2.336043,0.6085063,1.062903,0.4610072,2.038165,0.5831701
bias_half,frozen_q,0,35.5,2.369754,0.6168519,1.078206,0.467547,2.067638,0.5910648
bias_half,frozen_q,0,36,2.403461,0.6250989,1.09358,0.4740658,2.097057,0.5989183
bias_half,frozen_q,0,36.5,2.437174,0.6332952,1.108867,0.4804281,2.126548,0.6067716
bias_half,frozen_q,0,37,2.470846,0.6414043,1.124124,0.4866898,2.156036,0.6145069
bias_half,frozen_q,0,37.5,2.504542,0.6493681,1.139367,0.492923,2.18556,0.6221119
bias_half,frozen_q,0,38,2.538293,0.6573181,1.154638,0.4991338,2.215129,0.6297293
bias_half,frozen_q,0,38.5,2.57213,0.6652466,1.169966,0.5052935,2.244769,0.6373625
bias_half,frozen_q,0,39,2.605982,0.6730854,1.185254,0.5114608,2.274435,0.6449308
bias_half,frozen_q,0,39.5,2.639911,0.6810314,1.200604,0.5176941,2.304149,0.6525955
bias_half,frozen_q,0,40,2.673881,0.689104,1.215901,0.5240375,2.333923,0.6603541
bias_half,frozen_q,0,40.5,2.70781,0.6972998,1.231255,0.5303686,2.363621,0.6682494
bias_half,frozen_q,0,41,2.741793,0.7054653,1.246625,0.5367846,2.393345,0.6761521
bias_half,frozen_q,0,41.5,2.775744,0.7136297,1.262013,0.5432071,2.423024,0.6840419
bias_half,frozen_q,0,42,2.80981,0.7218976,1.277424,0.5496744,2.452819,0.6920164
bias_half,frozen_q,0,42.5,2.843846,0.7301452,1.292854,0.5560486,2.48257,0.7000473
bias_half,frozen_q,0,43,2.877744,0.7384399,1.308256,0.5623048,2.512182,0.7082032
bias_half,frozen_q,0,43.5,2.911593,0.7466767,1.323609,0.568489,2.541775,0.7163063
bias_half,frozen_q,0,44,2.945508,0.7549636,1.338904,0.5746524,2.571486,0.724436
bias_half,frozen_q,0,44.5,2.979511,0.7633127,1.354321,0.5808934,2.601229,0.7325923
bias_half,frozen_q,0,45,3.013523,0.7716915,1.369845,0.5871767,2.630919,0.7407703
bias_half,frozen_q,0,45.5,3.047597,0.7800472,1.385353,0.5934256,2.660688,0.7489543
bias_half,frozen_q,0,46,3.081692,0.7884344,1.400863,0.5996923,2.690476,0.7571718
bias_half,frozen_q,0,46.5,3.115809,0.7968147,1.416347,0.6060219,2.720294,0.7653668
bias_half,frozen_q,0,47,3.149972,0.805138,1.431777,0.6123494,2.750188,0.7735207
bias_half,frozen_q,0,47.5,3.184253,0.8134878,1.447205,0.6186586,2.780213,0.7817328
bias_half,frozen_q,0,48,3.218569,0.8218788,1.462558,0.6250074,2.8103,0.7900213
bias_half,frozen_q,0,48.5,3.252977,0.8302869,1.478079,0.6312302,2.840403,0.7984407
bias_half,frozen_q,0,49,3.28744,0.8387346,1.493693,0.6374733,2.870514,0.806905
bias_half,frozen_q,0,49.5,3.321726,0.847357,1.509218,0.643874,2.900476,0.8154019
bias_half,frozen_q,0,50,3.355921,0.8560374,1.524786,0.6503208,2.930326,0.8238628
bias_half,frozen_q,0,50.5,3.390175,0.864846,1.540456,0.6567138,2.960208,0.8324351
bias_half,frozen_q,0,51,3.424386,0.8736835,1.556201,0.663118,2.990012,0.8409933
bias_half,frozen_q,0,51.5,3.45853,0.8825308,1.571929,0.6696305,3.019738,0.849508
bias_half,frozen_q,0,52,3.492739,0.8914484,1.587656,0.6762049,3.049532,0.8580763
bias_half,frozen_q,0,52.5,3.527074,0.9002995,1.603365,0.6828694,3.079468,0.8665526
bias_half,frozen_q,0,53,3.561434,0.9091406,1.619049,0.6895748,3.109426,0.8750563
bias_half,frozen_q,0,53.5,3.595712,0.9179612,1.634759,0.696184,3.139281,0.8835929
bias_half,frozen_q,0,54,3.629955,0.9267746,1.650441,0.7027714,3.169119,0.8921137
bias_half,frozen_q,0,54.5,3.664173,0.9356118,1.666134,0.7093228,3.198939,0.9006277
bias_half,frozen_q,0,55,3.698349,0.9443911,1.681813,0.7158174,3.228724,0.9090983
bias_half,frozen_q,0,55.5,3.732527,0.9530955,1.697487,0.7223581,3.258502,0.9175015
bias_half,frozen_q,0,56,3.766759,0.9619276,1.713115,0.7289974,3.288369,0.9259537
bias_half,frozen_q,0,56.5,3.801004,0.9708472,1.728671,0.7356668,3.318278,0.9345046
bias_half,frozen_q,0,57,3.835283,0.9798559,1.744196,0.7424132,3.348234,0.9431198
bias_half,frozen_q,0,57.5,3.869633,0.988965,1.759723,0.7492119,3.378258,0.9518419
bias_half,frozen_q,0,58,3.903927,0.9982243,1.775258,0.7560499,3.408214,0.9606894
bias_half,frozen_q,0,58.5,3.938242,1.007521,1.790824,0.7628598,3.438189,0.9695587
bias_half,frozen_q,0,59,3.972616,1.016827,1.806467,0.7696928,3.468194,0.9784086
bias_half,frozen_q,0,59.5,4.007131,1.026,1.822177,0.7764266,3.498333,0.9871715
bias_half,frozen_q,0,60,4.041794,1.035018,1.837954,0.7832109,3.528599,0.9957625
bias_half,frozen_q,180,0,0,0,0,0,0,0
bias_half,frozen_q,180,0.5,0.03233109,0.008956828,0.01527245,0.006410562,0.02785832,0.008774281
bias_half,frozen_q,180,1,0.06367218,0.01605878,0.03049938,0.0128437,0.05483305,0.01470942
bias_half,frozen_q,180,1.5,0.09223006,0.02727298,0.04574132,0.01927901,0.07816786,0.02630646
bias_half,frozen_q,180,2,0.11616,0.03779248,0.06102713,0.02565574,0.09572171,0.03752519
bias_half,frozen_q,180,2.5,0.1405884,0.04276985,0.07624933,0.03201558,0.1135152,0.04388393
bias_half,frozen_q,180,3,0.1580618,0.0472335,0.09143249,0.03825986,0.1239479,0.04576101
bias_half,frozen_q,180,3.5,0.1711759,0.05534532,0.106648,0.04459917,0.1272742,0.05379257
bias_half,frozen_q,180,4,0.1878336,0.06497008,0.1219058,0.0510021,0.1351719,0.06230569
bias_half,frozen_q,180,4.5,0.2068697,0.07352164,0.1372701,0.05745893,0.145999,0.06984936
bias_half,frozen_q,180,5,0.2229867,0.07894863,0.1527145,0.0639029,0.151558,0.07590402
bias_half,frozen_q,180,5.5,0.2372677,0.08906993,0.1680729,0.07032831,0.1555325,0.08394927
bias_half,frozen_q,180,6,0.2449732,0.08577901,0.1834068,0.07675707,0.1509885,0.07232475
bias_half,frozen_q,180,6.5,0.2581755,0.08945517,0.1988416,0.08323795,0.1522921,0.0721383
bias_half,frozen_q,180,7,0.2753841,0.09560392,0.214252,0.08963929,0.1578873,0.07982717
bias_half,frozen_q,180,7.5,0.2955354,0.1058066,0.2296182,0.09598273,0.1689938,0.09142708
bias_half,frozen_q,180,8,0.2964294,0.101074,0.2449895,0.1022498,0.1510257,0.07119062
bias_half,frozen_q,180,8.5,0.3142959,0.1025064,0.2604053,0.1084972,0.161134,0.06329516
bias_half,frozen_q,180,9,0.3214827,0.1048608,0.2757931,0.114811,0.1480502,0.05888376
bias_half,frozen_q,180,9.5,0.3389182,0.1115537,0.2911753,0.1210682,0.1574222,0.05802132
bias_half,frozen_q,180,10,0.338929,0.1191347,0.3065587,0.127371,0.1309311,0.04380482
bias_half,frozen_q,180,10.5,0.3514262,0.1289413,0.3221297,0.133689,0.1288192,0.04535134
bias_half,frozen_q,180,11,0.3664319,0.1294556,0.3377216,0.1400284,0.1221292,0.0522565
bias_half,frozen_q,180,11.5,0.3829484,0.1352142,0.3532533,0.1464449,0.1247928,0.05878823
bias_half,frozen_q,180,12,0.3952721,0.1472619,0.3686972,0.1529237,0.1235845,0.05995283
bias_half,frozen_q,180,12.5,0.4095701,0.1539057,0.3840551,0.159489,0.1226274,0.06112629
bias_half,frozen_q,180,13,0.4239195,0.1602588,0.3993942,0.1661189,0.1214813,0.06170642
bias_half,frozen_q,180,13.5,0.440467,0.1671269,0.4147343,0.1727986,0.1266833,0.06590576
bias_half,frozen_q,180,14,0.4476742,0.1732613,0.4300956,0.1794786,0.109687,0.03720875
bias_half,frozen_q,180,14.5,0.4611115,0.1805333,0.4454556,0.1861591,0.1032573,0.0406695
bias_half,frozen_q,180,15,0.4761713,0.1854909,0.460844,0.1927431,0.1017541,0.03841705
bias_half,frozen_q,180,15.5,0.4925531,0.1915253,0.476166,0.1993886,0.1079557,0.0369901
bias_half,frozen_q,180,16,0.5103257,0.1972836,0.4915607,0.2062517,0.1179801,0.03897528
bias_half,frozen_q,180,16.5,0.5242593,0.2047279,0.5069196,0.2131278,0.1143211,0.03942483
bias_half,frozen_q,180,17,0.5377232,0.2129163,0.5223514,0.2202125,0.1079171,0.041637
bias_half,frozen_q,180,17.5,0.5533141,0.2193811,0.537654,0.2270998,0.1099154,0.04266525
bias_half,frozen_q,180,18,0.5670429,0.2256777,0.5529355,0.2339245,0.1030712,0.04072508
bias_half,frozen_q,180,18.5,0.5839709,0.2313647,0.5681527,0.2407935,0.1109244,0.04219139
bias_half,frozen_q,180,19,0.5965188,0.2422035,0.5834024,0.2477065,0.1049678,0.04468459
bias_half,frozen_q,180,19.5,0.6118753,0.2490676,0.5986311,0.254635,0.1059945,0.04738776
bias_half,frozen_q,180,20,0.6280724,0.2541253,0.6138325,0.2615625,0.1072695,0.05164938
bias_half,frozen_q,180,20.5,0.6430408,0.261587,0.6290943,0.2685788,0.1089608,0.04971443
bias_half,frozen_q,180,21,0.6555915,0.2688348,0.6441833,0.275503,0.09956971,0.03927875
bias_half,frozen_q,180,21.5,0.6702292,0.276218,0.6592763,0.282373,0.09961753,0.0380042
bias_half,frozen_q,180,22,0.6837818,0.2848947,0.6743164,0.2891604,0.09648293,0.03583213
bias_half,frozen_q,180,22.5,0.6993134,0.291299,0.6894066,0.2960265,0.09966942,0.03533307
bias_half,frozen_q,180,23,0.7129888,0.2995015,0.704348,0.3029194,0.09612482,0.03325767
bias_half,frozen_q,180,23.5,0.7280245,0.3065273,0.7193349,0.3096966,0.09868683,0.03216028
bias_half,frozen_q,180,24,0.7434755,0.3119014,0.7344707,0.3165001,0.09661419,0.0359676
bias_half,frozen_q,180,24.5,0.7583947,0.3181866,0.749287,0.3232154,0.09696445,0.03649238
bias_half,frozen_q,180,25,0.7723526,0.3265889,0.7642184,0.3299938,0.09735175,0.03074027
bias_half,frozen_q,180,25.5,0.7873217,0.3333038,0.7792141,0.3366412,0.09836804,0.030788
bias_half,frozen_q,180,26,0.8026704,0.3394465,0.7944308,0.3431021,0.09937753,0.03100435
bias_half,frozen_q,180,26.5,0.8176807,0.3462875,0.8094082,0.3497367,0.1006169,0.03333664
bias_half,frozen_q,180,27,0.8327685,0.3517712,0.8242989,0.3564029,0.09820655,0.03662174
bias_half,frozen_q,180,27.5,0.8481965,0.3579473,0.8391874,0.3630065,0.1019015,0.0377354
bias_half,frozen_q,180,28,0.8619674,0.3654478,0.8542197,0.3697801,0.09513727,0.03582848
bias_half,frozen_q,180,28.5,0.8776931,0.3707397,0.8690218,0.3763734,0.09782792,0.04074807
bias_half,frozen_q,180,29,0.8919331,0.3778217,0.8838316,0.3829422,0.09748618,0.03527464
bias_half,frozen_q,180,29.5,0.9065321,0.3845956,0.8986313,0.3894408,0.09811034,0.03361896
bias_half,frozen_q,180,30,0.9216166,0.3909547,0.9132834,0.3962166,0.1008036,0.03545695
bias_half,frozen_q,180,30.5,0.9358493,0.3988971,0.9282634,0.4026287,0.09790839,0.04246798
bias_half,frozen_q,180,31,0.9514825,0.4049644,0.9431086,0.4090791,0.1023993,0.04809471
bias_half,frozen_q,180,31.5,0.9675314,0.410963,0.9579617,0.4157453,0.1118182,0.04776332
bias_half,frozen_q,180,32,0.9819752,0.417487,0.9728961,0.4219547,0.1076516,0.05228115
bias_half,frozen_q,180,32.5,0.9961776,0.4247692,0.9878315,0.4283388,0.1067311,0.04892632
bias_half,frozen_q,180,33,1.010203,0.431998,1.002486,0.4345337,0.1039635,0.05267166
bias_half,frozen_q,180,33.5,1.024436,0.438406,1.017587,0.4412073,0.09752733,0.04738049
bias_half,frozen_q,180,34,1.039596,0.444468,1.032776,0.4476503,0.09708123,0.04601082
bias_half,frozen_q,180,34.5,1.054743,0.4506497,1.048108,0.4541075,0.09698295,0.04069932
bias_half,frozen_q,180,35,1.068282,0.4581199,1.063031,0.4608006,0.08793397,0.03432535
bias_half,frozen_q,180,35.5,1.083789,0.4647547,1.078385,0.4673871,0.09117961,0.03307254
bias_half,frozen_q,180,36,1.098957,0.4720853,1.093583,0.473991,0.09619003,0.02931458
bias_half,frozen_q,180,36.5,1.114231,0.4786196,1.108702,0.4805873,0.09845966,0.02906213
bias_half,frozen_q,180,37,1.128235,0.4854549,1.123606,0.4868532,0.09379718,0.01876767
bias_half,frozen_q,180,37.5,1.143028,0.4918163,1.138952,0.4929528,0.08869926,0.01974479
bias_half,frozen_q,180,38,1.157472,0.4980769,1.15413,0.4991605,0.07948433,0.02006265
bias_half,frozen_q,180,38.5,1.172746,0.5043353,1.169716,0.5055189,0.07640331,0.01153924
bias_half,frozen_q,180,39,1.187592,0.5103099,1.184988,0.5115586,0.06864645,0.01636768
bias_half,frozen_q,180,39.5,1.202731,0.5167019,1.200413,0.5177225,0.06558501,0.01672929
bias_half,frozen_q,180,40,1.218246,0.5231212,1.215736,0.5240589,0.06870192,0.02189056
bias_half,frozen_q,180,40.5,1.233499,0.5293703,1.231276,0.5303535,0.06514539,0.01607491
bias_half,frozen_q,180,41,1.248623,0.5359165,1.246421,0.5367508,0.06612344,0.01696837
bias_half,frozen_q,180,41.5,1.264042,0.5424438,1.261864,0.543141,0.06675612,0.01855519
bias_half,frozen_q,180,42,1.279282,0.5489778,1.277244,0.5495911,0.06426127,0.0215128
bias_half,frozen_q,180,42.5,1.294457,0.5554457,1.292146,0.5562304,0.06904732,0.01998621
bias_half,frozen_q,180,43,1.310095,0.5620902,1.307901,0.5628233,0.06705353,0.02213425
bias_half,frozen_q,180,43.5,1.325474,0.5682653,1.32322,0.569033,0.06887913,0.02037736
bias_half,frozen_q,180,44,1.340728,0.5745015,1.338464,0.5752419,0.06909846,0.022509
bias_half,frozen_q,180,44.5,1.356215,0.5806263,1.35384,0.581378,0.07112258,0.02406988
bias_half,frozen_q,180,45,1.372137,0.5863607,1.369411,0.5872339,0.07626016,0.02683666
bias_half,frozen_q,180,45.5,1.387846,0.5923449,1.385075,0.5935643,0.07599549,0.02370781
bias_half,frozen_q,180,46,1.403205,0.5983788,1.400485,0.5996742,0.07496671,0.02367923
bias_half,frozen_q,180,46.5,1.418851,0.604164,1.415912,0.6058315,0.07628906,0.02499708
bias_half,frozen_q,180,47,1.433926,0.6113772,1.431334,0.6124265,0.07653014,0.01920672
bias_half,frozen_q,180,47.5,1.449365,0.617669,1.446857,0.618698,0.07609445,0.01668623
bias_half,frozen_q,180,48,1.464566,0.6239234,1.462032,0.6251138,0.07546886,0.01804243
bias_half,frozen_q,180,48.5,1.480318,0.6300198,1.477695,0.6311873,0.07768635,0.01854933
bias_half,frozen_q,180,49,1.496196,0.6360265,1.493329,0.6372742,0.08046411,0.02488077
bias_half,frozen_q,180,49.5,1.511933,0.6423878,1.508988,0.6436716,0.08201878,0.02517679
bias_half,frozen_q,180,50,1.527802,0.6485245,1.524674,0.6499929,0.08405092,0.0265418
bias_half,frozen_q,180,50.5,1.543959,0.6548337,1.540728,0.6562635,0.08613946,0.02836713
bias_half,frozen_q,180,51,1.559406,0.6610711,1.556312,0.6626268,0.08448381,0.02404253
bias_half,frozen_q,180,51.5,1.575517,0.6673187,1.572129,0.6691728,0.0872612,0.0270693
bias_half,frozen_q,180,52,1.591117,0.6735723,1.587684,0.6757285,0.08631586,0.02712856
bias_half,frozen_q,180,52.5,1.607278,0.6800284,1.603667,0.6823887,0.0881559,0.028429
bias_half,frozen_q,180,53,1.622296,0.6870821,1.619362,0.6886508,0.0830248,0.02443247
bias_half,frozen_q,180,53.5,1.638054,0.6938885,1.635035,0.6952734,0.08650474,0.0245206
bias_half,frozen_q,180,54,1.654311,0.6997673,1.651088,0.7016884,0.08530222,0.02938447
bias_half,frozen_q,180,54.5,1.670041,0.7062287,1.666687,0.7082437,0.08718331,0.03049176
bias_half,frozen_q,180,55,1.685198,0.7133617,1.682029,0.7147034,0.08965635,0.02922238
bias_half,frozen_q,180,55.5,1.700785,0.7195019,1.697563,0.7209796,0.08984639,0.02997422
bias_half,frozen_q,180,56,1.716227,0.7259534,1.713252,0.7270984,0.08815905,0.02991455
bias_half,frozen_q,180,56.5,1.731819,0.7325387,1.728769,0.7337886,0.08866956,0.03163537
bias_half,frozen_q,180,57,1.747295,0.739889,1.744692,0.7409437,0.08441231,0.02253926
bias_half,frozen_q,180,57.5,1.762774,0.7465583,1.760068,0.747704,0.0850519,0.02662434
bias_half,frozen_q,180,58,1.778549,0.7531885,1.775951,0.7542211,0.08366841,0.02815767
bias_half,frozen_q,180,58.5,1.793624,0.760223,1.791444,0.7611292,0.07672506,0.02550682
bias_half,frozen_q,180,59,1.80899,0.7666673,1.806945,0.7675578,0.074668,0.02340997
bias_half,frozen_q,180,59.5,1.824923,0.7733259,1.822705,0.7743635,0.07825302,0.02156518
bias_half,frozen_q,180,60,1.840437,0.7800577,1.838257,0.7811489,0.07719402,0.02155982
bias_half,frozen_q,360,0,0,0,0,0,0,0
bias_half,frozen_q,360,0.5,0.03278935,0.009450594,0.01527245,0.00641056,0.02839603,0.009254691
bias_half,frozen_q,360,1,0.06372136,0.01895521,0.03049938,0.01284371,0.05454718,0.01890216
bias_half,frozen_q,360,1.5,0.09134296,0.02476489,0.04574134,0.01927899,0.07670939,0.0250573
bias_half,frozen_q,360,2,0.1169827,0.03002494,0.0610272,0.02565577,0.09579344,0.03269269
bias_half,frozen_q,360,2.5,0.1364918,0.03522814,0.0762493,0.03201566,0.1074051,0.03954226
bias_half,frozen_q,360,3,0.1447176,0.04984219,0.09143247,0.03826025,0.1050363,0.05150399
bias_half,frozen_q,360,3.5,0.1615355,0.05362794,0.1066475,0.04459968,0.113559,0.05298314
bias_half,frozen_q,360,4,0.1764155,0.06422862,0.1219051,0.05100282,0.1178828,0.0633541
bias_half,frozen_q,360,4.5,0.1878199,0.06905711,0.1372708,0.05745961,0.1201189,0.05981006
bias_half,frozen_q,360,5,0.1956115,0.07300636,0.1527163,0.06390237,0.114665,0.05598501
bias_half,frozen_q,360,5.5,0.2090203,0.08013173,0.1680712,0.07032592,0.114059,0.06352535
bias_half,frozen_q,360,6,0.224262,0.07998349,0.1834051,0.07675548,0.1187232,0.05658257
bias_half,frozen_q,360,6.5,0.2398374,0.08851226,0.198839,0.08323648,0.1219888,0.06460043
bias_half,frozen_q,360,7,0.2589546,0.09308722,0.2142515,0.0896382,0.1292062,0.07296896
bias_half,frozen_q,360,7.5,0.2721127,0.09700771,0.2296145,0.09598115,0.1279793,0.0734989
bias_half,frozen_q,360,8,0.2778494,0.09967536,0.2449827,0.1022493,0.1185625,0.05264512
bias_half,frozen_q,360,8.5,0.293023,0.104107,0.2603971,0.1084971,0.1181913,0.05803741
bias_half,frozen_q,360,9,0.3025126,0.1061704,0.2757842,0.1148022,0.09939322,0.06296144
bias_half,frozen_q,360,9.5,0.3145532,0.1139829,0.2911718,0.1210681,0.09756089,0.05677726
bias_half,frozen_q,360,10,0.3261362,0.1204045,0.3065529,0.1273682,0.09268029,0.04769871
bias_half,frozen_q,360,10.5,0.3394108,0.125666,0.3220971,0.1336891,0.08840926,0.04180413
bias_half,frozen_q,360,11,0.3520486,0.132569,0.3377056,0.1400206,0.08181143,0.03656764
bias_half,frozen_q,360,11.5,0.3654114,0.1406185,0.3532506,0.1464258,0.07909528,0.03077683
bias_half,frozen_q,360,12,0.3805455,0.1479924,0.3687058,0.1529169,0.07938083,0.03497122
bias_half,frozen_q,360,12.5,0.3956686,0.1545055,0.3841363,0.1594435,0.07836964,0.03809078
bias_half,frozen_q,360,13,0.4087082,0.163444,0.3994963,0.1660757,0.0768355,0.02748458
bias_half,frozen_q,360,13.5,0.4237657,0.170669,0.4148328,0.1727929,0.07797621,0.02748794
bias_half,frozen_q,360,14,0.4386564,0.1776209,0.4301888,0.1794559,0.07691932,0.02934325
bias_half,frozen_q,360,14.5,0.4529639,0.1836044,0.4455671,0.1862164,0.07107474,0.02669264
bias_half,frozen_q,360,15,0.4685981,0.1900737,0.4608646,0.1928586,0.07361328,0.02820924
bias_half,frozen_q,360,15.5,0.4835812,0.1964698,0.4761986,0.1994859,0.07237718,0.02739009
bias_half,frozen_q,360,16,0.4973641,0.2038517,0.4915629,0.2063669,0.06341536,0.0278216
bias_half,frozen_q,360,16.5,0.5134534,0.2105637,0.5069132,0.2132259,0.06879692,0.03023729
bias_half,frozen_q,360,17,0.5292042,0.2173158,0.5223075,0.2201688,0.07113422,0.03254299
bias_half,frozen_q,360,17.5,0.5450179,0.2246259,0.5376812,0.2270002,0.07657043,0.03343092
bias_half,frozen_q,360,18,0.5590676,0.2313708,0.552933,0.2338368,0.06946475,0.03089053
bias_half,frozen_q,360,18.5,0.5744405,0.2375537,0.568118,0.2406349,0.07060043,0.02973143
bias_half,frozen_q,360,19,0.5889893,0.2447275,0.5833447,0.2474826,0.0692966,0.02355618
bias_half,frozen_q,360,19.5,0.6048686,0.2510207,0.5985352,0.2544292,0.07327227,0.02546855
bias_half,frozen_q,360,20,0.6206433,0.2568455,0.613768,0.2614117,0.07280241,0.03143473
bias_half,frozen_q,360,20.5,0.6361232,0.2632426,0.6289457,0.2683285,0.07434784,0.03218528
bias_half,frozen_q,360,21,0.6511191,0.2704722,0.644286,0.2752779,0.07404112,0.03039976
bias_half,frozen_q,360,21.5,0.6678404,0.2756999,0.6594884,0.282224,0.07912714,0.0379304
bias_half,frozen_q,360,22,0.6822665,0.2841048,0.6746619,0.2890177,0.08022107,0.03566834
bias_half,frozen_q,360,22.5,0.6974362,0.291312,0.6897151,0.2959795,0.0823519,0.03733817
bias_half,frozen_q,360,23,0.7122288,0.2982433,0.7048019,0.302842,0.08145244,0.03647184
bias_half,frozen_q,360,23.5,0.7261856,0.3064288,0.7197338,0.3095722,0.08043626,0.03275503
bias_half,frozen_q,360,24,0.7414072,0.3130853,0.7347663,0.316259,0.08174125,0.03589333
bias_half,frozen_q,360,24.5,0.7549834,0.3209069,0.7497099,0.323028,0.07542207,0.03160539
bias_half,frozen_q,360,25,0.7703424,0.3267936,0.7647198,0.3296674,0.0769244,0.03114277
bias_half,frozen_q,360,25.5,0.7855076,0.3325661,0.7796614,0.3361916,0.07629977,0.03285321
bias_half,frozen_q,360,26,0.799919,0.339539,0.7947063,0.3427738,0.07248123,0.03182155
bias_half,frozen_q,360,26.5,0.8147234,0.3461925,0.8097812,0.3493203,0.07162977,0.02957804
bias_half,frozen_q,360,27,0.8297832,0.3527966,0.8248066,0.3562119,0.07181686,0.02858405
bias_half,frozen_q,360,27.5,0.8441658,0.3606755,0.8397552,0.3627581,0.07288241,0.02683145
bias_half,frozen_q,360,28,0.8592795,0.3674974,0.8547053,0.3694337,0.07694384,0.02436792
bias_half,frozen_q,360,28.5,0.8732139,0.3744371,0.8696259,0.3755851,0.07056988,0.02188911
bias_half,frozen_q,360,29,0.8879426,0.3811362,0.8842705,0.3820363,0.07242473,0.02533885
bias_half,frozen_q,360,29.5,0.9025631,0.3871855,0.8989295,0.3883859,0.07142815,0.02426678
bias_half,frozen_q,360,30,0.9172779,0.3942264,0.9137456,0.3951381,0.07136819,0.02696269
bias_half,frozen_q,360,30.5,0.9319173,0.4011171,0.9286928,0.4015025,0.07054276,0.02771033
bias_half,frozen_q,360,31,0.9471798,0.4073208,0.943529,0.4079126,0.07548525,0.02802773
bias_half,frozen_q,360,31.5,0.9619544,0.4141855,0.9582665,0.4147312,0.07629842,0.02956425
bias_half,frozen_q,360,32,0.9774218,0.4199317,0.9732739,0.4210091,0.07775078,0.03532372
bias_half,frozen_q,360,32.5,0.992019,0.4264965,0.9881651,0.4273873,0.07834278,0.02849134
bias_half,frozen_q,360,33,1.007152,0.4326705,1.00315,0.4339176,0.08021252,0.02480178
bias_half,frozen_q,360,33.5,1.022474,0.4398938,1.018342,0.440905,0.08220204,0.02954023
bias_half,frozen_q,360,34,1.03748,0.4466233,1.033573,0.4472919,0.08134082,0.03091432
bias_half,frozen_q,360,34.5,1.052535,0.4523857,1.048513,0.4535765,0.08140158,0.02900654
bias_half,frozen_q,360,35,1.067721,0.4579915,1.063746,0.4596672,0.0798781,0.02576671
bias_half,frozen_q,360,35.5,1.082066,0.4655728,1.078881,0.4665661,0.07489352,0.02035742
bias_half,frozen_q,360,36,1.096366,0.4726025,1.09405,0.4730309,0.06358383,0.02608
bias_half,frozen_q,360,36.5,1.111371,0.4790014,1.109327,0.4793835,0.0603256,0.02410361
bias_half,frozen_q,360,37,1.126133,0.4853894,1.124611,0.4856325,0.05319396,0.01980002
bias_half,frozen_q,360,37.5,1.141284,0.4916109,1.139632,0.4918412,0.05538793,0.02261903
bias_half,frozen_q,360,38,1.15629,0.4975858,1.154844,0.4979174,0.05158582,0.01969629
bias_half,frozen_q,360,38.5,1.171448,0.5036456,1.170014,0.5039826,0.05228694,0.01779772
bias_half,frozen_q,360,39,1.186535,0.5100311,1.185293,0.5102423,0.04912509,0.01854841
bias_half,frozen_q,360,39.5,1.201933,0.515812,1.200583,0.5162197,0.05024748,0.01833785
bias_half,frozen_q,360,40,1.217279,0.5221016,1.215868,0.5225705,0.05134129,0.01868806
bias_half,frozen_q,360,40.5,1.232833,0.5285552,1.231349,0.5290556,0.05303418,0.01892549
bias_half,frozen_q,360,41,1.248283,0.5349039,1.246753,0.5355002,0.0545844,0.01559643
bias_half,frozen_q,360,41.5,1.263625,0.5410566,1.262036,0.5417513,0.05519017,0.01631268
bias_half,frozen_q,360,42,1.279054,0.5474459,1.277394,0.5482167,0.05639085,0.01662528
bias_half,frozen_q,360,42.5,1.293977,0.5541284,1.292478,0.5547284,0.05537445,0.01363507
bias_half,frozen_q,360,43,1.309452,0.560259,1.307821,0.5609177,0.05817541,0.01387052
bias_half,frozen_q,360,43.5,1.32475,0.5666586,1.323317,0.5672378,0.05420355,0.01566838
bias_half,frozen_q,360,44,1.340095,0.5729431,1.338612,0.5735333,0.05568345,0.0155522
bias_half,frozen_q,360,44.5,1.356179,0.5789742,1.354643,0.5797277,0.05589627,0.01493837
bias_half,frozen_q,360,45,1.371706,0.5852435,1.370226,0.5858181,0.05631633,0.0161198
bias_half,frozen_q,360,45.5,1.387197,0.5914029,1.385777,0.5919398,0.05507404,0.01778065
bias_half,frozen_q,360,46,1.402982,0.5979724,1.40137,0.5984888,0.05997248,0.01889927
bias_half,frozen_q,360,46.5,1.418556,0.6040874,1.416907,0.6046115,0.06089238,0.01965143
bias_half,frozen_q,360,47,1.434184,0.6104197,1.432568,0.6109169,0.05979424,0.02249823
bias_half,frozen_q,360,47.5,1.449658,0.6170091,1.447958,0.6175501,0.06186161,0.02211374
bias_half,frozen_q,360,48,1.464286,0.6232879,1.462698,0.6238976,0.05932914,0.0206971
bias_half,frozen_q,360,48.5,1.479963,0.6291053,1.478361,0.6296984,0.0590533,0.02387343
bias_half,frozen_q,360,49,1.495897,0.6352874,1.494085,0.6362942,0.06107862,0.02226382
bias_half,frozen_q,360,49.5,1.510836,0.6412576,1.509178,0.6419943,0.06021047,0.02257859
bias_half,frozen_q,360,50,1.526418,0.6470726,1.524478,0.6480293,0.064432,0.02492979
bias_half,frozen_q,360,50.5,1.542384,0.653955,1.540512,0.6549947,0.06122762,0.02772588
bias_half,frozen_q,360,51,1.557785,0.660487,1.556199,0.6613982,0.05573967,0.02689627
bias_half,frozen_q,360,51.5,1.573183,0.6668382,1.571508,0.6678656,0.05782305,0.0255552
bias_half,frozen_q,360,52,1.588885,0.6729275,1.587077,0.6742476,0.05996015,0.02191357
bias_half,frozen_q,360,52.5,1.604769,0.6796812,1.603039,0.6808847,0.05869186,0.02400694
bias_half,frozen_q,360,53,1.620309,0.6865848,1.61876,0.6876722,0.0555443,0.02323448
bias_half,frozen_q,360,53.5,1.635461,0.6933131,1.634197,0.6941128,0.05270087,0.01781986
bias_half,frozen_q,360,54,1.651479,0.7003044,1.650139,0.7011033,0.05431674,0.02079023
bias_half,frozen_q,360,54.5,1.667467,0.7069554,1.666145,0.7077945,0.05396088,0.01966727
bias_half,frozen_q,360,55,1.683644,0.7131585,1.682103,0.7143574,0.05628728,0.02039107
bias_half,frozen_q,360,55.5,1.699175,0.7192953,1.697517,0.7207047,0.05694905,0.02200734
bias_half,frozen_q,360,56,1.714457,0.7260893,1.713028,0.727208,0.05459437,0.01981421
bias_half,frozen_q,360,56.5,1.730008,0.7330848,1.728629,0.7340148,0.05526869,0.02098262
bias_half,frozen_q,360,57,1.745963,0.7398623,1.744516,0.7409066,0.05601499,0.0215984
bias_half,frozen_q,360,57.5,1.761867,0.7467816,1.760297,0.7477284,0.05941324,0.02633321
bias_half,frozen_q,360,58,1.777481,0.7533344,1.775932,0.7541457,0.05908666,0.02996059
bias_half,frozen_q,360,58.5,1.793366,0.7599607,1.791632,0.7608354,0.06382033,0.03037571
bias_half,frozen_q,360,59,1.809055,0.7663758,1.807254,0.7672993,0.06504809,0.03137134
bias_half,frozen_q,360,59.5,1.82457,0.7728055,1.822645,0.7741191,0.06540026,0.02922282
bias_half,frozen_q,360,60,1.840178,0.7795475,1.838189,0.7808416,0.06729829,0.03024667
bias_half,frozen_q,720,0,0,0,0,0,0,0
bias_half,frozen_q,720,0.5,0.03213854,0.009708016,0.01527245,0.006410561,0.02763627,0.009534842
bias_half,frozen_q,720,1,0.0626764,0.01829122,0.03049938,0.0128437,0.05356091,0.01748608
bias_half,frozen_q,720,1.5,0.08442019,0.02565057,0.04574128,0.01927905,0.06901359,0.02392058
bias_half,frozen_q,720,2,0.1036435,0.03251057,0.06102698,0.02565583,0.08049112,0.03107951
bias_half,frozen_q,720,2.5,0.1225358,0.03784053,0.07624935,0.03201543,0.09021623,0.0390502
bias_half,frozen_q,720,3,0.1348323,0.04633548,0.09143247,0.03825968,0.09305368,0.04364782
bias_half,frozen_q,720,3.5,0.1488959,0.05425729,0.106648,0.04459872,0.09523277,0.0526555
bias_half,frozen_q,720,4,0.1632666,0.05832605,0.1219061,0.05100167,0.09850058,0.05480337
bias_half,frozen_q,720,4.5,0.1755145,0.06579226,0.1372688,0.05745858,0.09748421,0.06013342
bias_half,frozen_q,720,5,0.1893516,0.06416965,0.1527135,0.06390172,0.1025052,0.04654267
bias_half,frozen_q,720,5.5,0.2120451,0.07205053,0.1680762,0.0703288,0.1142421,0.06403249
bias_half,frozen_q,720,6,0.2211747,0.08041263,0.1834063,0.07675937,0.1100425,0.06254682
bias_half,frozen_q,720,6.5,0.2310389,0.0839803,0.1988378,0.08324496,0.1000856,0.06441778
bias_half,frozen_q,720,7,0.2450688,0.09225673,0.214248,0.08963427,0.09795546,0.07265176
bias_half,frozen_q,720,7.5,0.2562131,0.09723216,0.2296226,0.09597439,0.09353759,0.0680573
bias_half,frozen_q,720,8,0.2682037,0.1066887,0.2449985,0.1022486,0.0871286,0.0739764
bias_half,frozen_q,720,8.5,0.2753887,0.1136115,0.2604145,0.1084882,0.07559267,0.05973617
bias_half,frozen_q,720,9,0.2870537,0.1169285,0.2758164,0.1147948,0.06789921,0.04795314
bias_half,frozen_q,720,9.5,0.3024389,0.1247819,0.2911983,0.1210686,0.07054773,0.05194224
bias_half,frozen_q,720,10,0.3169387,0.1284091,0.3065785,0.1273498,0.07228367,0.03963253
bias_half,frozen_q,720,10.5,0.3303526,0.1329507,0.3221413,0.1336371,0.06725809,0.02636541
bias_half,frozen_q,720,11,0.3448086,0.1388221,0.3377547,0.1399886,0.06285124,0.02418128
bias_half,frozen_q,720,11.5,0.3603967,0.1453748,0.3532652,0.1463864,0.06236214,0.03112053
bias_half,frozen_q,720,12,0.3749253,0.1523688,0.3687331,0.1528597,0.05984325,0.03045802
bias_half,frozen_q,720,12.5,0.3889567,0.1595427,0.3841096,0.1594581,0.05413914,0.02976661
bias_half,frozen_q,720,13,0.4043051,0.1650418,0.3994677,0.1660737,0.05576181,0.02186577
bias_half,frozen_q,720,13.5,0.4203148,0.171828,0.4148144,0.1727129,0.06020136,0.02674769
bias_half,frozen_q,720,14,0.4358482,0.1789469,0.4302039,0.1793625,0.06358386,0.02722045
bias_half,frozen_q,720,14.5,0.4506832,0.1862051,0.4455783,0.1859841,0.06198872,0.02921509
bias_half,frozen_q,720,15,0.4660025,0.1921349,0.4609254,0.1926382,0.05954331,0.03206394
bias_half,frozen_q,720,15.5,0.4815676,0.1982619,0.4762292,0.1992004,0.06353194,0.02757728
bias_half,frozen_q,720,16,0.4965312,0.2057832,0.4916194,0.2059724,0.06276156,0.02974707
bias_half,frozen_q,720,16.5,0.512279,0.2117279,0.5069978,0.2128165,0.06529015,0.02677749
bias_half,frozen_q,720,17,0.5265073,0.2190296,0.5223526,0.2196761,0.05770431,0.02825469
bias_half,frozen_q,720,17.5,0.5412384,0.2262561,0.5375022,0.2265918,0.05768718,0.02423834
bias_half,frozen_q,720,18,0.5564433,0.2328415,0.5526441,0.2334231,0.05806964,0.0247936
bias_half,frozen_q,720,18.5,0.5720457,0.2402872,0.5678623,0.2403321,0.06277155,0.02916318
bias_half,frozen_q,720,19,0.5878135,0.246749,0.5831923,0.2471804,0.06677268,0.02810506
bias_half,frozen_q,720,19.5,0.6037121,0.253262,0.5984118,0.2540515,0.07143665,0.03057188
bias_half,frozen_q,720,20,0.6178503,0.2603451,0.6134965,0.2610239,0.0670696,0.02354093
bias_half,frozen_q,720,20.5,0.632418,0.2674023,0.6287154,0.2679748,0.06310278,0.02042467
bias_half,frozen_q,720,21,0.6468805,0.2743738,0.6437973,0.2748401,0.05771563,0.02064622
bias_half,frozen_q,720,21.5,0.6624399,0.2807823,0.659001,0.2817773,0.05914864,0.02326141
bias_half,frozen_q,720,22,0.6784161,0.2876188,0.6741243,0.2886227,0.06802197,0.02571716
bias_half,frozen_q,720,22.5,0.6933789,0.2943551,0.6894323,0.2955258,0.06440574,0.02622279
bias_half,frozen_q,720,23,0.708074,0.3006372,0.7043311,0.3022872,0.06119823,0.02505302
bias_half,frozen_q,720,23.5,0.7233196,0.3069004,0.7192729,0.3090544,0.0624975,0.02658387
bias_half,frozen_q,720,24,0.7381628,0.3136593,0.7342701,0.3158547,0.06077882,0.0276199
bias_half,frozen_q,720,24.5,0.7525159,0.3208733,0.7492263,0.3224893,0.05986782,0.01969213
bias_half,frozen_q,720,25,0.7679779,0.3271985,0.7642816,0.329222,0.06252115,0.02278035
bias_half,frozen_q,720,25.5,0.7823948,0.3351026,0.7793351,0.3358445,0.05948078,0.02842518
bias_half,frozen_q,720,26,0.7977807,0.3414557,0.7944661,0.3424314,0.06081053,0.03155394
bias_half,frozen_q,720,26.5,0.8126671,0.3483939,0.8094424,0.3491038,0.06177112,0.03153313
bias_half,frozen_q,720,27,0.8275801,0.355295,0.8245252,0.3559865,0.06016609,0.03178673
bias_half,frozen_q,720,27.5,0.8425913,0.361727,0.8395666,0.3626773,0.0609971,0.02740597
bias_half,frozen_q,720,28,0.8574086,0.3683856,0.8543872,0.3692807,0.06196496,0.02724624
bias_half,frozen_q,720,28.5,0.8722968,0.3749813,0.8693032,0.3756989,0.06225764,0.02948672
bias_half,frozen_q,720,29,0.8869853,0.3818054,0.8839887,0.3822781,0.06442316,0.02926403
bias_half,frozen_q,720,29.5,0.9017861,0.3884393,0.8989976,0.3886303,0.06336469,0.03018377
bias_half,frozen_q,720,30,0.9170067,0.3955001,0.9138312,0.3956652,0.06838934,0.03264727
bias_half,frozen_q,720,30.5,0.9314319,0.4016871,0.928444,0.4018755,0.06765095,0.02967774
bias_half,frozen_q,720,31,0.9462608,0.4083258,0.9433782,0.4086924,0.06654442,0.02780737
bias_half,frozen_q,720,31.5,0.9611075,0.4141959,0.9581662,0.4149497,0.06610732,0.02677603
bias_half,frozen_q,720,32,0.9757729,0.4206505,0.9729429,0.4213693,0.06168169,0.03456697
bias_half,frozen_q,720,32.5,0.990687,0.4274665,0.9881525,0.4278216,0.06250166,0.02938755
bias_half,frozen_q,720,33,1.006328,0.4333386,1.003129,0.4341751,0.07152977,0.02557707
bias_half,frozen_q,720,33.5,1.021545,0.439678,1.018436,0.4410422,0.06677523,0.02797458
bias_half,frozen_q,720,34,1.035934,0.4469987,1.033306,0.4475435,0.06617733,0.02504188
bias_half,frozen_q,720,34.5,1.050575,0.453096,1.048315,0.453976,0.05788815,0.02584299
bias_half,frozen_q,720,35,1.066091,0.4589434,1.063494,0.4602821,0.06033818,0.02753482
bias_half,frozen_q,720,35.5,1.081449,0.4658526,1.078946,0.4669272,0.06393252,0.01964495
bias_half,frozen_q,720,36,1.095862,0.4719583,1.093818,0.4728171,0.05873051,0.01641922
bias_half,frozen_q,720,36.5,1.110509,0.4787979,1.108759,0.4791334,0.05705519,0.0184065
bias_half,frozen_q,720,37,1.125715,0.4855968,1.123753,0.4857073,0.06090954,0.02517595
bias_half,frozen_q,720,37.5,1.141019,0.4919365,1.139323,0.4919849,0.05735266,0.02366909
bias_half,frozen_q,720,38,1.156015,0.4981819,1.154469,0.4983271,0.05482227,0.02120534
bias_half,frozen_q,720,38.5,1.171,0.5044599,1.169711,0.5045114,0.05078011,0.02024122
bias_half,frozen_q,720,39,1.186127,0.5102108,1.184996,0.5106119,0.0451396,0.01637099
bias_half,frozen_q,720,39.5,1.201516,0.5164514,1.200448,0.5170491,0.04268957,0.01276533
bias_half,frozen_q,720,40,1.217102,0.5228441,1.216122,0.5234205,0.04048963,0.01349461
bias_half,frozen_q,720,40.5,1.231924,0.5290441,1.230955,0.5296352,0.04084802,0.01140423
bias_half,frozen_q,720,41,1.247235,0.5355234,1.246245,0.5361122,0.04163952,0.01196947
bias_half,frozen_q,720,41.5,1.263286,0.541991,1.262257,0.5425736,0.04310629,0.01218905
bias_half,frozen_q,720,42,1.278697,0.5481861,1.277681,0.5487675,0.04305888,0.01197982
bias_half,frozen_q,720,42.5,1.293926,0.5544371,1.292928,0.5549298,0.04357354,0.01314722
bias_half,frozen_q,720,43,1.309191,0.5607216,1.308146,0.5611896,0.04530901,0.01390643
bias_half,frozen_q,720,43.5,1.324861,0.5669038,1.323638,0.5675377,0.04858918,0.01434458
bias_half,frozen_q,720,44,1.340259,0.5731446,1.339008,0.5737938,0.04956704,0.0140846
bias_half,frozen_q,720,44.5,1.355402,0.5795732,1.354063,0.5803141,0.05005873,0.01799526
bias_half,frozen_q,720,45,1.370823,0.5854267,1.369556,0.5861448,0.04902452,0.01685706
bias_half,frozen_q,720,45.5,1.386324,0.5914873,1.384963,0.59238,0.0496465,0.01788714
bias_half,frozen_q,720,46,1.401892,0.5980622,1.400732,0.5988041,0.04657365,0.01584232
bias_half,frozen_q,720,46.5,1.417064,0.6037984,1.415962,0.6043752,0.04768871,0.01392193
bias_half,frozen_q,720,47,1.432674,0.6099744,1.431493,0.6105817,0.04935435,0.01600172
bias_half,frozen_q,720,47.5,1.447737,0.6165648,1.446759,0.617199,0.04441745,0.0110364
bias_half,frozen_q,720,48,1.462823,0.6231293,1.461874,0.6238085,0.04246417,0.01326896
bias_half,frozen_q,720,48.5,1.478458,0.6292358,1.477642,0.6295578,0.04333329,0.01255882
bias_half,frozen_q,720,49,1.494067,0.6355962,1.493223,0.6358786,0.04450297,0.01447339
bias_half,frozen_q,720,49.5,1.509819,0.6419718,1.508888,0.6423277,0.04609408,0.01630438
bias_half,frozen_q,720,50,1.525927,0.6484635,1.524854,0.648907,0.04925036,0.01779825
bias_half,frozen_q,720,50.5,1.541694,0.6545355,1.540749,0.6549143,0.04721821,0.01488458
bias_half,frozen_q,720,51,1.557114,0.6609145,1.556172,0.661421,0.04613853,0.01325414
bias_half,frozen_q,720,51.5,1.573228,0.6671787,1.572338,0.6677271,0.04378656,0.01399799
bias_half,frozen_q,720,52,1.589439,0.6736833,1.588463,0.6743837,0.04344234,0.01827391
bias_half,frozen_q,720,52.5,1.605007,0.6803605,1.603998,0.6811205,0.044479,0.01703732
bias_half,frozen_q,720,53,1.620522,0.6869448,1.619508,0.6875073,0.04776973,0.01681569
bias_half,frozen_q,720,53.5,1.635816,0.6936505,1.634881,0.6939381,0.04915965,0.01656242
bias_half,frozen_q,720,54,1.650882,0.7006605,1.649999,0.7007774,0.05027126,0.01564249
bias_half,frozen_q,720,54.5,1.667019,0.7076271,1.666319,0.7077712,0.04500933,0.01085567
bias_half,frozen_q,720,55,1.683148,0.7139275,1.682349,0.7140952,0.04711261,0.01596395
bias_half,frozen_q,720,55.5,1.699016,0.7196237,1.698253,0.7198838,0.04476403,0.01569502
bias_half,frozen_q,720,56,1.714719,0.7262588,1.714039,0.7264578,0.04299274,0.01488307
bias_half,frozen_q,720,56.5,1.73012,0.7328099,1.729429,0.7329873,0.04360355,0.01598883
bias_half,frozen_q,720,57,1.746,0.7397051,1.745183,0.7399323,0.04766008,0.01666314
bias_half,frozen_q,720,57.5,1.761416,0.7465334,1.760536,0.7467697,0.0490755,0.01929539
bias_half,frozen_q,720,58,1.777575,0.752987,1.776747,0.7531019,0.04829122,0.02169579
bias_half,frozen_q,720,58.5,1.792839,0.7594484,1.791934,0.7596085,0.05082737,0.02132656
bias_half,frozen_q,720,59,1.808254,0.7657983,1.807477,0.7660405,0.04672687,0.01698636
bias_half,frozen_q,720,59.5,1.823983,0.7723431,1.823195,0.7725725,0.04754177,0.01702085
bias_half,frozen_q,720,60,1.839619,0.7789376,1.838894,0.779125,0.04631239,0.01599335
bias_half,frozen_q,3600,0,0,0,0,0,0,0
bias_half,frozen_q,3600,0.5,0.03012442,0.009719407,0.01527245,0.00641056,0.02537859,0.009226004
bias_half,frozen_q,3600,1,0.0553974,0.01522076,0.03049938,0.01284371,0.04492281,0.01391612
bias_half,frozen_q,3600,1.5,0.07328558,0.02491366,0.04574129,0.01927903,0.05451114,0.02392103
bias_half,frozen_q,3600,2,0.0901427,0.029709,0.06102722,0.02565587,0.06165639,0.02925488
bias_half,frozen_q,3600,2.5,0.1060249,0.03792841,0.07624934,0.03201581,0.06655959,0.03825147
bias_half,frozen_q,3600,3,0.1206615,0.04368982,0.09143258,0.03826008,0.06999458,0.04258428
bias_half,frozen_q,3600,3.5,0.1356772,0.04721174,0.1066487,0.04459908,0.07294235,0.04520864
bias_half,frozen_q,3600,4,0.1555179,0.05648461,0.121909,0.05100014,0.08501138,0.05288619
bias_half,frozen_q,3600,4.5,0.1611058,0.05826789,0.1372731,0.05745667,0.07553519,0.03966707
bias_half,frozen_q,3600,5,0.1719188,0.06461035,0.1527208,0.06390028,0.06860912,0.04119174
bias_half,frozen_q,3600,5.5,0.1890067,0.06838272,0.1680787,0.07032025,0.07288158,0.04479242
bias_half,frozen_q,3600,6,0.198014,0.07457271,0.1834122,0.07674907,0.06467424,0.0336213
bias_half,frozen_q,3600,6.5,0.2070481,0.08345652,0.1988413,0.08323765,0.04967427,0.03074761
bias_half,frozen_q,3600,7,0.2220542,0.08684713,0.2142522,0.08962492,0.0472278,0.02729818
bias_half,frozen_q,3600,7.5,0.2372987,0.09331068,0.2296263,0.0959612,0.04754415,0.02983148
bias_half,frozen_q,3600,8,0.250863,0.1004658,0.2449977,0.1022391,0.04445946,0.02492621
bias_half,frozen_q,3600,8.5,0.2643749,0.1076616,0.2604211,0.1084923,0.0374598,0.02296794
bias_half,frozen_q,3600,9,0.2789332,0.1131724,0.2757912,0.1148277,0.03056538,0.02176863
bias_half,frozen_q,3600,9.5,0.2944057,0.1199427,0.2911823,0.1211185,0.03262454,0.0241473
bias_half,frozen_q,3600,10,0.3104815,0.125054,0.3065966,0.1274054,0.03396344,0.02674994
bias_half,frozen_q,3600,10.5,0.3247844,0.1320574,0.3221394,0.1337137,0.02985201,0.02056515
bias_half,frozen_q,3600,11,0.3398543,0.138914,0.3377803,0.1400337,0.02898437,0.0168157
bias_half,frozen_q,3600,11.5,0.3554217,0.1453746,0.3533348,0.1463945,0.0314331,0.01481027
bias_half,frozen_q,3600,12,0.3712751,0.151379,0.3688621,0.1527689,0.0332709,0.01708637
bias_half,frozen_q,3600,12.5,0.3864009,0.1579548,0.3842244,0.1592742,0.03254051,0.01524281
bias_half,frozen_q,3600,13,0.4013744,0.1648584,0.3995222,0.1659017,0.03160024,0.01285803
bias_half,frozen_q,3600,13.5,0.4166803,0.1717421,0.4148563,0.1725999,0.03317549,0.01194115
bias_half,frozen_q,3600,14,0.4320574,0.1784088,0.4303057,0.1792684,0.03239127,0.01335138
bias_half,frozen_q,3600,14.5,0.4473887,0.1853498,0.4456385,0.1859784,0.03429189,0.01319332
bias_half,frozen_q,3600,15,0.4627209,0.1918752,0.4610717,0.1925494,0.03380565,0.01190106
bias_half,frozen_q,3600,15.5,0.4782479,0.1982398,0.4763479,0.1992145,0.03608759,0.01228871
bias_half,frozen_q,3600,16,0.4932545,0.205601,0.4916527,0.2060956,0.03436139,0.01463544
bias_half,frozen_q,3600,16.5,0.5091905,0.2119714,0.5070427,0.2129847,0.03804998,0.01851986
bias_half,frozen_q,3600,17,0.5247292,0.2190411,0.5223924,0.2199896,0.04039301,0.02101794
bias_half,frozen_q,3600,17.5,0.5400669,0.2256121,0.5376456,0.2268871,0.04111455,0.01976211
bias_half,frozen_q,3600,18,0.5550388,0.2326689,0.5528877,0.2337929,0.03923405,0.01908138
bias_half,frozen_q,3600,18.5,0.5703158,0.2396683,0.568071,0.2406818,0.0402125,0.02238113
bias_half,frozen_q,3600,19,0.5858914,0.246475,0.5834284,0.2475714,0.04343622,0.02244894
bias_half,frozen_q,3600,19.5,0.6013581,0.2536608,0.5985386,0.2544424,0.04810819,0.0269786
bias_half,frozen_q,3600,20,0.6162211,0.2601648,0.6136711,0.2614023,0.04543838,0.02196843
bias_half,frozen_q,3600,20.5,0.6311505,0.267365,0.6287729,0.2684039,0.04376655,0.02409093
bias_half,frozen_q,3600,21,0.6461493,0.2741234,0.64398,0.2754193,0.04107028,0.02140544
bias_half,frozen_q,3600,21.5,0.6613169,0.2807614,0.6591093,0.2825599,0.03921867,0.02088451
bias_half,frozen_q,3600,22,0.6767612,0.2872624,0.6742342,0.289362,0.04153665,0.02381007
bias_half,frozen_q,3600,22.5,0.6918512,0.2940799,0.689456,0.2961635,0.04018348,0.02351822
bias_half,frozen_q,3600,23,0.7064819,0.3011444,0.7044065,0.302923,0.03678235,0.02415871
bias_half,frozen_q,3600,23.5,0.7215096,0.308127,0.7194142,0.3097707,0.03824245,0.02496366
bias_half,frozen_q,3600,24,0.7366249,0.3145348,0.7342966,0.316678,0.03937418,0.02490308
bias_half,frozen_q,3600,24.5,0.7513319,0.3215892,0.749249,0.3232453,0.0407991,0.02167771
bias_half,frozen_q,3600,25,0.7662986,0.3284296,0.7641974,0.3299515,0.04086422,0.02500757
bias_half,frozen_q,3600,25.5,0.7808292,0.3358144,0.7792466,0.3364677,0.03842412,0.02460671
bias_half,frozen_q,3600,26,0.7959368,0.3423671,0.7944738,0.3430497,0.03758576,0.02223565
bias_half,frozen_q,3600,26.5,0.8106914,0.3493857,0.8094814,0.3497362,0.03643642,0.02051983
bias_half,frozen_q,3600,27,0.8255997,0.3559613,0.8243832,0.3561919,0.03809497,0.02051911
bias_half,frozen_q,3600,27.5,0.8408022,0.3623885,0.8394597,0.3629447,0.0387798,0.01970115
bias_half,frozen_q,3600,28,0.8555965,0.3686915,0.854199,0.3694138,0.03853889,0.02046092
bias_half,frozen_q,3600,28.5,0.8704265,0.3749779,0.8689975,0.3756261,0.03997695,0.0211577
bias_half,frozen_q,3600,29,0.8854519,0.3817576,0.8837918,0.3823345,0.04428831,0.02421104
bias_half,frozen_q,3600,29.5,0.9001823,0.3882474,0.8987155,0.3887178,0.04122804,0.0249586
bias_half,frozen_q,3600,30,0.9151755,0.3952408,0.913739,0.3956807,0.04378685,0.01998473
bias_half,frozen_q,3600,30.5,0.9299191,0.4014503,0.9284178,0.4019871,0.04607376,0.01645931
bias_half,frozen_q,3600,31,0.9446328,0.4082038,0.9430513,0.4088141,0.04694501,0.01799969
bias_half,frozen_q,3600,31.5,0.9592125,0.4146785,0.9576216,0.4152357,0.04664539,0.02138815
bias_half,frozen_q,3600,32,0.9735971,0.4215682,0.9724239,0.4220258,0.03990343,0.01847462
bias_half,frozen_q,3600,32.5,0.9886529,0.4283799,0.9875563,0.4285038,0.04046896,0.02123817
bias_half,frozen_q,3600,33,1.003955,0.435183,1.002415,0.4352665,0.04944223,0.02463781
bias_half,frozen_q,3600,33.5,1.018736,0.4421279,1.017807,0.4420691,0.03766463,0.02349114
bias_half,frozen_q,3600,34,1.033591,0.448104,1.032786,0.4482651,0.03643766,0.01443334
bias_half,frozen_q,3600,34.5,1.048528,0.4545879,1.04788,0.4548032,0.03231485,0.0115427
bias_half,frozen_q,3600,35,1.063618,0.4608678,1.062823,0.4613029,0.03387702,0.01305422
bias_half,frozen_q,3600,35.5,1.0789,0.4678038,1.078266,0.4679402,0.03269582,0.01360172
bias_half,frozen_q,3600,36,1.09449,0.4741556,1.093741,0.4743468,0.03545163,0.01482465
bias_half,frozen_q,3600,36.5,1.109395,0.4807503,1.108898,0.4808509,0.02904127,0.01326514
bias_half,frozen_q,3600,37,1.124586,0.4870534,1.124,0.4872624,0.03043217,0.01446593
bias_half,frozen_q,3600,37.5,1.140025,0.4934619,1.139333,0.4937752,0.03270974,0.01505402
bias_half,frozen_q,3600,38,1.15508,0.4995069,1.154548,0.49978,0.0291552,0.01122022
bias_half,frozen_q,3600,38.5,1.170213,0.5056311,1.169795,0.5057736,0.02694488,0.01105542
bias_half,frozen_q,3600,39,1.185517,0.5120375,1.185137,0.5121389,0.02549502,0.01274635
bias_half,frozen_q,3600,39.5,1.200735,0.5179762,1.20036,0.5181259,0.02469745,0.0121761
bias_half,frozen_q,3600,40,1.216216,0.5239365,1.215816,0.5241093,0.02512332,0.01338911
bias_half,frozen_q,3600,40.5,1.231278,0.5304491,1.230894,0.5306205,0.02488699,0.01271543
bias_half,frozen_q,3600,41,1.246569,0.5369116,1.246121,0.5371346,0.02737704,0.01212271
bias_half,frozen_q,3600,41.5,1.262165,0.5433853,1.26174,0.5435657,0.02747485,0.01181146
bias_half,frozen_q,3600,42,1.277544,0.5497591,1.277112,0.549954,0.02753366,0.0122243
bias_half,frozen_q,3600,42.5,1.292555,0.5565116,1.292161,0.5566487,0.0277979,0.01031455
bias_half,frozen_q,3600,43,1.308052,0.5628177,1.307676,0.5629654,0.02729463,0.009260343
bias_half,frozen_q,3600,43.5,1.323293,0.5694706,1.322944,0.5695608,0.02730982,0.00915796
bias_half,frozen_q,3600,44,1.33853,0.5757252,1.338131,0.5758082,0.02929293,0.01121187
bias_half,frozen_q,3600,44.5,1.35404,0.5824085,1.353596,0.5824634,0.03135121,0.012895
bias_half,frozen_q,3600,45,1.36972,0.5885934,1.369343,0.5886304,0.02931875,0.01170771
bias_half,frozen_q,3600,45.5,1.385438,0.5949045,1.384987,0.5949315,0.0324915,0.01311341
bias_half,frozen_q,3600,46,1.401104,0.6014359,1.400689,0.6014953,0.03150745,0.01036413
bias_half,frozen_q,3600,46.5,1.416234,0.6073127,1.415827,0.6074619,0.02965022,0.01034461
bias_half,frozen_q,3600,47,1.431811,0.6135862,1.431384,0.6137557,0.02929602,0.01332342
bias_half,frozen_q,3600,47.5,1.447126,0.6198788,1.446548,0.6202345,0.0316547,0.01631333
bias_half,frozen_q,3600,48,1.462441,0.6262538,1.461841,0.6265358,0.03409579,0.0164458
bias_half,frozen_q,3600,48.5,1.47824,0.631804,1.477598,0.6320753,0.03423579,0.02056464
bias_half,frozen_q,3600,49,1.493885,0.6391701,1.49321,0.6395056,0.0352396,0.01958736
bias_half,frozen_q,3600,49.5,1.509291,0.6454948,1.508634,0.6457733,0.03553332,0.01994671
bias_half,frozen_q,3600,50,1.525061,0.6517613,1.524364,0.652195,0.03485213,0.01981026
bias_half,frozen_q,3600,50.5,1.541405,0.6580315,1.540723,0.6584626,0.03484355,0.01910471
bias_half,frozen_q,3600,51,1.556692,0.6639879,1.555957,0.664421,0.03773769,0.01825451
bias_half,frozen_q,3600,51.5,1.572588,0.6703393,1.571943,0.6706278,0.03629583,0.01898706
bias_half,frozen_q,3600,52,1.588195,0.677228,1.587641,0.6774843,0.03434025,0.01620285
bias_half,frozen_q,3600,52.5,1.603503,0.6839661,1.60301,0.6841687,0.03323978,0.01490695
bias_half,frozen_q,3600,53,1.61963,0.6905283,1.619047,0.6907417,0.03589788,0.01838494
bias_half,frozen_q,3600,53.5,1.634792,0.6968375,1.63417,0.6971051,0.03717139,0.01769269
bias_half,frozen_q,3600,54,1.650314,0.7034303,1.649662,0.703724,0.03895233,0.01596289
bias_half,frozen_q,3600,54.5,1.666379,0.7099636,1.66585,0.7101865,0.03616314,0.01267602
bias_half,frozen_q,3600,55,1.682414,0.7162371,1.681764,0.7166064,0.03944011,0.01160579
bias_half,frozen_q,3600,55.5,1.698074,0.7224077,1.69752,0.7226875,0.03622304,0.01398122
bias_half,frozen_q,3600,56,1.714018,0.7290386,1.713464,0.729292,0.03686211,0.01410325
bias_half,frozen_q,3600,56.5,1.729504,0.7355668,1.72891,0.7358689,0.03755715,0.01529106
bias_half,frozen_q,3600,57,1.744779,0.74234,1.744189,0.7426267,0.0384717,0.0135932
bias_half,frozen_q,3600,57.5,1.760148,0.7492154,1.759532,0.7494683,0.04018253,0.01418957
bias_half,frozen_q,3600,58,1.775966,0.7558515,1.775372,0.7562159,0.03740765,0.01404473
bias_half,frozen_q,3600,58.5,1.791365,0.7625821,1.790959,0.7628167,0.03047675,0.01396626
bias_half,frozen_q,3600,59,1.807454,0.7693719,1.806937,0.7698307,0.03202338,0.01351401
bias_half,frozen_q,3600,59.5,1.822852,0.7759241,1.822268,0.7763545,0.03454217,0.01777226
bias_half,frozen_q,3600,60,1.838681,0.7821645,1.837998,0.7826152,0.03802276,0.02042832
bias_x10,frozen_q,0,0,0,0,0,0,0,0
bias_x10,frozen_q,0,0.5,0.03296559,0.009202731,0.01527278,0.006407577,0.0285907,0.009031862
bias_x10,frozen_q,0,1,0.06593581,0.01845193,0.03049944,0.01282747,0.05720811,0.01811312
bias_x10,frozen_q,0,1.5,0.09888292,0.02757647,0.04573815,0.019245,0.08579336,0.02706601
bias_x10,frozen_q,0,2,0.1317861,0.0366789,0.0610154,0.02560356,0.1143072,0.03603886
bias_x10,frozen_q,0,2.5,0.1646606,0.04579726,0.07623309,0.03194398,0.1428167,0.04505129
bias_x10,frozen_q,0,3,0.1975153,0.05497436,0.09141914,0.0381706,0.171341,0.0541346
bias_x10,frozen_q,0,3.5,0.2304513,0.06421789,0.1066376,0.04449948,0.199933,0.06324183
bias_x10,frozen_q,0,4,0.2634252,0.07341425,0.1218942,0.05091933,0.2285452,0.0722478
bias_x10,frozen_q,0,4.5,0.2963394,0.08256241,0.1372604,0.05743201,0.257031,0.0811361
bias_x10,frozen_q,0,5,0.329302,0.09160467,0.1527132,0.06396844,0.2855185,0.08992455
bias_x10,frozen_q,0,5.5,0.3623101,0.1006387,0.1680691,0.07052205,0.3141042,0.09871257
bias_x10,frozen_q,0,6,0.3952871,0.1097363,0.1833775,0.0771108,0.3426772,0.1075471
bias_x10,frozen_q,0,6.5,0.4283527,0.1187543,0.1987559,0.08377749,0.371297,0.1163042
bias_x10,frozen_q,0,7,0.4614954,0.1276264,0.2140763,0.09038855,0.4000418,0.1249353
bias_x10,frozen_q,0,7.5,0.4946041,0.1365052,0.2293067,0.0969684,0.4288039,0.1335668
bias_x10,frozen_q,0,8,0.5277001,0.1453515,0.244487,0.1035093,0.4575889,0.1421569
bias_x10,frozen_q,0,8.5,0.5607605,0.15416,0.2596629,0.1100652,0.486343,0.1506703
bias_x10,frozen_q,0,9,0.5937255,0.1629313,0.2747423,0.1167022,0.5150474,0.1590554
bias_x10,frozen_q,0,9.5,0.6266912,0.1717142,0.2897408,0.1233294,0.5438003,0.1674428
bias_x10,frozen_q,0,10,0.6596364,0.1805791,0.3046628,0.1300311,0.5725704,0.1758575
bias_x10,frozen_q,0,10.5,0.6926421,0.1894744,0.3196906,0.1368,0.6013429,0.1842903
bias_x10,frozen_q,0,11,0.7256268,0.1984035,0.334679,0.143661,0.630102,0.1927229
bias_x10,frozen_q,0,11.5,0.758599,0.2074064,0.3495477,0.1506679,0.6588868,0.2012013
bias_x10,frozen_q,0,12,0.7915236,0.2164894,0.3642597,0.1578098,0.6876891,0.2096957
bias_x10,frozen_q,0,12.5,0.8244448,0.225842,0.3788589,0.1651435,0.7165361,0.2183592
bias_x10,frozen_q,0,13,0.8573802,0.2352496,0.3933957,0.1726054,0.745425,0.2270045
bias_x10,frozen_q,0,13.5,0.8905006,0.2448417,0.407871,0.1801803,0.7745424,0.2358079
bias_x10,frozen_q,0,14,0.9237571,0.2544502,0.4223213,0.1878587,0.8038253,0.244558
bias_x10,frozen_q,0,14.5,0.9571921,0.2639449,0.4367079,0.1956513,0.8333523,0.2530757
bias_x10,frozen_q,0,15,0.9906826,0.2733996,0.4510442,0.2035287,0.8629677,0.2614838
bias_x10,frozen_q,0,15.5,1.024255,0.2828422,0.4653615,0.2115043,0.8926702,0.2698537
bias_x10,frozen_q,0,16,1.057885,0.2923983,0.4796968,0.2198004,0.9224004,0.2781807
bias_x10,frozen_q,0,16.5,1.091599,0.3019606,0.493988,0.2282863,0.9522274,0.2864291
bias_x10,frozen_q,0,17,1.125378,0.311665,0.5083184,0.2369514,0.9820942,0.2947225
bias_x10,frozen_q,0,17.5,1.159144,0.3214648,0.5226405,0.2456634,1.01196,0.3030374
bias_x10,frozen_q,0,18,1.193031,0.3314005,0.5369272,0.2545327,1.041968,0.3114027
bias_x10,frozen_q,0,18.5,1.227115,0.3414098,0.5512368,0.2635009,1.072189,0.3197524
bias_x10,frozen_q,0,19,1.261335,0.3515801,0.5656044,0.2726413,1.102518,0.3281891
bias_x10,frozen_q,0,19.5,1.29565,0.3618979,0.5800485,0.2819193,1.132902,0.336705
bias_x10,frozen_q,0,20,1.330102,0.3723104,0.5945246,0.2912714,1.16343,0.3452397
bias_x10,frozen_q,0,20.5,1.364711,0.3828499,0.6090568,0.300804,1.194104,0.3537587
bias_x10,frozen_q,0,21,1.399357,0.3935267,0.6235978,0.3103896,1.224823,0.3623485
bias_x10,frozen_q,0,21.5,1.434131,0.404343,0.6381835,0.3200498,1.255667,0.3710042
bias_x10,frozen_q,0,22,1.469018,0.4153445,0.6527681,0.3297226,1.286646,0.3798262
bias_x10,frozen_q,0,22.5,1.504051,0.4265056,0.6674308,0.3394849,1.317738,0.3887844
bias_x10,frozen_q,0,23,1.539361,0.437756,0.6821188,0.3492902,1.349127,0.3978212
bias_x10,frozen_q,0,23.5,1.574826,0.4491132,0.6968705,0.3590854,1.380668,0.4069471
bias_x10,frozen_q,0,24,1.610542,0.4605637,0.7117098,0.3689306,1.412417,0.4162507
bias_x10,frozen_q,0,24.5,1.646468,0.4721174,0.7265314,0.3788454,1.44438,0.4257232
bias_x10,frozen_q,0,25,1.682584,0.4837745,0.7415332,0.3887631,1.476461,0.4353273
bias_x10,frozen_q,0,25.5,1.718746,0.4955237,0.7565951,0.3986292,1.508569,0.4450652
bias_x10,frozen_q,0,26,1.755021,0.5072392,0.7717444,0.4084482,1.540746,0.4548554
bias_x10,frozen_q,0,26.5,1.791417,0.5190228,0.7870215,0.4183282,1.572971,0.4647571
bias_x10,frozen_q,0,27,1.827881,0.530897,0.8023533,0.428299,1.605216,0.4747853
bias_x10,frozen_q,0,27.5,1.864441,0.5428166,0.8177369,0.4382288,1.637526,0.4849642
bias_x10,frozen_q,0,28,1.901159,0.5548181,0.8331713,0.4481103,1.669982,0.4953034
bias_x10,frozen_q,0,28.5,1.938103,0.5668233,0.8487055,0.457951,1.702638,0.5057134
bias_x10,frozen_q,0,29,1.975196,0.5788823,0.8643113,0.4677855,1.735402,0.5162725
bias_x10,frozen_q,0,29.5,2.012434,0.5910778,0.8799256,0.4776638,1.768313,0.526999
bias_x10,frozen_q,0,30,2.049804,0.6033714,0.8955911,0.4876349,1.801331,0.5378078
bias_x10,frozen_q,0,30.5,2.087482,0.6156081,0.9113609,0.4975233,1.834634,0.548675
bias_x10,frozen_q,0,31,2.125414,0.6277098,0.9272152,0.5074176,1.86816,0.5594669
bias_x10,frozen_q,0,31.5,2.163473,0.6396811,0.9431001,0.5172664,1.901798,0.5702121
bias_x10,frozen_q,0,32,2.201748,0.651605,0.9590397,0.5269585,1.935677,0.580972
bias_x10,frozen_q,0,32.5,2.240181,0.6634301,0.974966,0.5366568,1.969717,0.5916964
bias_x10,frozen_q,0,33,2.278833,0.6750904,0.9910156,0.5463723,2.003894,0.6024014
bias_x10,frozen_q,0,33.5,2.317641,0.6865842,1.007184,0.5561674,2.038129,0.6130507
bias_x10,frozen_q,0,34,2.35655,0.6979047,1.023419,0.5658764,2.072422,0.6236731
bias_x10,frozen_q,0,34.5,2.395562,0.709084,1.039721,0.575531,2.106779,0.6342565
bias_x10,frozen_q,0,35,2.434696,0.7201478,1.056129,0.5851407,2.141204,0.6448108
bias_x10,frozen_q,0,35.5,2.474018,0.7310924,1.072664,0.5947214,2.175757,0.6553423
bias_x10,frozen_q,0,36,2.513466,0.7418081,1.089324,0.6042502,2.210359,0.6657795
bias_x10,frozen_q,0,36.5,2.553037,0.7523282,1.105926,0.6135515,2.245137,0.6761793
bias_x10,frozen_q,0,37,2.592691,0.7626157,1.122526,0.6227164,2.280015,0.6864333
bias_x10,frozen_q,0,37.5,2.632466,0.7726463,1.139125,0.6317369,2.315015,0.6965872
bias_x10,frozen_q,0,38,2.672387,0.7825305,1.155756,0.6406187,2.350154,0.7067505
bias_x10,frozen_q,0,38.5,2.712485,0.7923321,1.172497,0.6493452,2.38542,0.717033
bias_x10,frozen_q,0,39,2.752682,0.8020098,1.189272,0.6579615,2.420762,0.7273554
bias_x10,frozen_q,0,39.5,2.793022,0.8117298,1.206152,0.6665005,2.456204,0.7378344
bias_x10,frozen_q,0,40,2.833474,0.8215121,1.222988,0.6749546,2.491787,0.7484868
bias_x10,frozen_q,0,40.5,2.873954,0.8313527,1.239876,0.6833126,2.527374,0.7593072
bias_x10,frozen_q,0,41,2.91457,0.8411016,1.256796,0.6916104,2.563061,0.7702142
bias_x10,frozen_q,0,41.5,2.955259,0.8507886,1.273789,0.6997387,2.598799,0.7811995
bias_x10,frozen_q,0,42,2.996135,0.8605621,1.290844,0.7077208,2.63472,0.7924044
bias_x10,frozen_q,0,42.5,3.037044,0.8703975,1.307965,0.7155109,2.670655,0.8038189
bias_x10,frozen_q,0,43,3.077838,0.8803158,1.325074,0.7230904,2.706477,0.8154694
bias_x10,frozen_q,0,43.5,3.118629,0.8901995,1.342224,0.7304473,2.742295,0.8272072
bias_x10,frozen_q,0,44,3.159546,0.9001456,1.359444,0.7376212,2.778241,0.8391033
bias_x10,frozen_q,0,44.5,3.200567,0.9101581,1.37689,0.7447249,2.814193,0.8511323
bias_x10,frozen_q,0,45,3.241635,0.9201744,1.394564,0.7516327,2.85012,0.8632164
bias_x10,frozen_q,0,45.5,3.282795,0.9301462,1.412351,0.7582637,2.886128,0.8753781
bias_x10,frozen_q,0,46,3.324007,0.9401518,1.430325,0.7646322,2.922132,0.887696
bias_x10,frozen_q,0,46.5,3.36528,0.9502212,1.448428,0.7708213,2.958163,0.9001492
bias_x10,frozen_q,0,47,3.40661,0.9603433,1.466607,0.776748,2.994263,0.9127267
bias_x10,frozen_q,0,47.5,3.448055,0.9706125,1.484897,0.7824473,3.030478,0.9255103
bias_x10,frozen_q,0,48,3.489484,0.9810526,1.503196,0.787974,3.066697,0.9385053
bias_x10,frozen_q,0,48.5,3.530991,0.9915913,1.521751,0.793233,3.102908,0.9517098
bias_x10,frozen_q,0,49,3.572524,1.002248,1.540446,0.7983273,3.139109,0.9650517
bias_x10,frozen_q,0,49.5,3.613865,1.013102,1.559131,0.8034186,3.175118,0.9785106
bias_x10,frozen_q,0,50,3.655089,1.024103,1.577944,0.8084001,3.210961,0.9920815
bias_x10,frozen_q,0,50.5,3.696371,1.035309,1.596866,0.8132525,3.246835,1.005883
bias_x10,frozen_q,0,51,3.737548,1.046615,1.615842,0.8180971,3.282568,1.019741
bias_x10,frozen_q,0,51.5,3.778556,1.05796,1.634768,0.8229581,3.318135,1.033601
bias_x10,frozen_q,0,52,3.819537,1.069422,1.653658,0.8278615,3.353683,1.047542
bias_x10,frozen_q,0,52.5,3.860546,1.080888,1.67248,0.8328885,3.389269,1.061462
bias_x10,frozen_q,0,53,3.901425,1.092412,1.691186,0.8379251,3.424748,1.075464
bias_x10,frozen_q,0,53.5,3.942109,1.103864,1.709835,0.8429172,3.460039,1.089387
bias_x10,frozen_q,0,54,3.982583,1.115311,1.728347,0.8479332,3.495173,1.103213
bias_x10,frozen_q,0,54.5,4.02285,1.126796,1.746781,0.852987,3.530132,1.116965
bias_x10,frozen_q,0,55,4.062915,1.138288,1.765087,0.8581491,3.564907,1.130674
bias_x10,frozen_q,0,55.5,4.102794,1.149689,1.783303,0.8634827,3.599485,1.144244
bias_x10,frozen_q,0,56,4.14256,1.161185,1.801407,0.8690429,3.633984,1.157744
bias_x10,frozen_q,0,56.5,4.182144,1.172792,1.819334,0.874821,3.668337,1.171268
bias_x10,frozen_q,0,57,4.221561,1.184523,1.837134,0.8809558,3.702512,1.184808
bias_x10,frozen_q,0,57.5,4.260904,1.196378,1.854869,0.8873089,3.736604,1.198402
bias_x10,frozen_q,0,58,4.299994,1.208408,1.87255,0.8938723,3.770424,1.212038
bias_x10,frozen_q,0,58.5,4.338891,1.220581,1.890214,0.900715,3.804008,1.225688
bias_x10,frozen_q,0,59,4.377652,1.232794,1.907917,0.9078126,3.837388,1.239276
bias_x10,frozen_q,0,59.5,4.416284,1.244995,1.925638,0.9150313,3.870589,1.252836
bias_x10,frozen_q,0,60,4.454814,1.257114,1.943373,0.9224797,3.903639,1.26623
bias_x10,frozen_q,180,0,0,0,0,0,0,0
bias_x10,frozen_q,180,0.5,0.03233151,0.008956396,0.01527278,0.006407578,0.02785926,0.008773918
bias_x10,frozen_q,180,1,0.06366664,0.01606096,0.03049943,0.01282746,0.05483039,0.01471105
bias_x10,frozen_q,180,1.5,0.09221464,0.02726791,0.04573814,0.019245,0.07816435,0.02628603
bias_x10,frozen_q,180,2,0.1161334,0.03774471,0.06101541,0.02560358,0.09571353,0.03746807
bias_x10,frozen_q,180,2.5,0.1405397,0.04266695,0.07623308,0.03194417,0.1135033,0.04373347
bias_x10,frozen_q,180,3,0.1580193,0.04709717,0.09141908,0.03817056,0.1239583,0.04553886
bias_x10,frozen_q,180,3.5,0.1709762,0.05516226,0.1066376,0.04449955,0.1270356,0.05363426
bias_x10,frozen_q,180,4,0.1875416,0.0647952,0.1218938,0.05091922,0.134818,0.06209689
bias_x10,frozen_q,180,4.5,0.206425,0.07324542,0.1372606,0.05743111,0.1454792,0.06935688
bias_x10,frozen_q,180,5,0.2225386,0.07867172,0.1527124,0.06396798,0.1508433,0.07568025
bias_x10,frozen_q,180,5.5,0.2366683,0.08875864,0.1680683,0.07052168,0.154489,0.08371395
bias_x10,frozen_q,180,6,0.2443647,0.08519818,0.1833765,0.07711101,0.150055,0.07121222
bias_x10,frozen_q,180,6.5,0.2576895,0.08872993,0.1987554,0.08377717,0.1516052,0.0705443
bias_x10,frozen_q,180,7,0.2743069,0.09525522,0.2140741,0.09038873,0.156251,0.07854259
bias_x10,frozen_q,180,7.5,0.294327,0.1053128,0.2293025,0.09696879,0.167241,0.08992752
bias_x10,frozen_q,180,8,0.2948766,0.1007083,0.2444832,0.1035087,0.1488649,0.06864181
bias_x10,frozen_q,180,8.5,0.3124901,0.1024836,0.2596552,0.1100637,0.1584728,0.06143052
bias_x10,frozen_q,180,9,0.3188268,0.1051424,0.2747309,0.1167132,0.1438593,0.05656184
bias_x10,frozen_q,180,9.5,0.3361332,0.1114454,0.2897265,0.1233398,0.1536245,0.05419862
bias_x10,frozen_q,180,10,0.3383286,0.1191722,0.3046449,0.1300422,0.1310949,0.04470167
bias_x10,frozen_q,180,10.5,0.3498414,0.1302082,0.3196753,0.1368085,0.1283177,0.04653309
bias_x10,frozen_q,180,11,0.3640001,0.1325098,0.3346527,0.1436752,0.1239773,0.04816311
bias_x10,frozen_q,180,11.5,0.3800869,0.1390488,0.3495119,0.1506834,0.1275283,0.0546914
bias_x10,frozen_q,180,12,0.3921298,0.1518648,0.3642289,0.1578303,0.1264471,0.05946368
bias_x10,frozen_q,180,12.5,0.4043866,0.1594641,0.3788161,0.1651522,0.124457,0.05412685
bias_x10,frozen_q,180,13,0.4191582,0.1669212,0.3933328,0.1726204,0.1261915,0.05822108
bias_x10,frozen_q,180,13.5,0.434931,0.1749594,0.4078136,0.1802034,0.1321573,0.06171369
bias_x10,frozen_q,180,14,0.4409132,0.1851054,0.4222733,0.187886,0.1133894,0.04863688
bias_x10,frozen_q,180,14.5,0.452955,0.1939472,0.436691,0.1956899,0.106908,0.05020822
bias_x10,frozen_q,180,15,0.4680345,0.1996922,0.4510991,0.2035169,0.1097185,0.04659577
bias_x10,frozen_q,180,15.5,0.4839365,0.2072243,0.4654122,0.2114787,0.1169245,0.0483677
bias_x10,frozen_q,180,16,0.5000345,0.2143918,0.479766,0.219778,0.1253796,0.04492622
bias_x10,frozen_q,180,16.5,0.5122994,0.2246523,0.4941063,0.2282193,0.1203579,0.04908614
bias_x10,frozen_q,180,17,0.5271857,0.2333846,0.5085098,0.2370262,0.1190449,0.06107284
bias_x10,frozen_q,180,17.5,0.541668,0.242369,0.5228312,0.2457363,0.1216671,0.06230251
bias_x10,frozen_q,180,18,0.5544448,0.2509999,0.5371417,0.2545336,0.1219434,0.04942315
bias_x10,frozen_q,180,18.5,0.5697725,0.2591448,0.551468,0.2634857,0.124939,0.05388811
bias_x10,frozen_q,180,19,0.5842062,0.2712616,0.5658855,0.2725777,0.1296774,0.06133837
bias_x10,frozen_q,180,19.5,0.5987298,0.2811526,0.5803112,0.2818376,0.1316852,0.0649598
bias_x10,frozen_q,180,20,0.613563,0.2891861,0.5947367,0.2911859,0.1333145,0.0638456
bias_x10,frozen_q,180,20.5,0.6286869,0.2996855,0.609386,0.300764,0.1379541,0.06688095
bias_x10,frozen_q,180,21,0.6419227,0.3086479,0.623876,0.3103078,0.1354255,0.06093424
bias_x10,frozen_q,180,21.5,0.656169,0.3187018,0.638398,0.3198647,0.1366579,0.06177149
bias_x10,frozen_q,180,22,0.6709694,0.3295279,0.652938,0.3293562,0.1415022,0.06453554
bias_x10,frozen_q,180,22.5,0.6869171,0.3390448,0.6676968,0.3390231,0.1483395,0.0652561
bias_x10,frozen_q,180,23,0.6998122,0.3496378,0.6822972,0.348857,0.1434151,0.06615722
bias_x10,frozen_q,180,23.5,0.7145828,0.3608763,0.6970034,0.3586573,0.1471557,0.07016449
bias_x10,frozen_q,180,24,0.7298407,0.36895,0.7118948,0.3685578,0.1469271,0.06928631
bias_x10,frozen_q,180,24.5,0.7455871,0.3783968,0.7266773,0.3784281,0.1507447,0.0732248
bias_x10,frozen_q,180,25,0.7590009,0.3913125,0.7416139,0.3884658,0.1502959,0.07685345
bias_x10,frozen_q,180,25.5,0.7749065,0.4018014,0.7566386,0.3983505,0.1559646,0.0812808
bias_x10,frozen_q,180,26,0.7890412,0.4123069,0.7718957,0.4079329,0.1522615,0.08576388
bias_x10,frozen_q,180,26.5,0.8051946,0.4226374,0.7871644,0.4178173,0.157863,0.08966799
bias_x10,frozen_q,180,27,0.821347,0.4318462,0.8024072,0.4277761,0.1606374,0.09331916
bias_x10,frozen_q,180,27.5,0.838258,0.4415021,0.8177449,0.4377227,0.1685897,0.09572003
bias_x10,frozen_q,180,28,0.8513263,0.452697,0.8331902,0.4478095,0.1586982,0.1002451
bias_x10,frozen_q,180,28.5,0.8690476,0.4613367,0.8487254,0.4577407,0.1688917,0.1001272
bias_x10,frozen_q,180,29,0.8828583,0.4736558,0.864237,0.4678289,0.1707384,0.09510804
bias_x10,frozen_q,180,29.5,0.8993382,0.4834794,0.8798245,0.4777541,0.1767538,0.09572088
bias_x10,frozen_q,180,30,0.9153982,0.4915332,0.8951721,0.4876406,0.178762,0.09339173
bias_x10,frozen_q,180,30.5,0.932718,0.5006145,0.9109765,0.4976412,0.1862478,0.09299807
bias_x10,frozen_q,180,31,0.951122,0.5096042,0.9267088,0.5076469,0.1968526,0.09724863
bias_x10,frozen_q,180,31.5,0.9696154,0.5195747,0.9426011,0.5176301,0.2086871,0.1027152
bias_x10,frozen_q,180,32,0.9852063,0.5246056,0.9584979,0.5267861,0.2056943,0.08840788
bias_x10,frozen_q,180,32.5,1.002759,0.5333787,0.9743407,0.536475,0.2126337,0.09076612
bias_x10,frozen_q,180,33,1.020311,0.5407937,0.9899697,0.5461466,0.216644,0.09477327
bias_x10,frozen_q,180,33.5,1.036182,0.5491417,1.006175,0.5559984,0.2178377,0.08355296
bias_x10,frozen_q,180,34,1.052503,0.5568614,1.022141,0.5658779,0.2148594,0.08710358
bias_x10,frozen_q,180,34.5,1.070444,0.5641317,1.038517,0.5754548,0.2189624,0.08663799
bias_x10,frozen_q,180,35,1.078734,0.5766351,1.054804,0.5850078,0.1915266,0.07350772
bias_x10,frozen_q,180,35.5,1.095278,0.5868793,1.071282,0.5946148,0.1926148,0.08082942
bias_x10,frozen_q,180,36,1.109209,0.593892,1.087475,0.6038195,0.1757308,0.07654184
bias_x10,frozen_q,180,36.5,1.129275,0.6008972,1.103903,0.6133509,0.1904873,0.07952265
bias_x10,frozen_q,180,37,1.134917,0.6152068,1.120133,0.6222052,0.150804,0.04994808
bias_x10,frozen_q,180,37.5,1.150296,0.6246866,1.13671,0.6310437,0.1463567,0.04665929
bias_x10,frozen_q,180,38,1.164926,0.634006,1.153159,0.6397201,0.1330089,0.05302276
bias_x10,frozen_q,180,38.5,1.18214,0.6415382,1.170128,0.6485224,0.1303433,0.05338749
bias_x10,frozen_q,180,39,1.197481,0.6498227,1.186748,0.6567982,0.1209159,0.04931465
bias_x10,frozen_q,180,39.5,1.214271,0.6583699,1.2036,0.6652617,0.1220616,0.04850623
bias_x10,frozen_q,180,40,1.232045,0.6660483,1.220383,0.6736288,0.127157,0.05414747
bias_x10,frozen_q,180,40.5,1.249008,0.6738756,1.237468,0.6815569,0.1284168,0.04933417
bias_x10,frozen_q,180,41,1.265882,0.6818644,1.254044,0.6896839,0.1317627,0.04900651
bias_x10,frozen_q,180,41.5,1.283895,0.6893086,1.270992,0.6976741,0.1393694,0.05150201
bias_x10,frozen_q,180,42,1.301995,0.6963496,1.287951,0.7055409,0.1463701,0.05340243
bias_x10,frozen_q,180,42.5,1.319372,0.7029684,1.304397,0.7131789,0.1530663,0.04728923
bias_x10,frozen_q,180,43,1.33705,0.710236,1.321667,0.720873,0.154625,0.05159765
bias_x10,frozen_q,180,43.5,1.354995,0.7168055,1.338612,0.728059,0.1619792,0.05075746
bias_x10,frozen_q,180,44,1.373835,0.7225934,1.355773,0.7351643,0.1705703,0.05426291
bias_x10,frozen_q,180,44.5,1.392244,0.7277514,1.372809,0.7415496,0.1783195,0.05313403
bias_x10,frozen_q,180,45,1.410703,0.7326478,1.390483,0.7480438,0.1801724,0.05149748
bias_x10,frozen_q,180,45.5,1.428055,0.7389919,1.408171,0.7544702,0.1776342,0.05505815
bias_x10,frozen_q,180,46,1.447489,0.7436862,1.426071,0.7608802,0.1845591,0.05532852
bias_x10,frozen_q,180,46.5,1.466864,0.7474067,1.443647,0.7662335,0.1918394,0.06240013
bias_x10,frozen_q,180,47,1.486378,0.7512664,1.461802,0.7720328,0.1930208,0.07359116
bias_x10,frozen_q,180,47.5,1.504436,0.7572721,1.479978,0.7776255,0.1942331,0.07670312
bias_x10,frozen_q,180,48,1.522928,0.7611859,1.498228,0.7830423,0.1952378,0.06837098
bias_x10,frozen_q,180,48.5,1.542588,0.7646859,1.516336,0.7877531,0.2039656,0.07021161
bias_x10,frozen_q,180,49,1.562824,0.7666527,1.53491,0.7926355,0.2054942,0.0778254
bias_x10,frozen_q,180,49.5,1.580774,0.7728931,1.553501,0.7978368,0.2061454,0.07789815
bias_x10,frozen_q,180,50,1.599786,0.7770781,1.572491,0.8024819,0.2064549,0.07842731
bias_x10,frozen_q,180,50.5,1.620072,0.7801286,1.591194,0.8070242,0.2137067,0.08278143
bias_x10,frozen_q,180,51,1.639077,0.7851347,1.609934,0.8117623,0.2143341,0.09376191
bias_x10,frozen_q,180,51.5,1.659049,0.789576,1.628824,0.816749,0.2201574,0.0996817
bias_x10,frozen_q,180,52,1.677777,0.7926552,1.647714,0.8214352,0.2158299,0.09873723
bias_x10,frozen_q,180,52.5,1.697217,0.7967141,1.666292,0.8262507,0.220825,0.1011155
bias_x10,frozen_q,180,53,1.716464,0.7996678,1.684888,0.8306059,0.2193661,0.1093652
bias_x10,frozen_q,180,53.5,1.736035,0.8041781,1.703499,0.835722,0.2245876,0.1138997
bias_x10,frozen_q,180,54,1.756508,0.8049982,1.722559,0.8401629,0.2248596,0.1151108
bias_x10,frozen_q,180,54.5,1.775848,0.8083348,1.740752,0.8451452,0.2289975,0.1176773
bias_x10,frozen_q,180,55,1.791287,0.8165668,1.758787,0.850218,0.2245068,0.1109219
bias_x10,frozen_q,180,55.5,1.810546,0.8208667,1.776943,0.8554439,0.22984,0.1154339
bias_x10,frozen_q,180,56,1.828478,0.8265202,1.795192,0.8602864,0.2325583,0.1143615
bias_x10,frozen_q,180,56.5,1.847129,0.8311161,1.813152,0.8660308,0.2352303,0.115804
bias_x10,frozen_q,180,57,1.863394,0.8396327,1.8314,0.8723781,0.2302185,0.1121768
bias_x10,frozen_q,180,57.5,1.882066,0.8452562,1.849143,0.8788487,0.234211,0.1168295
bias_x10,frozen_q,180,58,1.90109,0.8501121,1.867183,0.885117,0.2374603,0.120001
bias_x10,frozen_q,180,58.5,1.916797,0.8594819,1.88506,0.8921455,0.2329327,0.1126176
bias_x10,frozen_q,180,59,1.935762,0.8641106,1.902519,0.8987778,0.2385797,0.1152309
bias_x10,frozen_q,180,59.5,1.954475,0.8706992,1.920403,0.9062298,0.2409939,0.1212509
bias_x10,frozen_q,180,60,1.972726,0.877365,1.937783,0.9137456,0.2432984,0.1279355
bias_x10,frozen_q,360,0,0,0,0,0,0,0
bias_x10,frozen_q,360,0.5,0.03278935,0.009451179,0.01527278,0.006407576,0.02839645,0.009255414
bias_x10,frozen_q,360,1,0.06372059,0.01894536,0.03049943,0.01282747,0.05454886,0.01889537
bias_x10,frozen_q,360,1.5,0.09134492,0.02474948,0.04573816,0.01924497,0.07672346,0.02503649
bias_x10,frozen_q,360,2,0.116978,0.03002927,0.06101547,0.02560361,0.09580868,0.03269562
bias_x10,frozen_q,360,2.5,0.1365036,0.03516446,0.07623305,0.03194425,0.1074603,0.03946142
bias_x10,frozen_q,360,3,0.1447106,0.04989883,0.09141906,0.03817095,0.1050904,0.05151335
bias_x10,frozen_q,360,3.5,0.1615169,0.05363165,0.1066371,0.04450005,0.1135831,0.05297882
bias_x10,frozen_q,360,4,0.1763255,0.06399942,0.1218932,0.05091989,0.1178197,0.0630722
bias_x10,frozen_q,360,4.5,0.1876493,0.06881552,0.1372613,0.05743176,0.1199518,0.05936946
bias_x10,frozen_q,360,5,0.1954169,0.07251298,0.1527143,0.06396741,0.1144025,0.0551189
bias_x10,frozen_q,360,5.5,0.2087147,0.07958751,0.1680667,0.07051925,0.1136207,0.06239885
bias_x10,frozen_q,360,6,0.2237229,0.07960141,0.1833748,0.07710942,0.1177942,0.05545153
bias_x10,frozen_q,360,6.5,0.2391995,0.08791837,0.1987528,0.08377583,0.1213483,0.06210338
bias_x10,frozen_q,360,7,0.2583191,0.0923226,0.2140737,0.09038799,0.1285248,0.07047526
bias_x10,frozen_q,360,7.5,0.2709616,0.09651702,0.2292988,0.0969679,0.1260597,0.07158609
bias_x10,frozen_q,360,8,0.2771251,0.0995648,0.2444763,0.103509,0.1174186,0.05110973
bias_x10,frozen_q,360,8.5,0.2922479,0.1041899,0.2596471,0.1100651,0.116789,0.05764425
bias_x10,frozen_q,360,9,0.3021218,0.1063845,0.274722,0.1167074,0.1000157,0.06168239
bias_x10,frozen_q,360,9.5,0.3132393,0.1136322,0.289722,0.1233441,0.0953332,0.05529973
bias_x10,frozen_q,360,10,0.3248772,0.1210035,0.3046387,0.1300448,0.09171445,0.04782231
bias_x10,frozen_q,360,10.5,0.3378697,0.1267339,0.3196411,0.1368189,0.0887642,0.04079904
bias_x10,frozen_q,360,11,0.3509044,0.1349116,0.334634,0.1436753,0.08637674,0.03802623
bias_x10,frozen_q,360,11.5,0.3635962,0.1439711,0.3495075,0.1506793,0.08421541,0.03366585
bias_x10,frozen_q,360,12,0.3783595,0.1523363,0.3642363,0.1578377,0.08454826,0.04253001
bias_x10,frozen_q,360,12.5,0.3927284,0.16041,0.3788952,0.1651335,0.08506408,0.04562219
bias_x10,frozen_q,360,13,0.4047989,0.1699623,0.3934308,0.1725962,0.08419519,0.03446441
bias_x10,frozen_q,360,13.5,0.418442,0.1784349,0.4079062,0.1802293,0.08324458,0.03502119
bias_x10,frozen_q,360,14,0.4320545,0.1867882,0.4223579,0.1879003,0.08327743,0.03168734
bias_x10,frozen_q,360,14.5,0.4451776,0.1963712,0.4367915,0.1957939,0.08039102,0.03477106
bias_x10,frozen_q,360,15,0.4605244,0.2048376,0.4511035,0.203666,0.08585708,0.04194788
bias_x10,frozen_q,360,15.5,0.4740358,0.2132171,0.4654368,0.211636,0.0838771,0.04206896
bias_x10,frozen_q,360,16,0.4870487,0.2208272,0.4797595,0.2199556,0.07683697,0.03984613
bias_x10,frozen_q,360,16.5,0.5026162,0.2283776,0.4940839,0.2283924,0.08283064,0.041509
bias_x10,frozen_q,360,17,0.5179836,0.2374603,0.5084442,0.2370447,0.08763747,0.04918845
bias_x10,frozen_q,360,17.5,0.5334077,0.2457303,0.5228377,0.2456985,0.09353025,0.05059113
bias_x10,frozen_q,360,18,0.5465672,0.2551738,0.5371206,0.2544862,0.09035201,0.05033095
bias_x10,frozen_q,360,18.5,0.5628628,0.2639167,0.5514012,0.2634099,0.09980817,0.05678671
bias_x10,frozen_q,360,19,0.576955,0.2736003,0.5657419,0.272491,0.1010634,0.05780949
bias_x10,frozen_q,360,19.5,0.5915857,0.2832833,0.5801451,0.2817811,0.1032032,0.06122268
bias_x10,frozen_q,360,20,0.6056292,0.2928375,0.5946041,0.2912159,0.1040019,0.05908037
bias_x10,frozen_q,360,20.5,0.6213962,0.3042,0.6091539,0.300689,0.1128572,0.06763389
bias_x10,frozen_q,360,21,0.6367358,0.312168,0.6238258,0.3102565,0.11641,0.06368383
bias_x10,frozen_q,360,21.5,0.6520765,0.320741,0.6385059,0.3198882,0.1207637,0.06025444
bias_x10,frozen_q,360,22,0.6679982,0.3316111,0.6531368,0.3294915,0.1274749,0.07045206
bias_x10,frozen_q,360,22.5,0.6831133,0.3423432,0.6678052,0.3393062,0.1318019,0.07451498
bias_x10,frozen_q,360,23,0.6985676,0.3525462,0.6824935,0.3490781,0.1367322,0.07823883
bias_x10,frozen_q,360,23.5,0.7121413,0.3644937,0.6971913,0.3588786,0.1355394,0.08308119
bias_x10,frozen_q,360,24,0.7278792,0.3745753,0.7119938,0.3686956,0.1409437,0.08681248
bias_x10,frozen_q,360,24.5,0.7402687,0.3854877,0.7268376,0.37868,0.132572,0.08627741
bias_x10,frozen_q,360,25,0.7559872,0.3953944,0.7417914,0.388496,0.1368622,0.08984215
bias_x10,frozen_q,360,25.5,0.7704569,0.4061829,0.7568184,0.3982851,0.1357022,0.09431435
bias_x10,frozen_q,360,26,0.7850368,0.4162029,0.7719511,0.4079924,0.132806,0.0982242
bias_x10,frozen_q,360,26.5,0.7994342,0.4255749,0.7872908,0.4178452,0.1304766,0.09424215
bias_x10,frozen_q,360,27,0.8148035,0.4353699,0.8025942,0.4279228,0.1312051,0.09536758
bias_x10,frozen_q,360,27.5,0.830773,0.4462652,0.8180002,0.4378208,0.1375419,0.09859005
bias_x10,frozen_q,360,28,0.8469743,0.4559436,0.8334297,0.4478333,0.1429809,0.09883652
bias_x10,frozen_q,360,28.5,0.8627609,0.4644302,0.8489668,0.4575168,0.1449168,0.0955096
bias_x10,frozen_q,360,29,0.8788133,0.4741432,0.8642943,0.4672211,0.1493184,0.09842161
bias_x10,frozen_q,360,29.5,0.8958326,0.4832063,0.8797613,0.4771215,0.1567742,0.1000487
bias_x10,frozen_q,360,30,0.9118481,0.4933934,0.8953751,0.487114,0.1596108,0.1033335
bias_x10,frozen_q,360,30.5,0.9282725,0.5026256,0.9111485,0.4969601,0.1640641,0.1023987
bias_x10,frozen_q,360,31,0.9446465,0.5112818,0.9268614,0.5066038,0.1670325,0.1021288
bias_x10,frozen_q,360,31.5,0.9624338,0.5212327,0.9425875,0.5166994,0.1775855,0.1063306
bias_x10,frozen_q,360,32,0.9771848,0.5289973,0.9585516,0.526113,0.1740716,0.09547182
bias_x10,frozen_q,360,32.5,0.9935558,0.5376944,0.9743721,0.5358733,0.1765933,0.09416913
bias_x10,frozen_q,360,33,1.008531,0.545455,0.9902972,0.5456188,0.173332,0.08099267
bias_x10,frozen_q,360,33.5,1.027948,0.5544758,1.006517,0.5558344,0.1877538,0.08532217
bias_x10,frozen_q,360,34,1.043467,0.5638033,1.02267,0.5655113,0.1828519,0.09004541
bias_x10,frozen_q,360,34.5,1.056966,0.5714506,1.038697,0.5748835,0.1709003,0.07497977
bias_x10,frozen_q,360,35,1.071612,0.5803975,1.054926,0.5841487,0.1619891,0.07322354
bias_x10,frozen_q,360,35.5,1.084081,0.5905128,1.071429,0.5938245,0.1414991,0.06090084
bias_x10,frozen_q,360,36,1.098648,0.5998492,1.087676,0.6030768,0.1316635,0.05585728
bias_x10,frozen_q,360,36.5,1.112937,0.6088312,1.104257,0.6120221,0.1136752,0.0525445
bias_x10,frozen_q,360,37,1.128258,0.6181121,1.120764,0.6209478,0.1076876,0.04495732
bias_x10,frozen_q,360,37.5,1.144237,0.6267675,1.137132,0.6297709,0.1037694,0.04420342
bias_x10,frozen_q,360,38,1.160428,0.6348924,1.153604,0.6383651,0.1000897,0.04068762
bias_x10,frozen_q,360,38.5,1.176859,0.6425596,1.170068,0.6465558,0.09816589,0.03847249
bias_x10,frozen_q,360,39,1.194334,0.6505339,1.186786,0.6551311,0.1033538,0.04087214
bias_x10,frozen_q,360,39.5,1.211315,0.6579635,1.20351,0.6630067,0.1040325,0.04223192
bias_x10,frozen_q,360,40,1.229107,0.6655107,1.220258,0.6713317,0.1122717,0.04198846
bias_x10,frozen_q,360,40.5,1.246257,0.6736222,1.237191,0.67939,0.1157509,0.04234516
bias_x10,frozen_q,360,41,1.264024,0.6812563,1.254062,0.6875617,0.1224884,0.04454036
bias_x10,frozen_q,360,41.5,1.281649,0.6876974,1.270757,0.6953295,0.1273401,0.04049081
bias_x10,frozen_q,360,42,1.300058,0.6944165,1.287689,0.7031775,0.1353978,0.046359
bias_x10,frozen_q,360,42.5,1.316998,0.7018592,1.304247,0.7106211,0.1385931,0.05087234
bias_x10,frozen_q,360,43,1.335273,0.7082013,1.321194,0.7179147,0.1466142,0.05373973
bias_x10,frozen_q,360,43.5,1.353139,0.7149382,1.338403,0.7250778,0.1510037,0.05608534
bias_x10,frozen_q,360,44,1.371028,0.7214326,1.355533,0.7321661,0.1542719,0.06177611
bias_x10,frozen_q,360,44.5,1.389234,0.7281066,1.373252,0.7390726,0.1593428,0.06049702
bias_x10,frozen_q,360,45,1.40722,0.7350302,1.390747,0.7457688,0.1646516,0.06387558
bias_x10,frozen_q,360,45.5,1.425591,0.7407188,1.408069,0.7521128,0.1693787,0.07111105
bias_x10,frozen_q,360,46,1.443903,0.7470295,1.425939,0.7585399,0.1725743,0.07475279
bias_x10,frozen_q,360,46.5,1.463145,0.751456,1.443894,0.764071,0.1793557,0.07699443
bias_x10,frozen_q,360,47,1.4811,0.7574447,1.462097,0.7699061,0.1802337,0.07514908
bias_x10,frozen_q,360,47.5,1.500973,0.7607462,1.479971,0.7752706,0.187948,0.08004429
bias_x10,frozen_q,360,48,1.51764,0.7658676,1.497569,0.7806039,0.1832855,0.07449708
bias_x10,frozen_q,360,48.5,1.537681,0.7677494,1.515986,0.784872,0.1868941,0.07988951
bias_x10,frozen_q,360,49,1.555897,0.7731139,1.534775,0.7900455,0.1842909,0.0806188
bias_x10,frozen_q,360,49.5,1.573969,0.7771276,1.552648,0.794405,0.1857267,0.08190248
bias_x10,frozen_q,360,50,1.59168,0.7824062,1.571283,0.7986513,0.1819371,0.08593067
bias_x10,frozen_q,360,50.5,1.611165,0.7870289,1.590125,0.8035378,0.1852593,0.09228472
bias_x10,frozen_q,360,51,1.630062,0.790087,1.608959,0.8082994,0.1796211,0.09423184
bias_x10,frozen_q,360,51.5,1.649124,0.7932034,1.62725,0.8128585,0.18215,0.09459156
bias_x10,frozen_q,360,52,1.668256,0.7967855,1.645863,0.8177897,0.1844353,0.0916341
bias_x10,frozen_q,360,52.5,1.687236,0.8010595,1.664557,0.8224551,0.1858154,0.09453306
bias_x10,frozen_q,360,53,1.705997,0.8055428,1.683329,0.8273519,0.1859551,0.09413262
bias_x10,frozen_q,360,53.5,1.721758,0.8138902,1.70144,0.8324843,0.1810887,0.08990267
bias_x10,frozen_q,360,54,1.74227,0.8166696,1.720498,0.8373536,0.1847924,0.09592523
bias_x10,frozen_q,360,54.5,1.760508,0.8229179,1.739043,0.8427728,0.1865481,0.0967901
bias_x10,frozen_q,360,55,1.78044,0.8262035,1.757515,0.8482557,0.192257,0.09769398
bias_x10,frozen_q,360,55.5,1.798885,0.8310828,1.775575,0.853297,0.1956899,0.09988162
bias_x10,frozen_q,360,56,1.817034,0.8371043,1.793612,0.8586801,0.2011501,0.09920508
bias_x10,frozen_q,360,56.5,1.834627,0.843606,1.8116,0.8644064,0.203949,0.09522273
bias_x10,frozen_q,360,57,1.853418,0.8489964,1.82955,0.8709051,0.2070639,0.09857901
bias_x10,frozen_q,360,57.5,1.872305,0.8543832,1.847798,0.8770195,0.2109814,0.09960402
bias_x10,frozen_q,360,58,1.891037,0.8597938,1.865586,0.8833917,0.2151411,0.1038392
bias_x10,frozen_q,360,58.5,1.90876,0.8658594,1.883466,0.8899889,0.2153741,0.09887218
bias_x10,frozen_q,360,59,1.927588,0.8714051,1.901045,0.8971889,0.2198449,0.1024372
bias_x10,frozen_q,360,59.5,1.945963,0.8778905,1.918699,0.9040823,0.2220073,0.1111639
bias_x10,frozen_q,360,60,1.964007,0.885204,1.936242,0.9115859,0.2256495,0.1139784
bias_x10,frozen_q,720,0,0,0,0,0,0,0
bias_x10,frozen_q,720,0.5,0.03213882,0.009706836,0.01527278,0.006407577,0.02763685,0.009534303
bias_x10,frozen_q,720,1,0.06267867,0.01827461,0.03049944,0.01282746,0.05356534,0.01747485
bias_x10,frozen_q,720,1.5,0.0844212,0.02562749,0.0457381,0.01924503,0.06902134,0.02390987
bias_x10,frozen_q,720,2,0.1036273,0.03246146,0.06101525,0.02560367,0.08049492,0.0310281
bias_x10,frozen_q,720,2.5,0.122499,0.03776505,0.07623311,0.03194402,0.09021965,0.03893899
bias_x10,frozen_q,720,3,0.1347412,0.04626129,0.09141905,0.03817039,0.09298129,0.04354303
bias_x10,frozen_q,720,3.5,0.1486872,0.05407239,0.1066376,0.0444991,0.09497358,0.05244355
bias_x10,frozen_q,720,4,0.1629715,0.05795788,0.1218942,0.05091875,0.09815022,0.05425198
bias_x10,frozen_q,720,4.5,0.1751951,0.06544663,0.1372593,0.05743071,0.09707367,0.05952139
bias_x10,frozen_q,720,5,0.1888874,0.06413471,0.1527114,0.06396677,0.101667,0.04636176
bias_x10,frozen_q,720,5.5,0.2116693,0.07221825,0.1680716,0.07052205,0.1132906,0.0644904
bias_x10,frozen_q,720,6,0.2205675,0.08100692,0.1833761,0.0771131,0.1084351,0.06365992
bias_x10,frozen_q,720,6.5,0.2306535,0.08456631,0.1987519,0.08378408,0.09939907,0.06442977
bias_x10,frozen_q,720,7,0.2447543,0.0928719,0.2140703,0.09038393,0.09854973,0.07107943
bias_x10,frozen_q,720,7.5,0.2560482,0.09796708,0.229307,0.09696083,0.09415738,0.0672757
bias_x10,frozen_q,720,8,0.2671101,0.1078984,0.2444925,0.1035076,0.08572479,0.0733005
bias_x10,frozen_q,720,8.5,0.2736241,0.1143851,0.2596651,0.1100547,0.07348905,0.05588409
bias_x10,frozen_q,720,9,0.2848634,0.1185503,0.2747557,0.1166975,0.06529894,0.04360818
bias_x10,frozen_q,720,9.5,0.3010826,0.125521,0.2897517,0.1233411,0.07043045,0.04866214
bias_x10,frozen_q,720,10,0.316032,0.1290745,0.3046687,0.1300231,0.07501081,0.03543919
bias_x10,frozen_q,720,10.5,0.3294499,0.1342562,0.3196892,0.1367617,0.07204754,0.02294537
bias_x10,frozen_q,720,11,0.3432588,0.1415466,0.334689,0.1436392,0.06743333,0.02706045
bias_x10,frozen_q,720,11.5,0.3576966,0.1490525,0.3495296,0.1506341,0.06692569,0.02985264
bias_x10,frozen_q,720,12,0.3723724,0.1562538,0.3642739,0.1577777,0.06852084,0.02930881
bias_x10,frozen_q,720,12.5,0.38595,0.1635831,0.378882,0.1651377,0.06417631,0.02905145
bias_x10,frozen_q,720,13,0.400831,0.1707103,0.393417,0.1725934,0.06677725,0.02929304
bias_x10,frozen_q,720,13.5,0.4160458,0.1787761,0.4079079,0.1801523,0.07110158,0.03525167
bias_x10,frozen_q,720,14,0.4318373,0.1859866,0.4224027,0.1878123,0.07774652,0.03792791
bias_x10,frozen_q,720,14.5,0.4463753,0.1942059,0.4368429,0.1955779,0.07934944,0.04122816
bias_x10,frozen_q,720,15,0.460714,0.2026687,0.4512121,0.2034772,0.07967444,0.04594069
bias_x10,frozen_q,720,15.5,0.4753623,0.2097272,0.4655059,0.2113788,0.08372138,0.04108434
bias_x10,frozen_q,720,16,0.4902752,0.2181988,0.4798534,0.219617,0.08783873,0.04358848
bias_x10,frozen_q,720,16.5,0.5055397,0.2259821,0.4941981,0.2280432,0.09275947,0.04407315
bias_x10,frozen_q,720,17,0.519134,0.2355063,0.5085352,0.23661,0.09285378,0.04322771
bias_x10,frozen_q,720,17.5,0.5325726,0.2452889,0.5227125,0.2453616,0.09319237,0.04213265
bias_x10,frozen_q,720,18,0.5468576,0.2540311,0.5368947,0.2541753,0.0964602,0.03870505
bias_x10,frozen_q,720,18.5,0.5614513,0.2654698,0.5511778,0.2631487,0.1008301,0.05056979
bias_x10,frozen_q,720,19,0.5775506,0.2735576,0.5656275,0.2722306,0.1083313,0.05213883
bias_x10,frozen_q,720,19.5,0.593716,0.2805414,0.5800203,0.2814714,0.1138534,0.05247579
bias_x10,frozen_q,720,20,0.6060251,0.2910728,0.5943849,0.2908815,0.1078934,0.05065745
bias_x10,frozen_q,720,20.5,0.619975,0.3014009,0.6089185,0.3004203,0.1055494,0.05626269
bias_x10,frozen_q,720,21,0.632716,0.3111921,0.6233833,0.3099114,0.09742853,0.05606507
bias_x10,frozen_q,720,21.5,0.6469394,0.3221484,0.6380357,0.3194987,0.09761046,0.06094406
bias_x10,frozen_q,720,22,0.6630554,0.3321521,0.6526725,0.3291131,0.1071862,0.06554484
bias_x10,frozen_q,720,22.5,0.6777896,0.3416287,0.6675915,0.3388234,0.1078767,0.06404255
bias_x10,frozen_q,720,23,0.6917073,0.3511312,0.6821957,0.348509,0.1055872,0.06208895
bias_x10,frozen_q,720,23.5,0.706934,0.3608341,0.696889,0.3583006,0.109406,0.06376419
bias_x10,frozen_q,720,24,0.7210288,0.3709448,0.7117325,0.3682179,0.1064146,0.06415577
bias_x10,frozen_q,720,24.5,0.7358105,0.3819859,0.7265551,0.3780121,0.1076531,0.07119057
bias_x10,frozen_q,720,25,0.7515669,0.3909762,0.7416238,0.3879468,0.1118203,0.06947084
bias_x10,frozen_q,720,25.5,0.7675921,0.4011583,0.7566787,0.3977791,0.1173883,0.07553183
bias_x10,frozen_q,720,26,0.7836566,0.4100553,0.7719399,0.4074962,0.1226086,0.07385012
bias_x10,frozen_q,720,26.5,0.7996055,0.42007,0.7871609,0.4173201,0.1277004,0.07696048
bias_x10,frozen_q,720,27,0.8150325,0.4314793,0.8025593,0.4274365,0.1302729,0.08274432
bias_x10,frozen_q,720,27.5,0.8304215,0.441829,0.8181082,0.4373401,0.132098,0.08333902
bias_x10,frozen_q,720,28,0.8470374,0.4509885,0.8334202,0.4474081,0.1408435,0.08014459
bias_x10,frozen_q,720,28.5,0.8636843,0.4608379,0.8490125,0.4571741,0.1467996,0.08443925
bias_x10,frozen_q,720,29,0.8800303,0.4708649,0.8644084,0.46704,0.1514059,0.09023741
bias_x10,frozen_q,720,29.5,0.8967586,0.4805122,0.8802331,0.4767499,0.1565855,0.09329139
bias_x10,frozen_q,720,30,0.9136507,0.4904668,0.8958608,0.4870441,0.1622272,0.09761259
bias_x10,frozen_q,720,30.5,0.9293967,0.4997645,0.9112604,0.4966544,0.1659121,0.09624538
bias_x10,frozen_q,720,31,0.9443826,0.5099691,0.9270652,0.5066835,0.1620965,0.09897643
bias_x10,frozen_q,720,31.5,0.9595689,0.5178257,0.9428461,0.5162184,0.1577671,0.09460215
bias_x10,frozen_q,720,32,0.975472,0.5249083,0.9586202,0.5257347,0.15829,0.08405874
bias_x10,frozen_q,720,32.5,0.9906376,0.5352373,0.974774,0.5353688,0.1551962,0.08558713
bias_x10,frozen_q,720,33,1.007486,0.5433967,0.9906636,0.545157,0.1570875,0.08655591
bias_x10,frozen_q,720,33.5,1.023527,0.5525524,1.007041,0.5552376,0.1545562,0.08437366
bias_x10,frozen_q,720,34,1.038216,0.5633938,1.022737,0.5650869,0.1528768,0.08407258
bias_x10,frozen_q,720,34.5,1.052484,0.5713477,1.038783,0.5747184,0.1369806,0.08091302
bias_x10,frozen_q,720,35,1.06872,0.5796766,1.055092,0.5839923,0.1369462,0.07551098
bias_x10,frozen_q,720,35.5,1.083235,0.589456,1.071787,0.5935012,0.1266883,0.0654825
bias_x10,frozen_q,720,36,1.097441,0.5976608,1.08789,0.6022347,0.1144108,0.05200752
bias_x10,frozen_q,720,36.5,1.11307,0.607378,1.10413,0.6113516,0.1136856,0.04917584
bias_x10,frozen_q,720,37,1.128626,0.6175459,1.120338,0.620447,0.1149039,0.04616163
bias_x10,frozen_q,720,37.5,1.144411,0.6269814,1.137223,0.6290808,0.1072681,0.0501391
bias_x10,frozen_q,720,38,1.160033,0.6358168,1.153706,0.6378535,0.1014746,0.0444516
bias_x10,frozen_q,720,38.5,1.176106,0.6444194,1.170245,0.6463519,0.09826976,0.04261752
bias_x10,frozen_q,720,39,1.192441,0.6523658,1.186933,0.6546631,0.09286525,0.0414099
bias_x10,frozen_q,720,39.5,1.209228,0.6608502,1.203981,0.6630364,0.09112192,0.04117328
bias_x10,frozen_q,720,40,1.226339,0.6690612,1.221146,0.6711914,0.0925799,0.03874126
bias_x10,frozen_q,720,40.5,1.242973,0.6764741,1.237433,0.678787,0.09615461,0.03998246
bias_x10,frozen_q,720,41,1.260004,0.6843732,1.254012,0.6868355,0.1015218,0.04039546
bias_x10,frozen_q,720,41.5,1.27801,0.6920512,1.271488,0.6946775,0.1074953,0.04119783
bias_x10,frozen_q,720,42,1.295425,0.6993832,1.288376,0.7022227,0.1134973,0.04038534
bias_x10,frozen_q,720,42.5,1.312751,0.7061552,1.305192,0.7094301,0.1175931,0.04048491
bias_x10,frozen_q,720,43,1.330252,0.7127298,1.322011,0.7166097,0.1224026,0.04112118
bias_x10,frozen_q,720,43.5,1.347554,0.7205102,1.338974,0.7239255,0.1287372,0.04342277
bias_x10,frozen_q,720,44,1.365216,0.7265873,1.356061,0.7306795,0.1320635,0.04361404
bias_x10,frozen_q,720,44.5,1.382398,0.7336648,1.372988,0.7378287,0.1345223,0.04601519
bias_x10,frozen_q,720,45,1.399847,0.7397679,1.390243,0.7443529,0.1346597,0.04810041
bias_x10,frozen_q,720,45.5,1.417448,0.7458904,1.407594,0.7508473,0.1358603,0.04957089
bias_x10,frozen_q,720,46,1.436062,0.7511718,1.425573,0.7568232,0.1378663,0.05536368
bias_x10,frozen_q,720,46.5,1.454557,0.7554015,1.442896,0.7622381,0.1431946,0.06004445
bias_x10,frozen_q,720,47,1.473191,0.7608218,1.460925,0.7680781,0.1469419,0.06372876
bias_x10,frozen_q,720,47.5,1.490981,0.7667543,1.478719,0.7738586,0.1489347,0.06353271
bias_x10,frozen_q,720,48,1.509385,0.7712202,1.496536,0.7794499,0.1497096,0.06558594
bias_x10,frozen_q,720,48.5,1.529452,0.7733526,1.515094,0.7839408,0.1534141,0.06892432
bias_x10,frozen_q,720,49,1.547987,0.7777569,1.5336,0.7887866,0.1528484,0.06924536
bias_x10,frozen_q,720,49.5,1.566575,0.7824406,1.55212,0.7937188,0.1538371,0.06903524
bias_x10,frozen_q,720,50,1.585815,0.7866726,1.571128,0.7984338,0.1547761,0.07035104
bias_x10,frozen_q,720,50.5,1.60547,0.7903783,1.589967,0.803047,0.1597021,0.07150387
bias_x10,frozen_q,720,51,1.624443,0.7939961,1.608378,0.8078289,0.1584984,0.07789396
bias_x10,frozen_q,720,51.5,1.643569,0.7988637,1.627547,0.8124177,0.160629,0.07855019
bias_x10,frozen_q,720,52,1.663962,0.8012984,1.646698,0.8170471,0.1630967,0.08171255
bias_x10,frozen_q,720,52.5,1.683526,0.8056865,1.665381,0.822004,0.1690986,0.08546927
bias_x10,frozen_q,720,53,1.702053,0.810106,1.683666,0.8267542,0.1720411,0.08439554
bias_x10,frozen_q,720,53.5,1.719839,0.8165506,1.702223,0.8317493,0.1721142,0.08498666
bias_x10,frozen_q,720,54,1.737949,0.8216025,1.720446,0.8367325,0.1730201,0.08436271
bias_x10,frozen_q,720,54.5,1.757143,0.8257964,1.739448,0.8419518,0.1725344,0.08276768
bias_x10,frozen_q,720,55,1.775521,0.8309419,1.758089,0.8471627,0.1723835,0.07962414
bias_x10,frozen_q,720,55.5,1.794264,0.8347274,1.776525,0.8518406,0.1706413,0.08464408
bias_x10,frozen_q,720,56,1.812346,0.8402898,1.794627,0.8571519,0.1716326,0.08743735
bias_x10,frozen_q,720,56.5,1.830522,0.8454356,1.812371,0.8628211,0.1731048,0.09144014
bias_x10,frozen_q,720,57,1.849108,0.8508992,1.830411,0.8690011,0.175099,0.09491781
bias_x10,frozen_q,720,57.5,1.867408,0.8567038,1.847952,0.8754824,0.1800496,0.09716461
bias_x10,frozen_q,720,58,1.88621,0.8622149,1.866144,0.8816351,0.1822685,0.1020775
bias_x10,frozen_q,720,58.5,1.904406,0.8681808,1.88346,0.8885311,0.1869282,0.1048236
bias_x10,frozen_q,720,59,1.922908,0.8737506,1.900922,0.8954323,0.1898883,0.1103788
bias_x10,frozen_q,720,59.5,1.940033,0.8818097,1.918683,0.9024779,0.1894775,0.1097712
bias_x10,frozen_q,720,60,1.957729,0.8895711,1.936393,0.9096911,0.1907701,0.1137845
bias_x10,frozen_q,3600,0,0,0,0,0,0,0
bias_x10,frozen_q,3600,0.5,0.03012375,0.009718623,0.01527278,0.006407576,0.02537828,0.009225294
bias_x10,frozen_q,3600,1,0.05539796,0.01520861,0.03049944,0.01282747,0.04492575,0.01391005
bias_x10,frozen_q,3600,1.5,0.07328737,0.02490451,0.0457381,0.01924502,0.05452706,0.02391292
bias_x10,frozen_q,3600,2,0.09012896,0.02968878,0.06101549,0.02560371,0.06168835,0.02919024
bias_x10,frozen_q,3600,2.5,0.1059803,0.03788077,0.0762331,0.0319444,0.06656649,0.03815523
bias_x10,frozen_q,3600,3,0.1205229,0.04364743,0.09141917,0.03817078,0.0699297,0.04234971
bias_x10,frozen_q,3600,3.5,0.1353718,0.04704673,0.1066383,0.04449944,0.07265092,0.04468798
bias_x10,frozen_q,3600,4,0.1550454,0.05611562,0.121897,0.05091723,0.08430545,0.05232872
bias_x10,frozen_q,3600,4.5,0.1606397,0.05824782,0.1372635,0.05742885,0.07466997,0.0394467
bias_x10,frozen_q,3600,5,0.1715519,0.06484975,0.1527186,0.0639653,0.06777313,0.04132152
bias_x10,frozen_q,3600,5.5,0.1882795,0.06893085,0.1680741,0.07051357,0.07163607,0.04423488
bias_x10,frozen_q,3600,6,0.1975396,0.07511009,0.1833817,0.07710307,0.06357713,0.03344736
bias_x10,frozen_q,3600,6.5,0.2073705,0.0834627,0.1987548,0.08377727,0.05021369,0.0312484
bias_x10,frozen_q,3600,7,0.2219762,0.08759764,0.2140735,0.09037532,0.04786859,0.02685151
bias_x10,frozen_q,3600,7.5,0.2370339,0.09424871,0.2293095,0.09694858,0.04820947,0.02879386
bias_x10,frozen_q,3600,8,0.2502742,0.1014689,0.2444907,0.103499,0.04203311,0.02713255
bias_x10,frozen_q,3600,8.5,0.2639638,0.1083708,0.2596712,0.1100602,0.03593858,0.02524868
bias_x10,frozen_q,3600,9,0.2786061,0.114814,0.2747302,0.1167326,0.03547932,0.02209712
bias_x10,frozen_q,3600,9.5,0.2940468,0.1210892,0.2897349,0.1233939,0.0365906,0.02601693
bias_x10,frozen_q,3600,10,0.3099164,0.126696,0.3046858,0.1300848,0.03880819,0.03046997
bias_x10,frozen_q,3600,10.5,0.3240586,0.1340887,0.3196887,0.1368457,0.03826377,0.02594372
bias_x10,frozen_q,3600,11,0.3387817,0.1413156,0.3347181,0.1436971,0.04034143,0.02211361
bias_x10,frozen_q,3600,11.5,0.3540303,0.1481498,0.3496053,0.1506648,0.04427886,0.02149736
bias_x10,frozen_q,3600,12,0.3692281,0.1549665,0.364411,0.1577212,0.04607318,0.02498416
bias_x10,frozen_q,3600,12.5,0.3840946,0.1622459,0.3790062,0.1650006,0.04790441,0.02775184
bias_x10,frozen_q,3600,13,0.3984592,0.1707313,0.3934847,0.1724708,0.05083762,0.02879866
bias_x10,frozen_q,3600,13.5,0.4128686,0.1785247,0.4079705,0.180087,0.05180816,0.02909442
bias_x10,frozen_q,3600,14,0.4279142,0.1860915,0.4225221,0.1877772,0.05630251,0.02932554
bias_x10,frozen_q,3600,14.5,0.442309,0.1943235,0.4369174,0.1956273,0.05863981,0.02935803
bias_x10,frozen_q,3600,15,0.4564134,0.2028054,0.4513646,0.2034483,0.05925371,0.02945232
bias_x10,frozen_q,3600,15.5,0.4702226,0.2114923,0.4656241,0.2114624,0.0593765,0.02883473
bias_x10,frozen_q,3600,16,0.4851591,0.2198045,0.4798805,0.2197929,0.06367093,0.03316426
bias_x10,frozen_q,3600,16.5,0.4996271,0.228702,0.4942271,0.2282631,0.06574589,0.03605316
bias_x10,frozen_q,3600,17,0.5139391,0.2385975,0.5085564,0.2369827,0.06773008,0.04162506
bias_x10,frozen_q,3600,17.5,0.5280841,0.2475397,0.5228123,0.2457107,0.06784051,0.04346533
bias_x10,frozen_q,3600,18,0.542115,0.2571628,0.5371009,0.2546128,0.06574553,0.04950959
bias_x10,frozen_q,3600,18.5,0.5564736,0.2668848,0.5513528,0.263594,0.06650756,0.05532773
bias_x10,frozen_q,3600,19,0.5717912,0.2760483,0.5658407,0.2726908,0.07336642,0.05746459
bias_x10,frozen_q,3600,19.5,0.5873323,0.284908,0.5801289,0.2819095,0.08145068,0.05973613
bias_x10,frozen_q,3600,20,0.6007293,0.2946856,0.5945488,0.2913378,0.07637134,0.05998768
bias_x10,frozen_q,3600,20.5,0.6150494,0.30474,0.6089873,0.3009093,0.07668981,0.06276897
bias_x10,frozen_q,3600,21,0.6285604,0.3141485,0.6236244,0.3105096,0.07115143,0.05873771
bias_x10,frozen_q,3600,21.5,0.6429594,0.3235141,0.6382102,0.3203167,0.07018695,0.05725256
bias_x10,frozen_q,3600,22,0.6579003,0.3329347,0.652859,0.3298812,0.073122,0.05789084
bias_x10,frozen_q,3600,22.5,0.6731782,0.3423424,0.667701,0.3394236,0.07721154,0.05869807
bias_x10,frozen_q,3600,23,0.6874803,0.3525665,0.6823352,0.3490721,0.07464017,0.06329488
bias_x10,frozen_q,3600,23.5,0.7027405,0.3631604,0.6971129,0.3589154,0.0787377,0.06951101
bias_x10,frozen_q,3600,24,0.7175457,0.373102,0.7118466,0.3688731,0.08046392,0.06998183
bias_x10,frozen_q,3600,24.5,0.7321395,0.3834439,0.7266741,0.378625,0.07961677,0.0734337
bias_x10,frozen_q,3600,25,0.7477131,0.3933812,0.7416153,0.3885507,0.08601186,0.07449349
bias_x10,frozen_q,3600,25.5,0.7634171,0.4036121,0.756699,0.3982513,0.09144788,0.07902856
bias_x10,frozen_q,3600,26,0.7789847,0.4126974,0.7721056,0.4079453,0.09313702,0.07746254
bias_x10,frozen_q,3600,26.5,0.7947389,0.4226817,0.7873648,0.4178358,0.09724276,0.07999887
bias_x10,frozen_q,3600,27,0.811251,0.4325487,0.8026702,0.4275741,0.1058579,0.08402863
bias_x10,frozen_q,3600,27.5,0.8269228,0.4427459,0.8182425,0.437562,0.1087864,0.08448793
bias_x10,frozen_q,3600,28,0.8428311,0.4517748,0.8335197,0.4473934,0.1139072,0.08192944
bias_x10,frozen_q,3600,28.5,0.8593237,0.4607145,0.848915,0.457024,0.1203788,0.08276245
bias_x10,frozen_q,3600,29,0.8762413,0.4703495,0.8644887,0.4670134,0.1272938,0.0872091
bias_x10,frozen_q,3600,29.5,0.8935383,0.4784026,0.8802325,0.4768144,0.1354276,0.08399248
bias_x10,frozen_q,3600,30,0.9098448,0.4896171,0.8959966,0.4871148,0.1404913,0.08939311
bias_x10,frozen_q,3600,30.5,0.9251354,0.4981573,0.9114087,0.4968039,0.1401355,0.08492096
bias_x10,frozen_q,3600,31,0.941109,0.5072298,0.926966,0.5069074,0.1424928,0.08224913
bias_x10,frozen_q,3600,31.5,0.954848,0.5161998,0.9424612,0.5166319,0.1316526,0.0777663
bias_x10,frozen_q,3600,32,0.9683902,0.5266616,0.9581096,0.5266337,0.1235863,0.06928178
bias_x10,frozen_q,3600,32.5,0.9838685,0.5356021,0.9741622,0.5362633,0.1191623,0.06595317
bias_x10,frozen_q,3600,33,1.000895,0.5452059,0.9900376,0.5462939,0.1252398,0.07110953
bias_x10,frozen_q,3600,33.5,1.016185,0.5547073,1.006398,0.5564152,0.1166329,0.0679651
bias_x10,frozen_q,3600,34,1.031344,0.5630826,1.022278,0.5657047,0.1118263,0.0589566
bias_x10,frozen_q,3600,34.5,1.045812,0.5724263,1.038478,0.5751703,0.097399,0.05437905
bias_x10,frozen_q,3600,35,1.059861,0.5821016,1.05453,0.5843389,0.08302258,0.04472162
bias_x10,frozen_q,3600,35.5,1.075256,0.5918896,1.071124,0.593528,0.07578527,0.03670986
bias_x10,frozen_q,3600,36,1.091356,0.6012363,1.087855,0.602586,0.0696566,0.03605857
bias_x10,frozen_q,3600,36.5,1.107582,0.6102882,1.104334,0.6116585,0.06635724,0.03539185
bias_x10,frozen_q,3600,37,1.123541,0.6197653,1.120597,0.6207009,0.06520589,0.03628452
bias_x10,frozen_q,3600,37.5,1.140559,0.6285211,1.137294,0.6295684,0.06846876,0.03970792
bias_x10,frozen_q,3600,38,1.156672,0.6368687,1.153767,0.6378846,0.06622499,0.03397316
bias_x10,frozen_q,3600,38.5,1.173276,0.6450883,1.170274,0.6461167,0.06916062,0.03225969
bias_x10,frozen_q,3600,39,1.189959,0.6536365,1.186986,0.6546334,0.07032015,0.03050776
bias_x10,frozen_q,3600,39.5,1.206847,0.6615667,1.203694,0.6626559,0.07323465,0.03020583
bias_x10,frozen_q,3600,40,1.223912,0.6693307,1.220526,0.6705317,0.07727753,0.0285859
bias_x10,frozen_q,3600,40.5,1.240534,0.6775221,1.23692,0.6787056,0.08099966,0.03021337
bias_x10,frozen_q,3600,41,1.257471,0.6854635,1.253503,0.6867141,0.08553907,0.03271754
bias_x10,frozen_q,3600,41.5,1.275048,0.6927265,1.270555,0.6942639,0.09102816,0.03440664
bias_x10,frozen_q,3600,42,1.292548,0.6997039,1.28737,0.7017241,0.09676385,0.03704854
bias_x10,frozen_q,3600,42.5,1.309693,0.7070005,1.304053,0.7091753,0.1001468,0.04335961
bias_x10,frozen_q,3600,43,1.327352,0.7138662,1.321095,0.7164709,0.1051577,0.04557288
bias_x10,frozen_q,3600,43.5,1.344616,0.7213954,1.337844,0.7238369,0.1112553,0.05062552
bias_x10,frozen_q,3600,44,1.362073,0.7275485,1.354822,0.7303616,0.1154886,0.05095094
bias_x10,frozen_q,3600,44.5,1.379558,0.7345337,1.37196,0.7374843,0.1192639,0.05185614
bias_x10,frozen_q,3600,45,1.397624,0.7408401,1.389396,0.7442129,0.1239128,0.05446944
bias_x10,frozen_q,3600,45.5,1.415506,0.7474751,1.406907,0.750755,0.1277695,0.05873544
bias_x10,frozen_q,3600,46,1.433787,0.7530246,1.42478,0.7569802,0.1283265,0.06160052
bias_x10,frozen_q,3600,46.5,1.451916,0.7573426,1.442266,0.7622986,0.1299801,0.06390066
bias_x10,frozen_q,3600,47,1.471226,0.761914,1.460243,0.7682285,0.1361847,0.06860056
bias_x10,frozen_q,3600,47.5,1.488976,0.767318,1.477918,0.7735896,0.1378537,0.06977973
bias_x10,frozen_q,3600,48,1.507258,0.7715905,1.495902,0.7788134,0.1380112,0.06819035
bias_x10,frozen_q,3600,48.5,1.526616,0.7734589,1.514358,0.7829451,0.1373981,0.06785165
bias_x10,frozen_q,3600,49,1.545043,0.7790447,1.532981,0.7887451,0.1358012,0.0667823
bias_x10,frozen_q,3600,49.5,1.563623,0.7835788,1.551452,0.7936096,0.1347452,0.07053391
bias_x10,frozen_q,3600,50,1.58267,0.787591,1.570048,0.7985506,0.1343168,0.0742727
bias_x10,frozen_q,3600,50.5,1.602743,0.7912544,1.589481,0.8031206,0.1386519,0.0735279
bias_x10,frozen_q,3600,51,1.620864,0.7961068,1.607669,0.8078794,0.1397291,0.07352795
bias_x10,frozen_q,3600,51.5,1.639728,0.800319,1.626745,0.8122089,0.1365442,0.07642795
bias_x10,frozen_q,3600,52,1.658267,0.8057133,1.645434,0.8173742,0.1375263,0.07609548
bias_x10,frozen_q,3600,52.5,1.676743,0.8108242,1.663763,0.8223093,0.1426486,0.07391931
bias_x10,frozen_q,3600,53,1.696259,0.814211,1.682533,0.8273159,0.1410809,0.07972877
bias_x10,frozen_q,3600,53.5,1.714613,0.8192451,1.70073,0.8325958,0.1424375,0.08062321
bias_x10,frozen_q,3600,54,1.733423,0.823464,1.719053,0.8372102,0.1449511,0.08532373
bias_x10,frozen_q,3600,54.5,1.751795,0.8291672,1.737876,0.8424574,0.1437594,0.08460705
bias_x10,frozen_q,3600,55,1.770953,0.8334114,1.756337,0.8477277,0.1465032,0.08723914
bias_x10,frozen_q,3600,55.5,1.790163,0.8370888,1.774673,0.8526851,0.148549,0.09243313
bias_x10,frozen_q,3600,56,1.809164,0.8423306,1.793036,0.8581424,0.153918,0.09658942
bias_x10,frozen_q,3600,56.5,1.826872,0.8482933,1.810823,0.8638434,0.1557177,0.09646267
bias_x10,frozen_q,3600,57,1.843821,0.8552956,1.828454,0.8701461,0.1531593,0.09530915
bias_x10,frozen_q,3600,57.5,1.86166,0.861593,1.846021,0.8766401,0.1526724,0.1017074
bias_x10,frozen_q,3600,58,1.88123,0.8658053,1.864006,0.8829119,0.1582148,0.1078939
bias_x10,frozen_q,3600,58.5,1.897485,0.8747882,1.881534,0.8900519,0.1519037,0.1105726
bias_x10,frozen_q,3600,59,1.91643,0.8809145,1.899528,0.8971334,0.1532591,0.1196996
bias_x10,frozen_q,3600,59.5,1.934051,0.887342,1.916968,0.9042254,0.1543808,0.1179541
bias_x10,frozen_q,3600,60,1.952039,0.893524,1.934846,0.911026,0.1531699,0.1185931
combined_poor,frozen_q,0,0,0,0,0,0,0,0
combined_poor,frozen_q,0,0.5,0.03297284,0.009266913,0.01527283,0.006350556,0.02857857,0.009204264
combined_poor,frozen_q,0,1,0.0661185,0.01871416,0.03044718,0.01277522,0.0573744,0.01865097
combined_poor,frozen_q,0,1.5,0.09931605,0.02766042,0.04572943,0.01925021,0.08615018,0.02763381
combined_poor,frozen_q,0,2,0.1324561,0.0365639,0.06116812,0.02550432,0.1147701,0.03675003
combined_poor,frozen_q,0,2.5,0.165603,0.04553615,0.07645048,0.03162043,0.1434809,0.04603126
combined_poor,frozen_q,0,3,0.1987536,0.05478498,0.09166048,0.03720101,0.1723011,0.05572781
combined_poor,frozen_q,0,3.5,0.2323115,0.06439301,0.1070386,0.04320523,0.201448,0.06566123
combined_poor,frozen_q,0,4,0.2660377,0.07391747,0.1225997,0.04961153,0.2306713,0.07531348
combined_poor,frozen_q,0,4.5,0.2996001,0.08320195,0.1386125,0.05630944,0.2594475,0.08459201
combined_poor,frozen_q,0,5,0.3334923,0.09207225,0.1549861,0.06312063,0.2883454,0.09359371
combined_poor,frozen_q,0,5.5,0.3676734,0.1009298,0.1710538,0.06997029,0.3177131,0.1026448
combined_poor,frozen_q,0,6,0.4018739,0.109999,0.1871299,0.076733,0.3471034,0.1119466
combined_poor,frozen_q,0,6.5,0.4365876,0.1188143,0.2037126,0.08365429,0.376754,0.1210879
combined_poor,frozen_q,0,7,0.4717761,0.1271186,0.2203049,0.09009282,0.4070101,0.1298644
combined_poor,frozen_q,0,7.5,0.5070429,0.1355246,0.2367048,0.09630498,0.4375315,0.1386675
combined_poor,frozen_q,0,8,0.5424626,0.1438492,0.253058,0.1023096,0.4682952,0.1474021
combined_poor,frozen_q,0,8.5,0.5779769,0.1519446,0.2695513,0.1082251,0.4991263,0.1558614
combined_poor,frozen_q,0,9,0.6134375,0.1596937,0.2859497,0.114282,0.5299833,0.1637574
combined_poor,frozen_q,0,9.5,0.649101,0.1672066,0.3022876,0.120085,0.5611268,0.1715312
combined_poor,frozen_q,0,10,0.6848514,0.1750636,0.3186588,0.1259318,0.5923913,0.1794716
combined_poor,frozen_q,0,10.5,0.7211528,0.1830219,0.33571,0.1320607,0.6238707,0.187503
combined_poor,frozen_q,0,11,0.7576535,0.1908896,0.3528873,0.1383055,0.6555002,0.1954046
combined_poor,frozen_q,0,11.5,0.7943072,0.1988694,0.3698974,0.1448458,0.6873376,0.2034108
combined_poor,frozen_q,0,12,0.8310028,0.2069584,0.3866366,0.1516254,0.7193488,0.2114225
combined_poor,frozen_q,0,12.5,0.8678397,0.2158384,0.4031271,0.1589585,0.7516064,0.2199871
combined_poor,frozen_q,0,13,0.9048152,0.2245621,0.4195807,0.1666875,0.783973,0.2283585
combined_poor,frozen_q,0,13.5,0.9425572,0.2337266,0.4359451,0.1747011,0.8172101,0.2371669
combined_poor,frozen_q,0,14,0.9808521,0.2427304,0.4523682,0.1828446,0.8510829,0.2455998
combined_poor,frozen_q,0,14.5,1.01984,0.2509898,0.468666,0.1907696,0.8859434,0.2529884
combined_poor,frozen_q,0,15,1.058982,0.2588028,0.4848699,0.1987629,0.9210265,0.2598631
combined_poor,frozen_q,0,15.5,1.098291,0.2663861,0.5009732,0.2068681,0.9563177,0.2665269
combined_poor,frozen_q,0,16,1.137845,0.2740051,0.5172768,0.215792,0.9917066,0.2728428
combined_poor,frozen_q,0,16.5,1.177691,0.2811027,0.5334504,0.2251254,1.027442,0.2784758
combined_poor,frozen_q,0,17,1.217732,0.2882438,0.5497049,0.2350863,1.063234,0.2840609
combined_poor,frozen_q,0,17.5,1.257621,0.2953801,0.5658111,0.2450334,1.098957,0.2894799
combined_poor,frozen_q,0,18,1.297936,0.3027884,0.581647,0.2552466,1.135267,0.2950407
combined_poor,frozen_q,0,18.5,1.338684,0.3101973,0.5973622,0.2654186,1.17215,0.3004995
combined_poor,frozen_q,0,19,1.379621,0.317791,0.6130457,0.2758474,1.209236,0.3059609
combined_poor,frozen_q,0,19.5,1.4206,0.3254457,0.6288035,0.2864207,1.246309,0.3113791
combined_poor,frozen_q,0,20,1.461788,0.3333613,0.6443971,0.2971993,1.283697,0.3168269
combined_poor,frozen_q,0,20.5,1.503213,0.3415253,0.6600861,0.3084258,1.321312,0.3220147
combined_poor,frozen_q,0,21,1.544434,0.350025,0.6756884,0.3194527,1.358771,0.327523
combined_poor,frozen_q,0,21.5,1.58575,0.3590202,0.6912452,0.3304597,1.396381,0.3334237
combined_poor,frozen_q,0,22,1.627251,0.3683266,0.7065189,0.3415513,1.434314,0.3396236
combined_poor,frozen_q,0,22.5,1.669093,0.3777595,0.7220954,0.3527257,1.472412,0.3461418
combined_poor,frozen_q,0,23,1.711608,0.387241,0.7376379,0.363674,1.511305,0.3528259
combined_poor,frozen_q,0,23.5,1.754227,0.397016,0.7530313,0.3745688,1.550393,0.3598122
combined_poor,frozen_q,0,24,1.797451,0.4068341,0.7686526,0.3852584,1.589976,0.367371
combined_poor,frozen_q,0,24.5,1.841125,0.4166906,0.7841117,0.3961021,1.630044,0.3752363
combined_poor,frozen_q,0,25,1.885204,0.4263672,0.7998566,0.4071555,1.670346,0.3830352
combined_poor,frozen_q,0,25.5,1.929168,0.4359658,0.8156398,0.4177795,1.71057,0.3908475
combined_poor,frozen_q,0,26,1.973233,0.4453413,0.8314717,0.428371,1.750837,0.3986277
combined_poor,frozen_q,0,26.5,2.017482,0.4547253,0.8473736,0.439519,1.791113,0.4065579
combined_poor,frozen_q,0,27,2.0616,0.4642525,0.8632723,0.4509201,1.831157,0.4147441
combined_poor,frozen_q,0,27.5,2.105713,0.4735762,0.8789979,0.4622618,1.871209,0.4230551
combined_poor,frozen_q,0,28,2.149862,0.4831064,0.8946661,0.4732302,1.911369,0.4317925
combined_poor,frozen_q,0,28.5,2.194313,0.4925446,0.9104432,0.4843669,1.951766,0.4404604
combined_poor,frozen_q,0,29,2.23865,0.5018861,0.9260928,0.4958601,1.991967,0.4491936
combined_poor,frozen_q,0,29.5,2.283141,0.5115685,0.9417346,0.5072903,2.032377,0.4582017
combined_poor,frozen_q,0,30,2.327844,0.5214308,0.95751,0.5190224,2.072951,0.4671175
combined_poor,frozen_q,0,30.5,2.373361,0.5310563,0.9734778,0.5307088,2.114319,0.4759332
combined_poor,frozen_q,0,31,2.419529,0.5402645,0.9897228,0.5426033,2.156238,0.4842827
combined_poor,frozen_q,0,31.5,2.465895,0.5488968,1.006217,0.5542356,2.19829,0.4921437
combined_poor,frozen_q,0,32,2.512783,0.5574552,1.022986,0.5653278,2.240903,0.5000352
combined_poor,frozen_q,0,32.5,2.559915,0.5658025,1.039737,0.57654,2.283751,0.5077713
combined_poor,frozen_q,0,33,2.607464,0.5735723,1.057106,0.5876536,2.326703,0.5153565
combined_poor,frozen_q,0,33.5,2.655367,0.5809875,1.07542,0.5987735,2.369599,0.5226554
combined_poor,frozen_q,0,34,2.703424,0.5882037,1.094073,0.6095735,2.412568,0.5298481
combined_poor,frozen_q,0,34.5,2.751472,0.5953072,1.11304,0.6203163,2.455407,0.5368906
combined_poor,frozen_q,0,35,2.799713,0.6023231,1.132498,0.6310003,2.49825,0.5438534
combined_poor,frozen_q,0,35.5,2.848448,0.6091923,1.152371,0.6417012,2.541462,0.5506322
combined_poor,frozen_q,0,36,2.897338,0.6156243,1.172737,0.65243,2.584562,0.5572071
combined_poor,frozen_q,0,36.5,2.946411,0.6219521,1.192824,0.6626217,2.62807,0.5639405
combined_poor,frozen_q,0,37,2.995609,0.6279463,1.212872,0.6727638,2.671753,0.5702889
combined_poor,frozen_q,0,37.5,3.044993,0.6337083,1.232934,0.6826992,2.715669,0.5764951
combined_poor,frozen_q,0,38,3.094501,0.6393739,1.253267,0.6922401,2.759662,0.582775
combined_poor,frozen_q,0,38.5,3.144308,0.6451711,1.274035,0.7017238,2.803713,0.5896804
combined_poor,frozen_q,0,39,3.194216,0.6509939,1.294999,0.7111787,2.847747,0.5968798
combined_poor,frozen_q,0,39.5,3.244322,0.657356,1.316289,0.7207071,2.891857,0.6045793
combined_poor,frozen_q,0,40,3.294566,0.6641081,1.337528,0.7298063,2.936285,0.6125162
combined_poor,frozen_q,0,40.5,3.344664,0.6714969,1.358954,0.739121,2.98047,0.6208637
combined_poor,frozen_q,0,41,3.395145,0.679065,1.38075,0.7483721,3.024886,0.6296322
combined_poor,frozen_q,0,41.5,3.445664,0.6866814,1.402744,0.7574036,3.069306,0.6384618
combined_poor,frozen_q,0,42,3.496696,0.6947433,1.424924,0.7662637,3.114239,0.6478456
combined_poor,frozen_q,0,42.5,3.547715,0.7029928,1.44706,0.7754304,3.159065,0.6576416
combined_poor,frozen_q,0,43,3.598238,0.7114865,1.469225,0.7842066,3.203386,0.6678195
combined_poor,frozen_q,0,43.5,3.648664,0.7198522,1.491485,0.7925592,3.247597,0.6781359
combined_poor,frozen_q,0,44,3.699676,0.7287106,1.513912,0.800595,3.292474,0.6889007
combined_poor,frozen_q,0,44.5,3.750925,0.73819,1.536998,0.8088605,3.337293,0.7001407
combined_poor,frozen_q,0,45,3.802291,0.7478287,1.560381,0.8172346,3.382092,0.7114738
combined_poor,frozen_q,0,45.5,3.853757,0.7574359,1.583435,0.825634,3.427122,0.7228918
combined_poor,frozen_q,0,46,3.905132,0.767195,1.606358,0.8340183,3.472075,0.7346457
combined_poor,frozen_q,0,46.5,3.95665,0.777127,1.629199,0.8426152,3.517132,0.7467841
combined_poor,frozen_q,0,47,4.008271,0.7873244,1.651846,0.8509556,3.562425,0.7593218
combined_poor,frozen_q,0,47.5,4.060314,0.7981063,1.674535,0.859586,3.608135,0.772302
combined_poor,frozen_q,0,48,4.112379,0.8094551,1.696928,0.8684812,3.653983,0.7856674
combined_poor,frozen_q,0,48.5,4.164878,0.8211017,1.71959,0.8780883,3.700027,0.7993599
combined_poor,frozen_q,0,49,4.217558,0.8330701,1.742423,0.8877223,3.746199,0.8133145
combined_poor,frozen_q,0,49.5,4.269613,0.8457443,1.765343,0.8972685,3.791739,0.8275235
combined_poor,frozen_q,0,50,4.321113,0.8590339,1.788112,0.9072983,3.836674,0.8420631
combined_poor,frozen_q,0,50.5,4.372879,0.8731063,1.810891,0.9173929,3.881865,0.8575005
combined_poor,frozen_q,0,51,4.424531,0.8875926,1.83389,0.927711,3.926775,0.87333
combined_poor,frozen_q,0,51.5,4.475891,0.9020506,1.856975,0.9380593,3.971321,0.8890598
combined_poor,frozen_q,0,52,4.527644,0.9168438,1.880126,0.9484142,4.016305,0.9049809
combined_poor,frozen_q,0,52.5,4.580042,0.9313741,1.903336,0.9589377,4.06193,0.9207122
combined_poor,frozen_q,0,53,4.632335,0.9457321,1.926269,0.9693379,4.107576,0.9363363
combined_poor,frozen_q,0,53.5,4.684399,0.9596605,1.949026,0.9797957,4.153035,0.9515052
combined_poor,frozen_q,0,54,4.736065,0.9735429,1.971726,0.9899117,4.198207,0.9663471
combined_poor,frozen_q,0,54.5,4.787705,0.9872356,1.994508,0.9996228,4.243414,0.9809292
combined_poor,frozen_q,0,55,4.839009,1.00097,2.01723,1.008934,4.288349,0.995593
combined_poor,frozen_q,0,55.5,4.890076,1.014648,2.039755,1.018553,4.333019,1.010285
combined_poor,frozen_q,0,56,4.941302,1.028721,2.062352,1.028031,4.377913,1.025153
combined_poor,frozen_q,0,56.5,4.99232,1.043124,2.084662,1.037455,4.422714,1.040368
combined_poor,frozen_q,0,57,5.043169,1.05792,2.10696,1.046973,4.467313,1.05595
combined_poor,frozen_q,0,57.5,5.09426,1.072941,2.128975,1.056781,4.512298,1.071548
combined_poor,frozen_q,0,58,5.144893,1.088366,2.15084,1.066537,4.55693,1.087194
combined_poor,frozen_q,0,58.5,5.195407,1.104218,2.17268,1.076848,4.601349,1.103109
combined_poor,frozen_q,0,59,5.246278,1.120124,2.194924,1.087516,4.645931,1.118958
combined_poor,frozen_q,0,59.5,5.297319,1.136004,2.217479,1.09828,4.690534,1.134778
combined_poor,frozen_q,0,60,5.348481,1.151722,2.240008,1.109628,4.735199,1.150255
combined_poor,frozen_q,180,0,0,0,0,0,0,0
combined_poor,frozen_q,180,0.5,0.03233833,0.008988907,0.01527283,0.006350556,0.02784981,0.008905565
combined_poor,frozen_q,180,1,0.06382866,0.01648902,0.03044718,0.01277522,0.05498855,0.0154434
combined_poor,frozen_q,180,1.5,0.09280749,0.02696948,0.04572941,0.0192502,0.07885814,0.02600382
combined_poor,frozen_q,180,2,0.1170984,0.03729287,0.06116815,0.02550432,0.09684998,0.03690446
combined_poor,frozen_q,180,2.5,0.1417732,0.0425191,0.07645055,0.03162057,0.1151245,0.04315126
combined_poor,frozen_q,180,3,0.1590002,0.04824981,0.09166053,0.03720094,0.1251497,0.04717152
combined_poor,frozen_q,180,3.5,0.1728596,0.05804533,0.1070388,0.04320523,0.1289994,0.05812657
combined_poor,frozen_q,180,4,0.1902128,0.06842636,0.1225995,0.04961122,0.1378353,0.06697624
combined_poor,frozen_q,180,4.5,0.2104713,0.0764266,0.138613,0.05630836,0.1496099,0.0742566
combined_poor,frozen_q,180,5,0.2275353,0.08178726,0.1549861,0.06312028,0.1552307,0.08094704
combined_poor,frozen_q,180,5.5,0.2437327,0.09337708,0.1710542,0.06996982,0.1618162,0.08940695
combined_poor,frozen_q,180,6,0.2521371,0.08680507,0.1871302,0.07673276,0.1573309,0.07516455
combined_poor,frozen_q,180,6.5,0.2686315,0.08871022,0.2037136,0.08365354,0.1626347,0.07284878
combined_poor,frozen_q,180,7,0.2855438,0.09610306,0.2203051,0.09009175,0.1667922,0.08107555
combined_poor,frozen_q,180,7.5,0.3075339,0.1053048,0.2367031,0.09630365,0.1783982,0.09429413
combined_poor,frozen_q,180,8,0.3063639,0.1007927,0.2530573,0.1023067,0.157535,0.0704229
combined_poor,frozen_q,180,8.5,0.3237337,0.1048014,0.2695458,0.1082234,0.1653521,0.06581244
combined_poor,frozen_q,180,9,0.3300166,0.107027,0.2859399,0.1142918,0.1488772,0.06032753
combined_poor,frozen_q,180,9.5,0.348306,0.1094341,0.3022764,0.1200943,0.1580941,0.05259365
combined_poor,frozen_q,180,10,0.3574386,0.1159452,0.3186441,0.1259395,0.144722,0.05607529
combined_poor,frozen_q,180,10.5,0.3714,0.1270769,0.3356999,0.1320633,0.145275,0.05535683
combined_poor,frozen_q,180,11,0.386878,0.1296727,0.3528541,0.138324,0.1432996,0.05058847
combined_poor,frozen_q,180,11.5,0.4056029,0.1352186,0.3698526,0.1448643,0.1492411,0.05509128
combined_poor,frozen_q,180,12,0.4210685,0.1465262,0.3865914,0.1516569,0.1486947,0.06713954
combined_poor,frozen_q,180,12.5,0.4354817,0.1531456,0.4030807,0.1589785,0.1483901,0.0600093
combined_poor,frozen_q,180,13,0.4533155,0.1599999,0.419498,0.1667344,0.1533196,0.06422922
combined_poor,frozen_q,180,13.5,0.4724013,0.1678144,0.4358613,0.1747591,0.1633965,0.06672293
combined_poor,frozen_q,180,14,0.480101,0.1807577,0.4522895,0.1829127,0.147153,0.06097983
combined_poor,frozen_q,180,14.5,0.4963337,0.1893187,0.4686301,0.1908425,0.1490492,0.06462033
combined_poor,frozen_q,180,15,0.5131344,0.1939529,0.4848502,0.1988453,0.1512372,0.06094782
combined_poor,frozen_q,180,15.5,0.5322212,0.2016615,0.5009449,0.2069355,0.1632752,0.06162439
combined_poor,frozen_q,180,16,0.5491134,0.2103184,0.5172522,0.2158719,0.1682151,0.06009584
combined_poor,frozen_q,180,16.5,0.5654798,0.2203673,0.5334698,0.2251948,0.1712373,0.06334366
combined_poor,frozen_q,180,17,0.5824391,0.2283467,0.5497282,0.2353069,0.1712306,0.06995143
combined_poor,frozen_q,180,17.5,0.6009237,0.2374919,0.5658153,0.2452601,0.1800605,0.072387
combined_poor,frozen_q,180,18,0.6158575,0.2470824,0.5817044,0.2553928,0.1807014,0.06712486
combined_poor,frozen_q,180,18.5,0.6349824,0.2543961,0.5974578,0.2655429,0.1885938,0.07379439
combined_poor,frozen_q,180,19,0.6516098,0.2677254,0.613142,0.2759505,0.1985651,0.07237261
combined_poor,frozen_q,180,19.5,0.6700523,0.2778499,0.6288465,0.2865184,0.2069923,0.07966276
combined_poor,frozen_q,180,20,0.6900364,0.2827459,0.6444332,0.2972606,0.2171897,0.07737106
combined_poor,frozen_q,180,20.5,0.7087991,0.2938595,0.6601723,0.3086172,0.2264156,0.08496518
combined_poor,frozen_q,180,21,0.7219209,0.3062856,0.6756106,0.319622,0.2244467,0.08216731
combined_poor,frozen_q,180,21.5,0.7394164,0.31632,0.691067,0.3305466,0.2304817,0.08765212
combined_poor,frozen_q,180,22,0.7569455,0.3298945,0.7063451,0.3415049,0.2401435,0.09716352
combined_poor,frozen_q,180,22.5,0.7758742,0.3402897,0.7219454,0.35263,0.2502666,0.1026953
combined_poor,frozen_q,180,23,0.7884463,0.3534886,0.7373152,0.3636795,0.2477767,0.1009288
combined_poor,frozen_q,180,23.5,0.805954,0.3657092,0.7526564,0.3745679,0.2573271,0.1057449
combined_poor,frozen_q,180,24,0.8217429,0.3747648,0.7684798,0.3851799,0.2568117,0.1087186
combined_poor,frozen_q,180,24.5,0.8403965,0.3830391,0.7838456,0.3959924,0.2651094,0.1123106
combined_poor,frozen_q,180,25,0.8504066,0.3997123,0.7994242,0.4070973,0.2583119,0.1111038
combined_poor,frozen_q,180,25.5,0.8685856,0.410915,0.8151548,0.4176892,0.268239,0.1155256
combined_poor,frozen_q,180,26,0.8846791,0.4204143,0.8312869,0.4279632,0.2693206,0.1169863
combined_poor,frozen_q,180,26.5,0.9029572,0.4323194,0.8470952,0.4390789,0.2802951,0.1196498
combined_poor,frozen_q,180,27,0.9159637,0.4458925,0.8628409,0.4502973,0.2737165,0.1290627
combined_poor,frozen_q,180,27.5,0.9350016,0.457094,0.8785011,0.4616123,0.2860694,0.1325246
combined_poor,frozen_q,180,28,0.9451186,0.4712568,0.8942917,0.4725683,0.272575,0.1377199
combined_poor,frozen_q,180,28.5,0.9663648,0.4782399,0.9099155,0.483754,0.2872236,0.139087
combined_poor,frozen_q,180,29,0.9777894,0.4943594,0.9253502,0.4953389,0.2812464,0.1442899
combined_poor,frozen_q,180,29.5,0.9942311,0.5072882,0.9409593,0.5067537,0.2876807,0.1481313
combined_poor,frozen_q,180,30,1.010026,0.5153611,0.9567431,0.5180216,0.2859629,0.1465682
combined_poor,frozen_q,180,30.5,1.027807,0.5288697,0.972594,0.529707,0.2949572,0.1542605
combined_poor,frozen_q,180,31,1.044473,0.5445324,0.9887252,0.5415401,0.3010858,0.1647379
combined_poor,frozen_q,180,31.5,1.064749,0.5542745,1.005255,0.5533254,0.312528,0.1669503
combined_poor,frozen_q,180,32,1.078498,0.5586934,1.022127,0.5636925,0.3004638,0.1549389
combined_poor,frozen_q,180,32.5,1.096502,0.5722719,1.038603,0.5749766,0.3092752,0.1622883
combined_poor,frozen_q,180,33,1.11163,0.5843907,1.055254,0.5864454,0.3098388,0.1585298
combined_poor,frozen_q,180,33.5,1.128615,0.5919811,1.073464,0.5977851,0.3060029,0.1495573
combined_poor,frozen_q,180,34,1.147013,0.6011907,1.091925,0.6088332,0.3074953,0.1450942
combined_poor,frozen_q,180,34.5,1.168335,0.6092546,1.110734,0.6197605,0.3165652,0.1406682
combined_poor,frozen_q,180,35,1.173257,0.6192997,1.129933,0.6301856,0.270197,0.1207639
combined_poor,frozen_q,180,35.5,1.191166,0.6317498,1.149771,0.64085,0.2693414,0.118581
combined_poor,frozen_q,180,36,1.206246,0.639827,1.169806,0.6509305,0.2450943,0.1165195
combined_poor,frozen_q,180,36.5,1.22839,0.6483985,1.189621,0.6612779,0.2533286,0.1194034
combined_poor,frozen_q,180,37,1.235856,0.6581553,1.209295,0.6707687,0.2079911,0.07787944
combined_poor,frozen_q,180,37.5,1.252338,0.6707368,1.229415,0.6804653,0.1969356,0.07690467
combined_poor,frozen_q,180,38,1.269767,0.6813141,1.249565,0.6896221,0.1827641,0.0838202
combined_poor,frozen_q,180,38.5,1.288763,0.6894683,1.2706,0.6986702,0.1724168,0.06976059
combined_poor,frozen_q,180,39,1.307491,0.697238,1.291603,0.7073024,0.1546587,0.06444125
combined_poor,frozen_q,180,39.5,1.327234,0.7090503,1.312866,0.7167635,0.1526851,0.0662732
combined_poor,frozen_q,180,40,1.349979,0.7164375,1.334045,0.7256415,0.1608205,0.06723971
combined_poor,frozen_q,180,40.5,1.371023,0.7253069,1.35568,0.7346457,0.1578296,0.06465596
combined_poor,frozen_q,180,41,1.392785,0.7345739,1.377561,0.7432888,0.1596645,0.06843453
combined_poor,frozen_q,180,41.5,1.414751,0.7448365,1.399474,0.7522841,0.165519,0.07257143
combined_poor,frozen_q,180,42,1.437925,0.7526133,1.42145,0.7610356,0.1718479,0.07583297
combined_poor,frozen_q,180,42.5,1.461514,0.7590265,1.443476,0.769712,0.1783845,0.0729935
combined_poor,frozen_q,180,43,1.483967,0.7676501,1.466207,0.7783515,0.1760615,0.07732533
combined_poor,frozen_q,180,43.5,1.506954,0.7757963,1.488264,0.7867388,0.1847966,0.07669226
combined_poor,frozen_q,180,44,1.530811,0.7822505,1.510495,0.7947539,0.1921918,0.08025982
combined_poor,frozen_q,180,44.5,1.55556,0.7880129,1.53337,0.802516,0.2012955,0.08020515
combined_poor,frozen_q,180,45,1.579713,0.793918,1.556897,0.810624,0.2000096,0.08009528
combined_poor,frozen_q,180,45.5,1.602714,0.8017829,1.579743,0.8193626,0.2002753,0.07894199
combined_poor,frozen_q,180,46,1.627024,0.8082597,1.602483,0.8278766,0.2069444,0.07904894
combined_poor,frozen_q,180,46.5,1.651982,0.8141486,1.624784,0.8361687,0.2184499,0.08509828
combined_poor,frozen_q,180,47,1.675331,0.8212679,1.647509,0.8444756,0.2185113,0.09163242
combined_poor,frozen_q,180,47.5,1.698182,0.829687,1.67001,0.8534899,0.2196245,0.09510858
combined_poor,frozen_q,180,48,1.721754,0.8340883,1.692333,0.8622276,0.2164155,0.09326916
combined_poor,frozen_q,180,48.5,1.746794,0.8409696,1.71444,0.872025,0.2300926,0.0946042
combined_poor,frozen_q,180,49,1.772047,0.8451514,1.737238,0.8814095,0.2316374,0.09746756
combined_poor,frozen_q,180,49.5,1.795092,0.8544706,1.760084,0.8912595,0.2333158,0.09738601
combined_poor,frozen_q,180,50,1.820531,0.8593958,1.782954,0.9009783,0.2389877,0.09598218
combined_poor,frozen_q,180,50.5,1.84622,0.8659892,1.805609,0.9110379,0.2505811,0.0998155
combined_poor,frozen_q,180,51,1.86802,0.8763052,1.82817,0.9213982,0.2470369,0.09870907
combined_poor,frozen_q,180,51.5,1.893076,0.8846256,1.851173,0.9319757,0.2550396,0.1032759
combined_poor,frozen_q,180,52,1.918772,0.8879209,1.87385,0.9423713,0.2509756,0.1156394
combined_poor,frozen_q,180,52.5,1.944538,0.8946644,1.896856,0.9526882,0.2609048,0.118164
combined_poor,frozen_q,180,53,1.966008,0.9039965,1.919726,0.9618879,0.2515543,0.1211527
combined_poor,frozen_q,180,53.5,1.991188,0.9112365,1.942439,0.9721606,0.2597186,0.126915
combined_poor,frozen_q,180,54,2.01742,0.9145968,1.965493,0.9817741,0.2610655,0.1362698
combined_poor,frozen_q,180,54.5,2.042221,0.920864,1.988078,0.9911663,0.2680799,0.1401003
combined_poor,frozen_q,180,55,2.061496,0.9349656,2.010692,1.000515,0.2619082,0.1367385
combined_poor,frozen_q,180,55.5,2.086387,0.9412366,2.032924,1.009873,0.2707388,0.1440331
combined_poor,frozen_q,180,56,2.109422,0.9507,2.055312,1.018904,0.2765673,0.1495491
combined_poor,frozen_q,180,56.5,2.133073,0.9579608,2.077571,1.028324,0.2810371,0.151997
combined_poor,frozen_q,180,57,2.151643,0.9722457,2.100242,1.038087,0.2739872,0.1366425
combined_poor,frozen_q,180,57.5,2.175518,0.9795166,2.122018,1.048049,0.2805744,0.1421282
combined_poor,frozen_q,180,58,2.200128,0.9862528,2.144362,1.057592,0.2866046,0.1508502
combined_poor,frozen_q,180,58.5,2.218074,1.001461,2.166407,1.068072,0.2790126,0.1365935
combined_poor,frozen_q,180,59,2.240364,1.011706,2.1883,1.078725,0.2846778,0.1315387
combined_poor,frozen_q,180,59.5,2.264758,1.020741,2.210903,1.089677,0.2920034,0.13597
combined_poor,frozen_q,180,60,2.288382,1.030066,2.233023,1.100954,0.295603,0.1429284
combined_poor,frozen_q,360,0,0,0,0,0,0,0
combined_poor,frozen_q,360,0.5,0.03277092,0.009588201,0.01527283,0.006350556,0.02835122,0.009509333
combined_poor,frozen_q,360,1,0.06387504,0.0191724,0.03044718,0.01277522,0.05471098,0.01929971
combined_poor,frozen_q,360,1.5,0.09141785,0.02524824,0.04572942,0.01925018,0.07664603,0.02605636
combined_poor,frozen_q,360,2,0.1175968,0.03072048,0.06116816,0.02550437,0.09645992,0.03342789
combined_poor,frozen_q,360,2.5,0.1376912,0.0367477,0.07645046,0.03162063,0.1086547,0.04156601
combined_poor,frozen_q,360,3,0.1467788,0.0512471,0.0916605,0.03720124,0.1072668,0.05444872
combined_poor,frozen_q,360,3.5,0.1646235,0.05571856,0.1070384,0.0432054,0.1170086,0.05738696
combined_poor,frozen_q,360,4,0.1796592,0.06640695,0.1225993,0.04961162,0.1217535,0.06707479
combined_poor,frozen_q,360,4.5,0.1921842,0.07069853,0.1386145,0.05630861,0.1252803,0.06292767
combined_poor,frozen_q,360,5,0.1997391,0.07495637,0.1549886,0.06311892,0.1188272,0.05900114
combined_poor,frozen_q,360,5.5,0.2142573,0.08197612,0.1710532,0.06996612,0.1188623,0.06690405
combined_poor,frozen_q,360,6,0.2323606,0.0799824,0.1871296,0.07672964,0.1265279,0.0602532
combined_poor,frozen_q,360,6.5,0.2498058,0.08747768,0.2037124,0.08364995,0.1316469,0.06645578
combined_poor,frozen_q,360,7,0.2694344,0.09134558,0.2203056,0.09008912,0.1398043,0.07057386
combined_poor,frozen_q,360,7.5,0.2821867,0.09448153,0.2367012,0.09630021,0.1359026,0.07110215
combined_poor,frozen_q,360,8,0.2907859,0.09426312,0.2530516,0.1023046,0.127379,0.05423357
combined_poor,frozen_q,360,8.5,0.3074563,0.09613635,0.2695404,0.1082228,0.1256031,0.06286816
combined_poor,frozen_q,360,9,0.3181217,0.09834298,0.2859321,0.1142868,0.1092399,0.06720195
combined_poor,frozen_q,360,9.5,0.3310907,0.1061707,0.3022665,0.1201038,0.107305,0.0627991
combined_poor,frozen_q,360,10,0.3462466,0.1134931,0.3186312,0.1259471,0.1105845,0.0589292
combined_poor,frozen_q,360,10.5,0.3610101,0.118666,0.3356454,0.1320927,0.1100722,0.04980033
combined_poor,frozen_q,360,11,0.3769835,0.1269379,0.3528232,0.1383366,0.1120005,0.04829382
combined_poor,frozen_q,360,11.5,0.3921359,0.1360397,0.3698405,0.1448715,0.1125396,0.04549679
combined_poor,frozen_q,360,12,0.4090396,0.1446342,0.3865895,0.1516709,0.1130283,0.05717806
combined_poor,frozen_q,360,12.5,0.424639,0.1541621,0.4031278,0.1589836,0.1151507,0.05723632
combined_poor,frozen_q,360,13,0.4411655,0.1637784,0.4195682,0.166725,0.1192663,0.06017429
combined_poor,frozen_q,360,13.5,0.4561926,0.1730992,0.4359295,0.1747777,0.1191833,0.05909651
combined_poor,frozen_q,360,14,0.4730734,0.1820279,0.452336,0.1829214,0.1240078,0.06072289
combined_poor,frozen_q,360,14.5,0.488058,0.1914591,0.4686795,0.1909537,0.1238094,0.05977959
combined_poor,frozen_q,360,15,0.5061934,0.2009032,0.4848513,0.1989422,0.1321131,0.06837951
combined_poor,frozen_q,360,15.5,0.5229007,0.207523,0.5009805,0.2070357,0.1327552,0.07263198
combined_poor,frozen_q,360,16,0.5385268,0.2164837,0.5172552,0.2159995,0.1347178,0.06888777
combined_poor,frozen_q,360,16.5,0.5555283,0.2244268,0.5334289,0.2253123,0.1383009,0.06928024
combined_poor,frozen_q,360,17,0.5746629,0.2344071,0.5497183,0.2352465,0.1487954,0.07631401
combined_poor,frozen_q,360,17.5,0.5921218,0.2433484,0.5658501,0.2451697,0.1531889,0.0801954
combined_poor,frozen_q,360,18,0.60738,0.2538941,0.5817111,0.2553056,0.1547474,0.07876113
combined_poor,frozen_q,360,18.5,0.6251491,0.2641375,0.5973949,0.2654515,0.1646543,0.08051596
combined_poor,frozen_q,360,19,0.6416622,0.2743919,0.6131039,0.2758141,0.1690646,0.08276686
combined_poor,frozen_q,360,19.5,0.6610823,0.2815842,0.6287791,0.2863873,0.1808066,0.08197577
combined_poor,frozen_q,360,20,0.678863,0.2896525,0.6443864,0.2972496,0.1878325,0.08015944
combined_poor,frozen_q,360,20.5,0.6984144,0.3022107,0.6599839,0.3085406,0.2009053,0.09272661
combined_poor,frozen_q,360,21,0.7167678,0.3080165,0.6757526,0.3195084,0.2052897,0.09245053
combined_poor,frozen_q,360,21.5,0.7355312,0.3154418,0.6912484,0.3306548,0.2146843,0.09034919
combined_poor,frozen_q,360,22,0.7522335,0.3288804,0.7065791,0.3416534,0.2207929,0.101126
combined_poor,frozen_q,360,22.5,0.7681462,0.3414052,0.7220483,0.3529833,0.2250304,0.1047223
combined_poor,frozen_q,360,23,0.7861123,0.3526166,0.7376511,0.3638696,0.2330772,0.1117281
combined_poor,frozen_q,360,23.5,0.7991914,0.3661817,0.7528254,0.3747814,0.2324152,0.1118768
combined_poor,frozen_q,360,24,0.8164485,0.3776121,0.7685118,0.385387,0.2391923,0.1175596
combined_poor,frozen_q,360,24.5,0.8274455,0.3905573,0.783879,0.3962127,0.2302251,0.1168407
combined_poor,frozen_q,360,25,0.8456253,0.3997595,0.7996785,0.4071424,0.2348947,0.1246534
combined_poor,frozen_q,360,25.5,0.860755,0.4109931,0.8152663,0.4177128,0.2342021,0.1301791
combined_poor,frozen_q,360,26,0.8754735,0.4226121,0.8312162,0.4281592,0.2330358,0.1327624
combined_poor,frozen_q,360,26.5,0.8892538,0.4352147,0.8470376,0.439202,0.2314479,0.1314663
combined_poor,frozen_q,360,27,0.9047781,0.4467275,0.8629326,0.4505961,0.2302683,0.1363021
combined_poor,frozen_q,360,27.5,0.9188537,0.464378,0.8786258,0.4617535,0.2345738,0.143612
combined_poor,frozen_q,360,28,0.9353939,0.4760347,0.8943311,0.4727525,0.2394128,0.1478746
combined_poor,frozen_q,360,28.5,0.9485121,0.4913421,0.9099557,0.4836613,0.238565,0.151682
combined_poor,frozen_q,360,29,0.96448,0.5039813,0.925454,0.4948996,0.2431374,0.1564698
combined_poor,frozen_q,360,29.5,0.9824018,0.5156198,0.9408521,0.5061788,0.2514427,0.1649619
combined_poor,frozen_q,360,30,0.9983987,0.526793,0.9567995,0.5177292,0.2530399,0.1663845
combined_poor,frozen_q,360,30.5,1.014139,0.5403735,0.9726653,0.5293106,0.2541153,0.174924
combined_poor,frozen_q,360,31,1.031382,0.5487046,0.9888081,0.5408776,0.2597966,0.1673802
combined_poor,frozen_q,360,31.5,1.050877,0.5598032,1.004983,0.5527225,0.2696794,0.1750442
combined_poor,frozen_q,360,32,1.065426,0.5661264,1.021753,0.5636035,0.2640315,0.1594347
combined_poor,frozen_q,360,32.5,1.080813,0.5773079,1.038183,0.5751495,0.2625866,0.1580928
combined_poor,frozen_q,360,33,1.095201,0.5844373,1.05524,0.5865145,0.2577124,0.13458
combined_poor,frozen_q,360,33.5,1.116,0.5962074,1.073198,0.5983677,0.2679673,0.1430688
combined_poor,frozen_q,360,34,1.132292,0.6065814,1.091496,0.6094567,0.2608478,0.1427468
combined_poor,frozen_q,360,34.5,1.14645,0.6119769,1.110163,0.6198353,0.2435739,0.1185851
combined_poor,frozen_q,360,35,1.16136,0.6237815,1.129412,0.6302699,0.2283339,0.1184072
combined_poor,frozen_q,360,35.5,1.173439,0.6336162,1.149038,0.6411516,0.1936321,0.1028713
combined_poor,frozen_q,360,36,1.189784,0.645251,1.168927,0.6513771,0.17932,0.09996896
combined_poor,frozen_q,360,36.5,1.205279,0.6543053,1.1891,0.6607745,0.1552128,0.08312146
combined_poor,frozen_q,360,37,1.222599,0.6654828,1.209163,0.6703269,0.1453795,0.07533492
combined_poor,frozen_q,360,37.5,1.240731,0.6753663,1.229081,0.6796854,0.1386148,0.06487362
combined_poor,frozen_q,360,38,1.259923,0.6846571,1.2493,0.6887802,0.1316863,0.06435195
combined_poor,frozen_q,360,38.5,1.279859,0.692966,1.269719,0.6975779,0.1269896,0.06184295
combined_poor,frozen_q,360,39,1.301702,0.701174,1.29068,0.7067638,0.1312955,0.06372474
combined_poor,frozen_q,360,39.5,1.32288,0.7090436,1.312103,0.7150965,0.128951,0.06140199
combined_poor,frozen_q,360,40,1.345153,0.7169882,1.333212,0.7240002,0.1357245,0.06459164
combined_poor,frozen_q,360,40.5,1.366972,0.7258473,1.35507,0.7326971,0.1368135,0.06639228
combined_poor,frozen_q,360,41,1.389493,0.7346896,1.376737,0.7418192,0.1436364,0.06999539
combined_poor,frozen_q,360,41.5,1.412251,0.7415035,1.398826,0.7500271,0.1455065,0.06873
combined_poor,frozen_q,360,42,1.435699,0.7494368,1.420899,0.7587395,0.1552183,0.07151003
combined_poor,frozen_q,360,42.5,1.457533,0.7587541,1.442891,0.7674623,0.1560566,0.0760261
combined_poor,frozen_q,360,43,1.480942,0.7664761,1.464766,0.7760711,0.1661358,0.07938419
combined_poor,frozen_q,360,43.5,1.504157,0.7737879,1.487596,0.7840038,0.1677661,0.08131764
combined_poor,frozen_q,360,44,1.527209,0.7811215,1.509831,0.7921056,0.1719873,0.08448945
combined_poor,frozen_q,360,44.5,1.552002,0.7872504,1.533464,0.800016,0.1747462,0.08833657
combined_poor,frozen_q,360,45,1.575375,0.7963969,1.556467,0.8085329,0.1816146,0.09019177
combined_poor,frozen_q,360,45.5,1.599136,0.8035695,1.57903,0.8168567,0.1869979,0.09445844
combined_poor,frozen_q,360,46,1.622774,0.8114798,1.601759,0.8255927,0.1917415,0.09761617
combined_poor,frozen_q,360,46.5,1.647598,0.8171166,1.62454,0.8336769,0.2003479,0.09914321
combined_poor,frozen_q,360,47,1.670841,0.8244099,1.647248,0.8418437,0.2026504,0.1006326
combined_poor,frozen_q,360,47.5,1.695808,0.8298194,1.669529,0.8504257,0.2116468,0.1063798
combined_poor,frozen_q,360,48,1.717501,0.8362589,1.690881,0.8595584,0.2088437,0.1004338
combined_poor,frozen_q,360,48.5,1.741831,0.8418272,1.713112,0.8685336,0.21366,0.103513
combined_poor,frozen_q,360,49,1.765903,0.8482034,1.735863,0.8783676,0.2147749,0.1004638
combined_poor,frozen_q,360,49.5,1.788323,0.8559324,1.757965,0.8873273,0.214912,0.09988331
combined_poor,frozen_q,360,50,1.811595,0.8634103,1.780172,0.8971931,0.2154969,0.1021946
combined_poor,frozen_q,360,50.5,1.835204,0.8718541,1.802818,0.9071692,0.2173743,0.1070342
combined_poor,frozen_q,360,51,1.859726,0.8765351,1.825495,0.9173591,0.2111621,0.1123295
combined_poor,frozen_q,360,51.5,1.883735,0.8836797,1.848183,0.9271643,0.2143971,0.1119352
combined_poor,frozen_q,360,52,1.909067,0.8888841,1.870982,0.937249,0.2185055,0.1138561
combined_poor,frozen_q,360,52.5,1.932437,0.8977817,1.894166,0.9470676,0.2180346,0.114847
combined_poor,frozen_q,360,53,1.956938,0.904886,1.917059,0.9569418,0.2203439,0.1208144
combined_poor,frozen_q,360,53.5,1.976517,0.918944,1.939403,0.9670999,0.2168895,0.1124478
combined_poor,frozen_q,360,54,2.002422,0.924489,1.962703,0.9769383,0.2201657,0.1225942
combined_poor,frozen_q,360,54.5,2.024386,0.9362661,1.985618,0.9868477,0.2234351,0.1175518
combined_poor,frozen_q,360,55,2.050234,0.9403874,2.008316,0.995981,0.2298306,0.1258008
combined_poor,frozen_q,360,55.5,2.072729,0.9497079,2.030659,1.005507,0.2333995,0.1235861
combined_poor,frozen_q,360,56,2.096085,0.9586292,2.053149,1.014484,0.2407155,0.1277659
combined_poor,frozen_q,360,56.5,2.117152,0.970778,2.075454,1.023984,0.2437954,0.1238147
combined_poor,frozen_q,360,57,2.14153,0.9777114,2.097838,1.033735,0.2498759,0.1286873
combined_poor,frozen_q,360,57.5,2.16373,0.9881083,2.120386,1.043269,0.2538396,0.1248468
combined_poor,frozen_q,360,58,2.187467,0.9957369,2.142311,1.053092,0.259355,0.1322537
combined_poor,frozen_q,360,58.5,2.207737,1.008394,2.164092,1.063648,0.2605824,0.1220191
combined_poor,frozen_q,360,59,2.232031,1.016041,2.186257,1.074314,0.2674149,0.125712
combined_poor,frozen_q,360,59.5,2.254047,1.026942,2.208647,1.084936,0.2705031,0.117359
combined_poor,frozen_q,360,60,2.277111,1.037737,2.230895,1.096333,0.2757226,0.1193053
combined_poor,frozen_q,720,0,0,0,0,0,0,0
combined_poor,frozen_q,720,0.5,0.03221316,0.009749951,0.01527284,0.006350555,0.02770868,0.009660158
combined_poor,frozen_q,720,1,0.0630001,0.01823014,0.03044718,0.01277521,0.05389056,0.01772494
combined_poor,frozen_q,720,1.5,0.08481658,0.02541121,0.04572938,0.01925024,0.06942356,0.02393953
combined_poor,frozen_q,720,2,0.1043545,0.03337513,0.06116801,0.02550439,0.0814182,0.03178338
combined_poor,frozen_q,720,2.5,0.1237054,0.03992897,0.07645059,0.03162041,0.09204393,0.04040591
combined_poor,frozen_q,720,3,0.1365082,0.04852666,0.09166048,0.03720071,0.09514936,0.04703686
combined_poor,frozen_q,720,3.5,0.1518227,0.05593354,0.1070387,0.04320483,0.09901726,0.05607551
combined_poor,frozen_q,720,4,0.1672104,0.05889807,0.1225997,0.04961083,0.1034386,0.05791509
combined_poor,frozen_q,720,4.5,0.1796091,0.06805866,0.1386115,0.05630794,0.1026669,0.06402398
combined_poor,frozen_q,720,5,0.1936497,0.06711197,0.1549845,0.06311868,0.1069055,0.05176154
combined_poor,frozen_q,720,5.5,0.2171554,0.07579328,0.1710568,0.06996972,0.1188245,0.06945801
combined_poor,frozen_q,720,6,0.2296777,0.08418931,0.1871297,0.07673436,0.1170279,0.07383105
combined_poor,frozen_q,720,6.5,0.241658,0.08770298,0.2037105,0.0836585,0.1102952,0.07535185
combined_poor,frozen_q,720,7,0.2570451,0.09271969,0.2203008,0.09008644,0.1120742,0.07564766
combined_poor,frozen_q,720,7.5,0.2702353,0.09720736,0.2367064,0.09629657,0.1121308,0.06951965
combined_poor,frozen_q,720,8,0.2813539,0.1059998,0.2530662,0.1023112,0.1010779,0.07698758
combined_poor,frozen_q,720,8.5,0.2883448,0.112973,0.2695586,0.1082169,0.08996583,0.05970503
combined_poor,frozen_q,720,9,0.2999699,0.1153185,0.2859698,0.1142779,0.07866675,0.04857732
combined_poor,frozen_q,720,9.5,0.3195983,0.1202864,0.3023077,0.1200938,0.08943916,0.05426777
combined_poor,frozen_q,720,10,0.3362729,0.122903,0.3186702,0.1259224,0.09356239,0.04657901
combined_poor,frozen_q,720,10.5,0.3500565,0.1281579,0.3357037,0.1320375,0.08642552,0.038583
combined_poor,frozen_q,720,11,0.366416,0.1355988,0.3528848,0.1383009,0.0858088,0.04188685
combined_poor,frozen_q,720,11.5,0.3829068,0.1437157,0.3698635,0.1448397,0.09006521,0.03837148
combined_poor,frozen_q,720,12,0.4003075,0.1508492,0.3866186,0.1516443,0.09512336,0.03967248
combined_poor,frozen_q,720,12.5,0.4152897,0.1587287,0.4031094,0.1590117,0.09076243,0.04161341
combined_poor,frozen_q,720,13,0.433178,0.1663107,0.4195599,0.1667456,0.0950945,0.05059756
combined_poor,frozen_q,720,13.5,0.4510954,0.1754324,0.4359353,0.1747521,0.101631,0.05933785
combined_poor,frozen_q,720,14,0.4689943,0.1843127,0.452385,0.1829184,0.1080545,0.06580784
combined_poor,frozen_q,720,14.5,0.4865051,0.1927396,0.4687105,0.1908632,0.1128946,0.07208439
combined_poor,frozen_q,720,15,0.5025016,0.2013471,0.4849476,0.1988948,0.1159725,0.07120407
combined_poor,frozen_q,720,15.5,0.5198803,0.2077962,0.5009822,0.2069852,0.1234737,0.06779393
combined_poor,frozen_q,720,16,0.5364388,0.2174311,0.5172927,0.2158421,0.1266711,0.07095845
combined_poor,frozen_q,720,16.5,0.5556302,0.225443,0.5335206,0.2251258,0.1365183,0.07663474
combined_poor,frozen_q,720,17,0.5710795,0.2367879,0.5497484,0.2350262,0.1396586,0.0739387
combined_poor,frozen_q,720,17.5,0.5876727,0.2469782,0.5657317,0.2450361,0.1438734,0.07619279
combined_poor,frozen_q,720,18,0.6032709,0.2567268,0.58147,0.255162,0.1485343,0.06903069
combined_poor,frozen_q,720,18.5,0.6216254,0.2674128,0.5971278,0.2653922,0.1594009,0.07588546
combined_poor,frozen_q,720,19,0.6404297,0.2773836,0.6128741,0.2757921,0.1699229,0.08270528
combined_poor,frozen_q,720,19.5,0.6568552,0.2880821,0.6284957,0.2864398,0.1731962,0.08796735
combined_poor,frozen_q,720,20,0.6732223,0.2967836,0.6439644,0.2972774,0.1772494,0.0848655
combined_poor,frozen_q,720,20.5,0.6882123,0.3086049,0.6596456,0.3085507,0.1750573,0.09113653
combined_poor,frozen_q,720,21,0.7033841,0.3174837,0.6750948,0.3196102,0.1735906,0.08929827
combined_poor,frozen_q,720,21.5,0.7224628,0.3248418,0.6906494,0.3305813,0.1829235,0.0913129
combined_poor,frozen_q,720,22,0.7411898,0.335447,0.7059955,0.3416353,0.1957178,0.09540323
combined_poor,frozen_q,720,22.5,0.7568522,0.3466865,0.7218358,0.352798,0.1969593,0.09692165
combined_poor,frozen_q,720,23,0.772245,0.3557589,0.7372984,0.3636608,0.1966577,0.09557885
combined_poor,frozen_q,720,23.5,0.7886584,0.3659947,0.7526351,0.3745015,0.2011593,0.09772811
combined_poor,frozen_q,720,24,0.8033739,0.3764933,0.7682241,0.385257,0.2005855,0.09550275
combined_poor,frozen_q,720,24.5,0.817591,0.3905629,0.7836651,0.3959181,0.2020896,0.09990842
combined_poor,frozen_q,720,25,0.8345148,0.4004423,0.799468,0.406933,0.2070789,0.09950307
combined_poor,frozen_q,720,25.5,0.8478279,0.4176362,0.815265,0.4173156,0.2067717,0.110762
combined_poor,frozen_q,720,26,0.8646155,0.4278824,0.8312142,0.4277906,0.2117675,0.1117893
combined_poor,frozen_q,720,26.5,0.8805925,0.4407593,0.8470239,0.4388221,0.214852,0.1189913
combined_poor,frozen_q,720,27,0.897219,0.4537579,0.8629239,0.4502957,0.2186299,0.1278922
combined_poor,frozen_q,720,27.5,0.9137664,0.4654676,0.8787592,0.4615716,0.2232191,0.1312114
combined_poor,frozen_q,720,28,0.9291073,0.4777417,0.8943143,0.4724714,0.2250701,0.1358917
combined_poor,frozen_q,720,28.5,0.9456485,0.490919,0.9101263,0.4834678,0.2308118,0.1434333
combined_poor,frozen_q,720,29,0.9614414,0.5043981,0.925564,0.4949182,0.2330013,0.1535915
combined_poor,frozen_q,720,29.5,0.9775154,0.5173693,0.9414658,0.5059468,0.2366876,0.1598086
combined_poor,frozen_q,720,30,0.9956096,0.5276861,0.9571934,0.5179294,0.2445467,0.1619225
combined_poor,frozen_q,720,30.5,1.012448,0.5375069,0.9729183,0.5291793,0.249955,0.1604053
combined_poor,frozen_q,720,31,1.028956,0.5464839,0.9890715,0.5412727,0.2489989,0.1585231
combined_poor,frozen_q,720,31.5,1.044229,0.5552192,1.005361,0.5526701,0.2471948,0.1495301
combined_poor,frozen_q,720,32,1.059117,0.5632906,1.021975,0.5634717,0.2403432,0.1426722
combined_poor,frozen_q,720,32.5,1.074399,0.5744825,1.038722,0.5749431,0.2376525,0.1391971
combined_poor,frozen_q,720,33,1.091211,0.5844865,1.055698,0.5865269,0.2387209,0.1337167
combined_poor,frozen_q,720,33.5,1.10782,0.5936264,1.073951,0.5983551,0.2281325,0.1317746
combined_poor,frozen_q,720,34,1.123595,0.6051712,1.091905,0.6095396,0.2202188,0.13248
combined_poor,frozen_q,720,34.5,1.138381,0.6134074,1.110439,0.6203683,0.2019008,0.1210173
combined_poor,frozen_q,720,35,1.155527,0.6223178,1.129604,0.6306656,0.1928875,0.1128402
combined_poor,frozen_q,720,35.5,1.170848,0.6330593,1.149529,0.6411316,0.1755677,0.09663785
combined_poor,frozen_q,720,36,1.186042,0.6433473,1.169204,0.6509555,0.1571736,0.07675967
combined_poor,frozen_q,720,36.5,1.204016,0.6543438,1.188858,0.66093,0.1502123,0.07594722
combined_poor,frozen_q,720,37,1.222859,0.6649602,1.208747,0.6706593,0.149396,0.07081997
combined_poor,frozen_q,720,37.5,1.240839,0.676328,1.229032,0.6802673,0.1402811,0.06811493
combined_poor,frozen_q,720,38,1.259602,0.6856975,1.249407,0.6892898,0.1317137,0.06102416
combined_poor,frozen_q,720,38.5,1.279009,0.6953133,1.270155,0.6980868,0.1250414,0.05861396
combined_poor,frozen_q,720,39,1.299408,0.7035113,1.29113,0.7068767,0.1185055,0.05518017
combined_poor,frozen_q,720,39.5,1.32027,0.7129727,1.312742,0.7159142,0.1140614,0.05444926
combined_poor,frozen_q,720,40,1.341914,0.7213558,1.334474,0.7243895,0.1129973,0.05597643
combined_poor,frozen_q,720,40.5,1.362852,0.7301586,1.355439,0.7328998,0.1147405,0.05780986
combined_poor,frozen_q,720,41,1.385116,0.7389626,1.37721,0.7416495,0.1199145,0.06223626
combined_poor,frozen_q,720,41.5,1.407863,0.7480771,1.399661,0.7505202,0.1239015,0.06647465
combined_poor,frozen_q,720,42,1.430525,0.7564159,1.421781,0.7591001,0.1293149,0.06770363
combined_poor,frozen_q,720,42.5,1.453025,0.7646899,1.443608,0.7679085,0.1335119,0.07083894
combined_poor,frozen_q,720,43,1.475574,0.772703,1.465534,0.7764686,0.1385035,0.07111308
combined_poor,frozen_q,720,43.5,1.498451,0.781057,1.487818,0.7847644,0.1444444,0.07521183
combined_poor,frozen_q,720,44,1.521869,0.7875589,1.510161,0.7924748,0.1491467,0.07863975
combined_poor,frozen_q,720,44.5,1.5452,0.7955622,1.532998,0.8006022,0.152925,0.08293304
combined_poor,frozen_q,720,45,1.568247,0.8034004,1.555959,0.8087881,0.1518233,0.08637515
combined_poor,frozen_q,720,45.5,1.591471,0.8104585,1.57866,0.8169705,0.1531969,0.08631904
combined_poor,frozen_q,720,46,1.615148,0.8173977,1.601331,0.8254796,0.157034,0.08686599
combined_poor,frozen_q,720,46.5,1.638714,0.8231269,1.623082,0.8340208,0.1614553,0.09043743
combined_poor,frozen_q,720,47,1.6623,0.830306,1.645511,0.8424032,0.1672774,0.09364981
combined_poor,frozen_q,720,47.5,1.684828,0.8381366,1.667783,0.8509508,0.1673698,0.09497503
combined_poor,frozen_q,720,48,1.708235,0.8442856,1.689846,0.859885,0.170652,0.09239976
combined_poor,frozen_q,720,48.5,1.732767,0.8493562,1.712056,0.8692378,0.1755821,0.09210491
combined_poor,frozen_q,720,49,1.756954,0.855455,1.734604,0.8786309,0.1778001,0.09316078
combined_poor,frozen_q,720,49.5,1.780926,0.8624704,1.757198,0.8882897,0.1813744,0.09239769
combined_poor,frozen_q,720,50,1.804914,0.8704051,1.779998,0.8981652,0.1853034,0.09373355
combined_poor,frozen_q,720,50.5,1.829576,0.8770267,1.803038,0.9077192,0.1899409,0.09339038
combined_poor,frozen_q,720,51,1.85375,0.8832689,1.825434,0.9178793,0.1891952,0.09821108
combined_poor,frozen_q,720,51.5,1.87777,0.8920545,1.84861,0.9281781,0.1918946,0.09932194
combined_poor,frozen_q,720,52,1.903253,0.8973483,1.871981,0.9378945,0.1926206,0.1039546
combined_poor,frozen_q,720,52.5,1.927826,0.9049337,1.895282,0.947694,0.1945574,0.1091093
combined_poor,frozen_q,720,53,1.951343,0.9133633,1.917961,0.957159,0.1993743,0.1104534
combined_poor,frozen_q,720,53.5,1.973169,0.925361,1.940527,0.9678531,0.2007682,0.1076971
combined_poor,frozen_q,720,54,1.995358,0.9360356,1.962742,0.9783491,0.2020172,0.109222
combined_poor,frozen_q,720,54.5,2.018228,0.9450748,1.985873,0.9878161,0.2003669,0.1072375
combined_poor,frozen_q,720,55,2.041556,0.9539491,2.008982,0.997105,0.2023009,0.1077417
combined_poor,frozen_q,720,55.5,2.064657,0.9617322,2.031562,1.005963,0.2032762,0.1103179
combined_poor,frozen_q,720,56,2.08756,0.9707428,2.054065,1.015083,0.2083925,0.1107139
combined_poor,frozen_q,720,56.5,2.110686,0.9788054,2.076316,1.0242,0.2138481,0.1114417
combined_poor,frozen_q,720,57,2.133626,0.9877417,2.098697,1.033855,0.2178565,0.1114952
combined_poor,frozen_q,720,57.5,2.15661,0.9963203,2.120491,1.043846,0.224248,0.1128008
combined_poor,frozen_q,720,58,2.17894,1.006111,2.142784,1.053535,0.227331,0.1113733
combined_poor,frozen_q,720,58.5,2.201345,1.01575,2.164351,1.064086,0.233715,0.1094304
combined_poor,frozen_q,720,59,2.223802,1.025343,2.186404,1.074725,0.2357262,0.1068284
combined_poor,frozen_q,720,59.5,2.244833,1.038409,2.208873,1.085554,0.2325092,0.1074337
combined_poor,frozen_q,720,60,2.266528,1.050988,2.231164,1.096823,0.2317744,0.1115178
combined_poor,frozen_q,3600,0,0,0,0,0,0,0
combined_poor,frozen_q,3600,0.5,0.03012042,0.009739696,0.01527283,0.006350555,0.02537723,0.009278255
combined_poor,frozen_q,3600,1,0.05543995,0.01555434,0.03044718,0.01277522,0.04499846,0.01438165
combined_poor,frozen_q,3600,1.5,0.0737987,0.02535818,0.04572938,0.01925023,0.05511135,0.02463743
combined_poor,frozen_q,3600,2,0.09156078,0.03032095,0.06116825,0.02550443,0.06345959,0.0302645
combined_poor,frozen_q,3600,2.5,0.1077472,0.03931373,0.07645062,0.03162068,0.06915577,0.03974463
combined_poor,frozen_q,3600,3,0.1226704,0.04533046,0.09166068,0.03720082,0.07313143,0.04513766
combined_poor,frozen_q,3600,3.5,0.1382435,0.04759664,0.1070397,0.04320446,0.07785913,0.04554467
combined_poor,frozen_q,3600,4,0.1580821,0.05603018,0.122603,0.04960862,0.08855365,0.05391179
combined_poor,frozen_q,3600,4.5,0.1631366,0.05821765,0.1386166,0.05630468,0.07883324,0.03828467
combined_poor,frozen_q,3600,5,0.1740762,0.06161933,0.1549925,0.06311611,0.07017204,0.0352193
combined_poor,frozen_q,3600,5.5,0.1908035,0.0681723,0.1710596,0.06995895,0.07380313,0.03924605
combined_poor,frozen_q,3600,6,0.2030639,0.07313612,0.1871347,0.07672352,0.06764784,0.03446717
combined_poor,frozen_q,3600,6.5,0.217202,0.07768251,0.2037132,0.0836513,0.05945922,0.03594481
combined_poor,frozen_q,3600,7,0.2322179,0.08309287,0.2203042,0.0900808,0.05824555,0.02989568
combined_poor,frozen_q,3600,7.5,0.2487404,0.08911171,0.2367116,0.09628882,0.06040423,0.03123152
combined_poor,frozen_q,3600,8,0.2631719,0.09639185,0.2530674,0.1023064,0.05547723,0.03280206
combined_poor,frozen_q,3600,8.5,0.2777328,0.1027467,0.2695662,0.1082317,0.05019853,0.02991785
combined_poor,frozen_q,3600,9,0.2937422,0.109879,0.2859466,0.1143221,0.05327661,0.02780244
combined_poor,frozen_q,3600,9.5,0.3117786,0.1150227,0.3022898,0.1201625,0.06020921,0.03329695
combined_poor,frozen_q,3600,10,0.3295488,0.1196129,0.3186813,0.1259968,0.06414834,0.03893407
combined_poor,frozen_q,3600,10.5,0.3455616,0.1271914,0.335688,0.1321397,0.06580805,0.03519297
combined_poor,frozen_q,3600,11,0.3628512,0.1346684,0.3528922,0.1384023,0.07091364,0.03449961
combined_poor,frozen_q,3600,11.5,0.3805142,0.1418473,0.3699058,0.1449476,0.07741332,0.03438516
combined_poor,frozen_q,3600,12,0.3980936,0.1488743,0.3867078,0.1517026,0.0815211,0.03950079
combined_poor,frozen_q,3600,12.5,0.4148062,0.1571683,0.4031941,0.1589964,0.08326629,0.04607011
combined_poor,frozen_q,3600,13,0.4318941,0.1667498,0.4196036,0.1667172,0.08942266,0.05108498
combined_poor,frozen_q,3600,13.5,0.4488912,0.1753989,0.436009,0.1747419,0.09290912,0.05606241
combined_poor,frozen_q,3600,14,0.4661908,0.1839918,0.4525411,0.1829167,0.09710669,0.06057169
combined_poor,frozen_q,3600,14.5,0.4831901,0.192406,0.468848,0.190888,0.1032062,0.06117646
combined_poor,frozen_q,3600,15,0.4995529,0.2013008,0.4851602,0.1988525,0.1039231,0.06730513
combined_poor,frozen_q,3600,15.5,0.5158584,0.2092979,0.5012163,0.206999,0.1070286,0.06763815
combined_poor,frozen_q,3600,16,0.532558,0.2189224,0.517474,0.2159225,0.1104115,0.07172507
combined_poor,frozen_q,3600,16.5,0.5500704,0.2278878,0.5336997,0.2252635,0.1158077,0.07581361
combined_poor,frozen_q,3600,17,0.5671779,0.2382048,0.5499285,0.2352883,0.121325,0.07855012
combined_poor,frozen_q,3600,17.5,0.584294,0.2469521,0.5659401,0.2453433,0.1257844,0.07974905
combined_poor,frozen_q,3600,18,0.5994178,0.2579378,0.581801,0.255586,0.12526,0.08121787
combined_poor,frozen_q,3600,18.5,0.6159768,0.2678254,0.597447,0.2657913,0.130435,0.08273194
combined_poor,frozen_q,3600,19,0.6330873,0.277924,0.6132268,0.2762664,0.1373929,0.08428165
combined_poor,frozen_q,3600,19.5,0.6500085,0.2892852,0.6287729,0.2868707,0.1441889,0.08995223
combined_poor,frozen_q,3600,20,0.6656041,0.2981021,0.6442598,0.2978378,0.1460364,0.08448627
combined_poor,frozen_q,3600,20.5,0.6811722,0.3089127,0.6598242,0.3091987,0.1451685,0.0881727
combined_poor,frozen_q,3600,21,0.6973419,0.3173028,0.6755485,0.3202777,0.1416451,0.09207932
combined_poor,frozen_q,3600,21.5,0.7139608,0.3258671,0.691053,0.3315014,0.1454914,0.08884903
combined_poor,frozen_q,3600,22,0.7307299,0.335197,0.706421,0.342477,0.1500686,0.09019352
combined_poor,frozen_q,3600,22.5,0.7465996,0.3461816,0.7221857,0.3535086,0.1521494,0.09083817
combined_poor,frozen_q,3600,23,0.7612157,0.3583419,0.7376776,0.3642954,0.149026,0.09725295
combined_poor,frozen_q,3600,23.5,0.7772585,0.3703562,0.7531266,0.3751867,0.1530618,0.1030173
combined_poor,frozen_q,3600,24,0.7937852,0.3796957,0.7686065,0.3859219,0.1567145,0.1038771
combined_poor,frozen_q,3600,24.5,0.8081584,0.3925822,0.7840942,0.3965286,0.1572491,0.1057828
combined_poor,frozen_q,3600,25,0.8246163,0.4044708,0.7997916,0.4075112,0.160423,0.1135298
combined_poor,frozen_q,3600,25.5,0.8391011,0.420078,0.8156498,0.4179385,0.1624028,0.1219783
combined_poor,frozen_q,3600,26,0.8549439,0.4311627,0.8317172,0.4284433,0.1650068,0.1221262
combined_poor,frozen_q,3600,26.5,0.8706492,0.4446783,0.8475939,0.4395252,0.1678216,0.1288783
combined_poor,frozen_q,3600,27,0.887237,0.4585198,0.8634991,0.450686,0.1738202,0.1380766
combined_poor,frozen_q,3600,27.5,0.9039709,0.4701777,0.8794152,0.4621703,0.1790592,0.1407588
combined_poor,frozen_q,3600,28,0.9201912,0.4808549,0.8949126,0.4731015,0.1847011,0.1406579
combined_poor,frozen_q,3600,28.5,0.936822,0.4927852,0.9105448,0.4840135,0.1916077,0.1449854
combined_poor,frozen_q,3600,29,0.95444,0.5046658,0.9260603,0.4956114,0.2013104,0.1502492
combined_poor,frozen_q,3600,29.5,0.9703032,0.51547,0.9419657,0.5066282,0.2022575,0.151714
combined_poor,frozen_q,3600,30,0.987033,0.5279872,0.9579883,0.5184414,0.2074708,0.1553871
combined_poor,frozen_q,3600,30.5,1.002526,0.536728,0.97372,0.529663,0.2079826,0.148071
combined_poor,frozen_q,3600,31,1.019121,0.5461039,0.989674,0.541613,0.2124364,0.1401672
combined_poor,frozen_q,3600,31.5,1.033297,0.5546272,1.005542,0.553222,0.2018157,0.1350896
combined_poor,frozen_q,3600,32,1.046816,0.5650948,1.022138,0.5644584,0.1913582,0.1261681
combined_poor,frozen_q,3600,32.5,1.062253,0.573415,1.03881,0.5759805,0.1815988,0.1190929
combined_poor,frozen_q,3600,33,1.079723,0.5835379,1.055654,0.5880304,0.1831327,0.1163451
combined_poor,frozen_q,3600,33.5,1.095121,0.5944396,1.073747,0.5999732,0.1679261,0.1118156
combined_poor,frozen_q,3600,34,1.112298,0.6015264,1.091733,0.6110253,0.1575008,0.1004093
combined_poor,frozen_q,3600,34.5,1.12699,0.6118646,1.110468,0.6215715,0.1351828,0.08776133
combined_poor,frozen_q,3600,35,1.142648,0.6217355,1.129724,0.6311393,0.1171185,0.06849119
combined_poor,frozen_q,3600,35.5,1.158282,0.6364855,1.149743,0.6412232,0.1044051,0.05674109
combined_poor,frozen_q,3600,36,1.176595,0.6482707,1.170161,0.6511691,0.09477426,0.05169891
combined_poor,frozen_q,3600,36.5,1.19603,0.6581526,1.190304,0.6608817,0.08983765,0.04783067
combined_poor,frozen_q,3600,37,1.21562,0.6677813,1.210297,0.6703021,0.08848137,0.04449364
combined_poor,frozen_q,3600,37.5,1.23612,0.6769826,1.230576,0.6798757,0.08883157,0.04651869
combined_poor,frozen_q,3600,38,1.255835,0.6859579,1.250925,0.688589,0.08452342,0.04266507
combined_poor,frozen_q,3600,38.5,1.276381,0.6950188,1.271755,0.6971475,0.08420899,0.04451212
combined_poor,frozen_q,3600,39,1.297347,0.7041067,1.292949,0.7058872,0.08311619,0.04700201
combined_poor,frozen_q,3600,39.5,1.318785,0.7129018,1.314356,0.7145693,0.08574593,0.04645433
combined_poor,frozen_q,3600,40,1.340377,0.7212944,1.335592,0.7230951,0.08910952,0.05016843
combined_poor,frozen_q,3600,40.5,1.3619,0.7302659,1.356756,0.7319835,0.09258193,0.05645069
combined_poor,frozen_q,3600,41,1.384003,0.7394421,1.378414,0.7409969,0.09781536,0.062288
combined_poor,frozen_q,3600,41.5,1.406743,0.7475817,1.400466,0.74956,0.1040435,0.06473359
combined_poor,frozen_q,3600,42,1.429379,0.7555024,1.422328,0.758145,0.1093994,0.06759583
combined_poor,frozen_q,3600,42.5,1.451948,0.7639194,1.444066,0.767226,0.1126353,0.07492
combined_poor,frozen_q,3600,43,1.47488,0.7714424,1.466005,0.7758769,0.1171503,0.07852531
combined_poor,frozen_q,3600,43.5,1.497738,0.7793602,1.487972,0.7842463,0.1222578,0.08556566
combined_poor,frozen_q,3600,44,1.520725,0.7858766,1.510098,0.7916751,0.1269131,0.08832823
combined_poor,frozen_q,3600,44.5,1.544714,0.7929545,1.533217,0.7994424,0.1314532,0.09343974
combined_poor,frozen_q,3600,45,1.56883,0.7997365,1.556342,0.8074667,0.1355677,0.09649904
combined_poor,frozen_q,3600,45.5,1.592478,0.8072741,1.579191,0.8156079,0.1412368,0.09917974
combined_poor,frozen_q,3600,46,1.616066,0.8140284,1.601855,0.8240838,0.14367,0.0996995
combined_poor,frozen_q,3600,46.5,1.639342,0.8196175,1.623878,0.8323794,0.144637,0.1000736
combined_poor,frozen_q,3600,47,1.663891,0.8248959,1.646431,0.8406425,0.1514821,0.1022661
combined_poor,frozen_q,3600,47.5,1.686778,0.8315985,1.668472,0.8488967,0.155,0.101452
combined_poor,frozen_q,3600,48,1.709584,0.8384617,1.690693,0.8573235,0.1573163,0.0978726
combined_poor,frozen_q,3600,48.5,1.733478,0.8439419,1.713006,0.8663768,0.1564769,0.1006326
combined_poor,frozen_q,3600,49,1.757506,0.8514042,1.735979,0.8763429,0.1568416,0.1008865
combined_poor,frozen_q,3600,49.5,1.781137,0.8587623,1.758653,0.8859426,0.1567006,0.1025016
combined_poor,frozen_q,3600,50,1.805495,0.8653032,1.781392,0.8957683,0.1588089,0.1039557
combined_poor,frozen_q,3600,50.5,1.829907,0.8728736,1.804661,0.9054923,0.1632751,0.1025431
combined_poor,frozen_q,3600,51,1.852754,0.881802,1.827017,0.9154625,0.1658322,0.1012321
combined_poor,frozen_q,3600,51.5,1.876109,0.8908495,1.850403,0.924954,0.1647766,0.1016257
combined_poor,frozen_q,3600,52,1.899263,0.9004356,1.873581,0.9349566,0.1651646,0.09959463
combined_poor,frozen_q,3600,52.5,1.922381,0.9100764,1.896619,0.9450417,0.1676266,0.09552054
combined_poor,frozen_q,3600,53,1.946925,0.9172117,1.919679,0.9549957,0.1694613,0.09964376
combined_poor,frozen_q,3600,53.5,1.969775,0.926709,1.942142,0.9653171,0.1730745,0.09594077
combined_poor,frozen_q,3600,54,1.993111,0.9354523,1.964478,0.9753789,0.1780154,0.09815219
combined_poor,frozen_q,3600,54.5,2.015765,0.9456994,1.987646,0.984945,0.1773116,0.09815558
combined_poor,frozen_q,3600,55,2.039594,0.9534665,2.010633,0.9940779,0.1805794,0.100276
combined_poor,frozen_q,3600,55.5,2.062918,0.9617061,2.033222,1.003417,0.1826133,0.1047376
combined_poor,frozen_q,3600,56,2.086115,0.9711314,2.056051,1.012733,0.1885197,0.1055539
combined_poor,frozen_q,3600,56.5,2.10824,0.9811984,2.078274,1.022289,0.1909618,0.1065004
combined_poor,frozen_q,3600,57,2.128869,0.9928484,2.10032,1.031999,0.1892345,0.1006296
combined_poor,frozen_q,3600,57.5,2.150719,1.002782,2.122105,1.042034,0.1897094,0.1027186
combined_poor,frozen_q,3600,58,2.173945,1.010662,2.144083,1.051903,0.1929698,0.1071153
combined_poor,frozen_q,3600,58.5,2.193426,1.024702,2.165774,1.06251,0.1877407,0.1042779
combined_poor,frozen_q,3600,59,2.21655,1.034296,2.188082,1.073355,0.1879535,0.1117203
combined_poor,frozen_q,3600,59.5,2.238716,1.044884,2.210256,1.084175,0.1862167,0.1145631
combined_poor,frozen_q,3600,60,2.260554,1.056972,2.232559,1.095265,0.1822212,0.1226196
combined_poor,white_rescaled_q,0,0,0,0,0,0,0,0
combined_poor,white_rescaled_q,0,0.5,0.03297284,0.009266913,0.01527283,0.006350556,0.02857857,0.009204264
combined_poor,white_rescaled_q,0,1,0.0661185,0.01871416,0.03044718,0.01277522,0.0573744,0.01865097
combined_poor,white_rescaled_q,0,1.5,0.09931605,0.02766042,0.04572943,0.01925021,0.08615018,0.02763381
combined_poor,white_rescaled_q,0,2,0.1324561,0.0365639,0.06116812,0.02550432,0.1147701,0.03675003
combined_poor,white_rescaled_q,0,2.5,0.165603,0.04553615,0.07645048,0.03162043,0.1434809,0.04603126
combined_poor,white_rescaled_q,0,3,0.1987536,0.05478498,0.09166048,0.03720101,0.1723011,0.05572781
combined_poor,white_rescaled_q,0,3.5,0.2323115,0.06439301,0.1070386,0.04320523,0.201448,0.06566123
combined_poor,white_rescaled_q,0,4,0.2660377,0.07391747,0.1225997,0.04961153,0.2306713,0.07531348
combined_poor,white_rescaled_q,0,4.5,0.2996001,0.08320195,0.1386125,0.05630944,0.2594475,0.08459201
combined_poor,white_rescaled_q,0,5,0.3334923,0.09207225,0.1549861,0.06312063,0.2883454,0.09359371
combined_poor,white_rescaled_q,0,5.5,0.3676734,0.1009298,0.1710538,0.06997029,0.3177131,0.1026448
combined_poor,white_rescaled_q,0,6,0.4018739,0.109999,0.1871299,0.076733,0.3471034,0.1119466
combined_poor,white_rescaled_q,0,6.5,0.4365876,0.1188143,0.2037126,0.08365429,0.376754,0.1210879
combined_poor,white_rescaled_q,0,7,0.4717761,0.1271186,0.2203049,0.09009282,0.4070101,0.1298644
combined_poor,white_rescaled_q,0,7.5,0.5070429,0.1355246,0.2367048,0.09630498,0.4375315,0.1386675
combined_poor,white_rescaled_q,0,8,0.5424626,0.1438492,0.253058,0.1023096,0.4682952,0.1474021
combined_poor,white_rescaled_q,0,8.5,0.5779769,0.1519446,0.2695513,0.1082251,0.4991263,0.1558614
combined_poor,white_rescaled_q,0,9,0.6134375,0.1596937,0.2859497,0.114282,0.5299833,0.1637574
combined_poor,white_rescaled_q,0,9.5,0.649101,0.1672066,0.3022876,0.120085,0.5611268,0.1715312
combined_poor,white_rescaled_q,0,10,0.6848514,0.1750636,0.3186588,0.1259318,0.5923913,0.1794716
combined_poor,white_rescaled_q,0,10.5,0.7211528,0.1830219,0.33571,0.1320607,0.6238707,0.187503
combined_poor,white_rescaled_q,0,11,0.7576535,0.1908896,0.3528873,0.1383055,0.6555002,0.1954046
combined_poor,white_rescaled_q,0,11.5,0.7943072,0.1988694,0.3698974,0.1448458,0.6873376,0.2034108
combined_poor,white_rescaled_q,0,12,0.8310028,0.2069584,0.3866366,0.1516254,0.7193488,0.2114225
combined_poor,white_rescaled_q,0,12.5,0.8678397,0.2158384,0.4031271,0.1589585,0.7516064,0.2199871
combined_poor,white_rescaled_q,0,13,0.9048152,0.2245621,0.4195807,0.1666875,0.783973,0.2283585
combined_poor,white_rescaled_q,0,13.5,0.9425572,0.2337266,0.4359451,0.1747011,0.8172101,0.2371669
combined_poor,white_rescaled_q,0,14,0.9808521,0.2427304,0.4523682,0.1828446,0.8510829,0.2455998
combined_poor,white_rescaled_q,0,14.5,1.01984,0.2509898,0.468666,0.1907696,0.8859434,0.2529884
combined_poor,white_rescaled_q,0,15,1.058982,0.2588028,0.4848699,0.1987629,0.9210265,0.2598631
combined_poor,white_rescaled_q,0,15.5,1.098291,0.2663861,0.5009732,0.2068681,0.9563177,0.2665269
combined_poor,white_rescaled_q,0,16,1.137845,0.2740051,0.5172768,0.215792,0.9917066,0.2728428
combined_poor,white_rescaled_q,0,16.5,1.177691,0.2811027,0.5334504,0.2251254,1.027442,0.2784758
combined_poor,white_rescaled_q,0,17,1.217732,0.2882438,0.5497049,0.2350863,1.063234,0.2840609
combined_poor,white_rescaled_q,0,17.5,1.257621,0.2953801,0.5658111,0.2450334,1.098957,0.2894799
combined_poor,white_rescaled_q,0,18,1.297936,0.3027884,0.581647,0.2552466,1.135267,0.2950407
combined_poor,white_rescaled_q,0,18.5,1.338684,0.3101973,0.5973622,0.2654186,1.17215,0.3004995
combined_poor,white_rescaled_q,0,19,1.379621,0.317791,0.6130457,0.2758474,1.209236,0.3059609
combined_poor,white_rescaled_q,0,19.5,1.4206,0.3254457,0.6288035,0.2864207,1.246309,0.3113791
combined_poor,white_rescaled_q,0,20,1.461788,0.3333613,0.6443971,0.2971993,1.283697,0.3168269
combined_poor,white_rescaled_q,0,20.5,1.503213,0.3415253,0.6600861,0.3084258,1.321312,0.3220147
combined_poor,white_rescaled_q,0,21,1.544434,0.350025,0.6756884,0.3194527,1.358771,0.327523
combined_poor,white_rescaled_q,0,21.5,1.58575,0.3590202,0.6912452,0.3304597,1.396381,0.3334237
combined_poor,white_rescaled_q,0,22,1.627251,0.3683266,0.7065189,0.3415513,1.434314,0.3396236
combined_poor,white_rescaled_q,0,22.5,1.669093,0.3777595,0.7220954,0.3527257,1.472412,0.3461418
combined_poor,white_rescaled_q,0,23,1.711608,0.387241,0.7376379,0.363674,1.511305,0.3528259
combined_poor,white_rescaled_q,0,23.5,1.754227,0.397016,0.7530313,0.3745688,1.550393,0.3598122
combined_poor,white_rescaled_q,0,24,1.797451,0.4068341,0.7686526,0.3852584,1.589976,0.367371
combined_poor,white_rescaled_q,0,24.5,1.841125,0.4166906,0.7841117,0.3961021,1.630044,0.3752363
combined_poor,white_rescaled_q,0,25,1.885204,0.4263672,0.7998566,0.4071555,1.670346,0.3830352
combined_poor,white_rescaled_q,0,25.5,1.929168,0.4359658,0.8156398,0.4177795,1.71057,0.3908475
combined_poor,white_rescaled_q,0,26,1.973233,0.4453413,0.8314717,0.428371,1.750837,0.3986277
combined_poor,white_rescaled_q,0,26.5,2.017482,0.4547253,0.8473736,0.439519,1.791113,0.4065579
combined_poor,white_rescaled_q,0,27,2.0616,0.4642525,0.8632723,0.4509201,1.831157,0.4147441
combined_poor,white_rescaled_q,0,27.5,2.105713,0.4735762,0.8789979,0.4622618,1.871209,0.4230551
combined_poor,white_rescaled_q,0,28,2.149862,0.4831064,0.8946661,0.4732302,1.911369,0.4317925
combined_poor,white_rescaled_q,0,28.5,2.194313,0.4925446,0.9104432,0.4843669,1.951766,0.4404604
combined_poor,white_rescaled_q,0,29,2.23865,0.5018861,0.9260928,0.4958601,1.991967,0.4491936
combined_poor,white_rescaled_q,0,29.5,2.283141,0.5115685,0.9417346,0.5072903,2.032377,0.4582017
combined_poor,white_rescaled_q,0,30,2.327844,0.5214308,0.95751,0.5190224,2.072951,0.4671175
combined_poor,white_rescaled_q,0,30.5,2.373361,0.5310563,0.9734778,0.5307088,2.114319,0.4759332
combined_poor,white_rescaled_q,0,31,2.419529,0.5402645,0.9897228,0.5426033,2.156238,0.4842827
combined_poor,white_rescaled_q,0,31.5,2.465895,0.5488968,1.006217,0.5542356,2.19829,0.4921437
combined_poor,white_rescaled_q,0,32,2.512783,0.5574552,1.022986,0.5653278,2.240903,0.5000352
combined_poor,white_rescaled_q,0,32.5,2.559915,0.5658025,1.039737,0.57654,2.283751,0.5077713
combined_poor,white_rescaled_q,0,33,2.607464,0.5735723,1.057106,0.5876536,2.326703,0.5153565
combined_poor,white_rescaled_q,0,33.5,2.655367,0.5809875,1.07542,0.5987735,2.369599,0.5226554
combined_poor,white_rescaled_q,0,34,2.703424,0.5882037,1.094073,0.6095735,2.412568,0.5298481
combined_poor,white_rescaled_q,0,34.5,2.751472,0.5953072,1.11304,0.6203163,2.455407,0.5368906
combined_poor,white_rescaled_q,0,35,2.799713,0.6023231,1.132498,0.6310003,2.49825,0.5438534
combined_poor,white_rescaled_q,0,35.5,2.848448,0.6091923,1.152371,0.6417012,2.541462,0.5506322
combined_poor,white_rescaled_q,0,36,2.897338,0.6156243,1.172737,0.65243,2.584562,0.5572071
combined_poor,white_rescaled_q,0,36.5,2.946411,0.6219521,1.192824,0.6626217,2.62807,0.5639405
combined_poor,white_rescaled_q,0,37,2.995609,0.6279463,1.212872,0.6727638,2.671753,0.5702889
combined_poor,white_rescaled_q,0,37.5,3.044993,0.6337083,1.232934,0.6826992,2.715669,0.5764951
combined_poor,white_rescaled_q,0,38,3.094501,0.6393739,1.253267,0.6922401,2.759662,0.582775
combined_poor,white_rescaled_q,0,38.5,3.144308,0.6451711,1.274035,0.7017238,2.803713,0.5896804
combined_poor,white_rescaled_q,0,39,3.194216,0.6509939,1.294999,0.7111787,2.847747,0.5968798
combined_poor,white_rescaled_q,0,39.5,3.244322,0.657356,1.316289,0.7207071,2.891857,0.6045793
combined_poor,white_rescaled_q,0,40,3.294566,0.6641081,1.337528,0.7298063,2.936285,0.6125162
combined_poor,white_rescaled_q,0,40.5,3.344664,0.6714969,1.358954,0.739121,2.98047,0.6208637
combined_poor,white_rescaled_q,0,41,3.395145,0.679065,1.38075,0.7483721,3.024886,0.6296322
combined_poor,white_rescaled_q,0,41.5,3.445664,0.6866814,1.402744,0.7574036,3.069306,0.6384618
combined_poor,white_rescaled_q,0,42,3.496696,0.6947433,1.424924,0.7662637,3.114239,0.6478456
combined_poor,white_rescaled_q,0,42.5,3.547715,0.7029928,1.44706,0.7754304,3.159065,0.6576416
combined_poor,white_rescaled_q,0,43,3.598238,0.7114865,1.469225,0.7842066,3.203386,0.6678195
combined_poor,white_rescaled_q,0,43.5,3.648664,0.7198522,1.491485,0.7925592,3.247597,0.6781359
combined_poor,white_rescaled_q,0,44,3.699676,0.7287106,1.513912,0.800595,3.292474,0.6889007
combined_poor,white_rescaled_q,0,44.5,3.750925,0.73819,1.536998,0.8088605,3.337293,0.7001407
combined_poor,white_rescaled_q,0,45,3.802291,0.7478287,1.560381,0.8172346,3.382092,0.7114738
combined_poor,white_rescaled_q,0,45.5,3.853757,0.7574359,1.583435,0.825634,3.427122,0.7228918
combined_poor,white_rescaled_q,0,46,3.905132,0.767195,1.606358,0.8340183,3.472075,0.7346457
combined_poor,white_rescaled_q,0,46.5,3.95665,0.777127,1.629199,0.8426152,3.517132,0.7467841
combined_poor,white_rescaled_q,0,47,4.008271,0.7873244,1.651846,0.8509556,3.562425,0.7593218
combined_poor,white_rescaled_q,0,47.5,4.060314,0.7981063,1.674535,0.859586,3.608135,0.772302
combined_poor,white_rescaled_q,0,48,4.112379,0.8094551,1.696928,0.8684812,3.653983,0.7856674
combined_poor,white_rescaled_q,0,48.5,4.164878,0.8211017,1.71959,0.8780883,3.700027,0.7993599
combined_poor,white_rescaled_q,0,49,4.217558,0.8330701,1.742423,0.8877223,3.746199,0.8133145
combined_poor,white_rescaled_q,0,49.5,4.269613,0.8457443,1.765343,0.8972685,3.791739,0.8275235
combined_poor,white_rescaled_q,0,50,4.321113,0.8590339,1.788112,0.9072983,3.836674,0.8420631
combined_poor,white_rescaled_q,0,50.5,4.372879,0.8731063,1.810891,0.9173929,3.881865,0.8575005
combined_poor,white_rescaled_q,0,51,4.424531,0.8875926,1.83389,0.927711,3.926775,0.87333
combined_poor,white_rescaled_q,0,51.5,4.475891,0.9020506,1.856975,0.9380593,3.971321,0.8890598
combined_poor,white_rescaled_q,0,52,4.527644,0.9168438,1.880126,0.9484142,4.016305,0.9049809
combined_poor,white_rescaled_q,0,52.5,4.580042,0.9313741,1.903336,0.9589377,4.06193,0.9207122
combined_poor,white_rescaled_q,0,53,4.632335,0.9457321,1.926269,0.9693379,4.107576,0.9363363
combined_poor,white_rescaled_q,0,53.5,4.684399,0.9596605,1.949026,0.9797957,4.153035,0.9515052
combined_poor,white_rescaled_q,0,54,4.736065,0.9735429,1.971726,0.9899117,4.198207,0.9663471
combined_poor,white_rescaled_q,0,54.5,4.787705,0.9872356,1.994508,0.9996228,4.243414,0.9809292
combined_poor,white_rescaled_q,0,55,4.839009,1.00097,2.01723,1.008934,4.288349,0.995593
combined_poor,white_rescaled_q,0,55.5,4.890076,1.014648,2.039755,1.018553,4.333019,1.010285
combined_poor,white_rescaled_q,0,56,4.941302,1.028721,2.062352,1.028031,4.377913,1.025153
combined_poor,white_rescaled_q,0,56.5,4.99232,1.043124,2.084662,1.037455,4.422714,1.040368
combined_poor,white_rescaled_q,0,57,5.043169,1.05792,2.10696,1.046973,4.467313,1.05595
combined_poor,white_rescaled_q,0,57.5,5.09426,1.072941,2.128975,1.056781,4.512298,1.071548
combined_poor,white_rescaled_q,0,58,5.144893,1.088366,2.15084,1.066537,4.55693,1.087194
combined_poor,white_rescaled_q,0,58.5,5.195407,1.104218,2.17268,1.076848,4.601349,1.103109
combined_poor,white_rescaled_q,0,59,5.246278,1.120124,2.194924,1.087516,4.645931,1.118958
combined_poor,white_rescaled_q,0,59.5,5.297319,1.136004,2.217479,1.09828,4.690534,1.134778
combined_poor,white_rescaled_q,0,60,5.348481,1.151722,2.240008,1.109628,4.735199,1.150255
combined_poor,white_rescaled_q,180,0,0,0,0,0,0,0
combined_poor,white_rescaled_q,180,0.5,0.03233502,0.0089875,0.01527283,0.006350556,0.02784599,0.008904089
combined_poor,white_rescaled_q,180,1,0.06382766,0.01647744,0.03044718,0.01277522,0.05498949,0.01542316
combined_poor,white_rescaled_q,180,1.5,0.0928051,0.0269489,0.04572941,0.0192502,0.07886783,0.02594251
combined_poor,white_rescaled_q,180,2,0.1171019,0.03738137,0.06116815,0.02550432,0.09684363,0.0370231
combined_poor,white_rescaled_q,180,2.5,0.1418402,0.04256208,0.07645055,0.03162056,0.1151775,0.04327624
combined_poor,white_rescaled_q,180,3,0.1591302,0.04823468,0.09166053,0.03720094,0.125295,0.04721144
combined_poor,white_rescaled_q,180,3.5,0.1728553,0.05804102,0.1070387,0.04320523,0.1289534,0.05821595
combined_poor,white_rescaled_q,180,4,0.1901236,0.06855025,0.1225995,0.04961122,0.1376858,0.06715984
combined_poor,white_rescaled_q,180,4.5,0.2104197,0.07659276,0.138613,0.0563084,0.1494855,0.07453711
combined_poor,white_rescaled_q,180,5,0.2274816,0.08210187,0.1549861,0.06312026,0.1549421,0.08168521
combined_poor,white_rescaled_q,180,5.5,0.2441649,0.09336288,0.1710542,0.06996976,0.1624278,0.08946609
combined_poor,white_rescaled_q,180,6,0.2538183,0.08777137,0.1871302,0.0767327,0.1597047,0.07695198
combined_poor,white_rescaled_q,180,6.5,0.2705016,0.09001689,0.2037136,0.08365363,0.1650884,0.07586407
combined_poor,white_rescaled_q,180,7,0.2878128,0.09772857,0.2203048,0.09009143,0.1698185,0.08476816
combined_poor,white_rescaled_q,180,7.5,0.310127,0.1074141,0.236703,0.0963034,0.1821299,0.09803031
combined_poor,white_rescaled_q,180,8,0.3099706,0.1051488,0.2530567,0.1023063,0.1638224,0.07791052
combined_poor,white_rescaled_q,180,8.5,0.3278239,0.1085914,0.269546,0.1082229,0.1731392,0.07190744
combined_poor,white_rescaled_q,180,9,0.3337302,0.1083805,0.2859423,0.1142876,0.1555344,0.0662715
combined_poor,white_rescaled_q,180,9.5,0.3513692,0.1123085,0.3022792,0.1200899,0.1637964,0.06104653
combined_poor,white_rescaled_q,180,10,0.359622,0.1209236,0.3186485,0.1259356,0.1521955,0.0602825
combined_poor,white_rescaled_q,180,10.5,0.3730516,0.1312711,0.3357049,0.13206,0.1516393,0.05874007
combined_poor,white_rescaled_q,180,11,0.3885533,0.1312473,0.352874,0.138312,0.145528,0.06040238
combined_poor,white_rescaled_q,180,11.5,0.4072553,0.1368202,0.3698779,0.1448516,0.1506525,0.06650639
combined_poor,white_rescaled_q,180,12,0.4198445,0.1460566,0.3866162,0.1516353,0.144269,0.06810276
combined_poor,white_rescaled_q,180,12.5,0.434995,0.1513021,0.4031072,0.1589628,0.1436358,0.06354466
combined_poor,white_rescaled_q,180,13,0.4550712,0.1579019,0.419552,0.1666924,0.14985,0.07880845
combined_poor,white_rescaled_q,180,13.5,0.4744835,0.1652262,0.4359166,0.1747095,0.1606226,0.08110494
combined_poor,white_rescaled_q,180,14,0.4816257,0.1750423,0.452346,0.1828565,0.1406271,0.07191793
combined_poor,white_rescaled_q,180,14.5,0.4980373,0.1826939,0.4686612,0.190786,0.143654,0.07174677
combined_poor,white_rescaled_q,180,15,0.5162462,0.1889617,0.4848821,0.1987602,0.147007,0.08065066
combined_poor,white_rescaled_q,180,15.5,0.5352916,0.196378,0.5009766,0.2068524,0.1580318,0.0831811
combined_poor,white_rescaled_q,180,16,0.5528118,0.2037552,0.517281,0.2157774,0.1626343,0.08447902
combined_poor,white_rescaled_q,180,16.5,0.5709435,0.2122384,0.5334577,0.2251053,0.1686303,0.08954431
combined_poor,white_rescaled_q,180,17,0.5879761,0.2221759,0.549717,0.2351157,0.1713086,0.09491853
combined_poor,white_rescaled_q,180,17.5,0.6080398,0.2290678,0.5658137,0.2450761,0.1826583,0.09729145
combined_poor,white_rescaled_q,180,18,0.6182289,0.2416316,0.5816702,0.2552336,0.1731778,0.08859025
combined_poor,white_rescaled_q,180,18.5,0.6380569,0.2494859,0.5973981,0.2654039,0.1847237,0.09360117
combined_poor,white_rescaled_q,180,19,0.656097,0.2676294,0.613056,0.2758313,0.1983996,0.1077458
combined_poor,white_rescaled_q,180,19.5,0.6739534,0.2774198,0.628797,0.2864059,0.2013303,0.1191207
combined_poor,white_rescaled_q,180,20,0.6925805,0.279096,0.6444285,0.2971857,0.2034401,0.1173757
combined_poor,white_rescaled_q,180,20.5,0.7102501,0.2906479,0.6600853,0.3084271,0.2099221,0.1237859
combined_poor,white_rescaled_q,180,21,0.7199486,0.3025957,0.6756316,0.3194179,0.2003207,0.1113508
combined_poor,white_rescaled_q,180,21.5,0.7367211,0.3122828,0.6911739,0.3304135,0.2042723,0.1135068
combined_poor,white_rescaled_q,180,22,0.7486751,0.330544,0.7064323,0.3414323,0.2066484,0.1115132
combined_poor,white_rescaled_q,180,22.5,0.7677796,0.341677,0.7220272,0.3525503,0.2190953,0.1169273
combined_poor,white_rescaled_q,180,23,0.7736673,0.3537455,0.7375308,0.3635346,0.1987002,0.09435151
combined_poor,white_rescaled_q,180,23.5,0.7911773,0.3633317,0.7529117,0.3743835,0.206851,0.09488321
combined_poor,white_rescaled_q,180,24,0.8085183,0.3684943,0.7685978,0.3850636,0.2051681,0.09735284
combined_poor,white_rescaled_q,180,24.5,0.8286196,0.3735005,0.7840143,0.3958917,0.2123807,0.1049316
combined_poor,white_rescaled_q,180,25,0.8407101,0.3914404,0.7997125,0.4069216,0.2083503,0.1128664
combined_poor,white_rescaled_q,180,25.5,0.8597262,0.4001928,0.8154983,0.4175278,0.2179206,0.1175886
combined_poor,white_rescaled_q,180,26,0.878752,0.4058064,0.8313716,0.4280703,0.2244876,0.1169557
combined_poor,white_rescaled_q,180,26.5,0.8938066,0.4208107,0.8472773,0.4391888,0.2293093,0.1188268
combined_poor,white_rescaled_q,180,27,0.9119465,0.4330636,0.8632865,0.4505601,0.2299327,0.1407739
combined_poor,white_rescaled_q,180,27.5,0.9328837,0.4409194,0.879013,0.4618968,0.2437142,0.1458905
combined_poor,white_rescaled_q,180,28,0.9466631,0.4533591,0.8946755,0.4728683,0.2419267,0.1452109
combined_poor,white_rescaled_q,180,28.5,0.9723852,0.4553938,0.9104383,0.4840531,0.2651319,0.1478349
combined_poor,white_rescaled_q,180,29,0.9886215,0.4707745,0.9259681,0.4956153,0.2726624,0.1549367
combined_poor,white_rescaled_q,180,29.5,0.9999729,0.4846038,0.9416371,0.5070261,0.2691201,0.1440642
combined_poor,white_rescaled_q,180,30,1.015463,0.4841953,0.9573951,0.5187031,0.2573926,0.1274494
combined_poor,white_rescaled_q,180,30.5,1.025572,0.5024899,0.9733565,0.5303659,0.251958,0.1193851
combined_poor,white_rescaled_q,180,31,1.051434,0.5093145,0.9896332,0.5423041,0.2747285,0.1365206
combined_poor,white_rescaled_q,180,31.5,1.074737,0.5187007,1.006184,0.5540374,0.3023477,0.1266066
combined_poor,white_rescaled_q,180,32,1.077707,0.5368249,1.022963,0.5649777,0.2682789,0.1194597
combined_poor,white_rescaled_q,180,32.5,1.089357,0.5619405,1.039668,0.5762256,0.2632382,0.1488513
combined_poor,white_rescaled_q,180,33,1.105816,0.5731466,1.056841,0.5874069,0.2610034,0.1524224
combined_poor,white_rescaled_q,180,33.5,1.117717,0.5813259,1.075184,0.5985707,0.2471134,0.116416
combined_poor,white_rescaled_q,180,34,1.131711,0.5961333,1.093811,0.6094112,0.2409195,0.1080837
combined_poor,white_rescaled_q,180,34.5,1.152394,0.6044646,1.112849,0.6201425,0.2467667,0.1048672
combined_poor,white_rescaled_q,180,35,1.161551,0.6133962,1.132474,0.6305963,0.2046389,0.06882635
combined_poor,white_rescaled_q,180,35.5,1.177023,0.6299112,1.1524,0.641253,0.2003948,0.06073339
combined_poor,white_rescaled_q,180,36,1.192373,0.6446502,1.172757,0.6519279,0.1822719,0.06655623
combined_poor,white_rescaled_q,180,36.5,1.21448,0.6531533,1.19284,0.6621714,0.1922452,0.06379281
combined_poor,white_rescaled_q,180,37,1.228904,0.6622976,1.212703,0.6719321,0.1587471,0.04751321
combined_poor,white_rescaled_q,180,37.5,1.245467,0.6760986,1.232785,0.6817992,0.1462616,0.05313368
combined_poor,white_rescaled_q,180,38,1.263349,0.6874075,1.253111,0.6913152,0.1338686,0.05355372
combined_poor,white_rescaled_q,180,38.5,1.282269,0.6969398,1.27406,0.7006482,0.1177811,0.04800828
combined_poor,white_rescaled_q,180,39,1.303289,0.7048706,1.295152,0.7099705,0.1101583,0.04761138
combined_poor,white_rescaled_q,180,39.5,1.324323,0.7151267,1.316377,0.7194885,0.11179,0.05170383
combined_poor,white_rescaled_q,180,40,1.347103,0.7229474,1.337617,0.7285556,0.1207712,0.05756174
combined_poor,white_rescaled_q,180,40.5,1.369358,0.7307931,1.359017,0.7378538,0.1231728,0.0579592
combined_poor,white_rescaled_q,180,41,1.390698,0.7411325,1.380816,0.7470335,0.1242851,0.06154836
combined_poor,white_rescaled_q,180,41.5,1.413761,0.7496429,1.402719,0.7560962,0.1344052,0.06326679
combined_poor,white_rescaled_q,180,42,1.435844,0.7584408,1.424925,0.7649073,0.130773,0.07090705
combined_poor,white_rescaled_q,180,42.5,1.46216,0.7621253,1.44696,0.7740026,0.1490638,0.07009086
combined_poor,white_rescaled_q,180,43,1.484944,0.7700169,1.469219,0.7826296,0.1484104,0.07832061
combined_poor,white_rescaled_q,180,43.5,1.505363,0.7817236,1.491344,0.7909221,0.1474726,0.08285934
combined_poor,white_rescaled_q,180,44,1.529515,0.7882952,1.513726,0.7989484,0.1576203,0.08670387
combined_poor,white_rescaled_q,180,44.5,1.55437,0.7954942,1.536684,0.807163,0.1672614,0.09694067
combined_poor,white_rescaled_q,180,45,1.578136,0.8022011,1.559985,0.815415,0.1701722,0.0900147
combined_poor,white_rescaled_q,180,45.5,1.602064,0.8068463,1.583072,0.8239568,0.1648396,0.08467064
combined_poor,white_rescaled_q,180,46,1.623853,0.8142913,1.605918,0.8325033,0.1571439,0.07064939
combined_poor,white_rescaled_q,180,46.5,1.6491,0.8197807,1.628653,0.84109,0.1634235,0.08392688
combined_poor,white_rescaled_q,180,47,1.672856,0.8283747,1.651427,0.8492779,0.1712535,0.09510878
combined_poor,white_rescaled_q,180,47.5,1.69665,0.8352959,1.674054,0.8580484,0.1753489,0.09633087
combined_poor,white_rescaled_q,180,48,1.72058,0.8402187,1.6963,0.8668412,0.1841956,0.07854351
combined_poor,white_rescaled_q,180,48.5,1.746102,0.8460135,1.718872,0.876488,0.1944398,0.08385096
combined_poor,white_rescaled_q,180,49,1.773075,0.8487239,1.74158,0.8859847,0.2003564,0.09813569
combined_poor,white_rescaled_q,180,49.5,1.795778,0.8581218,1.764551,0.8955441,0.2003104,0.09574697
combined_poor,white_rescaled_q,180,50,1.820115,0.8672177,1.787479,0.9054505,0.2065589,0.106051
combined_poor,white_rescaled_q,180,50.5,1.845351,0.8743276,1.810277,0.9155399,0.2161154,0.1097113
combined_poor,white_rescaled_q,180,51,1.864347,0.8895745,1.833021,0.9258755,0.2015895,0.1150639
combined_poor,white_rescaled_q,180,51.5,1.889928,0.8974859,1.8561,0.9362912,0.2122948,0.121607
combined_poor,white_rescaled_q,180,52,1.916572,0.8984956,1.879172,0.946672,0.2123548,0.1143291
combined_poor,white_rescaled_q,180,52.5,1.942031,0.9060822,1.902365,0.9571885,0.2203956,0.1190092
combined_poor,white_rescaled_q,180,53,1.964338,0.9147823,1.925463,0.9670557,0.2121512,0.1158737
combined_poor,white_rescaled_q,180,53.5,1.989324,0.9221249,1.948242,0.9773847,0.2203362,0.1191849
combined_poor,white_rescaled_q,180,54,2.015876,0.9248757,1.97102,0.9874573,0.215407,0.1404571
combined_poor,white_rescaled_q,180,54.5,2.04098,0.9309891,1.993875,0.9972078,0.2223971,0.1425513
combined_poor,white_rescaled_q,180,55,2.057014,0.9518567,2.016487,1.006698,0.2204627,0.1233152
combined_poor,white_rescaled_q,180,55.5,2.08013,0.9609408,2.038945,1.016231,0.2247904,0.1267394
combined_poor,white_rescaled_q,180,56,2.102776,0.9724607,2.061274,1.025585,0.2378112,0.1274126
combined_poor,white_rescaled_q,180,56.5,2.124304,0.9828438,2.08358,1.035025,0.2362889,0.1277298
combined_poor,white_rescaled_q,180,57,2.141388,0.9982817,2.106016,1.044601,0.2231391,0.1054065
combined_poor,white_rescaled_q,180,57.5,2.163745,1.006863,2.128016,1.054489,0.2168344,0.1172454
combined_poor,white_rescaled_q,180,58,2.186385,1.015037,2.149833,1.064254,0.2181798,0.1199879
combined_poor,white_rescaled_q,180,58.5,2.196312,1.045134,2.17161,1.074649,0.1930369,0.1085489
combined_poor,white_rescaled_q,180,59,2.222633,1.049952,2.193898,1.085199,0.2045147,0.1195938
combined_poor,white_rescaled_q,180,59.5,2.244307,1.061392,2.216381,1.095903,0.2026743,0.1159117
combined_poor,white_rescaled_q,180,60,2.261794,1.081352,2.238898,1.107203,0.1947226,0.1094653
combined_poor,white_rescaled_q,360,0,0,0,0,0,0,0
combined_poor,white_rescaled_q,360,0.5,0.032771,0.009592241,0.01527283,0.006350556,0.02835131,0.009513398
combined_poor,white_rescaled_q,360,1,0.06388028,0.01919117,0.03044718,0.01277522,0.05471513,0.01932422
combined_poor,white_rescaled_q,360,1.5,0.09148106,0.0252251,0.04572942,0.01925018,0.07671866,0.02604252
combined_poor,white_rescaled_q,360,2,0.1177242,0.0306105,0.06116816,0.02550437,0.09659168,0.03339877
combined_poor,white_rescaled_q,360,2.5,0.137871,0.03660948,0.07645046,0.03162063,0.1088572,0.04151377
combined_poor,white_rescaled_q,360,3,0.146838,0.05122181,0.09166049,0.03720124,0.1073512,0.05441777
combined_poor,white_rescaled_q,360,3.5,0.1646262,0.05559212,0.1070384,0.04320539,0.1170419,0.05720085
combined_poor,white_rescaled_q,360,4,0.1800898,0.06609876,0.1225993,0.04961161,0.1224255,0.06669706
combined_poor,white_rescaled_q,360,4.5,0.1929006,0.07074708,0.1386144,0.05630863,0.1264097,0.06291225
combined_poor,white_rescaled_q,360,5,0.2006116,0.07525277,0.1549884,0.06311899,0.1203096,0.05933149
combined_poor,white_rescaled_q,360,5.5,0.2149781,0.08248964,0.1710533,0.06996641,0.1196633,0.06844762
combined_poor,white_rescaled_q,360,6,0.2342271,0.0814701,0.1871296,0.07672979,0.1289631,0.06428363
combined_poor,white_rescaled_q,360,6.5,0.2527586,0.08769664,0.2037126,0.08365033,0.1359549,0.06930477
combined_poor,white_rescaled_q,360,7,0.2720624,0.09444722,0.2203058,0.0900894,0.1437902,0.07658264
combined_poor,white_rescaled_q,360,7.5,0.2853755,0.09786731,0.2367033,0.09630107,0.1411856,0.07790873
combined_poor,white_rescaled_q,360,8,0.2945376,0.09759552,0.2530542,0.1023049,0.1345943,0.0624588
combined_poor,white_rescaled_q,360,8.5,0.3102216,0.09704751,0.2695451,0.1082227,0.129723,0.06940008
combined_poor,white_rescaled_q,360,9,0.3222436,0.0995138,0.2859386,0.1142841,0.1170215,0.07529627
combined_poor,white_rescaled_q,360,9.5,0.3336287,0.1073834,0.3022742,0.1200958,0.114087,0.06629553
combined_poor,white_rescaled_q,360,10,0.3474259,0.1140945,0.3186446,0.1259377,0.1160379,0.05624179
combined_poor,white_rescaled_q,360,10.5,0.3627155,0.1206489,0.3356775,0.132073,0.1143678,0.05675836
combined_poor,white_rescaled_q,360,11,0.3786021,0.1272601,0.3528566,0.1383151,0.1137056,0.05724994
combined_poor,white_rescaled_q,360,11.5,0.3926914,0.1353447,0.3698793,0.1448471,0.110552,0.05276294
combined_poor,white_rescaled_q,360,12,0.4092485,0.1437955,0.3866264,0.1516338,0.111057,0.06044453
combined_poor,white_rescaled_q,360,12.5,0.4241248,0.1524746,0.4031442,0.1589539,0.1107976,0.05770691
combined_poor,white_rescaled_q,360,13,0.4417053,0.1605396,0.419592,0.1666849,0.1176267,0.0589359
combined_poor,white_rescaled_q,360,13.5,0.4589368,0.1702193,0.4359517,0.1747078,0.1246462,0.06122992
combined_poor,white_rescaled_q,360,14,0.4748156,0.1779314,0.4523699,0.1828436,0.1265465,0.05724976
combined_poor,white_rescaled_q,360,14.5,0.4930869,0.1814464,0.4686821,0.1907809,0.1303188,0.05792933
combined_poor,white_rescaled_q,360,15,0.511997,0.1884468,0.4848793,0.1987645,0.1375319,0.06745428
combined_poor,white_rescaled_q,360,15.5,0.5290141,0.1958611,0.5009891,0.2068605,0.1372945,0.07818883
combined_poor,white_rescaled_q,360,16,0.5455233,0.202144,0.5172835,0.2157999,0.1403845,0.07169875
combined_poor,white_rescaled_q,360,16.5,0.5621428,0.2129913,0.533445,0.2251401,0.1464376,0.07211363
combined_poor,white_rescaled_q,360,17,0.5823191,0.2219907,0.5497223,0.2350827,0.1495933,0.09645248
combined_poor,white_rescaled_q,360,17.5,0.5990013,0.2370619,0.5658311,0.2450395,0.1605881,0.09838481
combined_poor,white_rescaled_q,360,18,0.6071179,0.2481697,0.5816791,0.2552252,0.1426705,0.0827969
combined_poor,white_rescaled_q,360,18.5,0.6263624,0.2672288,0.5973676,0.2653734,0.1624431,0.1027661
combined_poor,white_rescaled_q,360,19,0.6465811,0.2768319,0.6130633,0.2757908,0.1755192,0.1122028
combined_poor,white_rescaled_q,360,19.5,0.6656844,0.278851,0.6288118,0.2863573,0.1809758,0.1073546
combined_poor,white_rescaled_q,360,20,0.6823505,0.2818394,0.644427,0.2971665,0.1772274,0.1050098
combined_poor,white_rescaled_q,360,20.5,0.7039488,0.2970024,0.6600656,0.3083534,0.2004278,0.1176891
combined_poor,white_rescaled_q,360,21,0.7180552,0.3009671,0.6757429,0.3193753,0.1915317,0.1097463
combined_poor,white_rescaled_q,360,21.5,0.7389869,0.3035683,0.6913003,0.3304092,0.2031129,0.1065487
combined_poor,white_rescaled_q,360,22,0.7519924,0.3248403,0.7065725,0.3414915,0.2068284,0.1166618
combined_poor,white_rescaled_q,360,22.5,0.7685193,0.3375081,0.7221435,0.3526791,0.2118062,0.1227812
combined_poor,white_rescaled_q,360,23,0.7828254,0.3500702,0.737691,0.3636319,0.214699,0.1184852
combined_poor,white_rescaled_q,360,23.5,0.7898158,0.364294,0.7530402,0.3745071,0.1984291,0.1036045
combined_poor,white_rescaled_q,360,24,0.8052833,0.3763654,0.7686835,0.3851877,0.1992097,0.1102133
combined_poor,white_rescaled_q,360,24.5,0.8120523,0.3897816,0.7841427,0.3960067,0.1744396,0.09985764
combined_poor,white_rescaled_q,360,25,0.8308727,0.3961162,0.7998576,0.4070282,0.1751619,0.1103582
combined_poor,white_rescaled_q,360,25.5,0.8485913,0.4051106,0.8156303,0.417592,0.177757,0.119216
combined_poor,white_rescaled_q,360,26,0.8631947,0.416381,0.8315333,0.4281682,0.1806771,0.1102921
combined_poor,white_rescaled_q,360,26.5,0.8763127,0.4325008,0.8474858,0.4392742,0.183027,0.1055473
combined_poor,white_rescaled_q,360,27,0.8936974,0.4432469,0.8633496,0.4506568,0.1891116,0.108902
combined_poor,white_rescaled_q,360,27.5,0.9087738,0.4631684,0.8791896,0.4620177,0.1987889,0.1230736
combined_poor,white_rescaled_q,360,28,0.9249766,0.4739277,0.8948432,0.4729521,0.2030628,0.12346
combined_poor,white_rescaled_q,360,28.5,0.9375586,0.4905468,0.9105529,0.4840053,0.2054261,0.1203759
combined_poor,white_rescaled_q,360,29,0.9533124,0.5013922,0.926146,0.4954295,0.2064647,0.1217285
combined_poor,white_rescaled_q,360,29.5,0.9737883,0.510955,0.9417102,0.5068619,0.2249674,0.1247859
combined_poor,white_rescaled_q,360,30,0.9872742,0.5157492,0.9576466,0.5186035,0.2003027,0.1243828
combined_poor,white_rescaled_q,360,30.5,1.001264,0.5265772,0.9735928,0.5303026,0.1910058,0.1232191
combined_poor,white_rescaled_q,360,31,1.027995,0.5277968,0.9897739,0.5421668,0.2266038,0.1084097
combined_poor,white_rescaled_q,360,31.5,1.046,0.5446074,1.006222,0.5539218,0.2370883,0.1285647
combined_poor,white_rescaled_q,360,32,1.054827,0.5540777,1.022968,0.5650463,0.2013032,0.1214472
combined_poor,white_rescaled_q,360,32.5,1.071724,0.5585868,1.039699,0.5763682,0.1982568,0.09808493
combined_poor,white_rescaled_q,360,33,1.088565,0.569303,1.057054,0.5875293,0.1988266,0.09205292
combined_poor,white_rescaled_q,360,33.5,1.109874,0.5810628,1.075293,0.5988362,0.2160232,0.09721513
combined_poor,white_rescaled_q,360,34,1.12397,0.5968121,1.093908,0.6096396,0.2015532,0.1092971
combined_poor,white_rescaled_q,360,34.5,1.136278,0.601436,1.112905,0.6200843,0.1626418,0.06864657
combined_poor,white_rescaled_q,360,35,1.152637,0.6153839,1.132363,0.630685,0.1548891,0.06665409
combined_poor,white_rescaled_q,360,35.5,1.164558,0.6316999,1.152105,0.6413819,0.1218334,0.04917241
combined_poor,white_rescaled_q,360,36,1.18212,0.6455261,1.172427,0.6520536,0.1104943,0.05196646
combined_poor,white_rescaled_q,360,36.5,1.200085,0.6568992,1.192627,0.6620062,0.0975689,0.04504192
combined_poor,white_rescaled_q,360,37,1.220001,0.6672605,1.21267,0.6720357,0.1022528,0.03704903
combined_poor,white_rescaled_q,360,37.5,1.23939,0.6789158,1.232699,0.6818681,0.10456,0.0434368
combined_poor,white_rescaled_q,360,38,1.259294,0.6879657,1.252952,0.6913091,0.09884843,0.04328653
combined_poor,white_rescaled_q,360,38.5,1.280569,0.6973468,1.273573,0.7006699,0.1026286,0.05548
combined_poor,white_rescaled_q,360,39,1.301901,0.706736,1.29457,0.7100267,0.1058865,0.0597747
combined_poor,white_rescaled_q,360,39.5,1.323891,0.7155585,1.315946,0.7193227,0.1126245,0.05764888
combined_poor,white_rescaled_q,360,40,1.346276,0.7235781,1.337105,0.7285064,0.1192125,0.06155383
combined_poor,white_rescaled_q,360,40.5,1.368589,0.7321831,1.358641,0.7377984,0.1224942,0.06716393
combined_poor,white_rescaled_q,360,41,1.390542,0.7418979,1.380388,0.7469978,0.1276935,0.06969349
combined_poor,white_rescaled_q,360,41.5,1.414295,0.746775,1.402374,0.7559059,0.1279998,0.06616042
combined_poor,white_rescaled_q,360,42,1.437346,0.7547052,1.424576,0.7647123,0.1349312,0.06403123
combined_poor,white_rescaled_q,360,42.5,1.457568,0.7685453,1.446688,0.7737601,0.136678,0.07453202
combined_poor,white_rescaled_q,360,43,1.479704,0.7772778,1.468698,0.7824267,0.1389329,0.07621688
combined_poor,white_rescaled_q,360,43.5,1.502529,0.7847849,1.491072,0.7907651,0.1409359,0.07597705
combined_poor,white_rescaled_q,360,44,1.525183,0.7920625,1.513487,0.7988552,0.1378913,0.08117211
combined_poor,white_rescaled_q,360,44.5,1.551107,0.7974504,1.53659,0.8069571,0.1513084,0.08850416
combined_poor,white_rescaled_q,360,45,1.576642,0.8036153,1.559781,0.8154209,0.1642873,0.0902386
combined_poor,white_rescaled_q,360,45.5,1.600171,0.8122549,1.582745,0.8238782,0.1681136,0.09806621
combined_poor,white_rescaled_q,360,46,1.622935,0.8211357,1.605675,0.8323771,0.1727874,0.09297506
combined_poor,white_rescaled_q,360,46.5,1.650172,0.8228271,1.62855,0.8407808,0.1847344,0.09397597
combined_poor,white_rescaled_q,360,47,1.672601,0.829807,1.651258,0.8490405,0.1785014,0.09404516
combined_poor,white_rescaled_q,360,47.5,1.699269,0.8322396,1.673711,0.8576501,0.1860321,0.106657
combined_poor,white_rescaled_q,360,48,1.720284,0.8403925,1.695669,0.8665663,0.1799919,0.09864093
combined_poor,white_rescaled_q,360,48.5,1.744894,0.8439648,1.718088,0.875877,0.1713921,0.1091316
combined_poor,white_rescaled_q,360,49,1.768727,0.851627,1.74107,0.8854934,0.1807623,0.09462928
combined_poor,white_rescaled_q,360,49.5,1.7896,0.864153,1.763906,0.8949612,0.1742185,0.09982832
combined_poor,white_rescaled_q,360,50,1.812402,0.8743502,1.786517,0.9048724,0.1752147,0.1069702
combined_poor,white_rescaled_q,360,50.5,1.8359,0.8848362,1.80956,0.9149697,0.1838918,0.1060317
combined_poor,white_rescaled_q,360,51,1.862582,0.8856839,1.83248,0.9252775,0.1737491,0.1166229
combined_poor,white_rescaled_q,360,51.5,1.886205,0.8933514,1.85534,0.9353948,0.1721247,0.1161276
combined_poor,white_rescaled_q,360,52,1.912148,0.8992429,1.878493,0.945579,0.1846911,0.1135846
combined_poor,white_rescaled_q,360,52.5,1.933459,0.9118965,1.901726,0.9559678,0.1806652,0.10692
combined_poor,white_rescaled_q,360,53,1.956522,0.9225314,1.924626,0.9662975,0.185471,0.1069132
combined_poor,white_rescaled_q,360,53.5,1.970269,0.9476475,1.947332,0.9767515,0.1742186,0.08140284
combined_poor,white_rescaled_q,360,54,1.997177,0.9506296,1.970181,0.9868968,0.1750695,0.1010407
combined_poor,white_rescaled_q,360,54.5,2.020337,0.9616633,1.993024,0.9967274,0.190435,0.09244468
combined_poor,white_rescaled_q,360,55,2.046316,0.9646588,2.015718,1.005997,0.191166,0.1043955
combined_poor,white_rescaled_q,360,55.5,2.071529,0.9713716,2.038361,1.015665,0.2012655,0.1133051
combined_poor,white_rescaled_q,360,56,2.092515,0.9846917,2.06084,1.025095,0.2063961,0.1115261
combined_poor,white_rescaled_q,360,56.5,2.112977,0.9984207,2.083107,1.034547,0.2077923,0.1141915
combined_poor,white_rescaled_q,360,57,2.136137,1.005961,2.105356,1.04416,0.208654,0.1152742
combined_poor,white_rescaled_q,360,57.5,2.161102,1.011818,2.127454,1.053915,0.2201244,0.1180274
combined_poor,white_rescaled_q,360,58,2.184134,1.018115,2.149304,1.0637,0.2142715,0.1251036
combined_poor,white_rescaled_q,360,58.5,2.204437,1.029126,2.171168,1.073913,0.2037817,0.1238207
combined_poor,white_rescaled_q,360,59,2.22513,1.042299,2.193454,1.084653,0.1986191,0.1253714
combined_poor,white_rescaled_q,360,59.5,2.254253,1.045441,2.215935,1.095534,0.2176934,0.1522176
combined_poor,white_rescaled_q,360,60,2.27165,1.066227,2.238533,1.10685,0.2194506,0.1351087
combined_poor,white_rescaled_q,720,0,0,0,0,0,0,0
combined_poor,white_rescaled_q,720,0.5,0.03221465,0.009754616,0.01527284,0.006350555,0.02771011,0.009665781
combined_poor,white_rescaled_q,720,1,0.06302969,0.01824163,0.03044718,0.01277521,0.05392446,0.01773897
combined_poor,white_rescaled_q,720,1.5,0.08485882,0.02538613,0.04572938,0.01925024,0.06948122,0.02389434
combined_poor,white_rescaled_q,720,2,0.1044636,0.03344708,0.06116801,0.02550439,0.08155289,0.03187264
combined_poor,white_rescaled_q,720,2.5,0.1239181,0.03980759,0.07645059,0.03162041,0.09226533,0.04044048
combined_poor,white_rescaled_q,720,3,0.1366283,0.04836305,0.09166048,0.03720071,0.09530852,0.04689604
combined_poor,white_rescaled_q,720,3.5,0.1520082,0.05592694,0.1070387,0.04320482,0.0992609,0.05614441
combined_poor,white_rescaled_q,720,4,0.1678273,0.05915734,0.1225997,0.04961083,0.1043416,0.05835096
combined_poor,white_rescaled_q,720,4.5,0.1807923,0.06886716,0.1386116,0.05630798,0.1046616,0.06498679
combined_poor,white_rescaled_q,720,5,0.1955109,0.0683554,0.1549847,0.06311875,0.1098053,0.05430023
combined_poor,white_rescaled_q,720,5.5,0.2202197,0.07729407,0.1710565,0.06996963,0.1235297,0.07255825
combined_poor,white_rescaled_q,720,6,0.2347262,0.08525165,0.18713,0.07673397,0.1250326,0.07784173
combined_poor,white_rescaled_q,720,6.5,0.2461763,0.08848173,0.2037111,0.08365696,0.1178817,0.07945508
combined_poor,white_rescaled_q,720,7,0.2605791,0.09513948,0.2203021,0.09008719,0.1159027,0.08475378
combined_poor,white_rescaled_q,720,7.5,0.2733339,0.1001882,0.2367066,0.09629857,0.1174815,0.07681502
combined_poor,white_rescaled_q,720,8,0.285516,0.1079392,0.2530647,0.1023103,0.1102584,0.08236667
combined_poor,white_rescaled_q,720,8.5,0.2904261,0.1161784,0.2695561,0.1082191,0.09404341,0.06912528
combined_poor,white_rescaled_q,720,9,0.3021,0.1171006,0.2859623,0.1142794,0.08308639,0.05809937
combined_poor,white_rescaled_q,720,9.5,0.3211621,0.1232898,0.3023001,0.120088,0.0914959,0.06592307
combined_poor,white_rescaled_q,720,10,0.3376668,0.1245733,0.3186669,0.1259238,0.09501872,0.05731111
combined_poor,white_rescaled_q,720,10.5,0.3505925,0.1294232,0.3357119,0.1320462,0.08637004,0.04703125
combined_poor,white_rescaled_q,720,11,0.3667217,0.1353786,0.3528945,0.1383013,0.08488864,0.04570277
combined_poor,white_rescaled_q,720,11.5,0.3843213,0.1440652,0.3698941,0.1448395,0.09307178,0.0459563
combined_poor,white_rescaled_q,720,12,0.4006165,0.1503436,0.3866432,0.1516261,0.0903099,0.05106037
combined_poor,white_rescaled_q,720,12.5,0.4163806,0.1588242,0.4031355,0.1589667,0.08940257,0.05447126
combined_poor,white_rescaled_q,720,13,0.4358635,0.1661313,0.4195909,0.1666887,0.0966092,0.06814005
combined_poor,white_rescaled_q,720,13.5,0.4550825,0.174404,0.435962,0.1746949,0.1106883,0.07025411
combined_poor,white_rescaled_q,720,14,0.4725788,0.1824692,0.4523848,0.1828465,0.1166577,0.07210202
combined_poor,white_rescaled_q,720,14.5,0.4896334,0.1916751,0.4686948,0.1907709,0.1200668,0.07932927
combined_poor,white_rescaled_q,720,15,0.5054855,0.1977695,0.4849038,0.1987564,0.1221865,0.07314458
combined_poor,white_rescaled_q,720,15.5,0.5256041,0.1999983,0.5009814,0.206847,0.1344353,0.06926269
combined_poor,white_rescaled_q,720,16,0.5407513,0.2113318,0.5173009,0.2157411,0.137674,0.0654429
combined_poor,white_rescaled_q,720,16.5,0.5606527,0.2183173,0.5334878,0.2250743,0.1512273,0.06493927
combined_poor,white_rescaled_q,720,17,0.5705765,0.2323607,0.549732,0.2350288,0.1398885,0.05230172
combined_poor,white_rescaled_q,720,17.5,0.5863718,0.2400622,0.5657997,0.2449748,0.1317609,0.06551828
combined_poor,white_rescaled_q,720,18,0.6027561,0.2489733,0.5816267,0.255177,0.1325049,0.06879774
combined_poor,white_rescaled_q,720,18.5,0.6237075,0.2582675,0.5973413,0.265338,0.1432997,0.09258066
combined_poor,white_rescaled_q,720,19,0.6419226,0.2695202,0.6130265,0.2757624,0.1605733,0.08733346
combined_poor,white_rescaled_q,720,19.5,0.6534478,0.2861752,0.6287482,0.2863683,0.1501623,0.09741963
combined_poor,white_rescaled_q,720,20,0.6686868,0.2894532,0.6443352,0.2971596,0.1435101,0.08635587
combined_poor,white_rescaled_q,720,20.5,0.6819032,0.301719,0.6600248,0.3083821,0.1367655,0.08455818
combined_poor,white_rescaled_q,720,21,0.6974991,0.3089285,0.6756165,0.3193906,0.1306902,0.08412103
combined_poor,white_rescaled_q,720,21.5,0.7219711,0.310049,0.6912091,0.3304313,0.1560325,0.08413235
combined_poor,white_rescaled_q,720,22,0.7438349,0.3182492,0.7065036,0.3414923,0.1800197,0.08686425
combined_poor,white_rescaled_q,720,22.5,0.7550683,0.3312019,0.7221492,0.3526273,0.1663442,0.08608117
combined_poor,white_rescaled_q,720,23,0.7696423,0.3376353,0.737664,0.3635592,0.152649,0.08962325
combined_poor,white_rescaled_q,720,23.5,0.7865681,0.3474716,0.7530593,0.3744631,0.1562903,0.09543558
combined_poor,white_rescaled_q,720,24,0.8013493,0.3578259,0.7686663,0.3851482,0.1543692,0.09289577
combined_poor,white_rescaled_q,720,24.5,0.8135943,0.375698,0.7841701,0.3959461,0.1555742,0.09157388
combined_poor,white_rescaled_q,720,25,0.8319921,0.3833306,0.7998616,0.4069703,0.1653936,0.08783356
combined_poor,white_rescaled_q,720,25.5,0.8413098,0.40869,0.8156447,0.4176029,0.1657703,0.0920505
combined_poor,white_rescaled_q,720,26,0.8630142,0.4136593,0.8315499,0.4281888,0.1831197,0.09271005
combined_poor,white_rescaled_q,720,26.5,0.8824774,0.4234249,0.8474025,0.4393713,0.1927038,0.1049812
combined_poor,white_rescaled_q,720,27,0.9028542,0.4363949,0.8633517,0.4509087,0.2110721,0.116907
combined_poor,white_rescaled_q,720,27.5,0.9235212,0.4422725,0.8791589,0.4622805,0.2248103,0.1134998
combined_poor,white_rescaled_q,720,28,0.9407144,0.4566147,0.8947358,0.4731851,0.2337245,0.1261894
combined_poor,white_rescaled_q,720,28.5,0.9620607,0.462566,0.910577,0.4843552,0.2489344,0.1249884
combined_poor,white_rescaled_q,720,29,0.9772951,0.4732002,0.9261222,0.4958071,0.2461123,0.1298633
combined_poor,white_rescaled_q,720,29.5,0.982975,0.499029,0.941991,0.5070414,0.2374795,0.1249772
combined_poor,white_rescaled_q,720,30,1.00031,0.5059527,0.9577755,0.5189547,0.2380604,0.1211956
combined_poor,white_rescaled_q,720,30.5,1.018886,0.5067169,0.973597,0.5304411,0.2283616,0.1244469
combined_poor,white_rescaled_q,720,31,1.031205,0.5154465,0.9898209,0.5424312,0.2000077,0.1318508
combined_poor,white_rescaled_q,720,31.5,1.045695,0.5227011,1.006282,0.553919,0.18806,0.1195588
combined_poor,white_rescaled_q,720,32,1.050257,0.5481758,1.023078,0.5649026,0.1602075,0.116969
combined_poor,white_rescaled_q,720,32.5,1.062559,0.5648606,1.039931,0.5761737,0.1651019,0.09207381
combined_poor,white_rescaled_q,720,33,1.082843,0.5766391,1.057258,0.5873817,0.1904382,0.0833939
combined_poor,white_rescaled_q,720,33.5,1.101902,0.5832891,1.0756,0.5986269,0.1794752,0.0908347
combined_poor,white_rescaled_q,720,34,1.115194,0.5999151,1.094108,0.6094439,0.1678557,0.08862182
combined_poor,white_rescaled_q,720,34.5,1.129628,0.6114853,1.113018,0.6201076,0.1426281,0.08471871
combined_poor,white_rescaled_q,720,35,1.148398,0.6212906,1.132463,0.6306789,0.1400363,0.07656635
combined_poor,white_rescaled_q,720,35.5,1.165255,0.6348515,1.152479,0.64138,0.1338905,0.0629821
combined_poor,white_rescaled_q,720,36,1.182183,0.6467243,1.172683,0.6519258,0.1160206,0.05124822
combined_poor,white_rescaled_q,720,36.5,1.200803,0.6590271,1.192636,0.6622132,0.114342,0.05102052
combined_poor,white_rescaled_q,720,37,1.220873,0.6702139,1.212609,0.6722129,0.1201202,0.05742759
combined_poor,white_rescaled_q,720,37.5,1.239098,0.6810232,1.232714,0.6820992,0.1085173,0.05242364
combined_poor,white_rescaled_q,720,38,1.258356,0.6903089,1.253224,0.6915448,0.09722761,0.04368723
combined_poor,white_rescaled_q,720,38.5,1.278621,0.6994751,1.27401,0.7008789,0.08767068,0.04829847
combined_poor,white_rescaled_q,720,39,1.299901,0.7068485,1.294978,0.7102133,0.08308006,0.03760706
combined_poor,white_rescaled_q,720,39.5,1.321597,0.7167005,1.316352,0.7196273,0.08945925,0.04398243
combined_poor,white_rescaled_q,720,40,1.342319,0.7271722,1.337658,0.7285734,0.09050342,0.04984716
combined_poor,white_rescaled_q,720,40.5,1.363457,0.7369407,1.358839,0.7378231,0.09600573,0.0472299
combined_poor,white_rescaled_q,720,41,1.385444,0.7460355,1.380665,0.7469423,0.09683773,0.05186266
combined_poor,white_rescaled_q,720,41.5,1.407868,0.755605,1.402727,0.7560172,0.1044257,0.05574354
combined_poor,white_rescaled_q,720,42,1.431198,0.7630775,1.42487,0.7648224,0.1124184,0.05527058
combined_poor,white_rescaled_q,720,42.5,1.453449,0.771632,1.446776,0.7739062,0.1125929,0.05928251
combined_poor,white_rescaled_q,720,43,1.476791,0.7783438,1.468877,0.7827662,0.1158641,0.05918785
combined_poor,white_rescaled_q,720,43.5,1.49954,0.788103,1.491118,0.7910977,0.1268278,0.06965721
combined_poor,white_rescaled_q,720,44,1.523257,0.7932595,1.513537,0.7989843,0.126335,0.07180488
combined_poor,white_rescaled_q,720,44.5,1.546567,0.8013987,1.536519,0.8071331,0.1301748,0.07449726
combined_poor,white_rescaled_q,720,45,1.57009,0.808209,1.559925,0.8155025,0.1254809,0.07124624
combined_poor,white_rescaled_q,720,45.5,1.594083,0.8145241,1.582981,0.8239333,0.1282438,0.06631261
combined_poor,white_rescaled_q,720,46,1.61764,0.8213443,1.60589,0.8325048,0.1234549,0.073272
combined_poor,white_rescaled_q,720,46.5,1.644674,0.8237975,1.628418,0.8410439,0.1355278,0.08923443
combined_poor,white_rescaled_q,720,47,1.666728,0.8335806,1.65099,0.8493601,0.1361012,0.09438764
combined_poor,white_rescaled_q,720,47.5,1.68672,0.8453138,1.673519,0.8579905,0.1279106,0.08874896
combined_poor,white_rescaled_q,720,48,1.710203,0.851522,1.695749,0.8668661,0.1345119,0.08005296
combined_poor,white_rescaled_q,720,48.5,1.738417,0.851293,1.718412,0.8763347,0.1453694,0.08536366
combined_poor,white_rescaled_q,720,49,1.761183,0.8601769,1.741265,0.8857754,0.1428107,0.08528139
combined_poor,white_rescaled_q,720,49.5,1.783713,0.8707412,1.764211,0.8954652,0.1449413,0.08395883
combined_poor,white_rescaled_q,720,50,1.806053,0.8821583,1.78711,0.905466,0.1459765,0.0869137
combined_poor,white_rescaled_q,720,50.5,1.831245,0.8881805,1.810059,0.9153406,0.1483594,0.0951491
combined_poor,white_rescaled_q,720,51,1.85519,0.8961817,1.832845,0.9256443,0.1465674,0.1022611
combined_poor,white_rescaled_q,720,51.5,1.876524,0.9089818,1.855848,0.9359592,0.146271,0.09454759
combined_poor,white_rescaled_q,720,52,1.903535,0.9115145,1.87909,0.94611,0.1464614,0.1024139
combined_poor,white_rescaled_q,720,52.5,1.928642,0.9204909,1.902281,0.9564777,0.1604573,0.1079634
combined_poor,white_rescaled_q,720,53,1.949834,0.933657,1.925077,0.9667404,0.1675755,0.09247209
combined_poor,white_rescaled_q,720,53.5,1.96811,0.951781,1.947782,0.977385,0.161388,0.08352875
combined_poor,white_rescaled_q,720,54,1.988108,0.9662909,1.970331,0.9876361,0.1552715,0.08358719
combined_poor,white_rescaled_q,720,54.5,2.008996,0.9775483,1.993215,0.9973268,0.1413768,0.0798762
combined_poor,white_rescaled_q,720,55,2.032119,0.986387,2.016062,1.00667,0.1413976,0.08337616
combined_poor,white_rescaled_q,720,55.5,2.056359,0.9917107,2.038526,1.016136,0.1393865,0.08586042
combined_poor,white_rescaled_q,720,56,2.080764,0.9977343,2.061066,1.025618,0.1439723,0.08741853
combined_poor,white_rescaled_q,720,56.5,2.105988,1.003221,2.083369,1.035072,0.1593214,0.09003691
combined_poor,white_rescaled_q,720,57,2.12834,1.012774,2.105659,1.044651,0.1602929,0.09195122
combined_poor,white_rescaled_q,720,57.5,2.150337,1.02325,2.127649,1.054536,0.1657582,0.09076432
combined_poor,white_rescaled_q,720,58,2.174074,1.03072,2.149488,1.064331,0.1688289,0.1071151
combined_poor,white_rescaled_q,720,58.5,2.194401,1.043198,2.171352,1.074771,0.1617578,0.1072783
combined_poor,white_rescaled_q,720,59,2.215426,1.056548,2.193667,1.08544,0.157357,0.1141622
combined_poor,white_rescaled_q,720,59.5,2.23507,1.072753,2.216041,1.096038,0.1571344,0.1125349
combined_poor,white_rescaled_q,720,60,2.257399,1.084227,2.238629,1.107445,0.1485962,0.1212654
combined_poor,white_rescaled_q,3600,0,0,0,0,0,0,0
combined_poor,white_rescaled_q,3600,0.5,0.03012136,0.009739644,0.01527283,0.006350555,0.02537876,0.009277041
combined_poor,white_rescaled_q,3600,1,0.05546833,0.01554111,0.03044718,0.01277522,0.04502983,0.01437921
combined_poor,white_rescaled_q,3600,1.5,0.07380718,0.02534635,0.04572938,0.01925023,0.0551149,0.02464365
combined_poor,white_rescaled_q,3600,2,0.09155073,0.03028813,0.06116825,0.02550442,0.06342368,0.03027887
combined_poor,white_rescaled_q,3600,2.5,0.1077892,0.03933235,0.07645061,0.03162066,0.06915875,0.03987743
combined_poor,white_rescaled_q,3600,3,0.1228751,0.04555543,0.09166065,0.0372008,0.07331208,0.04563899
combined_poor,white_rescaled_q,3600,3.5,0.139002,0.04845741,0.1070395,0.0432045,0.07873019,0.04727369
combined_poor,white_rescaled_q,3600,4,0.1595541,0.05767643,0.1226023,0.04960909,0.09040678,0.05689363
combined_poor,white_rescaled_q,3600,4.5,0.1666911,0.05975574,0.1386155,0.05630566,0.08384459,0.04498126
combined_poor,white_rescaled_q,3600,5,0.1777647,0.06348854,0.1549905,0.06311708,0.07759966,0.04105447
combined_poor,white_rescaled_q,3600,5.5,0.197827,0.06701045,0.1710579,0.06996268,0.08811497,0.04262822
combined_poor,white_rescaled_q,3600,6,0.2083302,0.07464697,0.1871336,0.07672687,0.08054723,0.04098224
combined_poor,white_rescaled_q,3600,6.5,0.220169,0.08284741,0.2037139,0.08365063,0.0719349,0.04196921
combined_poor,white_rescaled_q,3600,7,0.2368653,0.08596384,0.2203071,0.09008449,0.07451352,0.03739553
combined_poor,white_rescaled_q,3600,7.5,0.2529302,0.09246532,0.2367118,0.09629506,0.07508069,0.04126063
combined_poor,white_rescaled_q,3600,8,0.266308,0.1002399,0.2530668,0.1023056,0.07038002,0.04008314
combined_poor,white_rescaled_q,3600,8.5,0.278193,0.107777,0.2695617,0.1082232,0.05925242,0.03441873
combined_poor,white_rescaled_q,3600,9,0.2943349,0.112136,0.2859521,0.1142923,0.0568903,0.03500496
combined_poor,white_rescaled_q,3600,9.5,0.3120434,0.1185186,0.3022948,0.1200987,0.06232911,0.04286854
combined_poor,white_rescaled_q,3600,10,0.3302919,0.1219366,0.3186763,0.125934,0.06351538,0.0519379
combined_poor,white_rescaled_q,3600,10.5,0.3460272,0.1285256,0.3357151,0.1320609,0.06429308,0.04612799
combined_poor,white_rescaled_q,3600,11,0.3626002,0.1360552,0.3529034,0.1383058,0.06654228,0.0449983
combined_poor,white_rescaled_q,3600,11.5,0.3812473,0.143478,0.3699159,0.144846,0.07638333,0.04923219
combined_poor,white_rescaled_q,3600,12,0.3996649,0.148334,0.3866676,0.1516155,0.08250201,0.05107884
combined_poor,white_rescaled_q,3600,12.5,0.4161202,0.156953,0.4031523,0.1589433,0.08693647,0.05097965
combined_poor,white_rescaled_q,3600,13,0.4332378,0.1658688,0.4195927,0.1666728,0.09430918,0.05118337
combined_poor,white_rescaled_q,3600,13.5,0.4499855,0.1738538,0.4359616,0.1746934,0.0953599,0.05668829
combined_poor,white_rescaled_q,3600,14,0.4650133,0.1818711,0.4524023,0.1828448,0.09185994,0.05423074
combined_poor,white_rescaled_q,3600,14.5,0.4854176,0.189452,0.4687033,0.1907832,0.1076045,0.06397263
combined_poor,white_rescaled_q,3600,15,0.5000406,0.1950057,0.484925,0.1987552,0.100352,0.05995769
combined_poor,white_rescaled_q,3600,15.5,0.5220317,0.1947667,0.5010053,0.2068687,0.11039,0.07039132
combined_poor,white_rescaled_q,3600,16,0.5388814,0.2073444,0.5173002,0.2157925,0.1176796,0.07642847
combined_poor,white_rescaled_q,3600,16.5,0.5568005,0.2150649,0.5334873,0.2251305,0.1262306,0.07451301
combined_poor,white_rescaled_q,3600,17,0.5754897,0.2274982,0.5497276,0.2350931,0.1315868,0.09366905
combined_poor,white_rescaled_q,3600,17.5,0.5903233,0.2343669,0.565807,0.2450579,0.1317065,0.0803165
combined_poor,white_rescaled_q,3600,18,0.6038207,0.2483926,0.5816481,0.2552832,0.121054,0.09366097
combined_poor,white_rescaled_q,3600,18.5,0.6193817,0.2592882,0.5973561,0.2654642,0.1241824,0.09346732
combined_poor,white_rescaled_q,3600,19,0.6365904,0.2692419,0.6130689,0.2758869,0.1373016,0.08645566
combined_poor,white_rescaled_q,3600,19.5,0.6499664,0.2832518,0.6287727,0.2864572,0.13927,0.07927442
combined_poor,white_rescaled_q,3600,20,0.6662565,0.2874192,0.6443632,0.2972664,0.1319289,0.07826276
combined_poor,white_rescaled_q,3600,20.5,0.6816045,0.2970844,0.6600315,0.3085122,0.1250118,0.08423413
combined_poor,white_rescaled_q,3600,21,0.6988719,0.3041803,0.6756846,0.3195367,0.1260937,0.08506034
combined_poor,white_rescaled_q,3600,21.5,0.7152759,0.3111565,0.6912368,0.3305972,0.1301185,0.07275179
combined_poor,white_rescaled_q,3600,22,0.7329011,0.3196884,0.7065157,0.3416527,0.1374931,0.07452107
combined_poor,white_rescaled_q,3600,22.5,0.7478367,0.3315623,0.7221225,0.3528117,0.138112,0.07188107
combined_poor,white_rescaled_q,3600,23,0.7584232,0.3465663,0.7376525,0.3637247,0.1213535,0.0708583
combined_poor,white_rescaled_q,3600,23.5,0.7741147,0.3583072,0.753014,0.3746558,0.1243223,0.07528031
combined_poor,white_rescaled_q,3600,24,0.7952771,0.3621028,0.7685656,0.385375,0.1326672,0.089715
combined_poor,white_rescaled_q,3600,24.5,0.8083389,0.3771564,0.7840489,0.3961761,0.1311179,0.08893541
combined_poor,white_rescaled_q,3600,25,0.8255642,0.3878997,0.7997405,0.4071948,0.1399185,0.0907273
combined_poor,white_rescaled_q,3600,25.5,0.8372944,0.4061832,0.8156055,0.4177888,0.1354848,0.09408241
combined_poor,white_rescaled_q,3600,26,0.8550932,0.4132405,0.8315446,0.4283533,0.1361021,0.09793249
combined_poor,white_rescaled_q,3600,26.5,0.8750921,0.4222141,0.8474259,0.4395008,0.150535,0.1068371
combined_poor,white_rescaled_q,3600,27,0.8922398,0.4367068,0.8633352,0.4508115,0.1649041,0.1107799
combined_poor,white_rescaled_q,3600,27.5,0.9084444,0.443136,0.8791566,0.4622829,0.1634597,0.0982301
combined_poor,white_rescaled_q,3600,28,0.9306677,0.449287,0.8947573,0.4732217,0.1852421,0.103928
combined_poor,white_rescaled_q,3600,28.5,0.9482028,0.4554749,0.9104852,0.4842941,0.1813028,0.1100494
combined_poor,white_rescaled_q,3600,29,0.9693375,0.4719661,0.9260575,0.4958398,0.1998176,0.1456594
combined_poor,white_rescaled_q,3600,29.5,0.9733579,0.4984784,0.9418566,0.5071079,0.188309,0.1322979
combined_poor,white_rescaled_q,3600,30,0.9908689,0.5112854,0.9577099,0.5188967,0.1887619,0.150553
combined_poor,white_rescaled_q,3600,30.5,1.010259,0.5164125,0.9735095,0.5304889,0.1961126,0.1466893
combined_poor,white_rescaled_q,3600,31,1.022317,0.5308492,0.9896368,0.5423682,0.1875084,0.1408529
combined_poor,white_rescaled_q,3600,31.5,1.034268,0.5385696,1.005963,0.5539322,0.1753014,0.107963
combined_poor,white_rescaled_q,3600,32,1.041451,0.555934,1.02279,0.5650193,0.1408477,0.0973695
combined_poor,white_rescaled_q,3600,32.5,1.057799,0.5669417,1.03954,0.5761714,0.1399667,0.09559362
combined_poor,white_rescaled_q,3600,33,1.077503,0.5794397,1.056812,0.5874298,0.161778,0.09804041
combined_poor,white_rescaled_q,3600,33.5,1.090625,0.5922225,1.075109,0.5986104,0.1339069,0.09428927
combined_poor,white_rescaled_q,3600,34,1.111514,0.5940845,1.093682,0.6092868,0.1272278,0.07785352
combined_poor,white_rescaled_q,3600,34.5,1.124295,0.6104127,1.112771,0.6199735,0.1019851,0.06652321
combined_poor,white_rescaled_q,3600,35,1.140864,0.6234456,1.13214,0.6305052,0.09676249,0.04652007
combined_poor,white_rescaled_q,3600,35.5,1.156766,0.6401398,1.152068,0.6412162,0.08451294,0.05019289
combined_poor,white_rescaled_q,3600,36,1.177351,0.6500172,1.172465,0.6519021,0.08353316,0.0478208
combined_poor,white_rescaled_q,3600,36.5,1.196211,0.6610619,1.192538,0.6620785,0.07239337,0.04872087
combined_poor,white_rescaled_q,3600,37,1.216574,0.6713791,1.212565,0.6720916,0.08007525,0.05043997
combined_poor,white_rescaled_q,3600,37.5,1.237809,0.6799751,1.232619,0.6819809,0.08756228,0.0519173
combined_poor,white_rescaled_q,3600,38,1.256837,0.6900064,1.252945,0.691359,0.07609702,0.04814449
combined_poor,white_rescaled_q,3600,38.5,1.276867,0.700486,1.273654,0.7007911,0.07300766,0.05088697
combined_poor,white_rescaled_q,3600,39,1.297797,0.7101529,1.294638,0.7101466,0.0736209,0.05408695
combined_poor,white_rescaled_q,3600,39.5,1.318991,0.7197319,1.315984,0.719586,0.07403149,0.05275952
combined_poor,white_rescaled_q,3600,40,1.340586,0.7286968,1.337076,0.7286758,0.07993958,0.05655041
combined_poor,white_rescaled_q,3600,40.5,1.361897,0.7387863,1.358363,0.7379509,0.0807344,0.06701527
combined_poor,white_rescaled_q,3600,41,1.384219,0.7480134,1.380245,0.7471547,0.08502147,0.07236678
combined_poor,white_rescaled_q,3600,41.5,1.407175,0.755981,1.40229,0.7561008,0.09267099,0.07227981
combined_poor,white_rescaled_q,3600,42,1.430642,0.7629266,1.424421,0.7649754,0.1005266,0.07022119
combined_poor,white_rescaled_q,3600,42.5,1.454747,0.7706485,1.446529,0.7741969,0.1099066,0.0830683
combined_poor,white_rescaled_q,3600,43,1.477613,0.777992,1.46867,0.7830544,0.112796,0.08025847
combined_poor,white_rescaled_q,3600,43.5,1.500889,0.7868545,1.490835,0.7914336,0.1236969,0.09126176
combined_poor,white_rescaled_q,3600,44,1.523308,0.7949669,1.513258,0.7992735,0.1288848,0.08815377
combined_poor,white_rescaled_q,3600,44.5,1.547496,0.8022406,1.536389,0.8073351,0.136461,0.09086351
combined_poor,white_rescaled_q,3600,45,1.571851,0.8085181,1.559754,0.8155693,0.1355973,0.09523795
combined_poor,white_rescaled_q,3600,45.5,1.594899,0.8179231,1.58284,0.8239395,0.1395325,0.09981386
combined_poor,white_rescaled_q,3600,46,1.617909,0.8243103,1.605715,0.8324562,0.1322501,0.09731795
combined_poor,white_rescaled_q,3600,46.5,1.64245,0.8283092,1.628365,0.8409592,0.1289858,0.09931992
combined_poor,white_rescaled_q,3600,47,1.66857,0.8316444,1.65098,0.8492822,0.1362409,0.1108045
combined_poor,white_rescaled_q,3600,47.5,1.690843,0.840453,1.673507,0.8578144,0.1427671,0.1022571
combined_poor,white_rescaled_q,3600,48,1.711249,0.8509742,1.695929,0.8666147,0.1409188,0.08471699
combined_poor,white_rescaled_q,3600,48.5,1.735745,0.8556393,1.718562,0.8761437,0.1335943,0.09045434
combined_poor,white_rescaled_q,3600,49,1.758552,0.8652328,1.741484,0.8858275,0.1391828,0.08017334
combined_poor,white_rescaled_q,3600,49.5,1.782709,0.8734944,1.764389,0.8953903,0.1401325,0.09487605
combined_poor,white_rescaled_q,3600,50,1.806884,0.8799075,1.787195,0.9053888,0.1392409,0.09265867
combined_poor,white_rescaled_q,3600,50.5,1.830269,0.8890764,1.810155,0.9153908,0.1440579,0.08802157
combined_poor,white_rescaled_q,3600,51,1.851897,0.9021613,1.832873,0.9256618,0.1523517,0.08001185
combined_poor,white_rescaled_q,3600,51.5,1.874212,0.9128029,1.855986,0.9357823,0.1465267,0.08054655
combined_poor,white_rescaled_q,3600,52,1.895709,0.9250338,1.879112,0.9460837,0.1394882,0.07796444
combined_poor,white_rescaled_q,3600,52.5,1.918116,0.9373736,1.90223,0.9565582,0.1442484,0.07514787
combined_poor,white_rescaled_q,3600,53,1.94407,0.9419664,1.925253,0.966947,0.1456563,0.08140252
combined_poor,white_rescaled_q,3600,53.5,1.964956,0.9558752,1.947969,0.9774695,0.1466082,0.07477999
combined_poor,white_rescaled_q,3600,54,1.9899,0.9627626,1.970555,0.9875915,0.1568746,0.0794855
combined_poor,white_rescaled_q,3600,54.5,2.010363,0.9761066,1.99346,0.9973288,0.1467849,0.08173139
combined_poor,white_rescaled_q,3600,55,2.035395,0.9822103,2.016241,1.006703,0.1564214,0.08498895
combined_poor,white_rescaled_q,3600,55.5,2.059844,0.9880758,2.03875,1.016314,0.1554913,0.09461901
combined_poor,white_rescaled_q,3600,56,2.084682,0.9953034,2.061373,1.025869,0.1673824,0.1022624
combined_poor,white_rescaled_q,3600,56.5,2.108348,1.003086,2.083605,1.035343,0.1755327,0.1048497
combined_poor,white_rescaled_q,3600,57,2.127446,1.017187,2.105777,1.044869,0.1650208,0.1039789
combined_poor,white_rescaled_q,3600,57.5,2.148651,1.027501,2.127699,1.054766,0.1590963,0.1043922
combined_poor,white_rescaled_q,3600,58,2.176548,1.027281,2.149533,1.064574,0.1681179,0.1235297
combined_poor,white_rescaled_q,3600,58.5,2.191369,1.049324,2.171455,1.074787,0.1506165,0.1161563
combined_poor,white_rescaled_q,3600,59,2.217419,1.054642,2.193836,1.085478,0.1574197,0.1320153
combined_poor,white_rescaled_q,3600,59.5,2.240293,1.063627,2.216217,1.096221,0.1607893,0.1238087
combined_poor,white_rescaled_q,3600,60,2.261751,1.077721,2.238689,1.107457,0.1647004,0.1253792
noise_half,frozen_q,0,0,0,0,0,0,0,0
noise_half,frozen_q,0,0.5,0.03297281,0.00919334,0.01527776,0.006422008,0.0285983,0.009005526
noise_half,frozen_q,0,1,0.06594646,0.0184125,0.0305309,0.01285484,0.05720825,0.01803797
noise_half,frozen_q,0,1.5,0.09890819,0.02757292,0.0457903,0.01928731,0.08580049,0.02701279
noise_half,frozen_q,0,2,0.1318451,0.03672749,0.06107132,0.02569048,0.1143514,0.03600631
noise_half,frozen_q,0,2.5,0.1647601,0.04589975,0.07631865,0.03208705,0.1428929,0.04502996
noise_half,frozen_q,0,3,0.1976565,0.05511168,0.09154509,0.03842851,0.1714343,0.05409946
noise_half,frozen_q,0,3.5,0.2305856,0.06436615,0.1067868,0.04481699,0.2000006,0.06319359
noise_half,frozen_q,0,4,0.2635258,0.07360351,0.1220486,0.05123778,0.2285684,0.07224989
noise_half,frozen_q,0,4.5,0.2964262,0.08281667,0.1373627,0.05768812,0.2570656,0.08124958
noise_half,frozen_q,0,5,0.3293422,0.091979,0.1527165,0.06413253,0.2855589,0.09020382
noise_half,frozen_q,0,5.5,0.3622742,0.1011355,0.1680245,0.07056986,0.3140941,0.09916055
noise_half,frozen_q,0,6,0.3951876,0.1103272,0.1833154,0.07701378,0.342618,0.1081447
noise_half,frozen_q,0,6.5,0.4281488,0.1194837,0.1986513,0.08348627,0.3711667,0.1170936
noise_half,frozen_q,0,7,0.4611567,0.1285681,0.2139708,0.08992239,0.3997822,0.1259815
noise_half,frozen_q,0,7.5,0.4941603,0.1376468,0.2292652,0.09632868,0.4284119,0.134865
noise_half,frozen_q,0,8,0.5271721,0.146698,0.244557,0.102698,0.45706,0.1437219
noise_half,frozen_q,0,8.5,0.560176,0.1557185,0.2598695,0.1090584,0.485694,0.1525335
noise_half,frozen_q,0,9,0.5931444,0.1647083,0.2751609,0.115447,0.5143042,0.1612736
noise_half,frozen_q,0,9.5,0.626128,0.173698,0.2904427,0.1218176,0.5429407,0.1700143
noise_half,frozen_q,0,10,0.6591135,0.1827131,0.3057168,0.1282145,0.5715841,0.1787598
noise_half,frozen_q,0,10.5,0.6921377,0.1917203,0.3210746,0.1346208,0.6002249,0.1874985
noise_half,frozen_q,0,11,0.725161,0.2007143,0.3364418,0.1410427,0.6288574,0.1962202
noise_half,frozen_q,0,11.5,0.7581841,0.2097018,0.3517703,0.1475079,0.6574988,0.204943
noise_half,frozen_q,0,12,0.7911739,0.2186819,0.3670387,0.1540085,0.6861302,0.2136451
noise_half,frozen_q,0,12.5,0.8241421,0.2277591,0.3822691,0.1605644,0.7147554,0.2224123
noise_half,frozen_q,0,13,0.8571009,0.2368198,0.3974891,0.1671507,0.7433742,0.2311443
noise_half,frozen_q,0,13.5,0.8901303,0.2459236,0.4126921,0.1737573,0.7720773,0.239926
noise_half,frozen_q,0,14,0.9231971,0.2549888,0.4278999,0.180369,0.8008225,0.2486593
noise_half,frozen_q,0,14.5,0.9563242,0.263957,0.4430947,0.1869931,0.8296519,0.2572577
noise_half,frozen_q,0,15,0.989455,0.272866,0.4582772,0.1936134,0.8584973,0.2657794
noise_half,frozen_q,0,15.5,1.022601,0.2817258,0.4734643,0.2002423,0.8873527,0.2742603
noise_half,frozen_q,0,16,1.055737,0.2906016,0.4886692,0.2069785,0.9161796,0.2827051
noise_half,frozen_q,0,16.5,1.088869,0.2994374,0.5038468,0.2137558,0.9450109,0.2910982
noise_half,frozen_q,0,17,1.121985,0.3083083,0.5190355,0.2205595,0.9738192,0.2995011
noise_half,frozen_q,0,17.5,1.15505,0.3171785,0.5342043,0.2273318,1.002588,0.3078935
noise_half,frozen_q,0,18,1.188124,0.3260492,0.5493412,0.2341207,1.031386,0.3162713
noise_half,frozen_q,0,18.5,1.221242,0.3349011,0.5644709,0.2409025,1.060246,0.3246069
noise_half,frozen_q,0,19,1.254382,0.3437906,0.5796068,0.2477251,1.089122,0.3329704
noise_half,frozen_q,0,19.5,1.287511,0.3527,0.5947528,0.2545615,1.117979,0.3413504
noise_half,frozen_q,0,20,1.320648,0.3615913,0.6098819,0.261379,1.14686,0.3496991
noise_half,frozen_q,0,20.5,1.353794,0.3704974,0.6250053,0.2682389,1.175758,0.3580215
noise_half,frozen_q,0,21,1.3869,0.3794259,0.6401043,0.2750952,1.204626,0.3663555
noise_half,frozen_q,0,21.5,1.420011,0.3883662,0.6552031,0.2819589,1.233504,0.3746834
noise_half,frozen_q,0,22,1.453118,0.3973503,0.6702713,0.2887942,1.262399,0.3830577
noise_half,frozen_q,0,22.5,1.486218,0.4063781,0.6853329,0.2956398,1.29129,0.3914681
noise_half,frozen_q,0,23,1.519382,0.4154218,0.7003748,0.302455,1.320269,0.3999037
noise_half,frozen_q,0,23.5,1.55255,0.4244895,0.7154112,0.3092213,1.349267,0.4083597
noise_half,frozen_q,0,24,1.585771,0.4335669,0.7304531,0.3159767,1.378318,0.4168546
noise_half,frozen_q,0,24.5,1.619014,0.4426782,0.7454464,0.3227276,1.407414,0.4254059
noise_half,frozen_q,0,25,1.652269,0.4518179,0.7604846,0.3294546,1.4365,0.4340056
noise_half,frozen_q,0,25.5,1.685477,0.4609823,0.775523,0.3361477,1.465535,0.4426438
noise_half,frozen_q,0,26,1.718665,0.4700994,0.7905613,0.3428154,1.494543,0.4512663
noise_half,frozen_q,0,26.5,1.75183,0.4792269,0.8056126,0.3494935,1.523516,0.4599014
noise_half,frozen_q,0,27,1.784947,0.4883775,0.8206434,0.3561849,1.552443,0.468552
noise_half,frozen_q,0,27.5,1.818023,0.4975379,0.8356484,0.3628281,1.581339,0.4772397
noise_half,frozen_q,0,28,1.851095,0.5067229,0.8506318,0.3694414,1.610247,0.4859595
noise_half,frozen_q,0,28.5,1.884185,0.5159117,0.8656126,0.3760126,1.639186,0.4946842
noise_half,frozen_q,0,29,1.917267,0.5251317,0.8805953,0.3825652,1.668113,0.5034635
noise_half,frozen_q,0,29.5,1.950341,0.5344207,0.8955541,0.3891314,1.697043,0.5123029
noise_half,frozen_q,0,30,1.983395,0.5437791,0.9105144,0.3957345,1.725956,0.521164
noise_half,frozen_q,0,30.5,2.016524,0.5531309,0.9255098,0.4022934,1.754941,0.5300368
noise_half,frozen_q,0,31,2.049706,0.5624288,0.9405209,0.408847,1.783981,0.5388481
noise_half,frozen_q,0,31.5,2.082871,0.5717046,0.9555162,0.4153972,1.813015,0.5476207
noise_half,frozen_q,0,32,2.116079,0.5809894,0.9705238,0.421883,1.842111,0.5563866
noise_half,frozen_q,0,32.5,2.149299,0.5902705,0.9855191,0.4283729,1.87123,0.5651342
noise_half,frozen_q,0,33,2.182567,0.5995218,1.000573,0.4348492,1.900368,0.5738799
noise_half,frozen_q,0,33.5,2.215846,0.6087504,1.015669,0.4413714,1.929483,0.5826124
noise_half,frozen_q,0,34,2.24912,0.6179432,1.030807,0.4478442,1.958567,0.5913567
noise_half,frozen_q,0,34.5,2.282374,0.6271208,1.045975,0.454292,1.987613,0.600104
noise_half,frozen_q,0,35,2.315612,0.6362926,1.061162,0.4607403,2.016629,0.6088451
noise_half,frozen_q,0,35.5,2.348866,0.6454653,1.076404,0.467165,2.045634,0.6176135
noise_half,frozen_q,0,36,2.382121,0.6545829,1.091691,0.4735498,2.074611,0.6263677
noise_half,frozen_q,0,36.5,2.41538,0.6636656,1.106941,0.4798368,2.103621,0.6351277
noise_half,frozen_q,0,37,2.448618,0.6726947,1.122184,0.4860471,2.132626,0.6438373
noise_half,frozen_q,0,37.5,2.481867,0.6816427,1.137427,0.4922166,2.161644,0.6524954
noise_half,frozen_q,0,38,2.515148,0.6905794,1.152689,0.498352,2.190686,0.6611729
noise_half,frozen_q,0,38.5,2.548475,0.6994997,1.167987,0.504429,2.219764,0.6698679
noise_half,frozen_q,0,39,2.581809,0.7083675,1.183278,0.5104717,2.248854,0.6785354
noise_half,frozen_q,0,39.5,2.615183,0.7172863,1.198606,0.5165232,2.277966,0.6872632
noise_half,frozen_q,0,40,2.648577,0.7262657,1.213914,0.5226109,2.307104,0.6960526
noise_half,frozen_q,0,40.5,2.681948,0.7352978,1.229253,0.5286655,2.336202,0.7049164
noise_half,frozen_q,0,41,2.71534,0.7443096,1.244601,0.5347364,2.365306,0.7137901
noise_half,frozen_q,0,41.5,2.748712,0.7533218,1.259962,0.5407864,2.39438,0.7226771
noise_half,frozen_q,0,42,2.782135,0.7623858,1.275337,0.5468364,2.423505,0.7316221
noise_half,frozen_q,0,42.5,2.815538,0.7714474,1.290727,0.5528082,2.452602,0.7406119
noise_half,frozen_q,0,43,2.848864,0.7805358,1.306102,0.5586998,2.481622,0.749678
noise_half,frozen_q,0,43.5,2.882159,0.7896013,1.321456,0.5645313,2.510626,0.758732
noise_half,frozen_q,0,44,2.915478,0.7986847,1.336785,0.5703319,2.539676,0.7678069
noise_half,frozen_q,0,44.5,2.948842,0.8077807,1.352179,0.5761545,2.568741,0.7768881
noise_half,frozen_q,0,45,2.98221,0.8168812,1.367638,0.5819739,2.597775,0.7859809
noise_half,frozen_q,0,45.5,3.015612,0.8259627,1.383099,0.5877546,2.626848,0.7950786
noise_half,frozen_q,0,46,3.04903,0.83505,1.398573,0.5935338,2.655929,0.8041941
noise_half,frozen_q,0,46.5,3.082462,0.844129,1.414046,0.5993205,2.685025,0.8133001
noise_half,frozen_q,0,47,3.115917,0.853176,1.429496,0.6050947,2.71416,0.8223844
noise_half,frozen_q,0,47.5,3.149434,0.8622265,1.444948,0.6108401,2.743362,0.8314969
noise_half,frozen_q,0,48,3.182966,0.8712937,1.460365,0.6165909,2.772592,0.8406512
noise_half,frozen_q,0,48.5,3.216542,0.8803639,1.475866,0.6222618,2.801828,0.8498693
noise_half,frozen_q,0,49,3.250146,0.8894498,1.491412,0.6279466,2.831066,0.859107
noise_half,frozen_q,0,49.5,3.283661,0.8986169,1.506911,0.6337145,2.86023,0.8683655
noise_half,frozen_q,0,50,3.317138,0.9078006,1.522435,0.6395079,2.889342,0.877602
noise_half,frozen_q,0,50.5,3.35065,0.9170334,1.53801,0.6452811,2.918474,0.88688
noise_half,frozen_q,0,51,3.384142,0.9262619,1.553615,0.6510679,2.947569,0.8961338
noise_half,frozen_q,0,51.5,3.417597,0.9354812,1.5692,0.6569208,2.976625,0.9053537
noise_half,frozen_q,0,52,3.451078,0.9447223,1.584777,0.6628174,3.005711,0.9145843
noise_half,frozen_q,0,52.5,3.484616,0.9539204,1.600335,0.6687719,3.034862,0.9237553
noise_half,frozen_q,0,53,3.518161,0.9631143,1.615871,0.6747656,3.06402,0.9329437
noise_half,frozen_q,0,53.5,3.551657,0.9722915,1.631411,0.6807233,3.09312,0.9421413
noise_half,frozen_q,0,54,3.585135,0.9814547,1.646923,0.686685,3.122211,0.951324
noise_half,frozen_q,0,54.5,3.618588,0.9906265,1.662432,0.6926438,3.151282,0.9604967
noise_half,frozen_q,0,55,3.652019,0.9997617,1.677922,0.6986006,3.180337,0.9696343
noise_half,frozen_q,0,55.5,3.685447,1.008848,1.693404,0.7045997,3.209386,0.978717
noise_half,frozen_q,0,56,3.718899,1.017986,1.708854,0.7106748,3.238478,0.9878046
noise_half,frozen_q,0,56.5,3.752357,1.027161,1.72426,0.7167922,3.26759,0.9969251
noise_half,frozen_q,0,57,3.785829,1.036376,1.739645,0.7229789,3.296724,1.006066
noise_half,frozen_q,0,57.5,3.819335,1.045644,1.75503,0.7292188,3.325884,1.01526
noise_half,frozen_q,0,58,3.852814,1.054977,1.77042,0.7355034,3.355007,1.024501
noise_half,frozen_q,0,58.5,3.886299,1.064329,1.785823,0.7418027,3.384133,1.033746
noise_half,frozen_q,0,59,3.919801,1.073687,1.801258,0.748137,3.413259,1.042977
noise_half,frozen_q,0,59.5,3.953369,1.082972,1.816721,0.7544385,3.442447,1.052154
noise_half,frozen_q,0,60,3.98701,1.092168,1.832214,0.7607906,3.471694,1.061234
noise_half,frozen_q,180,0,0,0,0,0,0,0
noise_half,frozen_q,180,0.5,0.03233886,0.008952103,0.01527776,0.006422009,0.02786645,0.008754279
noise_half,frozen_q,180,1,0.06368053,0.01599066,0.03053089,0.01285484,0.05483162,0.0145999
noise_half,frozen_q,180,1.5,0.09221172,0.02731332,0.04579028,0.0192873,0.0781172,0.02634327
noise_half,frozen_q,180,2,0.116129,0.03785372,0.06107132,0.0256905,0.09563489,0.03761951
noise_half,frozen_q,180,2.5,0.1405755,0.04279168,0.07631862,0.03208725,0.1134064,0.04397837
noise_half,frozen_q,180,3,0.1581439,0.04705317,0.091545,0.03842848,0.1239251,0.04556053
noise_half,frozen_q,180,3.5,0.1711562,0.05489187,0.1067867,0.04481708,0.1271256,0.0531575
noise_half,frozen_q,180,4,0.1877319,0.06443357,0.1220482,0.05123769,0.1348529,0.06166335
noise_half,frozen_q,180,4.5,0.2066085,0.07306345,0.1373628,0.05768726,0.1455291,0.06920397
noise_half,frozen_q,180,5,0.2226723,0.07852893,0.1527157,0.06413204,0.1510884,0.07528448
noise_half,frozen_q,180,5.5,0.2367713,0.08831324,0.1680235,0.07056949,0.1546789,0.08323328
noise_half,frozen_q,180,6,0.2444681,0.08554944,0.1833143,0.07701405,0.1501214,0.07212753
noise_half,frozen_q,180,6.5,0.2572997,0.08946599,0.1986507,0.083486,0.150885,0.07223716
noise_half,frozen_q,180,7,0.2746025,0.09539316,0.2139685,0.08992279,0.1567964,0.07948508
noise_half,frozen_q,180,7.5,0.2946132,0.1056264,0.2292609,0.09632933,0.1678527,0.09087624
noise_half,frozen_q,180,8,0.2960085,0.1007766,0.2445528,0.1026978,0.1506635,0.07066689
noise_half,frozen_q,180,8.5,0.3140538,0.1019795,0.2598615,0.1090568,0.1608704,0.0632754
noise_half,frozen_q,180,9,0.3212643,0.1045826,0.2751494,0.1154587,0.1482185,0.05859135
noise_half,frozen_q,180,9.5,0.3387416,0.1117444,0.2904279,0.1218289,0.1577735,0.05864565
noise_half,frozen_q,180,10,0.3379711,0.1193739,0.3056987,0.1282271,0.1297598,0.04416149
noise_half,frozen_q,180,10.5,0.3502913,0.1290957,0.3210573,0.134633,0.1274274,0.04589611
noise_half,frozen_q,180,11,0.3651538,0.1297115,0.3364138,0.1410559,0.1207463,0.05296726
noise_half,frozen_q,180,11.5,0.3814438,0.135593,0.3517328,0.1475241,0.1234087,0.05933559
noise_half,frozen_q,180,12,0.3933798,0.1480293,0.3670078,0.1540287,0.122185,0.05984388
noise_half,frozen_q,180,12.5,0.4074836,0.1550348,0.3822218,0.1605745,0.1210137,0.06193412
noise_half,frozen_q,180,13,0.4214349,0.1618057,0.3974203,0.1671557,0.1195544,0.06240194
noise_half,frozen_q,180,13.5,0.4376914,0.1687768,0.4126287,0.1737708,0.1243785,0.06661884
noise_half,frozen_q,180,14,0.4450457,0.1747152,0.4278458,0.1803862,0.1085273,0.03730915
noise_half,frozen_q,180,14.5,0.4581148,0.1820827,0.4430635,0.187022,0.1015778,0.03991927
noise_half,frozen_q,180,15,0.4729259,0.1874544,0.4583235,0.1935699,0.09983814,0.03862304
noise_half,frozen_q,180,15.5,0.4890751,0.1935018,0.4735064,0.2001864,0.105847,0.03674177
noise_half,frozen_q,180,16,0.506967,0.1991335,0.4887356,0.2069296,0.1164972,0.04070596
noise_half,frozen_q,180,16.5,0.5206558,0.206511,0.503951,0.2136562,0.1127746,0.04033673
noise_half,frozen_q,180,17,0.5338681,0.2148148,0.5192369,0.2205712,0.1059819,0.04346884
noise_half,frozen_q,180,17.5,0.5492023,0.221247,0.5344112,0.2273262,0.1076846,0.04402406
noise_half,frozen_q,180,18,0.5626397,0.2277313,0.5495882,0.2340137,0.1007885,0.04106574
noise_half,frozen_q,180,18.5,0.5792916,0.2336696,0.5647138,0.2407813,0.1083992,0.04256515
noise_half,frozen_q,180,19,0.5920657,0.2432267,0.5798781,0.2475705,0.1021276,0.0438627
noise_half,frozen_q,180,19.5,0.6071582,0.2500874,0.5950226,0.2543715,0.1023865,0.04648848
noise_half,frozen_q,180,20,0.6223095,0.2562232,0.6101414,0.261206,0.1013348,0.04897367
noise_half,frozen_q,180,20.5,0.6371381,0.2635781,0.6253494,0.268084,0.1025544,0.04690207
noise_half,frozen_q,180,21,0.6499942,0.2701766,0.6404127,0.2748969,0.09402871,0.03369154
noise_half,frozen_q,180,21.5,0.6644828,0.2776212,0.6554776,0.2816542,0.0933972,0.03277785
noise_half,frozen_q,180,22,0.6778865,0.2857352,0.6705128,0.2883495,0.08789784,0.02885231
noise_half,frozen_q,180,22.5,0.693287,0.292195,0.6856075,0.2951402,0.09049888,0.02820583
noise_half,frozen_q,180,23,0.7070033,0.3001049,0.700582,0.3019707,0.08535747,0.02685915
noise_half,frozen_q,180,23.5,0.7219554,0.3071796,0.7156039,0.3087521,0.08716231,0.02540663
noise_half,frozen_q,180,24,0.737398,0.3127382,0.7307524,0.315596,0.0860052,0.02623688
noise_half,frozen_q,180,24.5,0.752298,0.3192306,0.7456503,0.3223346,0.0858336,0.02711712
noise_half,frozen_q,180,25,0.7667341,0.3271077,0.7606314,0.3291534,0.08622643,0.02535609
noise_half,frozen_q,180,25.5,0.781711,0.3339296,0.7756706,0.3358646,0.08694297,0.02548249
noise_half,frozen_q,180,26,0.7969046,0.3403454,0.7909119,0.3423931,0.08709743,0.02515551
noise_half,frozen_q,180,26.5,0.8119369,0.3471515,0.8059422,0.3490636,0.08765158,0.02812199
noise_half,frozen_q,180,27,0.8271448,0.3530134,0.82091,0.3557461,0.08662414,0.0313144
noise_half,frozen_q,180,27.5,0.8425574,0.3592822,0.8359067,0.3623948,0.08939387,0.03305025
noise_half,frozen_q,180,28,0.8567353,0.366692,0.8510604,0.3692705,0.0832765,0.03168403
noise_half,frozen_q,180,28.5,0.8723249,0.3725252,0.8660176,0.3759653,0.08584329,0.03477707
noise_half,frozen_q,180,29,0.8868908,0.3796056,0.8809827,0.3826406,0.08627871,0.02907323
noise_half,frozen_q,180,29.5,0.9017626,0.386325,0.8959566,0.3892152,0.08705186,0.02772325
noise_half,frozen_q,180,30,0.9169886,0.3927646,0.9107446,0.3960417,0.09000898,0.02999949
noise_half,frozen_q,180,30.5,0.9316737,0.4001632,0.9258624,0.4025501,0.08721208,0.03795291
noise_half,frozen_q,180,31,0.9473249,0.4062383,0.9408135,0.4090534,0.09135904,0.0431362
noise_half,frozen_q,180,31.5,0.9634017,0.4123646,0.9557972,0.4157437,0.1002077,0.04465726
noise_half,frozen_q,180,32,0.9782501,0.4188136,0.9708363,0.4220483,0.1000678,0.04415976
noise_half,frozen_q,180,32.5,0.9928047,0.4257369,0.9859134,0.4284747,0.09904994,0.04108167
noise_half,frozen_q,180,33,1.007303,0.4324706,1.00067,0.434667,0.09601615,0.04911053
noise_half,frozen_q,180,33.5,1.021716,0.4388964,1.015811,0.4412945,0.09143809,0.04188543
noise_half,frozen_q,180,34,1.036705,0.4449431,1.030975,0.4477252,0.08820846,0.04238327
noise_half,frozen_q,180,34.5,1.051712,0.4510348,1.046319,0.4540997,0.08673923,0.03485602
noise_half,frozen_q,180,35,1.065691,0.4584002,1.0613,0.4606965,0.08083258,0.02903849
noise_half,frozen_q,180,35.5,1.081154,0.4649641,1.076587,0.4671619,0.08409893,0.02965834
noise_half,frozen_q,180,36,1.096404,0.47193,1.091706,0.4736247,0.08966568,0.02749916
noise_half,frozen_q,180,36.5,1.111787,0.478245,1.106839,0.480105,0.09221191,0.02869065
noise_half,frozen_q,180,37,1.125809,0.4851341,1.121792,0.486272,0.08737545,0.0189878
noise_half,frozen_q,180,37.5,1.140679,0.4914561,1.137113,0.4923173,0.08328075,0.02004922
noise_half,frozen_q,180,38,1.155149,0.4976143,1.152289,0.4984579,0.07406106,0.0182228
noise_half,frozen_q,180,38.5,1.170581,0.5036974,1.167886,0.5047512,0.0717625,0.01224808
noise_half,frozen_q,180,39,1.185506,0.5095845,1.18317,0.5106642,0.06516802,0.01589994
noise_half,frozen_q,180,39.5,1.200616,0.5157995,1.198567,0.5166387,0.0623439,0.01475488
noise_half,frozen_q,180,40,1.216153,0.5218611,1.213904,0.5227198,0.0645418,0.02166813
noise_half,frozen_q,180,40.5,1.231265,0.5280221,1.229422,0.5287162,0.0602309,0.01485101
noise_half,frozen_q,180,41,1.246337,0.5341893,1.244511,0.5347886,0.06062345,0.0167362
noise_half,frozen_q,180,41.5,1.261766,0.5402361,1.259926,0.5407805,0.06121087,0.01869553
noise_half,frozen_q,180,42,1.276987,0.546285,1.275275,0.5468127,0.05863977,0.02005538
noise_half,frozen_q,180,42.5,1.291955,0.5524061,1.290081,0.5530102,0.06240628,0.01807772
noise_half,frozen_q,180,43,1.307575,0.5586022,1.305745,0.5592586,0.06070031,0.02055967
noise_half,frozen_q,180,43.5,1.322893,0.5645123,1.321027,0.565132,0.06248878,0.01958697
noise_half,frozen_q,180,44,1.338225,0.5703177,1.336303,0.5709875,0.06294958,0.02185143
noise_half,frozen_q,180,44.5,1.353546,0.5760409,1.351592,0.5766683,0.06336801,0.02473848
noise_half,frozen_q,180,45,1.369317,0.5813931,1.367048,0.5820979,0.06904816,0.02639268
noise_half,frozen_q,180,45.5,1.384892,0.5870793,1.382611,0.5879703,0.06852758,0.02558301
noise_half,frozen_q,180,46,1.400195,0.5926696,1.397975,0.5935817,0.06765328,0.02527816
noise_half,frozen_q,180,46.5,1.415662,0.5979886,1.41332,0.5991941,0.06762991,0.0267479
noise_half,frozen_q,180,47,1.430917,0.6042483,1.42874,0.6051926,0.06882063,0.02064963
noise_half,frozen_q,180,47.5,1.446418,0.6098621,1.444259,0.6108632,0.06860109,0.01981412
noise_half,frozen_q,180,48,1.46162,0.6157081,1.459445,0.6167098,0.06920893,0.02029525
noise_half,frozen_q,180,48.5,1.477242,0.621219,1.475015,0.6222219,0.07070159,0.02034949
noise_half,frozen_q,180,49,1.49295,0.6267485,1.490548,0.6277633,0.07406669,0.02228556
noise_half,frozen_q,180,49.5,1.508573,0.6325791,1.506143,0.6335343,0.07548727,0.02239074
noise_half,frozen_q,180,50,1.524285,0.6382074,1.521718,0.639244,0.07864713,0.01988968
noise_half,frozen_q,180,50.5,1.540233,0.6439175,1.537588,0.6449118,0.08059072,0.02123779
noise_half,frozen_q,180,51,1.555712,0.6494835,1.553033,0.6506415,0.08104388,0.01868051
noise_half,frozen_q,180,51.5,1.571631,0.6551496,1.568693,0.6565264,0.0842687,0.02075489
noise_half,frozen_q,180,52,1.587097,0.6607299,1.584129,0.6623363,0.08248733,0.02491717
noise_half,frozen_q,180,52.5,1.602989,0.6665364,1.599915,0.6682878,0.08337082,0.02665561
noise_half,frozen_q,180,53,1.618125,0.6725906,1.615445,0.6738387,0.08074959,0.02400226
noise_half,frozen_q,180,53.5,1.633725,0.6786962,1.63096,0.6798156,0.08388178,0.02398544
noise_half,frozen_q,180,54,1.649845,0.6839543,1.646844,0.6855223,0.0846471,0.02694724
noise_half,frozen_q,180,54.5,1.665336,0.6898981,1.662238,0.6915292,0.08585474,0.02900919
noise_half,frozen_q,180,55,1.680162,0.696241,1.677327,0.697398,0.08586829,0.02537933
noise_half,frozen_q,180,55.5,1.695525,0.7019347,1.6927,0.7031648,0.08467799,0.02828873
noise_half,frozen_q,180,56,1.710815,0.707778,1.708208,0.7087516,0.08351393,0.02568056
noise_half,frozen_q,180,56.5,1.726157,0.7139473,1.723576,0.7148872,0.08357916,0.02594569
noise_half,frozen_q,180,57,1.741645,0.72059,1.739341,0.7214416,0.08036754,0.02036889
noise_half,frozen_q,180,57.5,1.757001,0.726719,1.754608,0.7276341,0.08116667,0.02403045
noise_half,frozen_q,180,58,1.772519,0.7328298,1.770318,0.7335605,0.07862875,0.02509151
noise_half,frozen_q,180,58.5,1.787539,0.7393614,1.785635,0.7399651,0.07394922,0.02265136
noise_half,frozen_q,180,59,1.80273,0.7452043,1.800898,0.7458542,0.07183576,0.02340069
noise_half,frozen_q,180,59.5,1.81835,0.751532,1.816412,0.7522827,0.07429373,0.02187672
noise_half,frozen_q,180,60,1.833622,0.7578546,1.831701,0.7586729,0.073127,0.023278
noise_half,frozen_q,360,0,0,0,0,0,0,0
noise_half,frozen_q,360,0.5,0.03280101,0.009428078,0.01527776,0.006422007,0.02840938,0.009214853
noise_half,frozen_q,360,1,0.06373146,0.01891093,0.03053089,0.01285484,0.05454419,0.01884151
noise_half,frozen_q,360,1.5,0.09140296,0.02467636,0.04579031,0.01928728,0.07676701,0.02491361
noise_half,frozen_q,360,2,0.1169872,0.02990425,0.0610714,0.02569052,0.09575561,0.03260129
noise_half,frozen_q,360,2.5,0.1364516,0.03496681,0.0763186,0.03208733,0.1073105,0.03923458
noise_half,frozen_q,360,3,0.1445996,0.04961181,0.09154498,0.03842889,0.1048208,0.05105689
noise_half,frozen_q,360,3.5,0.161288,0.05334926,0.1067862,0.04481764,0.1131509,0.05234563
noise_half,frozen_q,360,4,0.1761984,0.06389866,0.1220475,0.05123844,0.1174137,0.06282036
noise_half,frozen_q,360,4.5,0.1875022,0.06882584,0.1373634,0.057688,0.1194533,0.05945288
noise_half,frozen_q,360,5,0.1954283,0.07276031,0.1527174,0.06413172,0.1141834,0.05576154
noise_half,frozen_q,360,5.5,0.208762,0.07988765,0.1680217,0.07056743,0.1135963,0.06306506
noise_half,frozen_q,360,6,0.223638,0.08007083,0.1833123,0.07701285,0.1178767,0.05593218
noise_half,frozen_q,360,6.5,0.239023,0.08866637,0.1986477,0.08348512,0.1208692,0.06414681
noise_half,frozen_q,360,7,0.2582175,0.09335317,0.2139677,0.08992227,0.1281394,0.07306655
noise_half,frozen_q,360,7.5,0.2714634,0.09742752,0.2292566,0.09632885,0.1272553,0.07357123
noise_half,frozen_q,360,8,0.2771243,0.1003424,0.2445455,0.1026984,0.1178259,0.05289491
noise_half,frozen_q,360,8.5,0.2920534,0.1054221,0.2598524,0.1090582,0.1174915,0.05828074
noise_half,frozen_q,360,9,0.3016696,0.1074712,0.2751397,0.1154516,0.09931801,0.0628162
noise_half,frozen_q,360,9.5,0.313504,0.1151517,0.2904239,0.1218314,0.09748229,0.05555545
noise_half,frozen_q,360,10,0.3246884,0.1216077,0.3056925,0.1282268,0.09118478,0.04689242
noise_half,frozen_q,360,10.5,0.3378438,0.1269823,0.3210261,0.1346349,0.08701999,0.04111977
noise_half,frozen_q,360,11,0.3502485,0.1337953,0.3363983,0.1410495,0.08011448,0.03550799
noise_half,frozen_q,360,11.5,0.3634338,0.1417833,0.351729,0.1475078,0.07732431,0.02935343
noise_half,frozen_q,360,12,0.3784444,0.1491472,0.3670155,0.1540252,0.07775732,0.03353983
noise_half,frozen_q,360,12.5,0.3935845,0.1555505,0.3823037,0.1605333,0.07667974,0.03806718
noise_half,frozen_q,360,13,0.4060887,0.1645815,0.3975227,0.1671175,0.07422451,0.02460963
noise_half,frozen_q,360,13.5,0.4211659,0.1717171,0.4127253,0.1737753,0.07549295,0.02643412
noise_half,frozen_q,360,14,0.4357603,0.1787864,0.4279387,0.1803753,0.07346156,0.02932272
noise_half,frozen_q,360,14.5,0.4499656,0.1850612,0.4431759,0.1870891,0.06865146,0.02583661
noise_half,frozen_q,360,15,0.4654332,0.191449,0.4583397,0.1936995,0.06997625,0.02960475
noise_half,frozen_q,360,15.5,0.4800188,0.1982631,0.4735312,0.2002957,0.06903974,0.02616038
noise_half,frozen_q,360,16,0.4937225,0.2052823,0.4887298,0.2070565,0.06017015,0.02491311
noise_half,frozen_q,360,16.5,0.5098653,0.2117495,0.5039387,0.2137672,0.06677697,0.02778791
noise_half,frozen_q,360,17,0.5251628,0.2187064,0.5191766,0.2205414,0.06786682,0.03043637
noise_half,frozen_q,360,17.5,0.5408564,0.2259514,0.5344197,0.2272402,0.0724641,0.03426487
noise_half,frozen_q,360,18,0.5549467,0.2323253,0.5495644,0.233942,0.06617633,0.02990119
noise_half,frozen_q,360,18.5,0.5705653,0.2378801,0.5646555,0.2406423,0.06842629,0.02849061
noise_half,frozen_q,360,19,0.5849544,0.2450922,0.5797819,0.2473658,0.06634753,0.02425565
noise_half,frozen_q,360,19.5,0.6002401,0.2518778,0.5948849,0.2541892,0.06895513,0.02371102
noise_half,frozen_q,360,20,0.6155183,0.2581393,0.6100389,0.2610713,0.06664924,0.02950396
noise_half,frozen_q,360,20.5,0.6305664,0.2646082,0.6251637,0.2678481,0.06587119,0.02913619
noise_half,frozen_q,360,21,0.645436,0.2718383,0.6404585,0.2746798,0.0659269,0.02468643
noise_half,frozen_q,360,21.5,0.6616578,0.2775241,0.6556429,0.2814961,0.07029795,0.03030096
noise_half,frozen_q,360,22,0.6763321,0.2854007,0.6708122,0.2882182,0.07197142,0.02754489
noise_half,frozen_q,360,22.5,0.6915529,0.2925107,0.6858769,0.2950925,0.07348649,0.03206459
noise_half,frozen_q,360,23,0.7062378,0.2994437,0.7009771,0.3019131,0.07115033,0.03128391
noise_half,frozen_q,360,23.5,0.7204923,0.3073589,0.7159619,0.3086604,0.0696584,0.03067143
noise_half,frozen_q,360,24,0.7356976,0.3140883,0.7310075,0.3153845,0.0711596,0.03308742
noise_half,frozen_q,360,24.5,0.7496881,0.3216044,0.7460385,0.3221925,0.06545255,0.029292
noise_half,frozen_q,360,25,0.7649243,0.327827,0.7610758,0.3288568,0.06736428,0.02699876
noise_half,frozen_q,360,25.5,0.7800413,0.3338698,0.776074,0.3354433,0.06734522,0.02590684
noise_half,frozen_q,360,26,0.7947304,0.3406463,0.7911466,0.3420914,0.06499598,0.02343403
noise_half,frozen_q,360,26.5,0.8096456,0.3472235,0.8062813,0.3486789,0.06323136,0.02238423
noise_half,frozen_q,360,27,0.8248906,0.3537737,0.8213805,0.3555815,0.06461799,0.02012553
noise_half,frozen_q,360,27.5,0.8396421,0.361147,0.8364303,0.362195,0.06608098,0.01766189
noise_half,frozen_q,360,28,0.8548192,0.3679709,0.8515081,0.3689591,0.06819321,0.01799683
noise_half,frozen_q,360,28.5,0.8692307,0.3745666,0.8665701,0.3752366,0.06125354,0.02023606
noise_half,frozen_q,360,29,0.8840688,0.3812299,0.8813522,0.3817832,0.06237071,0.02305135
noise_half,frozen_q,360,29.5,0.8987536,0.3875752,0.8961895,0.3882197,0.0610256,0.02060563
noise_half,frozen_q,360,30,0.9136992,0.3946216,0.9111514,0.3950128,0.06188404,0.02353529
noise_half,frozen_q,360,30.5,0.928667,0.4012656,0.9262243,0.4014486,0.06210225,0.02372316
noise_half,frozen_q,360,31,0.9439736,0.4074828,0.9411862,0.4079001,0.06689045,0.02193696
noise_half,frozen_q,360,31.5,0.9589133,0.4143452,0.9560715,0.4147303,0.06779268,0.02390712
noise_half,frozen_q,360,32,0.9744907,0.4201809,0.9711979,0.4210908,0.0706592,0.02688774
noise_half,frozen_q,360,32.5,0.9894571,0.4266874,0.9862437,0.4274612,0.07215747,0.023266
noise_half,frozen_q,360,33,1.004714,0.4329548,1.00132,0.4340168,0.07411514,0.02156506
noise_half,frozen_q,360,33.5,1.019964,0.4399852,1.016589,0.4409546,0.07453125,0.0231269
noise_half,frozen_q,360,34,1.035102,0.4466275,1.031831,0.447328,0.07402459,0.02688705
noise_half,frozen_q,360,34.5,1.050229,0.4525524,1.046778,0.4535916,0.07600721,0.02437422
noise_half,frozen_q,360,35,1.065518,0.4580617,1.061975,0.4596277,0.07532081,0.0229603
noise_half,frozen_q,360,35.5,1.080074,0.4653378,1.077091,0.4664467,0.07185016,0.01749402
noise_half,frozen_q,360,36,1.094262,0.4723427,1.092183,0.4727964,0.06042923,0.02259551
noise_half,frozen_q,360,36.5,1.109359,0.4786151,1.107467,0.4790503,0.05781748,0.02187118
noise_half,frozen_q,360,37,1.124157,0.484975,1.122734,0.4852567,0.05137344,0.01771729
noise_half,frozen_q,360,37.5,1.139285,0.4911597,1.137795,0.4913778,0.05248938,0.02136541
noise_half,frozen_q,360,38,1.154306,0.4970722,1.15299,0.497394,0.04957184,0.0170145
noise_half,frozen_q,360,38.5,1.16937,0.5030936,1.168156,0.5033868,0.04858864,0.01439405
noise_half,frozen_q,360,39,1.184504,0.5092859,1.183442,0.5095127,0.04575023,0.01458271
noise_half,frozen_q,360,39.5,1.199882,0.5148918,1.198718,0.5152947,0.04685158,0.01458328
noise_half,frozen_q,360,40,1.215231,0.5209446,1.214018,0.5213868,0.04775957,0.01545667
noise_half,frozen_q,360,40.5,1.230737,0.5270962,1.229469,0.5275444,0.04894411,0.01702933
noise_half,frozen_q,360,41,1.246125,0.5331598,1.244852,0.5336384,0.05014835,0.01341302
noise_half,frozen_q,360,41.5,1.261407,0.5390249,1.260072,0.5395636,0.05093205,0.01522
noise_half,frozen_q,360,42,1.276772,0.5449869,1.275386,0.5455974,0.05158343,0.01601801
noise_half,frozen_q,360,42.5,1.291649,0.5511718,1.290359,0.5517281,0.05072693,0.01356346
noise_half,frozen_q,360,43,1.306992,0.5570573,1.305658,0.5575743,0.0522634,0.01474192
noise_half,frozen_q,360,43.5,1.322288,0.5630578,1.321072,0.5635642,0.04950638,0.01523377
noise_half,frozen_q,360,44,1.337657,0.5689783,1.33638,0.5695038,0.05141642,0.01465788
noise_half,frozen_q,360,44.5,1.353623,0.5746777,1.352321,0.5753091,0.0513206,0.01452548
noise_half,frozen_q,360,45,1.369096,0.5804219,1.367797,0.5809637,0.05272612,0.01371049
noise_half,frozen_q,360,45.5,1.384543,0.5861051,1.383267,0.5866231,0.05164144,0.01744589
noise_half,frozen_q,360,46,1.40023,0.5921897,1.398772,0.5926754,0.05608531,0.02023958
noise_half,frozen_q,360,46.5,1.415729,0.5977622,1.414252,0.5982378,0.05713009,0.01989232
noise_half,frozen_q,360,47,1.43126,0.6036056,1.429882,0.6040146,0.05548675,0.02043523
noise_half,frozen_q,360,47.5,1.446704,0.6095591,1.445252,0.6100436,0.05738963,0.01901697
noise_half,frozen_q,360,48,1.461316,0.6153425,1.460048,0.6157754,0.05320898,0.01965948
noise_half,frozen_q,360,48.5,1.476938,0.6206492,1.475672,0.6210526,0.05256664,0.02293633
noise_half,frozen_q,360,49,1.492727,0.6263607,1.491312,0.6270589,0.05395283,0.02248511
noise_half,frozen_q,360,49.5,1.507657,0.6316335,1.506327,0.6321514,0.05450545,0.02093918
noise_half,frozen_q,360,50,1.523149,0.6367651,1.521594,0.6374461,0.05839901,0.02296607
noise_half,frozen_q,360,50.5,1.53901,0.6431036,1.537474,0.6438516,0.05621053,0.02619286
noise_half,frozen_q,360,51,1.554279,0.6491029,1.55301,0.6496375,0.05244638,0.02369207
noise_half,frozen_q,360,51.5,1.569412,0.6548486,1.56811,0.6554734,0.05305978,0.02274815
noise_half,frozen_q,360,52,1.584943,0.6602916,1.583535,0.661165,0.05545762,0.01751049
noise_half,frozen_q,360,52.5,1.600676,0.6663115,1.599296,0.6671089,0.05470555,0.020909
noise_half,frozen_q,360,53,1.616061,0.6724884,1.614876,0.6731911,0.0503249,0.02044606
noise_half,frozen_q,360,53.5,1.63099,0.6786212,1.630092,0.6790693,0.04615267,0.01522447
noise_half,frozen_q,360,54,1.646932,0.6848336,1.645866,0.6853341,0.04991173,0.01967449
noise_half,frozen_q,360,54.5,1.662721,0.6908679,1.661651,0.6914453,0.05002002,0.01768964
noise_half,frozen_q,360,55,1.678693,0.6967216,1.677448,0.697544,0.05217566,0.01961344
noise_half,frozen_q,360,55.5,1.694016,0.7023109,1.692642,0.7033157,0.05367553,0.02130503
noise_half,frozen_q,360,56,1.709139,0.7085593,1.70798,0.709302,0.05117751,0.01897541
noise_half,frozen_q,360,56.5,1.724479,0.7149706,1.723405,0.7155512,0.05068675,0.01905643
noise_half,frozen_q,360,57,1.740228,0.7212751,1.739135,0.7219272,0.05030465,0.01991433
noise_half,frozen_q,360,57.5,1.756008,0.7275052,1.754762,0.7281547,0.05535564,0.02074884
noise_half,frozen_q,360,58,1.77144,0.7335263,1.770215,0.7340678,0.05570095,0.02250409
noise_half,frozen_q,360,58.5,1.787121,0.7395727,1.785758,0.740216,0.05868232,0.02343836
noise_half,frozen_q,360,59,1.802551,0.7455725,1.801139,0.7462699,0.05914562,0.02512356
noise_half,frozen_q,360,59.5,1.817815,0.7517001,1.816271,0.7526508,0.05987742,0.02649293
noise_half,frozen_q,360,60,1.833147,0.7580523,1.83153,0.7590087,0.06194371,0.02734419
noise_half,frozen_q,720,0,0,0,0,0,0,0
noise_half,frozen_q,720,0.5,0.03213461,0.009701258,0.01527776,0.006422008,0.02762997,0.009516561
noise_half,frozen_q,720,1,0.06265706,0.01829013,0.03053089,0.01285484,0.05353047,0.017444
noise_half,frozen_q,720,1.5,0.0844255,0.02566746,0.04579024,0.01928734,0.06899317,0.02391512
noise_half,frozen_q,720,2,0.1036291,0.03234196,0.06107116,0.02569058,0.08040914,0.030956
noise_half,frozen_q,720,2.5,0.1224742,0.03750204,0.07631864,0.0320871,0.08999954,0.0388446
noise_half,frozen_q,720,3,0.1347495,0.04596219,0.09154497,0.03842833,0.09281576,0.04311778
noise_half,frozen_q,720,3.5,0.1486476,0.0539748,0.1067867,0.04481664,0.09472002,0.05211669
noise_half,frozen_q,720,4,0.162908,0.05822511,0.1220486,0.05123726,0.09782713,0.05428657
noise_half,frozen_q,720,4.5,0.1752165,0.06547064,0.1373615,0.05768688,0.09686839,0.05947004
noise_half,frozen_q,720,5,0.1890899,0.06391407,0.1527147,0.06413093,0.1019631,0.04600197
noise_half,frozen_q,720,5.5,0.2117751,0.07178412,0.1680269,0.07057003,0.1137542,0.06357631
noise_half,frozen_q,720,6,0.2205294,0.08004856,0.1833138,0.07701635,0.109133,0.06131632
noise_half,frozen_q,720,6.5,0.2301814,0.08386711,0.1986468,0.0834932,0.09890353,0.06324962
noise_half,frozen_q,720,7,0.2442565,0.09242227,0.2139644,0.08991788,0.09676213,0.07219392
noise_half,frozen_q,720,7.5,0.2553158,0.09729717,0.2292652,0.09632111,0.09196923,0.06762762
noise_half,frozen_q,720,8,0.2673887,0.1070212,0.2445615,0.1026959,0.08632795,0.07323805
noise_half,frozen_q,720,8.5,0.2746081,0.1139613,0.2598698,0.1090475,0.0748566,0.05907028
noise_half,frozen_q,720,9,0.2863682,0.1176002,0.2751716,0.115442,0.06779259,0.04778602
noise_half,frozen_q,720,9.5,0.3014633,0.125415,0.2904497,0.121829,0.06956294,0.05152832
noise_half,frozen_q,720,10,0.3158981,0.1290568,0.3057177,0.1282051,0.07147295,0.03877164
noise_half,frozen_q,720,10.5,0.3294522,0.1336074,0.3210695,0.134578,0.06733447,0.0265945
noise_half,frozen_q,720,11,0.3436095,0.1396013,0.3364473,0.1410124,0.06270947,0.02432427
noise_half,frozen_q,720,11.5,0.3589528,0.1462185,0.3517441,0.1474618,0.06160366,0.0321393
noise_half,frozen_q,720,12,0.3732619,0.1532498,0.3670434,0.153961,0.05900618,0.03102232
noise_half,frozen_q,720,12.5,0.3872633,0.1604712,0.3822773,0.1605423,0.05440284,0.03001149
noise_half,frozen_q,720,13,0.4022661,0.1662064,0.3974913,0.1671115,0.05540963,0.02204782
noise_half,frozen_q,720,13.5,0.4180006,0.1731025,0.4127037,0.1736878,0.05960096,0.02625954
noise_half,frozen_q,720,14,0.4334966,0.1799366,0.4279478,0.1802732,0.06226959,0.02878945
noise_half,frozen_q,720,14.5,0.4481434,0.1871119,0.4431831,0.1868457,0.06055711,0.02988803
noise_half,frozen_q,720,15,0.4634689,0.1930275,0.4583921,0.1934703,0.05812738,0.03462312
noise_half,frozen_q,720,15.5,0.4787914,0.1992595,0.4735574,0.2000017,0.06159445,0.03093553
noise_half,frozen_q,720,16,0.4937559,0.2065444,0.4887777,0.2066585,0.06121938,0.03400739
noise_half,frozen_q,720,16.5,0.5090226,0.2125779,0.5040081,0.2133553,0.06334042,0.02815817
noise_half,frozen_q,720,17,0.5232484,0.2194948,0.5192069,0.2200449,0.05570712,0.03043732
noise_half,frozen_q,720,17.5,0.5376658,0.2267494,0.5342172,0.2268254,0.05426548,0.02750993
noise_half,frozen_q,720,18,0.5529378,0.233167,0.5492553,0.2335294,0.05550564,0.02933043
noise_half,frozen_q,720,18.5,0.5682776,0.2405016,0.5643841,0.2403236,0.0594626,0.03171557
noise_half,frozen_q,720,19,0.5836655,0.2470161,0.5796221,0.2470421,0.06205899,0.02973835
noise_half,frozen_q,720,19.5,0.5996897,0.2530161,0.5947537,0.2537818,0.06856581,0.02948399
noise_half,frozen_q,720,20,0.6134196,0.2602785,0.6097654,0.2606586,0.06203134,0.02136561
noise_half,frozen_q,720,20.5,0.628086,0.2670456,0.624914,0.2674787,0.0587076,0.01800418
noise_half,frozen_q,720,21,0.6424173,0.2740135,0.6399582,0.2742277,0.05213432,0.0184659
noise_half,frozen_q,720,21.5,0.6574285,0.2808778,0.6551291,0.2810618,0.04967091,0.02182909
noise_half,frozen_q,720,22,0.6731838,0.2876628,0.6702457,0.2878266,0.05727997,0.02463339
noise_half,frozen_q,720,22.5,0.6881976,0.294263,0.6855498,0.2946475,0.05430256,0.02232568
noise_half,frozen_q,720,23,0.7029042,0.3006726,0.700466,0.3013723,0.05132244,0.02019456
noise_half,frozen_q,720,23.5,0.718104,0.3071064,0.715442,0.308153,0.05255953,0.02156916
noise_half,frozen_q,720,24,0.7330046,0.3139956,0.7304692,0.3149936,0.05061783,0.0241028
noise_half,frozen_q,720,24.5,0.7476345,0.3209658,0.7455029,0.3216587,0.04989476,0.01686605
noise_half,frozen_q,720,25,0.7630115,0.3274399,0.7605973,0.3284303,0.05235461,0.01835691
noise_half,frozen_q,720,25.5,0.7779053,0.3346898,0.7756864,0.3351471,0.05107252,0.02401309
noise_half,frozen_q,720,26,0.7932903,0.3411184,0.7908587,0.3417971,0.05138183,0.02850092
noise_half,frozen_q,720,26.5,0.8083029,0.3479645,0.8058854,0.3484976,0.05368055,0.02651621
noise_half,frozen_q,720,27,0.8231869,0.3550159,0.8210466,0.3553854,0.05036969,0.02777108
noise_half,frozen_q,720,27.5,0.8381333,0.3616888,0.8361992,0.3621172,0.04945447,0.02289577
noise_half,frozen_q,720,28,0.8532417,0.3683033,0.8511555,0.3688144,0.05153002,0.02389554
noise_half,frozen_q,720,28.5,0.8682641,0.3748733,0.8662061,0.3753392,0.05090235,0.02608683
noise_half,frozen_q,720,29,0.8831541,0.3816505,0.8810394,0.3820029,0.05408864,0.0240501
noise_half,frozen_q,720,29.5,0.8981933,0.3882081,0.8962011,0.3884733,0.05298688,0.02452537
noise_half,frozen_q,720,30,0.9135029,0.3953733,0.9112001,0.3955243,0.05788044,0.02787938
noise_half,frozen_q,720,30.5,0.9280848,0.4016406,0.9259308,0.401794,0.05653029,0.0267693
noise_half,frozen_q,720,31,0.9430292,0.4083401,0.9410021,0.4085886,0.05602227,0.02265922
noise_half,frozen_q,720,31.5,0.9580665,0.4142706,0.9559486,0.4148442,0.05487445,0.02493203
noise_half,frozen_q,720,32,0.9730512,0.4207669,0.9708527,0.4213236,0.05455759,0.02994312
noise_half,frozen_q,720,32.5,0.9882194,0.4273251,0.9862139,0.4277857,0.05410934,0.0263138
noise_half,frozen_q,720,33,1.003967,0.4331716,1.001294,0.4341298,0.06217634,0.02721651
noise_half,frozen_q,720,33.5,1.019309,0.4395633,1.016652,0.4409274,0.05999705,0.02652295
noise_half,frozen_q,720,34,1.033778,0.4467171,1.031559,0.4473434,0.05944916,0.02332744
noise_half,frozen_q,720,34.5,1.048476,0.452878,1.046573,0.4537662,0.0520638,0.02321139
noise_half,frozen_q,720,35,1.064056,0.4586664,1.061775,0.4600096,0.05520291,0.02573246
noise_half,frozen_q,720,35.5,1.079452,0.4654313,1.077217,0.4665335,0.05961953,0.01747542
noise_half,frozen_q,720,36,1.093889,0.4714083,1.092036,0.472312,0.05496104,0.01523874
noise_half,frozen_q,720,36.5,1.108527,0.4781685,1.106965,0.478568,0.05352501,0.01567755
noise_half,frozen_q,720,37,1.123693,0.4848796,1.121963,0.4850349,0.05723723,0.02215681
noise_half,frozen_q,720,37.5,1.139014,0.4911743,1.137543,0.4912278,0.05316209,0.0223365
noise_half,frozen_q,720,38,1.154042,0.4973075,1.152707,0.4974529,0.05118936,0.01844303
noise_half,frozen_q,720,38.5,1.169006,0.5035807,1.167921,0.5035718,0.04716331,0.01834105
noise_half,frozen_q,720,39,1.184121,0.5092965,1.183217,0.5095606,0.04097851,0.01470922
noise_half,frozen_q,720,39.5,1.199487,0.5154154,1.198653,0.5158034,0.03906429,0.00993386
noise_half,frozen_q,720,40,1.215064,0.5215873,1.214329,0.5219292,0.0367579,0.01007878
noise_half,frozen_q,720,40.5,1.22986,0.5275154,1.229118,0.527881,0.03724039,0.008637437
noise_half,frozen_q,720,41,1.245092,0.5336235,1.244353,0.5339941,0.0370906,0.009518357
noise_half,frozen_q,720,41.5,1.261111,0.5396854,1.260326,0.5400589,0.03858622,0.01060815
noise_half,frozen_q,720,42,1.276437,0.5454633,1.275682,0.5458118,0.03856164,0.009080138
noise_half,frozen_q,720,42.5,1.291568,0.5513119,1.290858,0.5515857,0.03845361,0.00845842
noise_half,frozen_q,720,43,1.306785,0.5572068,1.306007,0.5574963,0.04013529,0.0109916
noise_half,frozen_q,720,43.5,1.322352,0.5631347,1.321442,0.5634889,0.04359827,0.01152958
noise_half,frozen_q,720,44,1.337692,0.5690086,1.336798,0.5693838,0.04282977,0.01260117
noise_half,frozen_q,720,44.5,1.352719,0.5750225,1.351787,0.5754745,0.04212016,0.01636735
noise_half,frozen_q,720,45,1.368022,0.5804493,1.367147,0.5808839,0.04157523,0.01394943
noise_half,frozen_q,720,45.5,1.3834,0.5861514,1.382441,0.586716,0.04248866,0.01509648
noise_half,frozen_q,720,46,1.398948,0.5921381,1.398131,0.5926305,0.03989672,0.01216791
noise_half,frozen_q,720,46.5,1.414161,0.5972128,1.413307,0.5976573,0.0418258,0.01294315
noise_half,frozen_q,720,47,1.429712,0.6028752,1.428813,0.6033301,0.04368297,0.01207608
noise_half,frozen_q,720,47.5,1.444779,0.6089282,1.444056,0.609384,0.03840883,0.009569215
noise_half,frozen_q,720,48,1.459851,0.614929,1.459171,0.6153793,0.03659256,0.01119128
noise_half,frozen_q,720,48.5,1.475533,0.6203463,1.474886,0.6206205,0.03876286,0.009289651
noise_half,frozen_q,720,49,1.49096,0.6262327,1.49035,0.6264382,0.03844156,0.01011378
noise_half,frozen_q,720,49.5,1.506603,0.632002,1.505946,0.632245,0.03970421,0.01081735
noise_half,frozen_q,720,50,1.522596,0.6378057,1.521838,0.6381427,0.04238931,0.01031037
noise_half,frozen_q,720,50.5,1.538244,0.6432199,1.537542,0.643531,0.04100491,0.01004532
noise_half,frozen_q,720,51,1.553477,0.6490966,1.552781,0.6494483,0.04058274,0.0092036
noise_half,frozen_q,720,51.5,1.569416,0.6546964,1.568773,0.6550631,0.03818896,0.01050543
noise_half,frozen_q,720,52,1.585473,0.6606022,1.584712,0.6611046,0.04004929,0.01368786
noise_half,frozen_q,720,52.5,1.600976,0.6665332,1.60008,0.6671171,0.04282982,0.01758489
noise_half,frozen_q,720,53,1.616287,0.6723783,1.615391,0.6728673,0.04432543,0.01798589
noise_half,frozen_q,720,53.5,1.631467,0.6783182,1.630594,0.6785938,0.04624298,0.01929795
noise_half,frozen_q,720,54,1.646437,0.6844616,1.645595,0.6846364,0.04760283,0.01702438
noise_half,frozen_q,720,54.5,1.662505,0.690765,1.661764,0.6910332,0.04388098,0.01397372
noise_half,frozen_q,720,55,1.678346,0.6965283,1.677567,0.6968285,0.04478122,0.01490205
noise_half,frozen_q,720,55.5,1.694014,0.7017303,1.693279,0.7021167,0.04173923,0.015652
noise_half,frozen_q,720,56,1.709448,0.7079187,1.708876,0.7081485,0.03857745,0.01287178
noise_half,frozen_q,720,56.5,1.724604,0.7139938,1.724084,0.7141578,0.03817938,0.01094387
noise_half,frozen_q,720,57,1.740333,0.7203286,1.739707,0.7205272,0.04204395,0.01207821
noise_half,frozen_q,720,57.5,1.755554,0.7266277,1.754903,0.7268304,0.04304381,0.01264083
noise_half,frozen_q,720,58,1.771548,0.7325443,1.77092,0.7326295,0.04239551,0.01795601
noise_half,frozen_q,720,58.5,1.786598,0.738511,1.785906,0.738657,0.04465501,0.0170199
noise_half,frozen_q,720,59,1.801865,0.744354,1.801199,0.7446214,0.04340426,0.01195799
noise_half,frozen_q,720,59.5,1.817301,0.7505754,1.816654,0.7507778,0.04353884,0.01326877
noise_half,frozen_q,720,60,1.832669,0.7567637,1.832057,0.7569807,0.04168605,0.01428933
noise_half,frozen_q,3600,0,0,0,0,0,0,0
noise_half,frozen_q,3600,0.5,0.03013291,0.009716509,0.01527776,0.006422007,0.02538339,0.009221014
noise_half,frozen_q,3600,1,0.05541804,0.0151617,0.03053089,0.01285485,0.04492545,0.013846
noise_half,frozen_q,3600,1.5,0.07326103,0.02482875,0.04579025,0.01928732,0.05444746,0.0238007
noise_half,frozen_q,3600,2,0.08999642,0.02961772,0.0610714,0.02569063,0.06143147,0.02905811
noise_half,frozen_q,3600,2.5,0.1058761,0.03772156,0.07631862,0.0320875,0.06623969,0.03799125
noise_half,frozen_q,3600,3,0.1205091,0.04347752,0.09154507,0.03842877,0.06959875,0.04218777
noise_half,frozen_q,3600,3.5,0.135488,0.04717853,0.1067874,0.0448171,0.0723159,0.04507598
noise_half,frozen_q,3600,4,0.1553908,0.05655679,0.1220513,0.05123587,0.08466537,0.05258013
noise_half,frozen_q,3600,4.5,0.1612296,0.05836147,0.1373657,0.05768527,0.07531859,0.04009603
noise_half,frozen_q,3600,5,0.1723108,0.06501408,0.1527218,0.06412974,0.0690695,0.04236394
noise_half,frozen_q,3600,5.5,0.1894734,0.06864416,0.1680292,0.07056196,0.07317664,0.04654271
noise_half,frozen_q,3600,6,0.1983677,0.07452746,0.1833194,0.07700654,0.06527215,0.03443338
noise_half,frozen_q,3600,6.5,0.2069898,0.08370745,0.1986498,0.08348649,0.05031723,0.03054481
noise_half,frozen_q,3600,7,0.2220013,0.08697534,0.2139677,0.08990901,0.04767698,0.0278408
noise_half,frozen_q,3600,7.5,0.2370994,0.09353117,0.2292671,0.09630872,0.04821568,0.02950528
noise_half,frozen_q,3600,8,0.2505318,0.1007535,0.2445587,0.1026876,0.04496952,0.02430425
noise_half,frozen_q,3600,8.5,0.2640028,0.1081173,0.2598743,0.1090523,0.0383003,0.0230099
noise_half,frozen_q,3600,9,0.2784479,0.1136422,0.2751437,0.1154768,0.03126407,0.02182202
noise_half,frozen_q,3600,9.5,0.2935875,0.1206247,0.2904305,0.1218814,0.03215824,0.02339757
noise_half,frozen_q,3600,10,0.3094869,0.1259125,0.3057318,0.128266,0.03256749,0.02677858
noise_half,frozen_q,3600,10.5,0.3236175,0.1330016,0.321064,0.1346612,0.02804002,0.02147084
noise_half,frozen_q,3600,11,0.3383761,0.139965,0.3364677,0.1410639,0.02616701,0.01805622
noise_half,frozen_q,3600,11.5,0.3536818,0.1465015,0.3518075,0.1474762,0.02832691,0.01614613
noise_half,frozen_q,3600,12,0.3693142,0.1526017,0.3671649,0.1538764,0.02984007,0.01839301
noise_half,frozen_q,3600,12.5,0.3843562,0.1591077,0.3823806,0.1603666,0.02979313,0.01606186
noise_half,frozen_q,3600,13,0.3990915,0.1659825,0.3975307,0.1669529,0.02801629,0.01263023
noise_half,frozen_q,3600,13.5,0.4142021,0.1728329,0.4127225,0.1735956,0.0289762,0.01182748
noise_half,frozen_q,3600,14,0.4294554,0.1794222,0.4280192,0.1802055,0.02826323,0.0131798
noise_half,frozen_q,3600,14.5,0.4446391,0.1862636,0.4432077,0.1868744,0.0303495,0.01184237
noise_half,frozen_q,3600,15,0.4597175,0.1929582,0.4584996,0.193414,0.02921052,0.01014054
noise_half,frozen_q,3600,15.5,0.4749812,0.1994899,0.473628,0.2000527,0.03128587,0.009799254
noise_half,frozen_q,3600,16,0.4899453,0.2065069,0.488754,0.2068221,0.03052154,0.01079099
noise_half,frozen_q,3600,16.5,0.5054885,0.2129955,0.5039925,0.2135652,0.03314074,0.01380382
noise_half,frozen_q,3600,17,0.5207982,0.2199095,0.5191857,0.2203974,0.03423517,0.01779525
noise_half,frozen_q,3600,17.5,0.5357997,0.2266111,0.5343018,0.2271541,0.0344047,0.01395812
noise_half,frozen_q,3600,18,0.5508379,0.2334298,0.5494347,0.2339271,0.03346457,0.01462805
noise_half,frozen_q,3600,18.5,0.5660047,0.240319,0.564521,0.2407162,0.03423423,0.01846324
noise_half,frozen_q,3600,19,0.5814773,0.2470064,0.5797819,0.2474764,0.03734791,0.01928027
noise_half,frozen_q,3600,19.5,0.5969051,0.2538455,0.5948021,0.254215,0.04214336,0.02409683
noise_half,frozen_q,3600,20,0.6116208,0.2605016,0.6098659,0.2610719,0.03899608,0.01892589
noise_half,frozen_q,3600,20.5,0.6265858,0.2675563,0.6249043,0.2679327,0.03799259,0.02222818
noise_half,frozen_q,3600,21,0.6413396,0.2744284,0.6400653,0.2748341,0.0347078,0.01509782
noise_half,frozen_q,3600,21.5,0.6563257,0.2811479,0.6551627,0.281865,0.03119506,0.01332099
noise_half,frozen_q,3600,22,0.6716366,0.2876877,0.6702795,0.2885961,0.03279694,0.01616001
noise_half,frozen_q,3600,22.5,0.6868302,0.2943449,0.6854928,0.2953137,0.03289479,0.01488972
noise_half,frozen_q,3600,23,0.7015832,0.3012659,0.7004629,0.3020355,0.02986717,0.01581159
noise_half,frozen_q,3600,23.5,0.7166233,0.3082441,0.7154991,0.3089014,0.03116546,0.01632646
noise_half,frozen_q,3600,24,0.7316243,0.3148904,0.7304224,0.3158334,0.0306659,0.01627977
noise_half,frozen_q,3600,24.5,0.7465322,0.3217618,0.7454458,0.3224325,0.03223101,0.01343701
noise_half,frozen_q,3600,25,0.7615174,0.3285602,0.7604315,0.3291748,0.03275443,0.01435399
noise_half,frozen_q,3600,25.5,0.776311,0.3355719,0.7755035,0.3357648,0.02973147,0.01609861
noise_half,frozen_q,3600,26,0.7915171,0.3421547,0.7907717,0.3424085,0.02940166,0.01255887
noise_half,frozen_q,3600,26.5,0.8064504,0.3489861,0.8058346,0.3491022,0.02782138,0.01221545
noise_half,frozen_q,3600,27,0.8215071,0.355426,0.820795,0.3555657,0.02992352,0.01375269
noise_half,frozen_q,3600,27.5,0.8367127,0.3620255,0.8359661,0.3623456,0.03035618,0.01062014
noise_half,frozen_q,3600,28,0.8516589,0.3684254,0.8508429,0.3688644,0.02932923,0.01527213
noise_half,frozen_q,3600,28.5,0.8666291,0.3747175,0.8657883,0.375144,0.03034209,0.01563569
noise_half,frozen_q,3600,29,0.8817504,0.3815109,0.880746,0.3819447,0.03417919,0.01739678
noise_half,frozen_q,3600,29.5,0.8969292,0.3879529,0.895829,0.3884362,0.03615023,0.01803945
noise_half,frozen_q,3600,30,0.9121131,0.3949376,0.9110029,0.3954365,0.03767589,0.01555702
noise_half,frozen_q,3600,30.5,0.9270821,0.4012616,0.9258122,0.4018085,0.04086162,0.01674122
noise_half,frozen_q,3600,31,0.9418886,0.4080795,0.9405842,0.4086647,0.04161721,0.01684474
noise_half,frozen_q,3600,31.5,0.9565601,0.4146599,0.9553368,0.4150886,0.04107463,0.01817503
noise_half,frozen_q,3600,32,0.9710663,0.421586,0.9702642,0.4219152,0.03387343,0.01239531
noise_half,frozen_q,3600,32.5,0.9863777,0.4282897,0.9855371,0.428418,0.03564686,0.01724388
noise_half,frozen_q,3600,33,1.001823,0.4350144,1.000496,0.4351994,0.04452301,0.02342706
noise_half,frozen_q,3600,33.5,1.016759,0.4418722,1.015967,0.4419384,0.03493596,0.01877669
noise_half,frozen_q,3600,34,1.031589,0.4479401,1.030956,0.4480968,0.03250175,0.01100407
noise_half,frozen_q,3600,34.5,1.046671,0.4543603,1.046071,0.4545969,0.03054674,0.01117993
noise_half,frozen_q,3600,35,1.06176,0.4606073,1.061047,0.4609981,0.03216536,0.01206531
noise_half,frozen_q,3600,35.5,1.077028,0.4673241,1.076447,0.4674946,0.03130037,0.01121987
noise_half,frozen_q,3600,36,1.092531,0.4736252,1.091863,0.4737859,0.03397688,0.0129973
noise_half,frozen_q,3600,36.5,1.107429,0.4800573,1.106994,0.4801711,0.026927,0.01185979
noise_half,frozen_q,3600,37,1.122596,0.4863174,1.122095,0.4865103,0.02782976,0.01340315
noise_half,frozen_q,3600,37.5,1.138043,0.4926653,1.137426,0.4929489,0.03076279,0.01417143
noise_half,frozen_q,3600,38,1.153097,0.4986027,1.152641,0.4988514,0.02708143,0.009270264
noise_half,frozen_q,3600,38.5,1.168224,0.5045954,1.167858,0.5047491,0.02510078,0.009147609
noise_half,frozen_q,3600,39,1.183518,0.5109082,1.1832,0.5110049,0.02396993,0.009505958
noise_half,frozen_q,3600,39.5,1.19873,0.5166212,1.198415,0.516753,0.02314584,0.009749991
noise_half,frozen_q,3600,40,1.214196,0.5223442,1.213877,0.5224801,0.02302092,0.01075922
noise_half,frozen_q,3600,40.5,1.229201,0.5285645,1.228927,0.5286742,0.02218683,0.008632951
noise_half,frozen_q,3600,41,1.244422,0.5346057,1.244114,0.5347548,0.02353995,0.007886683
noise_half,frozen_q,3600,41.5,1.259956,0.5407077,1.259664,0.5408349,0.02337281,0.007812557
noise_half,frozen_q,3600,42,1.275273,0.5466782,1.274963,0.5468147,0.02411423,0.008473443
noise_half,frozen_q,3600,42.5,1.290217,0.5529341,1.289928,0.5530776,0.0234324,0.006847142
noise_half,frozen_q,3600,43,1.305687,0.5588552,1.305397,0.559028,0.022991,0.006890949
noise_half,frozen_q,3600,43.5,1.320886,0.565132,1.320616,0.5652372,0.02340169,0.007512934
noise_half,frozen_q,3600,44,1.336106,0.571025,1.335809,0.5711043,0.02505152,0.009084315
noise_half,frozen_q,3600,44.5,1.351464,0.5773286,1.351168,0.5773806,0.02598653,0.008369105
noise_half,frozen_q,3600,45,1.367024,0.5831352,1.366772,0.5831731,0.02412869,0.008295781
noise_half,frozen_q,3600,45.5,1.382623,0.5890011,1.382314,0.5890107,0.02753558,0.009521134
noise_half,frozen_q,3600,46,1.398213,0.5950067,1.397949,0.595022,0.02562028,0.00830902
noise_half,frozen_q,3600,46.5,1.413344,0.6002598,1.413046,0.6003554,0.02537387,0.00964455
noise_half,frozen_q,3600,47,1.428909,0.6059783,1.428559,0.6060992,0.0273915,0.01076389
noise_half,frozen_q,3600,47.5,1.444149,0.6117938,1.443701,0.6120093,0.0278607,0.01670836
noise_half,frozen_q,3600,48,1.459434,0.6175611,1.458984,0.6177167,0.03043834,0.01464606
noise_half,frozen_q,3600,48.5,1.475123,0.622551,1.474657,0.6227176,0.03024646,0.01667797
noise_half,frozen_q,3600,49,1.490594,0.6293496,1.490159,0.6295523,0.02887378,0.01519462
noise_half,frozen_q,3600,49.5,1.505949,0.6349707,1.505512,0.6351383,0.03022059,0.01443782
noise_half,frozen_q,3600,50,1.521585,0.6405816,1.521144,0.6408475,0.0278704,0.01598134
noise_half,frozen_q,3600,50.5,1.537812,0.6462376,1.537348,0.6465227,0.02947575,0.01481871
noise_half,frozen_q,3600,51,1.552903,0.6516169,1.552386,0.6519108,0.03174657,0.01569965
noise_half,frozen_q,3600,51.5,1.568604,0.657265,1.568178,0.6574516,0.02940838,0.01588092
noise_half,frozen_q,3600,52,1.584075,0.663458,1.583698,0.6636426,0.02807331,0.01357568
noise_half,frozen_q,3600,52.5,1.599276,0.6693832,1.598865,0.6695688,0.03036837,0.01281537
noise_half,frozen_q,3600,53,1.615158,0.6752864,1.614723,0.6754419,0.03060663,0.01672218
noise_half,frozen_q,3600,53.5,1.630145,0.6810019,1.629652,0.6812173,0.03374033,0.01415603
noise_half,frozen_q,3600,54,1.645485,0.6869053,1.644973,0.6871414,0.03481787,0.01316682
noise_half,frozen_q,3600,54.5,1.661341,0.6928759,1.660954,0.6930674,0.03045376,0.01067938
noise_half,frozen_q,3600,55,1.677135,0.6986787,1.676623,0.6990237,0.03364265,0.01163744
noise_half,frozen_q,3600,55.5,1.692601,0.7043438,1.692159,0.7046111,0.03040127,0.01495738
noise_half,frozen_q,3600,56,1.708366,0.7104598,1.707891,0.7107175,0.03278461,0.01450618
noise_half,frozen_q,3600,56.5,1.723596,0.7165211,1.723143,0.7167809,0.03210774,0.01365748
noise_half,frozen_q,3600,57,1.738712,0.7227883,1.738295,0.7229774,0.03290214,0.01058848
noise_half,frozen_q,3600,57.5,1.7539,0.7292014,1.753463,0.7293506,0.03422957,0.01274572
noise_half,frozen_q,3600,58,1.769584,0.7353175,1.769125,0.7355771,0.03332764,0.01263291
noise_half,frozen_q,3600,58.5,1.784798,0.741626,1.784506,0.7417824,0.02671723,0.01061703
noise_half,frozen_q,3600,59,1.800684,0.7480097,1.80027,0.7483197,0.02948855,0.0137425
noise_half,frozen_q,3600,59.5,1.81579,0.754141,1.815343,0.7544221,0.03161635,0.01529223
noise_half,frozen_q,3600,60,1.831289,0.7599918,1.830799,0.7602756,0.03395267,0.01551555
noise_half,white_rescaled_q,0,0,0,0,0,0,0,0
noise_half,white_rescaled_q,0,0.5,0.03297281,0.00919334,0.01527776,0.006422008,0.0285983,0.009005526
noise_half,white_rescaled_q,0,1,0.06594646,0.0184125,0.0305309,0.01285484,0.05720825,0.01803797
noise_half,white_rescaled_q,0,1.5,0.09890819,0.02757292,0.0457903,0.01928731,0.08580049,0.02701279
noise_half,white_rescaled_q,0,2,0.1318451,0.03672749,0.06107132,0.02569048,0.1143514,0.03600631
noise_half,white_rescaled_q,0,2.5,0.1647601,0.04589975,0.07631865,0.03208705,0.1428929,0.04502996
noise_half,white_rescaled_q,0,3,0.1976565,0.05511168,0.09154509,0.03842851,0.1714343,0.05409946
noise_half,white_rescaled_q,0,3.5,0.2305856,0.06436615,0.1067868,0.04481699,0.2000006,0.06319359
noise_half,white_rescaled_q,0,4,0.2635258,0.07360351,0.1220486,0.05123778,0.2285684,0.07224989
noise_half,white_rescaled_q,0,4.5,0.2964262,0.08281667,0.1373627,0.05768812,0.2570656,0.08124958
noise_half,white_rescaled_q,0,5,0.3293422,0.091979,0.1527165,0.06413253,0.2855589,0.09020382
noise_half,white_rescaled_q,0,5.5,0.3622742,0.1011355,0.1680245,0.07056986,0.3140941,0.09916055
noise_half,white_rescaled_q,0,6,0.3951876,0.1103272,0.1833154,0.07701378,0.342618,0.1081447
noise_half,white_rescaled_q,0,6.5,0.4281488,0.1194837,0.1986513,0.08348627,0.3711667,0.1170936
noise_half,white_rescaled_q,0,7,0.4611567,0.1285681,0.2139708,0.08992239,0.3997822,0.1259815
noise_half,white_rescaled_q,0,7.5,0.4941603,0.1376468,0.2292652,0.09632868,0.4284119,0.134865
noise_half,white_rescaled_q,0,8,0.5271721,0.146698,0.244557,0.102698,0.45706,0.1437219
noise_half,white_rescaled_q,0,8.5,0.560176,0.1557185,0.2598695,0.1090584,0.485694,0.1525335
noise_half,white_rescaled_q,0,9,0.5931444,0.1647083,0.2751609,0.115447,0.5143042,0.1612736
noise_half,white_rescaled_q,0,9.5,0.626128,0.173698,0.2904427,0.1218176,0.5429407,0.1700143
noise_half,white_rescaled_q,0,10,0.6591135,0.1827131,0.3057168,0.1282145,0.5715841,0.1787598
noise_half,white_rescaled_q,0,10.5,0.6921377,0.1917203,0.3210746,0.1346208,0.6002249,0.1874985
noise_half,white_rescaled_q,0,11,0.725161,0.2007143,0.3364418,0.1410427,0.6288574,0.1962202
noise_half,white_rescaled_q,0,11.5,0.7581841,0.2097018,0.3517703,0.1475079,0.6574988,0.204943
noise_half,white_rescaled_q,0,12,0.7911739,0.2186819,0.3670387,0.1540085,0.6861302,0.2136451
noise_half,white_rescaled_q,0,12.5,0.8241421,0.2277591,0.3822691,0.1605644,0.7147554,0.2224123
noise_half,white_rescaled_q,0,13,0.8571009,0.2368198,0.3974891,0.1671507,0.7433742,0.2311443
noise_half,white_rescaled_q,0,13.5,0.8901303,0.2459236,0.4126921,0.1737573,0.7720773,0.239926
noise_half,white_rescaled_q,0,14,0.9231971,0.2549888,0.4278999,0.180369,0.8008225,0.2486593
noise_half,white_rescaled_q,0,14.5,0.9563242,0.263957,0.4430947,0.1869931,0.8296519,0.2572577
noise_half,white_rescaled_q,0,15,0.989455,0.272866,0.4582772,0.1936134,0.8584973,0.2657794
noise_half,white_rescaled_q,0,15.5,1.022601,0.2817258,0.4734643,0.2002423,0.8873527,0.2742603
noise_half,white_rescaled_q,0,16,1.055737,0.2906016,0.4886692,0.2069785,0.9161796,0.2827051
noise_half,white_rescaled_q,0,16.5,1.088869,0.2994374,0.5038468,0.2137558,0.9450109,0.2910982
noise_half,white_rescaled_q,0,17,1.121985,0.3083083,0.5190355,0.2205595,0.9738192,0.2995011
noise_half,white_rescaled_q,0,17.5,1.15505,0.3171785,0.5342043,0.2273318,1.002588,0.3078935
noise_half,white_rescaled_q,0,18,1.188124,0.3260492,0.5493412,0.2341207,1.031386,0.3162713
noise_half,white_rescaled_q,0,18.5,1.221242,0.3349011,0.5644709,0.2409025,1.060246,0.3246069
noise_half,white_rescaled_q,0,19,1.254382,0.3437906,0.5796068,0.2477251,1.089122,0.3329704
noise_half,white_rescaled_q,0,19.5,1.287511,0.3527,0.5947528,0.2545615,1.117979,0.3413504
noise_half,white_rescaled_q,0,20,1.320648,0.3615913,0.6098819,0.261379,1.14686,0.3496991
noise_half,white_rescaled_q,0,20.5,1.353794,0.3704974,0.6250053,0.2682389,1.175758,0.3580215
noise_half,white_rescaled_q,0,21,1.3869,0.3794259,0.6401043,0.2750952,1.204626,0.3663555
noise_half,white_rescaled_q,0,21.5,1.420011,0.3883662,0.6552031,0.2819589,1.233504,0.3746834
noise_half,white_rescaled_q,0,22,1.453118,0.3973503,0.6702713,0.2887942,1.262399,0.3830577
noise_half,white_rescaled_q,0,22.5,1.486218,0.4063781,0.6853329,0.2956398,1.29129,0.3914681
noise_half,white_rescaled_q,0,23,1.519382,0.4154218,0.7003748,0.302455,1.320269,0.3999037
noise_half,white_rescaled_q,0,23.5,1.55255,0.4244895,0.7154112,0.3092213,1.349267,0.4083597
noise_half,white_rescaled_q,0,24,1.585771,0.4335669,0.7304531,0.3159767,1.378318,0.4168546
noise_half,white_rescaled_q,0,24.5,1.619014,0.4426782,0.7454464,0.3227276,1.407414,0.4254059
noise_half,white_rescaled_q,0,25,1.652269,0.4518179,0.7604846,0.3294546,1.4365,0.4340056
noise_half,white_rescaled_q,0,25.5,1.685477,0.4609823,0.775523,0.3361477,1.465535,0.4426438
noise_half,white_rescaled_q,0,26,1.718665,0.4700994,0.7905613,0.3428154,1.494543,0.4512663
noise_half,white_rescaled_q,0,26.5,1.75183,0.4792269,0.8056126,0.3494935,1.523516,0.4599014
noise_half,white_rescaled_q,0,27,1.784947,0.4883775,0.8206434,0.3561849,1.552443,0.468552
noise_half,white_rescaled_q,0,27.5,1.818023,0.4975379,0.8356484,0.3628281,1.581339,0.4772397
noise_half,white_rescaled_q,0,28,1.851095,0.5067229,0.8506318,0.3694414,1.610247,0.4859595
noise_half,white_rescaled_q,0,28.5,1.884185,0.5159117,0.8656126,0.3760126,1.639186,0.4946842
noise_half,white_rescaled_q,0,29,1.917267,0.5251317,0.8805953,0.3825652,1.668113,0.5034635
noise_half,white_rescaled_q,0,29.5,1.950341,0.5344207,0.8955541,0.3891314,1.697043,0.5123029
noise_half,white_rescaled_q,0,30,1.983395,0.5437791,0.9105144,0.3957345,1.725956,0.521164
noise_half,white_rescaled_q,0,30.5,2.016524,0.5531309,0.9255098,0.4022934,1.754941,0.5300368
noise_half,white_rescaled_q,0,31,2.049706,0.5624288,0.9405209,0.408847,1.783981,0.5388481
noise_half,white_rescaled_q,0,31.5,2.082871,0.5717046,0.9555162,0.4153972,1.813015,0.5476207
noise_half,white_rescaled_q,0,32,2.116079,0.5809894,0.9705238,0.421883,1.842111,0.5563866
noise_half,white_rescaled_q,0,32.5,2.149299,0.5902705,0.9855191,0.4283729,1.87123,0.5651342
noise_half,white_rescaled_q,0,33,2.182567,0.5995218,1.000573,0.4348492,1.900368,0.5738799
noise_half,white_rescaled_q,0,33.5,2.215846,0.6087504,1.015669,0.4413714,1.929483,0.5826124
noise_half,white_rescaled_q,0,34,2.24912,0.6179432,1.030807,0.4478442,1.958567,0.5913567
noise_half,white_rescaled_q,0,34.5,2.282374,0.6271208,1.045975,0.454292,1.987613,0.600104
noise_half,white_rescaled_q,0,35,2.315612,0.6362926,1.061162,0.4607403,2.016629,0.6088451
noise_half,white_rescaled_q,0,35.5,2.348866,0.6454653,1.076404,0.467165,2.045634,0.6176135
noise_half,white_rescaled_q,0,36,2.382121,0.6545829,1.091691,0.4735498,2.074611,0.6263677
noise_half,white_rescaled_q,0,36.5,2.41538,0.6636656,1.106941,0.4798368,2.103621,0.6351277
noise_half,white_rescaled_q,0,37,2.448618,0.6726947,1.122184,0.4860471,2.132626,0.6438373
noise_half,white_rescaled_q,0,37.5,2.481867,0.6816427,1.137427,0.4922166,2.161644,0.6524954
noise_half,white_rescaled_q,0,38,2.515148,0.6905794,1.152689,0.498352,2.190686,0.6611729
noise_half,white_rescaled_q,0,38.5,2.548475,0.6994997,1.167987,0.504429,2.219764,0.6698679
noise_half,white_rescaled_q,0,39,2.581809,0.7083675,1.183278,0.5104717,2.248854,0.6785354
noise_half,white_rescaled_q,0,39.5,2.615183,0.7172863,1.198606,0.5165232,2.277966,0.6872632
noise_half,white_rescaled_q,0,40,2.648577,0.7262657,1.213914,0.5226109,2.307104,0.6960526
noise_half,white_rescaled_q,0,40.5,2.681948,0.7352978,1.229253,0.5286655,2.336202,0.7049164
noise_half,white_rescaled_q,0,41,2.71534,0.7443096,1.244601,0.5347364,2.365306,0.7137901
noise_half,white_rescaled_q,0,41.5,2.748712,0.7533218,1.259962,0.5407864,2.39438,0.7226771
noise_half,white_rescaled_q,0,42,2.782135,0.7623858,1.275337,0.5468364,2.423505,0.7316221
noise_half,white_rescaled_q,0,42.5,2.815538,0.7714474,1.290727,0.5528082,2.452602,0.7406119
noise_half,white_rescaled_q,0,43,2.848864,0.7805358,1.306102,0.5586998,2.481622,0.749678
noise_half,white_rescaled_q,0,43.5,2.882159,0.7896013,1.321456,0.5645313,2.510626,0.758732
noise_half,white_rescaled_q,0,44,2.915478,0.7986847,1.336785,0.5703319,2.539676,0.7678069
noise_half,white_rescaled_q,0,44.5,2.948842,0.8077807,1.352179,0.5761545,2.568741,0.7768881
noise_half,white_rescaled_q,0,45,2.98221,0.8168812,1.367638,0.5819739,2.597775,0.7859809
noise_half,white_rescaled_q,0,45.5,3.015612,0.8259627,1.383099,0.5877546,2.626848,0.7950786
noise_half,white_rescaled_q,0,46,3.04903,0.83505,1.398573,0.5935338,2.655929,0.8041941
noise_half,white_rescaled_q,0,46.5,3.082462,0.844129,1.414046,0.5993205,2.685025,0.8133001
noise_half,white_rescaled_q,0,47,3.115917,0.853176,1.429496,0.6050947,2.71416,0.8223844
noise_half,white_rescaled_q,0,47.5,3.149434,0.8622265,1.444948,0.6108401,2.743362,0.8314969
noise_half,white_rescaled_q,0,48,3.182966,0.8712937,1.460365,0.6165909,2.772592,0.8406512
noise_half,white_rescaled_q,0,48.5,3.216542,0.8803639,1.475866,0.6222618,2.801828,0.8498693
noise_half,white_rescaled_q,0,49,3.250146,0.8894498,1.491412,0.6279466,2.831066,0.859107
noise_half,white_rescaled_q,0,49.5,3.283661,0.8986169,1.506911,0.6337145,2.86023,0.8683655
noise_half,white_rescaled_q,0,50,3.317138,0.9078006,1.522435,0.6395079,2.889342,0.877602
noise_half,white_rescaled_q,0,50.5,3.35065,0.9170334,1.53801,0.6452811,2.918474,0.88688
noise_half,white_rescaled_q,0,51,3.384142,0.9262619,1.553615,0.6510679,2.947569,0.8961338
noise_half,white_rescaled_q,0,51.5,3.417597,0.9354812,1.5692,0.6569208,2.976625,0.9053537
noise_half,white_rescaled_q,0,52,3.451078,0.9447223,1.584777,0.6628174,3.005711,0.9145843
noise_half,white_rescaled_q,0,52.5,3.484616,0.9539204,1.600335,0.6687719,3.034862,0.9237553
noise_half,white_rescaled_q,0,53,3.518161,0.9631143,1.615871,0.6747656,3.06402,0.9329437
noise_half,white_rescaled_q,0,53.5,3.551657,0.9722915,1.631411,0.6807233,3.09312,0.9421413
noise_half,white_rescaled_q,0,54,3.585135,0.9814547,1.646923,0.686685,3.122211,0.951324
noise_half,white_rescaled_q,0,54.5,3.618588,0.9906265,1.662432,0.6926438,3.151282,0.9604967
noise_half,white_rescaled_q,0,55,3.652019,0.9997617,1.677922,0.6986006,3.180337,0.9696343
noise_half,white_rescaled_q,0,55.5,3.685447,1.008848,1.693404,0.7045997,3.209386,0.978717
noise_half,white_rescaled_q,0,56,3.718899,1.017986,1.708854,0.7106748,3.238478,0.9878046
noise_half,white_rescaled_q,0,56.5,3.752357,1.027161,1.72426,0.7167922,3.26759,0.9969251
noise_half,white_rescaled_q,0,57,3.785829,1.036376,1.739645,0.7229789,3.296724,1.006066
noise_half,white_rescaled_q,0,57.5,3.819335,1.045644,1.75503,0.7292188,3.325884,1.01526
noise_half,white_rescaled_q,0,58,3.852814,1.054977,1.77042,0.7355034,3.355007,1.024501
noise_half,white_rescaled_q,0,58.5,3.886299,1.064329,1.785823,0.7418027,3.384133,1.033746
noise_half,white_rescaled_q,0,59,3.919801,1.073687,1.801258,0.748137,3.413259,1.042977
noise_half,white_rescaled_q,0,59.5,3.953369,1.082972,1.816721,0.7544385,3.442447,1.052154
noise_half,white_rescaled_q,0,60,3.98701,1.092168,1.832214,0.7607906,3.471694,1.061234
noise_half,white_rescaled_q,180,0,0,0,0,0,0,0
noise_half,white_rescaled_q,180,0.5,0.03233902,0.008952162,0.01527776,0.006422009,0.02786665,0.008754337
noise_half,white_rescaled_q,180,1,0.06368058,0.01599137,0.03053089,0.01285484,0.05483159,0.01460103
noise_half,white_rescaled_q,180,1.5,0.09221181,0.02731478,0.04579028,0.0192873,0.07811668,0.02634679
noise_half,white_rescaled_q,180,2,0.1161289,0.03785059,0.06107132,0.0256905,0.09563577,0.03761368
noise_half,white_rescaled_q,180,2.5,0.1405724,0.04279148,0.07631862,0.03208725,0.113405,0.04397144
noise_half,white_rescaled_q,180,3,0.1581383,0.04705517,0.091545,0.03842848,0.1239204,0.04555539
noise_half,white_rescaled_q,180,3.5,0.171158,0.05489377,0.1067867,0.04481708,0.1271312,0.05315158
noise_half,white_rescaled_q,180,4,0.1877389,0.0644274,0.1220482,0.05123769,0.1348659,0.06164927
noise_half,white_rescaled_q,180,4.5,0.206613,0.07305259,0.1373628,0.05768726,0.1455402,0.06918191
noise_half,white_rescaled_q,180,5,0.2226777,0.07850708,0.1527157,0.06413204,0.1511056,0.07524213
noise_half,white_rescaled_q,180,5.5,0.2367498,0.08830624,0.1680235,0.07056949,0.1546501,0.08321761
noise_half,white_rescaled_q,180,6,0.2443764,0.08549865,0.1833143,0.07701406,0.1499932,0.07202096
noise_half,white_rescaled_q,180,6.5,0.2571928,0.08939795,0.1986507,0.083486,0.1507409,0.0720686
noise_half,white_rescaled_q,180,7,0.2744666,0.09530507,0.2139685,0.08992282,0.156589,0.07931566
noise_half,white_rescaled_q,180,7.5,0.2944456,0.1055242,0.2292609,0.09632937,0.1676062,0.09066425
noise_half,white_rescaled_q,180,8,0.295738,0.1006465,0.2445528,0.1026978,0.1501748,0.07038341
noise_half,white_rescaled_q,180,8.5,0.3137348,0.101902,0.2598615,0.1090568,0.1603018,0.06300316
noise_half,white_rescaled_q,180,9,0.3209691,0.1045789,0.2751493,0.1154591,0.1476978,0.05826468
noise_half,white_rescaled_q,180,9.5,0.338494,0.1117094,0.2904277,0.1218293,0.1573517,0.0582657
noise_half,white_rescaled_q,180,10,0.3376142,0.1192692,0.3056984,0.1282275,0.1289539,0.0434853
noise_half,white_rescaled_q,180,10.5,0.3500056,0.1289819,0.3210569,0.1346333,0.1266639,0.04550703
noise_half,white_rescaled_q,180,11,0.3649729,0.1297368,0.3364127,0.1410565,0.1204751,0.05236996
noise_half,white_rescaled_q,180,11.5,0.3812728,0.1356558,0.3517311,0.1475249,0.1232165,0.05874863
noise_half,white_rescaled_q,180,12,0.3933255,0.1482572,0.3670067,0.1540301,0.122365,0.05964808
noise_half,white_rescaled_q,180,12.5,0.4074122,0.1552194,0.3822198,0.1605754,0.1211857,0.0615587
noise_half,white_rescaled_q,180,13,0.4213628,0.1619071,0.397416,0.1671578,0.1198648,0.06154307
noise_half,white_rescaled_q,180,13.5,0.4376062,0.1689871,0.4126244,0.1737743,0.1245832,0.0661775
noise_half,white_rescaled_q,180,14,0.4450117,0.1748508,0.4278428,0.1803887,0.1087769,0.03677276
noise_half,white_rescaled_q,180,14.5,0.4581114,0.182209,0.4430612,0.1870251,0.1018325,0.03978293
noise_half,white_rescaled_q,180,15,0.4728764,0.1876383,0.4583321,0.1935646,0.1000916,0.03810368
noise_half,white_rescaled_q,180,15.5,0.4890031,0.1936991,0.4735152,0.200183,0.1058778,0.03657776
noise_half,white_rescaled_q,180,16,0.5071147,0.1992481,0.4887519,0.2069256,0.1171679,0.04098832
noise_half,white_rescaled_q,180,16.5,0.5207053,0.2066893,0.5039726,0.213646,0.1131108,0.04069895
noise_half,white_rescaled_q,180,17,0.5335671,0.2149292,0.5192896,0.2205773,0.1049269,0.04212407
noise_half,white_rescaled_q,180,17.5,0.5488858,0.2213961,0.5344666,0.2273288,0.1064724,0.04298863
noise_half,white_rescaled_q,180,18,0.5626471,0.2276293,0.5496702,0.2339962,0.1000169,0.04153378
noise_half,white_rescaled_q,180,18.5,0.5791324,0.2335925,0.5647961,0.2407532,0.1067389,0.04328265
noise_half,white_rescaled_q,180,19,0.5912519,0.2433423,0.5799951,0.2475329,0.09788242,0.0416677
noise_half,white_rescaled_q,180,19.5,0.6064593,0.2500667,0.5951382,0.2543213,0.09862702,0.04397919
noise_half,white_rescaled_q,180,20,0.6216381,0.2560711,0.6102335,0.2611517,0.09738878,0.04665632
noise_half,white_rescaled_q,180,20.5,0.6364072,0.263496,0.6254856,0.2680342,0.09718562,0.0463984
noise_half,white_rescaled_q,180,21,0.6491207,0.2705722,0.6405733,0.2748707,0.08821539,0.03267441
noise_half,white_rescaled_q,180,21.5,0.6638264,0.2776719,0.6556278,0.2815743,0.08830249,0.03157246
noise_half,white_rescaled_q,180,22,0.6775469,0.2856334,0.670693,0.2882323,0.08373513,0.02924106
noise_half,white_rescaled_q,180,22.5,0.6929481,0.2921317,0.6858267,0.2950122,0.08621436,0.02864014
noise_half,white_rescaled_q,180,23,0.7070365,0.2998523,0.7008168,0.3018431,0.08320878,0.0270447
noise_half,white_rescaled_q,180,23.5,0.7219949,0.3069689,0.715854,0.3086384,0.08469817,0.02674699
noise_half,white_rescaled_q,180,24,0.7372299,0.3127268,0.7310419,0.3155059,0.08182312,0.02775725
noise_half,white_rescaled_q,180,24.5,0.7521164,0.3193009,0.7459379,0.3222551,0.08218695,0.02715609
noise_half,white_rescaled_q,180,25,0.7663934,0.3272156,0.7608749,0.3290915,0.08158532,0.02517995
noise_half,white_rescaled_q,180,25.5,0.7813836,0.3340869,0.7759177,0.3357905,0.08244405,0.025769
noise_half,white_rescaled_q,180,26,0.7963598,0.3407791,0.7912667,0.3422914,0.07962775,0.02835994
noise_half,white_rescaled_q,180,26.5,0.8114361,0.3475478,0.8062946,0.348969,0.0809394,0.02948565
noise_half,white_rescaled_q,180,27,0.8264139,0.3536646,0.8211974,0.3556377,0.08074016,0.02802722
noise_half,white_rescaled_q,180,27.5,0.8416986,0.3601283,0.8361855,0.3623252,0.08336979,0.02887182
noise_half,white_rescaled_q,180,28,0.8560007,0.367655,0.851447,0.3693343,0.07561967,0.03045556
noise_half,white_rescaled_q,180,28.5,0.871221,0.3739872,0.8663738,0.3761007,0.07697244,0.03230785
noise_half,white_rescaled_q,180,29,0.8856769,0.3812217,0.8813734,0.3828689,0.07617145,0.02527065
noise_half,white_rescaled_q,180,29.5,0.9005278,0.3879001,0.8962944,0.3894544,0.07647631,0.02534067
noise_half,white_rescaled_q,180,30,0.9153648,0.3948754,0.9110593,0.3964085,0.07744123,0.02741644
noise_half,white_rescaled_q,180,30.5,0.9303502,0.4018593,0.9262047,0.4029406,0.07588888,0.03418701
noise_half,white_rescaled_q,180,31,0.945557,0.4081477,0.9410363,0.409373,0.07700335,0.04164631
noise_half,white_rescaled_q,180,31.5,0.9610405,0.414533,0.955986,0.4159484,0.08283813,0.04243719
noise_half,white_rescaled_q,180,32,0.9760679,0.4205594,0.971124,0.4221181,0.08131624,0.04312164
noise_half,white_rescaled_q,180,32.5,0.9909663,0.4269297,0.9862119,0.4285171,0.08088638,0.04062167
noise_half,white_rescaled_q,180,33,1.005316,0.433324,1.000796,0.4347389,0.08044536,0.03878806
noise_half,white_rescaled_q,180,33.5,1.019976,0.4397833,1.015839,0.4413097,0.07723918,0.03521743
noise_half,white_rescaled_q,180,34,1.035295,0.4457629,1.030964,0.4476524,0.07841893,0.03549255
noise_half,white_rescaled_q,180,34.5,1.050543,0.4518247,1.046387,0.4539473,0.07720559,0.03125775
noise_half,white_rescaled_q,180,35,1.064654,0.4588668,1.061138,0.4605763,0.07216712,0.02852896
noise_half,white_rescaled_q,180,35.5,1.080072,0.4654131,1.076447,0.4670631,0.07483772,0.02818813
noise_half,white_rescaled_q,180,36,1.095308,0.4718479,1.091463,0.4733292,0.07910807,0.02939988
noise_half,white_rescaled_q,180,36.5,1.110423,0.4783759,1.106486,0.4798774,0.0810803,0.02878868
noise_half,white_rescaled_q,180,37,1.124588,0.4850754,1.121481,0.4860694,0.07573008,0.01848583
noise_half,white_rescaled_q,180,37.5,1.139517,0.4912892,1.136798,0.4921198,0.07089507,0.020219
noise_half,white_rescaled_q,180,38,1.153942,0.4973597,1.151658,0.4981492,0.06458068,0.01915489
noise_half,white_rescaled_q,180,38.5,1.169257,0.5036666,1.167135,0.5045789,0.06286458,0.01185796
noise_half,white_rescaled_q,180,39,1.184107,0.5094693,1.18227,0.5103019,0.05796794,0.0137206
noise_half,white_rescaled_q,180,39.5,1.199256,0.5156293,1.197653,0.5162866,0.05518479,0.01275098
noise_half,white_rescaled_q,180,40,1.214552,0.521797,1.212837,0.522455,0.05707164,0.01624534
noise_half,white_rescaled_q,180,40.5,1.230028,0.5278432,1.228558,0.5284385,0.05356212,0.01243156
noise_half,white_rescaled_q,180,41,1.244987,0.5340991,1.243533,0.5346677,0.05365013,0.01308555
noise_half,white_rescaled_q,180,41.5,1.26034,0.5401796,1.25893,0.5406683,0.05339159,0.0145608
noise_half,white_rescaled_q,180,42,1.275588,0.5462546,1.274214,0.5467366,0.05230521,0.01672906
noise_half,white_rescaled_q,180,42.5,1.290404,0.5524849,1.289023,0.5529314,0.05332897,0.01621509
noise_half,white_rescaled_q,180,43,1.306021,0.5589371,1.304652,0.5594151,0.05273162,0.01732496
noise_half,white_rescaled_q,180,43.5,1.321338,0.5647758,1.319924,0.5653014,0.05353949,0.01794799
noise_half,white_rescaled_q,180,44,1.336535,0.5705645,1.335134,0.5711022,0.05274681,0.01993383
noise_half,white_rescaled_q,180,44.5,1.351892,0.5762634,1.350458,0.5767662,0.05349055,0.0220995
noise_half,white_rescaled_q,180,45,1.36757,0.5816658,1.365975,0.5822255,0.05712734,0.02245998
noise_half,white_rescaled_q,180,45.5,1.383173,0.5874272,1.381534,0.5881059,0.05770193,0.02163875
noise_half,white_rescaled_q,180,46,1.398577,0.5930218,1.396888,0.5937706,0.0589374,0.02064719
noise_half,white_rescaled_q,180,46.5,1.413981,0.5984172,1.4122,0.5993227,0.05980749,0.02118021
noise_half,white_rescaled_q,180,47,1.429164,0.6046423,1.427427,0.6054387,0.061004,0.01842527
noise_half,white_rescaled_q,180,47.5,1.444731,0.6102837,1.443018,0.6110664,0.06132192,0.0170722
noise_half,white_rescaled_q,180,48,1.460086,0.6160891,1.458414,0.6169248,0.05979728,0.01848465
noise_half,white_rescaled_q,180,48.5,1.47581,0.6214837,1.474074,0.6223303,0.06167942,0.01826356
noise_half,white_rescaled_q,180,49,1.491646,0.6268331,1.489825,0.6276754,0.06385998,0.01916256
noise_half,white_rescaled_q,180,49.5,1.507307,0.6326271,1.505431,0.6334951,0.06514237,0.01954261
noise_half,white_rescaled_q,180,50,1.522965,0.6382968,1.520974,0.6392312,0.06770713,0.01905168
noise_half,white_rescaled_q,180,50.5,1.539145,0.6439159,1.537117,0.6447961,0.06915597,0.01999204
noise_half,white_rescaled_q,180,51,1.554645,0.6497526,1.552603,0.6507442,0.06914758,0.0189142
noise_half,white_rescaled_q,180,51.5,1.570455,0.6554048,1.568262,0.6565667,0.07105769,0.02012022
noise_half,white_rescaled_q,180,52,1.585767,0.6610683,1.583476,0.662349,0.07179747,0.02283346
noise_half,white_rescaled_q,180,52.5,1.60202,0.6669108,1.599623,0.6682964,0.07327458,0.02402262
noise_half,white_rescaled_q,180,53,1.616883,0.6728833,1.614798,0.673998,0.06948638,0.02258201
noise_half,white_rescaled_q,180,53.5,1.632464,0.6788909,1.630277,0.6799656,0.07248533,0.02278775
noise_half,white_rescaled_q,180,54,1.648447,0.684169,1.646098,0.6855145,0.07376732,0.02398972
noise_half,white_rescaled_q,180,54.5,1.663741,0.690258,1.661323,0.6916416,0.07480565,0.02565061
noise_half,white_rescaled_q,180,55,1.678903,0.6962986,1.676655,0.6974151,0.07413209,0.02445061
noise_half,white_rescaled_q,180,55.5,1.694318,0.7020413,1.69202,0.7032062,0.07472338,0.02605764
noise_half,white_rescaled_q,180,56,1.709709,0.7076102,1.707571,0.7085859,0.07316013,0.02597441
noise_half,white_rescaled_q,180,56.5,1.725122,0.7135882,1.722932,0.7145945,0.07436884,0.02631551
noise_half,white_rescaled_q,180,57,1.740876,0.720406,1.738882,0.721281,0.07238492,0.02295987
noise_half,white_rescaled_q,180,57.5,1.75616,0.726569,1.754083,0.7274603,0.07370101,0.02569621
noise_half,white_rescaled_q,180,58,1.771817,0.7325649,1.769827,0.7333364,0.07285344,0.02648225
noise_half,white_rescaled_q,180,58.5,1.786933,0.7389777,1.785123,0.7397047,0.0701582,0.02345671
noise_half,white_rescaled_q,180,59,1.801908,0.7444484,1.800201,0.7451802,0.06825474,0.02185196
noise_half,white_rescaled_q,180,59.5,1.817556,0.7508161,1.815737,0.7516572,0.07053431,0.02135423
noise_half,white_rescaled_q,180,60,1.832913,0.7573313,1.831064,0.7582259,0.07075828,0.02250596
noise_half,white_rescaled_q,360,0,0,0,0,0,0,0
noise_half,white_rescaled_q,360,0.5,0.032801,0.0094279,0.01527776,0.006422007,0.02840936,0.009214674
noise_half,white_rescaled_q,360,1,0.06373121,0.01890998,0.03053089,0.01285484,0.05454404,0.01884011
noise_half,white_rescaled_q,360,1.5,0.09139996,0.02467739,0.04579031,0.01928728,0.07676375,0.02491361
noise_half,white_rescaled_q,360,2,0.1169815,0.0299094,0.0610714,0.02569052,0.09575034,0.0326007
noise_half,white_rescaled_q,360,2.5,0.1364441,0.03497306,0.0763186,0.03208733,0.1073031,0.03923408
noise_half,white_rescaled_q,360,3,0.1445982,0.04961357,0.09154498,0.03842889,0.1048192,0.05105803
noise_half,white_rescaled_q,360,3.5,0.1612896,0.05335653,0.1067862,0.04481764,0.1131532,0.05235309
noise_half,white_rescaled_q,360,4,0.1761782,0.06391215,0.1220475,0.05123844,0.1173803,0.06284014
noise_half,white_rescaled_q,360,4.5,0.1874673,0.06881572,0.1373634,0.057688,0.1193952,0.05944796
noise_half,white_rescaled_q,360,5,0.1953808,0.07274353,0.1527174,0.06413172,0.1141055,0.05573252
noise_half,white_rescaled_q,360,5.5,0.2087245,0.07985109,0.1680217,0.07056742,0.1135484,0.06297889
noise_half,white_rescaled_q,360,6,0.2235363,0.07997486,0.1833123,0.07701286,0.1177253,0.05570189
noise_half,white_rescaled_q,360,6.5,0.2388586,0.08862925,0.1986477,0.08348513,0.120593,0.06399808
noise_half,white_rescaled_q,360,7,0.2580678,0.09315629,0.2139676,0.0899223,0.1278972,0.0727045
noise_half,white_rescaled_q,360,7.5,0.2712757,0.09720307,0.2292564,0.09632886,0.1269401,0.073118
noise_half,white_rescaled_q,360,8,0.2768239,0.1001326,0.2445453,0.1026985,0.1172584,0.05216519
noise_half,white_rescaled_q,360,8.5,0.2918055,0.1053841,0.2598521,0.1090582,0.1170973,0.05773896
noise_half,white_rescaled_q,360,9,0.3012328,0.1074621,0.2751393,0.1154517,0.09848208,0.06197541
noise_half,white_rescaled_q,360,9.5,0.3132047,0.1151269,0.2904237,0.1218318,0.09681382,0.05495437
noise_half,white_rescaled_q,360,10,0.3243852,0.1216306,0.305692,0.1282273,0.09041685,0.04630662
noise_half,white_rescaled_q,360,10.5,0.3375921,0.1269975,0.3210247,0.1346358,0.0863933,0.0403834
noise_half,white_rescaled_q,360,11,0.34998,0.1339435,0.3363974,0.1410501,0.07937151,0.03504035
noise_half,white_rescaled_q,360,11.5,0.3632438,0.141923,0.3517276,0.1475085,0.07688628,0.02877292
noise_half,white_rescaled_q,360,12,0.3782442,0.1493611,0.3670153,0.1540274,0.0773623,0.03306366
noise_half,white_rescaled_q,360,12.5,0.3934955,0.1557543,0.3823081,0.1605312,0.07653008,0.03821084
noise_half,white_rescaled_q,360,13,0.4058127,0.1649456,0.3975278,0.1671156,0.07344187,0.02465065
noise_half,white_rescaled_q,360,13.5,0.4208253,0.1718821,0.4127329,0.1737803,0.07453296,0.0244316
noise_half,white_rescaled_q,360,14,0.4353653,0.1789201,0.4279478,0.1803802,0.07220908,0.0269705
noise_half,white_rescaled_q,360,14.5,0.449542,0.1853128,0.4431966,0.1871185,0.06694367,0.02393951
noise_half,white_rescaled_q,360,15,0.4649228,0.1918842,0.4583573,0.1937292,0.06806558,0.02815444
noise_half,white_rescaled_q,360,15.5,0.4795052,0.1985872,0.4735543,0.2003228,0.06666745,0.02447923
noise_half,white_rescaled_q,360,16,0.4929818,0.2057536,0.4887557,0.2070923,0.05651556,0.02127194
noise_half,white_rescaled_q,360,16.5,0.5089768,0.2122503,0.5039783,0.2137831,0.06242504,0.02397298
noise_half,white_rescaled_q,360,17,0.5242957,0.2190556,0.5192331,0.2205473,0.06350554,0.02568973
noise_half,white_rescaled_q,360,17.5,0.5399911,0.2261837,0.5345095,0.2272061,0.0669412,0.03192965
noise_half,white_rescaled_q,360,18,0.5544841,0.232298,0.5496741,0.2338645,0.06154249,0.02955318
noise_half,white_rescaled_q,360,18.5,0.5699703,0.2380831,0.5647769,0.2405403,0.06325256,0.02856373
noise_half,white_rescaled_q,360,19,0.5845639,0.2450253,0.5799138,0.2472034,0.06150314,0.02542098
noise_half,white_rescaled_q,360,19.5,0.5997171,0.2518936,0.594994,0.2539802,0.06355836,0.02513717
noise_half,white_rescaled_q,360,20,0.6149369,0.2583769,0.6101457,0.2608725,0.06209181,0.02871429
noise_half,white_rescaled_q,360,20.5,0.62989,0.2649501,0.6253129,0.2676714,0.06028122,0.02780503
noise_half,white_rescaled_q,360,21,0.6449255,0.2720382,0.6407033,0.2744497,0.06084135,0.02234916
noise_half,white_rescaled_q,360,21.5,0.6609543,0.2781134,0.6559714,0.2812512,0.0652468,0.02590544
noise_half,white_rescaled_q,360,22,0.6756694,0.2856344,0.6712034,0.2879247,0.06464554,0.02488398
noise_half,white_rescaled_q,360,22.5,0.690767,0.2927526,0.6862872,0.294824,0.06559112,0.02734889
noise_half,white_rescaled_q,360,23,0.7056446,0.2996732,0.7014324,0.3016641,0.06447421,0.02580543
noise_half,white_rescaled_q,360,23.5,0.7202299,0.3072304,0.7163947,0.3083674,0.06446576,0.02693075
noise_half,white_rescaled_q,360,24,0.7354031,0.3138265,0.7314449,0.3150488,0.06529811,0.02923472
noise_half,white_rescaled_q,360,24.5,0.7498337,0.3212101,0.7465221,0.3218739,0.06179107,0.02775352
noise_half,white_rescaled_q,360,25,0.7650354,0.3275043,0.7616124,0.3285113,0.06286833,0.02607033
noise_half,white_rescaled_q,360,25.5,0.7800863,0.333721,0.7765962,0.3350375,0.06317004,0.02526027
noise_half,white_rescaled_q,360,26,0.794886,0.3405711,0.7916944,0.3416974,0.06104175,0.02529083
noise_half,white_rescaled_q,360,26.5,0.8098597,0.3471484,0.8069084,0.3482427,0.05941977,0.02335
noise_half,white_rescaled_q,360,27,0.8250585,0.354004,0.8220447,0.355302,0.0604331,0.0214552
noise_half,white_rescaled_q,360,27.5,0.8398776,0.3610635,0.8370316,0.3618442,0.06194649,0.02049518
noise_half,white_rescaled_q,360,28,0.8551509,0.3680524,0.8522687,0.3687382,0.06347105,0.02083918
noise_half,white_rescaled_q,360,28.5,0.8695585,0.3746227,0.8673435,0.3749695,0.05678122,0.01990016
noise_half,white_rescaled_q,360,29,0.8841977,0.3813406,0.8819669,0.3815508,0.05746415,0.02260417
noise_half,white_rescaled_q,360,29.5,0.8986622,0.3876119,0.8967141,0.387947,0.05432677,0.01775384
noise_half,white_rescaled_q,360,30,0.9136093,0.3947237,0.9115956,0.3948774,0.05567387,0.02201374
noise_half,white_rescaled_q,360,30.5,0.9285842,0.4011598,0.9266611,0.4011619,0.05533804,0.02303237
noise_half,white_rescaled_q,360,31,0.9436014,0.4075633,0.9415724,0.4075987,0.05750163,0.02274002
noise_half,white_rescaled_q,360,31.5,0.9586139,0.4142959,0.9564938,0.4143901,0.05886939,0.02340849
noise_half,white_rescaled_q,360,32,0.9737857,0.4204971,0.9715771,0.4207105,0.06031977,0.02265669
noise_half,white_rescaled_q,360,32.5,0.9887799,0.426951,0.9865729,0.4270062,0.06120221,0.02447257
noise_half,white_rescaled_q,360,33,1.00371,0.4333748,1.001569,0.4335513,0.06078635,0.0218354
noise_half,white_rescaled_q,360,33.5,1.01908,0.4404917,1.01687,0.4405738,0.06184994,0.02521553
noise_half,white_rescaled_q,360,34,1.034362,0.4467132,1.032059,0.4468227,0.0627974,0.02758247
noise_half,white_rescaled_q,360,34.5,1.049297,0.45253,1.046882,0.4529393,0.06317452,0.02750776
noise_half,white_rescaled_q,360,35,1.064572,0.4574817,1.062029,0.4583446,0.06444501,0.02303232
noise_half,white_rescaled_q,360,35.5,1.079521,0.4647369,1.077156,0.4654652,0.06331112,0.02170146
noise_half,white_rescaled_q,360,36,1.0939,0.471308,1.092034,0.4716878,0.05641272,0.02420304
noise_half,white_rescaled_q,360,36.5,1.108906,0.4776228,1.107223,0.4779734,0.05387307,0.02314347
noise_half,white_rescaled_q,360,37,1.123545,0.4838425,1.122312,0.4840647,0.0465335,0.02053334
noise_half,white_rescaled_q,360,37.5,1.13862,0.4898273,1.137298,0.4900226,0.04842122,0.02254496
noise_half,white_rescaled_q,360,38,1.153583,0.4956243,1.152431,0.495875,0.04544778,0.01933252
noise_half,white_rescaled_q,360,38.5,1.168758,0.5017998,1.167707,0.5020254,0.04482259,0.01560297
noise_half,white_rescaled_q,360,39,1.183936,0.5079915,1.183018,0.5081823,0.04200581,0.01539298
noise_half,white_rescaled_q,360,39.5,1.19916,0.5136337,1.198215,0.5139632,0.04110812,0.01641804
noise_half,white_rescaled_q,360,40,1.214467,0.5195311,1.213513,0.5198864,0.04145147,0.01610564
noise_half,white_rescaled_q,360,40.5,1.229924,0.5257476,1.228965,0.5260798,0.04211041,0.0162867
noise_half,white_rescaled_q,360,41,1.245274,0.5319248,1.244329,0.532285,0.04210477,0.0150438
noise_half,white_rescaled_q,360,41.5,1.260487,0.5377963,1.259511,0.5381945,0.04297464,0.0146978
noise_half,white_rescaled_q,360,42,1.27584,0.5437989,1.274832,0.5442517,0.04352529,0.01486301
noise_half,white_rescaled_q,360,42.5,1.290567,0.550012,1.289594,0.5504336,0.04365534,0.01318819
noise_half,white_rescaled_q,360,43,1.305915,0.5559306,1.304884,0.5563508,0.04572997,0.01280654
noise_half,white_rescaled_q,360,43.5,1.32127,0.5620593,1.320276,0.5624912,0.04463202,0.01346536
noise_half,white_rescaled_q,360,44,1.336664,0.5679594,1.335632,0.56842,0.04594369,0.01253915
noise_half,white_rescaled_q,360,44.5,1.352942,0.5736308,1.351911,0.5741324,0.0454428,0.01369457
noise_half,white_rescaled_q,360,45,1.368445,0.5793249,1.367425,0.5797748,0.04630564,0.01258768
noise_half,white_rescaled_q,360,45.5,1.383748,0.5849223,1.382758,0.5853502,0.04570284,0.01349869
noise_half,white_rescaled_q,360,46,1.399337,0.5909363,1.398218,0.5913795,0.04910176,0.01530111
noise_half,white_rescaled_q,360,46.5,1.414617,0.5966625,1.41349,0.5971186,0.04953643,0.01508449
noise_half,white_rescaled_q,360,47,1.430163,0.6023856,1.42905,0.6028098,0.04968669,0.0155259
noise_half,white_rescaled_q,360,47.5,1.445542,0.6083897,1.444354,0.6088251,0.05188959,0.01576739
noise_half,white_rescaled_q,360,48,1.460356,0.6141456,1.459289,0.6145635,0.04922158,0.0146525
noise_half,white_rescaled_q,360,48.5,1.476261,0.6196054,1.475213,0.6200009,0.04828108,0.01767631
noise_half,white_rescaled_q,360,49,1.491893,0.6255393,1.490781,0.6260724,0.04916009,0.01673771
noise_half,white_rescaled_q,360,49.5,1.506664,0.630696,1.505581,0.6311877,0.04922383,0.01621661
noise_half,white_rescaled_q,360,50,1.522132,0.6358392,1.520931,0.6364126,0.05197774,0.01656581
noise_half,white_rescaled_q,360,50.5,1.537914,0.6421634,1.536738,0.6427591,0.05070619,0.01826186
noise_half,white_rescaled_q,360,51,1.553274,0.6481267,1.552277,0.6486087,0.04668074,0.01839767
noise_half,white_rescaled_q,360,51.5,1.568508,0.6544719,1.567431,0.6550148,0.04901217,0.01773039
noise_half,white_rescaled_q,360,52,1.58387,0.6600034,1.582703,0.6606923,0.05096124,0.01575079
noise_half,white_rescaled_q,360,52.5,1.600199,0.6657297,1.599056,0.6663912,0.0501625,0.01786252
noise_half,white_rescaled_q,360,53,1.615634,0.6718796,1.614585,0.6725049,0.04751777,0.0186669
noise_half,white_rescaled_q,360,53.5,1.630577,0.677882,1.629721,0.6783542,0.04340701,0.01765926
noise_half,white_rescaled_q,360,54,1.64646,0.6840698,1.645501,0.6846189,0.04589206,0.01876614
noise_half,white_rescaled_q,360,54.5,1.662268,0.690085,1.661343,0.6906347,0.04566865,0.01685507
noise_half,white_rescaled_q,360,55,1.678298,0.6959298,1.677225,0.6966391,0.04815675,0.01899948
noise_half,white_rescaled_q,360,55.5,1.693158,0.7013406,1.692006,0.7021573,0.04904849,0.02066112
noise_half,white_rescaled_q,360,56,1.708539,0.7074637,1.707449,0.7081907,0.04880995,0.01956504
noise_half,white_rescaled_q,360,56.5,1.723984,0.714034,1.722959,0.7146825,0.04787845,0.01955651
noise_half,white_rescaled_q,360,57,1.739889,0.7204041,1.738849,0.7211209,0.04689667,0.0214583
noise_half,white_rescaled_q,360,57.5,1.755607,0.726621,1.754533,0.7272911,0.04968748,0.01983717
noise_half,white_rescaled_q,360,58,1.771076,0.7324967,1.769989,0.7331057,0.05086233,0.02087561
noise_half,white_rescaled_q,360,58.5,1.786584,0.7387288,1.785437,0.7393575,0.05325215,0.01989154
noise_half,white_rescaled_q,360,59,1.802051,0.744989,1.800861,0.7456616,0.05419127,0.020453
noise_half,white_rescaled_q,360,59.5,1.816993,0.7512295,1.815773,0.7519887,0.05399246,0.02128605
noise_half,white_rescaled_q,360,60,1.832136,0.7576688,1.830865,0.7584662,0.05524978,0.02190145
noise_half,white_rescaled_q,720,0,0,0,0,0,0,0
noise_half,white_rescaled_q,720,0.5,0.03213456,0.00970102,0.01527776,0.006422008,0.02762992,0.009516265
noise_half,white_rescaled_q,720,1,0.06265564,0.0182895,0.03053089,0.01285484,0.05352885,0.01744321
noise_half,white_rescaled_q,720,1.5,0.08442327,0.02566952,0.04579024,0.01928734,0.0689904,0.02391747
noise_half,white_rescaled_q,720,2,0.1036238,0.03233985,0.06107116,0.02569058,0.08040323,0.03095142
noise_half,white_rescaled_q,720,2.5,0.1224644,0.037509,0.07631864,0.0320871,0.08998937,0.03884358
noise_half,white_rescaled_q,720,3,0.1347451,0.04596846,0.09154497,0.03842833,0.09280994,0.04312304
noise_half,white_rescaled_q,720,3.5,0.1486411,0.05397087,0.1067867,0.04481664,0.09471065,0.05211106
noise_half,white_rescaled_q,720,4,0.1628796,0.05820639,0.1220486,0.05123726,0.09778719,0.05425236
noise_half,white_rescaled_q,720,4.5,0.1751559,0.06542748,0.1373615,0.05768688,0.09677367,0.05939678
noise_half,white_rescaled_q,720,5,0.1889936,0.06384214,0.1527147,0.06413092,0.1018198,0.04581933
noise_half,white_rescaled_q,720,5.5,0.2116211,0.07165309,0.1680269,0.07057004,0.1135187,0.06333096
noise_half,white_rescaled_q,720,6,0.2202136,0.07995258,0.1833137,0.07701638,0.108621,0.06095227
noise_half,white_rescaled_q,720,6.5,0.2298742,0.08376748,0.1986467,0.08349332,0.0984221,0.06272965
noise_half,white_rescaled_q,720,7,0.2439884,0.09224517,0.2139644,0.08991782,0.09642069,0.07149075
noise_half,white_rescaled_q,720,7.5,0.2550059,0.09717013,0.2292652,0.09632088,0.09137281,0.06706302
noise_half,white_rescaled_q,720,8,0.2670405,0.1070204,0.2445617,0.1026957,0.08563016,0.07275974
noise_half,white_rescaled_q,720,8.5,0.2744274,0.1138435,0.2598701,0.1090469,0.07450627,0.05842135
noise_half,white_rescaled_q,720,9,0.286229,0.1174913,0.2751725,0.1154414,0.06768166,0.04679133
noise_half,white_rescaled_q,720,9.5,0.3012599,0.1252661,0.2904505,0.1218292,0.06935925,0.05017946
noise_half,white_rescaled_q,720,10,0.3157615,0.1290758,0.3057185,0.1282037,0.07091706,0.03873551
noise_half,white_rescaled_q,720,10.5,0.3294496,0.1336094,0.3210696,0.1345731,0.06719596,0.02696048
noise_half,white_rescaled_q,720,11,0.3437232,0.1396884,0.3364482,0.1410067,0.06282967,0.02614046
noise_half,white_rescaled_q,720,11.5,0.359093,0.1461808,0.3517418,0.1474529,0.06172624,0.0334117
noise_half,white_rescaled_q,720,12,0.3735922,0.1532101,0.3670457,0.1539506,0.06010886,0.03275762
noise_half,white_rescaled_q,720,12.5,0.3876226,0.1603086,0.3822813,0.1605357,0.05541593,0.03198981
noise_half,white_rescaled_q,720,13,0.4022874,0.1661855,0.397492,0.1671044,0.05528887,0.02265237
noise_half,white_rescaled_q,720,13.5,0.4179436,0.1729204,0.4127065,0.173675,0.05893491,0.02571854
noise_half,white_rescaled_q,720,14,0.4334154,0.1797896,0.4279622,0.1802529,0.06161628,0.02795226
noise_half,white_rescaled_q,720,14.5,0.4481132,0.1869876,0.4432081,0.18681,0.05994969,0.02975492
noise_half,white_rescaled_q,720,15,0.4632751,0.1930219,0.4584278,0.1934408,0.05708872,0.03332232
noise_half,white_rescaled_q,720,15.5,0.4783277,0.1994745,0.4735943,0.1999425,0.05871518,0.03044832
noise_half,white_rescaled_q,720,16,0.4933645,0.2066809,0.4888172,0.2065547,0.05844592,0.03402536
noise_half,white_rescaled_q,720,16.5,0.5084008,0.2127828,0.5040841,0.2131861,0.05903159,0.02757973
noise_half,white_rescaled_q,720,17,0.5226809,0.2195535,0.5192892,0.219789,0.05188846,0.02797174
noise_half,white_rescaled_q,720,17.5,0.5373683,0.2266108,0.5342514,0.2265651,0.05213917,0.0259825
noise_half,white_rescaled_q,720,18,0.5524535,0.2329118,0.5492519,0.2331674,0.0524564,0.02640601
noise_half,white_rescaled_q,720,18.5,0.5678267,0.2401878,0.564383,0.2399858,0.05554919,0.03087203
noise_half,white_rescaled_q,720,19,0.5832023,0.2466641,0.5797034,0.246607,0.05694854,0.02995549
noise_half,white_rescaled_q,720,19.5,0.5989262,0.252615,0.5948349,0.2532416,0.06288891,0.02570808
noise_half,white_rescaled_q,720,20,0.6130176,0.2596838,0.6097549,0.2600957,0.0589785,0.0179969
noise_half,white_rescaled_q,720,20.5,0.6278006,0.2664439,0.6248943,0.2668582,0.05581077,0.01823823
noise_half,white_rescaled_q,720,21,0.642191,0.2733041,0.6399234,0.2735506,0.04973259,0.01794457
noise_half,white_rescaled_q,720,21.5,0.6571564,0.2802644,0.6551079,0.2803192,0.04687831,0.02203683
noise_half,white_rescaled_q,720,22,0.6727897,0.2870339,0.6702135,0.2870185,0.05340344,0.02547238
noise_half,white_rescaled_q,720,22.5,0.6880721,0.2936561,0.6856395,0.2938326,0.05190975,0.02402839
noise_half,white_rescaled_q,720,23,0.7027451,0.3001073,0.7005356,0.3004757,0.04975694,0.02089002
noise_half,white_rescaled_q,720,23.5,0.7177471,0.3067341,0.7155063,0.3072235,0.05038192,0.02020327
noise_half,white_rescaled_q,720,24,0.7326378,0.3135945,0.7305604,0.3140714,0.04812122,0.02151194
noise_half,white_rescaled_q,720,24.5,0.7474079,0.3204316,0.745521,0.320714,0.04878241,0.01671015
noise_half,white_rescaled_q,720,25,0.7627613,0.3270003,0.7607293,0.3274909,0.04974256,0.01824784
noise_half,white_rescaled_q,720,25.5,0.7778066,0.3339132,0.7758605,0.3341882,0.0488549,0.02205832
noise_half,white_rescaled_q,720,26,0.7932496,0.3404297,0.7911636,0.3408474,0.04920375,0.02541638
noise_half,white_rescaled_q,720,26.5,0.8083062,0.347138,0.8062508,0.3474394,0.04986135,0.02582648
noise_half,white_rescaled_q,720,27,0.8233,0.3541505,0.8214244,0.3543742,0.04787912,0.02599098
noise_half,white_rescaled_q,720,27.5,0.8383412,0.3608293,0.8366169,0.3610954,0.04714141,0.02255921
noise_half,white_rescaled_q,720,28,0.8534424,0.36741,0.8516782,0.3677441,0.0481813,0.02184601
noise_half,white_rescaled_q,720,28.5,0.868382,0.3739442,0.8666337,0.3742257,0.048035,0.02352996
noise_half,white_rescaled_q,720,29,0.8832675,0.3808232,0.8814692,0.3810486,0.04993565,0.02332312
noise_half,white_rescaled_q,720,29.5,0.8982079,0.3874039,0.8965028,0.3875389,0.04939885,0.02340796
noise_half,white_rescaled_q,720,30,0.9134179,0.394657,0.9114783,0.3947713,0.05285884,0.02635315
noise_half,white_rescaled_q,720,30.5,0.9281864,0.4008086,0.9262823,0.4009136,0.05342142,0.02507264
noise_half,white_rescaled_q,720,31,0.9432533,0.407855,0.9413931,0.4078912,0.05407744,0.02413624
noise_half,white_rescaled_q,720,31.5,0.9580195,0.4138066,0.9562158,0.4139587,0.0531843,0.02304228
noise_half,white_rescaled_q,720,32,0.973042,0.4200846,0.9711656,0.4204169,0.05150188,0.02772503
noise_half,white_rescaled_q,720,32.5,0.9882826,0.4266805,0.9864956,0.4268826,0.05298479,0.02423121
noise_half,white_rescaled_q,720,33,1.003575,0.4326525,1.001415,0.433143,0.05856792,0.02286601
noise_half,white_rescaled_q,720,33.5,1.018845,0.4394745,1.016775,0.440089,0.05635575,0.02352526
noise_half,white_rescaled_q,720,34,1.033457,0.4463163,1.031617,0.4465795,0.05610246,0.02125359
noise_half,white_rescaled_q,720,34.5,1.048216,0.4523522,1.046576,0.4528714,0.04929924,0.02426851
noise_half,white_rescaled_q,720,35,1.063566,0.4581307,1.061625,0.458968,0.05307199,0.02467555
noise_half,white_rescaled_q,720,35.5,1.078809,0.4647695,1.076986,0.4656116,0.05324303,0.01918136
noise_half,white_rescaled_q,720,36,1.09311,0.4702074,1.091564,0.4710073,0.04946392,0.01502887
noise_half,white_rescaled_q,720,36.5,1.107742,0.476846,1.106341,0.4773105,0.04853901,0.01847735
noise_half,white_rescaled_q,720,37,1.122792,0.4837511,1.121331,0.483996,0.05197547,0.01930538
noise_half,white_rescaled_q,720,37.5,1.138326,0.4899552,1.137009,0.4901292,0.04945945,0.02022654
noise_half,white_rescaled_q,720,38,1.153131,0.4961645,1.151931,0.4963475,0.04763177,0.01845884
noise_half,white_rescaled_q,720,38.5,1.168016,0.5023119,1.16702,0.5023364,0.044991,0.01711833
noise_half,white_rescaled_q,720,39,1.183086,0.5079947,1.182226,0.5082133,0.04032232,0.01443286
noise_half,white_rescaled_q,720,39.5,1.198431,0.5142583,1.19771,0.5145235,0.03718746,0.009544524
noise_half,white_rescaled_q,720,40,1.214138,0.5203922,1.213527,0.520619,0.03442914,0.008848977
noise_half,white_rescaled_q,720,40.5,1.228763,0.5263406,1.228169,0.5265874,0.03394047,0.00791236
noise_half,white_rescaled_q,720,41,1.243976,0.5325895,1.243386,0.5328214,0.03420088,0.008235939
noise_half,white_rescaled_q,720,41.5,1.260134,0.5387141,1.259561,0.5389461,0.03360178,0.008955492
noise_half,white_rescaled_q,720,42,1.275482,0.5444338,1.274939,0.5446516,0.03332964,0.007229582
noise_half,white_rescaled_q,720,42.5,1.290675,0.5502579,1.290146,0.5504536,0.03315077,0.008112481
noise_half,white_rescaled_q,720,43,1.305657,0.5561548,1.305093,0.5563716,0.03429737,0.008507355
noise_half,white_rescaled_q,720,43.5,1.321247,0.5621279,1.320642,0.562342,0.0361629,0.008063353
noise_half,white_rescaled_q,720,44,1.336644,0.568151,1.336035,0.5683605,0.03616788,0.00992959
noise_half,white_rescaled_q,720,44.5,1.351474,0.574557,1.350863,0.5747988,0.0356702,0.01096963
noise_half,white_rescaled_q,720,45,1.366662,0.5798294,1.366071,0.5800744,0.03546714,0.009651564
noise_half,white_rescaled_q,720,45.5,1.381808,0.5853838,1.381179,0.5856824,0.03622197,0.01003322
noise_half,white_rescaled_q,720,46,1.397447,0.5913957,1.396845,0.5916961,0.03568736,0.008567446
noise_half,white_rescaled_q,720,46.5,1.412403,0.5961896,1.411784,0.5964818,0.03657063,0.009289447
noise_half,white_rescaled_q,720,47,1.427852,0.6016368,1.427169,0.6019633,0.03853819,0.009693585
noise_half,white_rescaled_q,720,47.5,1.443259,0.6078747,1.44267,0.608218,0.03538866,0.00720115
noise_half,white_rescaled_q,720,48,1.458707,0.61398,1.458165,0.6143341,0.03306636,0.008929224
noise_half,white_rescaled_q,720,48.5,1.474276,0.6195166,1.473783,0.6197733,0.03299711,0.008010913
noise_half,white_rescaled_q,720,49,1.489731,0.6255042,1.489244,0.6257417,0.03291983,0.009413792
noise_half,white_rescaled_q,720,49.5,1.505452,0.631448,1.504946,0.6316892,0.03387355,0.009591195
noise_half,white_rescaled_q,720,50,1.521392,0.637315,1.520823,0.6375987,0.03603819,0.009654997
noise_half,white_rescaled_q,720,50.5,1.537124,0.6425079,1.536555,0.6427734,0.03672048,0.008987506
noise_half,white_rescaled_q,720,51,1.552377,0.6484516,1.551806,0.6487761,0.03576015,0.009940052
noise_half,white_rescaled_q,720,51.5,1.568662,0.6539084,1.568105,0.6542572,0.03459286,0.01109427
noise_half,white_rescaled_q,720,52,1.584611,0.6600465,1.584015,0.6604675,0.03450414,0.01330137
noise_half,white_rescaled_q,720,52.5,1.600246,0.665895,1.599611,0.6663478,0.03621462,0.01253162
noise_half,white_rescaled_q,720,53,1.61549,0.6717686,1.61482,0.6722027,0.0382486,0.01244044
noise_half,white_rescaled_q,720,53.5,1.630713,0.6774158,1.630043,0.677745,0.04013243,0.01269024
noise_half,white_rescaled_q,720,54,1.645365,0.6834447,1.644704,0.6836975,0.04144347,0.01166284
noise_half,white_rescaled_q,720,54.5,1.661569,0.6902929,1.660966,0.6905627,0.03962694,0.00914917
noise_half,white_rescaled_q,720,55,1.677357,0.6958071,1.676719,0.6960888,0.04061997,0.01114999
noise_half,white_rescaled_q,720,55.5,1.693135,0.700756,1.692526,0.7010814,0.03857094,0.01226405
noise_half,white_rescaled_q,720,56,1.70897,0.7068322,1.708428,0.7070832,0.03707384,0.0121719
noise_half,white_rescaled_q,720,56.5,1.724131,0.7129688,1.723611,0.7132027,0.03658555,0.01201746
noise_half,white_rescaled_q,720,57,1.739983,0.7192636,1.739399,0.7195328,0.03896668,0.01235388
noise_half,white_rescaled_q,720,57.5,1.755027,0.7255565,1.754419,0.7258156,0.04029068,0.0126866
noise_half,white_rescaled_q,720,58,1.771268,0.7310515,1.770671,0.7312268,0.04069411,0.015075
noise_half,white_rescaled_q,720,58.5,1.785865,0.7367324,1.785228,0.7369481,0.04193994,0.01501569
noise_half,white_rescaled_q,720,59,1.800851,0.7423464,1.800208,0.7426284,0.04164847,0.01378731
noise_half,white_rescaled_q,720,59.5,1.816583,0.7486622,1.815927,0.7489385,0.04269804,0.01333221
noise_half,white_rescaled_q,720,60,1.831502,0.7549366,1.830876,0.7551931,0.04184918,0.01346649
noise_half,white_rescaled_q,3600,0,0,0,0,0,0,0
noise_half,white_rescaled_q,3600,0.5,0.03013288,0.009716484,0.01527776,0.006422007,0.02538334,0.009221038
noise_half,white_rescaled_q,3600,1,0.05541667,0.01516254,0.03053089,0.01285485,0.04492394,0.01384632
noise_half,white_rescaled_q,3600,1.5,0.07326094,0.02482932,0.04579025,0.01928732,0.05444776,0.02380027
noise_half,white_rescaled_q,3600,2,0.08999737,0.02961944,0.0610714,0.02569063,0.06143362,0.02905817
noise_half,white_rescaled_q,3600,2.5,0.1058739,0.03772021,0.07631862,0.0320875,0.06623837,0.03798579
noise_half,white_rescaled_q,3600,3,0.1205004,0.04346272,0.09154507,0.03842877,0.06958886,0.04216337
noise_half,white_rescaled_q,3600,3.5,0.1354537,0.04712923,0.1067874,0.0448171,0.07226897,0.04499492
noise_half,white_rescaled_q,3600,4,0.1553353,0.05646133,0.1220513,0.05123585,0.08461216,0.05239459
noise_half,white_rescaled_q,3600,4.5,0.1610515,0.05827011,0.1373657,0.05768522,0.07505916,0.03972006
noise_half,white_rescaled_q,3600,5,0.1721186,0.06493854,0.152722,0.06412966,0.06867642,0.04209684
noise_half,white_rescaled_q,3600,5.5,0.1890725,0.06873992,0.1680294,0.07056167,0.07230217,0.0464061
noise_half,white_rescaled_q,3600,6,0.1979902,0.07455632,0.1833196,0.07700617,0.06430319,0.03412656
noise_half,white_rescaled_q,3600,6.5,0.206665,0.08365292,0.1986496,0.08348664,0.04920771,0.02997797
noise_half,white_rescaled_q,3600,7,0.2215188,0.08725,0.213967,0.08990811,0.04625259,0.02718389
noise_half,white_rescaled_q,3600,7.5,0.2365995,0.09373758,0.2292667,0.09630648,0.0467228,0.02845694
noise_half,white_rescaled_q,3600,8,0.2501574,0.1009337,0.2445577,0.1026861,0.04336364,0.02408055
noise_half,white_rescaled_q,3600,8.5,0.263828,0.1081178,0.259874,0.1090518,0.03738363,0.02249057
noise_half,white_rescaled_q,3600,9,0.2783166,0.1137939,0.2751404,0.115483,0.03069364,0.02171372
noise_half,white_rescaled_q,3600,9.5,0.2935226,0.1206006,0.2904267,0.1218997,0.03127686,0.02362752
noise_half,white_rescaled_q,3600,10,0.3094355,0.1259717,0.3057313,0.128286,0.03209042,0.02694775
noise_half,white_rescaled_q,3600,10.5,0.3236261,0.1330517,0.3210561,0.1346843,0.02768059,0.02236984
noise_half,white_rescaled_q,3600,11,0.3384701,0.1399543,0.3364731,0.1410846,0.02670457,0.01872176
noise_half,white_rescaled_q,3600,11.5,0.3537293,0.1464634,0.3518171,0.1474812,0.02849393,0.0163182
noise_half,white_rescaled_q,3600,12,0.3692741,0.1526851,0.3672228,0.1538347,0.02916537,0.01850912
noise_half,white_rescaled_q,3600,12.5,0.3842733,0.1590821,0.38244,0.1602759,0.02809206,0.01636221
noise_half,white_rescaled_q,3600,13,0.3989538,0.1659306,0.3975553,0.1668445,0.02602384,0.0124723
noise_half,white_rescaled_q,3600,13.5,0.4140899,0.1727087,0.4127615,0.1734802,0.02672225,0.01172503
noise_half,white_rescaled_q,3600,14,0.4294481,0.1793474,0.4281391,0.1800732,0.02733359,0.01158934
noise_half,white_rescaled_q,3600,14.5,0.4445288,0.1861944,0.4433255,0.1867482,0.02766385,0.01060641
noise_half,white_rescaled_q,3600,15,0.4597674,0.1927939,0.4587343,0.1932064,0.02684982,0.008984556
noise_half,white_rescaled_q,3600,15.5,0.4748316,0.1994641,0.4738306,0.1998445,0.0275496,0.006986309
noise_half,white_rescaled_q,3600,16,0.4897281,0.2064699,0.4889142,0.2066283,0.0259734,0.007933284
noise_half,white_rescaled_q,3600,16.5,0.505288,0.2129467,0.5042202,0.213301,0.02896395,0.01002729
noise_half,white_rescaled_q,3600,17,0.5204891,0.2199372,0.5194484,0.2201834,0.02875291,0.01267549
noise_half,white_rescaled_q,3600,17.5,0.5355407,0.226699,0.5345534,0.2269597,0.02886183,0.01081228
noise_half,white_rescaled_q,3600,18,0.550621,0.2334096,0.5497464,0.2336684,0.02713395,0.01082816
noise_half,white_rescaled_q,3600,18.5,0.5657009,0.2402206,0.5647824,0.2404268,0.02820028,0.01251995
noise_half,white_rescaled_q,3600,19,0.5812048,0.2469098,0.5801422,0.2471463,0.03086692,0.0133867
noise_half,white_rescaled_q,3600,19.5,0.5964834,0.2535606,0.5951033,0.2537595,0.03530959,0.01782661
noise_half,white_rescaled_q,3600,20,0.6113052,0.2603705,0.6100574,0.2606567,0.03350201,0.01654108
noise_half,white_rescaled_q,3600,20.5,0.6262984,0.2673511,0.6250617,0.2675178,0.03306425,0.0197243
noise_half,white_rescaled_q,3600,21,0.6412286,0.2743018,0.6402387,0.274497,0.03112323,0.01444221
noise_half,white_rescaled_q,3600,21.5,0.6562629,0.2812013,0.6553144,0.2816245,0.02919337,0.01319874
noise_half,white_rescaled_q,3600,22,0.6715507,0.2876958,0.6704569,0.2882732,0.0303144,0.01566075
noise_half,white_rescaled_q,3600,22.5,0.6869124,0.2941909,0.6857805,0.294834,0.03076976,0.01613131
noise_half,white_rescaled_q,3600,23,0.7017196,0.3009271,0.7007007,0.3014623,0.02958817,0.01613146
noise_half,white_rescaled_q,3600,23.5,0.7168444,0.3078941,0.7157982,0.3083587,0.03106954,0.01659136
noise_half,white_rescaled_q,3600,24,0.7317661,0.3148229,0.7306918,0.3154554,0.03093571,0.01574326
noise_half,white_rescaled_q,3600,24.5,0.7466978,0.3214436,0.7457505,0.3218971,0.0307527,0.01417123
noise_half,white_rescaled_q,3600,25,0.7618522,0.3282078,0.7608844,0.3286673,0.03135435,0.01465088
noise_half,white_rescaled_q,3600,25.5,0.7767239,0.3350675,0.7759306,0.3352185,0.02977091,0.01619882
noise_half,white_rescaled_q,3600,26,0.7920741,0.3417957,0.7913459,0.341975,0.0291882,0.01394281
noise_half,white_rescaled_q,3600,26.5,0.8069761,0.3486094,0.8063855,0.3486445,0.02766257,0.0131501
noise_half,white_rescaled_q,3600,27,0.8219487,0.3551385,0.8213352,0.3551435,0.02833865,0.01457225
noise_half,white_rescaled_q,3600,27.5,0.837207,0.3617681,0.8365466,0.3619087,0.02920808,0.01279645
noise_half,white_rescaled_q,3600,28,0.8520544,0.3682975,0.8514319,0.368544,0.02779586,0.01101365
noise_half,white_rescaled_q,3600,28.5,0.8669096,0.374449,0.8662881,0.3746747,0.02818824,0.0113364
noise_half,white_rescaled_q,3600,29,0.8818938,0.3811999,0.8811382,0.3814846,0.03092104,0.01336439
noise_half,white_rescaled_q,3600,29.5,0.8968719,0.3874552,0.8961272,0.3877376,0.03086743,0.01355393
noise_half,white_rescaled_q,3600,30,0.9122055,0.3946237,0.911412,0.3947956,0.03396427,0.0131569
noise_half,white_rescaled_q,3600,30.5,0.9269774,0.4007201,0.9261825,0.4009233,0.03452946,0.01152049
noise_half,white_rescaled_q,3600,31,0.9417182,0.4075301,0.9408268,0.4077824,0.03670504,0.01193977
noise_half,white_rescaled_q,3600,31.5,0.9563106,0.4136843,0.9554423,0.4139529,0.03568169,0.01359588
noise_half,white_rescaled_q,3600,32,0.9710014,0.4207343,0.9702746,0.420973,0.03370098,0.009426149
noise_half,white_rescaled_q,3600,32.5,0.9862755,0.4273751,0.9856077,0.4274992,0.03274147,0.01231776
noise_half,white_rescaled_q,3600,33,1.001228,0.4345114,1.000388,0.4346126,0.03688405,0.01580674
noise_half,white_rescaled_q,3600,33.5,1.016756,0.4416746,1.016157,0.4416838,0.03167511,0.01474352
noise_half,white_rescaled_q,3600,34,1.031529,0.4477185,1.030979,0.4477857,0.03132105,0.01001122
noise_half,white_rescaled_q,3600,34.5,1.046179,0.4541371,1.045746,0.4542487,0.02738819,0.007944932
noise_half,white_rescaled_q,3600,35,1.060952,0.4604378,1.060494,0.4606357,0.0269441,0.00883466
noise_half,white_rescaled_q,3600,35.5,1.076438,0.4671841,1.076019,0.467313,0.02641002,0.009699235
noise_half,white_rescaled_q,3600,36,1.091829,0.4733846,1.09133,0.4735514,0.02878645,0.01087339
noise_half,white_rescaled_q,3600,36.5,1.106739,0.479907,1.10636,0.4800379,0.02503455,0.009886462
noise_half,white_rescaled_q,3600,37,1.121732,0.4863115,1.121347,0.4864519,0.025067,0.01062929
noise_half,white_rescaled_q,3600,37.5,1.137238,0.4927901,1.136769,0.4930036,0.02666355,0.01277787
noise_half,white_rescaled_q,3600,38,1.152167,0.4987455,1.151785,0.4989477,0.02434349,0.01004175
noise_half,white_rescaled_q,3600,38.5,1.167366,0.5045936,1.167035,0.5047401,0.02328473,0.009730805
noise_half,white_rescaled_q,3600,39,1.182722,0.5112563,1.182428,0.5113723,0.02244458,0.009204504
noise_half,white_rescaled_q,3600,39.5,1.197864,0.5168579,1.197579,0.5169927,0.02185797,0.008773232
noise_half,white_rescaled_q,3600,40,1.213526,0.5223787,1.213247,0.5225127,0.02151102,0.009190883
noise_half,white_rescaled_q,3600,40.5,1.228546,0.5287098,1.228299,0.5288172,0.02081477,0.008315427
noise_half,white_rescaled_q,3600,41,1.243628,0.5348497,1.243359,0.5349706,0.02207092,0.00785272
noise_half,white_rescaled_q,3600,41.5,1.259177,0.5409757,1.258897,0.5411026,0.02286084,0.007398345
noise_half,white_rescaled_q,3600,42,1.274413,0.5469041,1.274123,0.547037,0.02331339,0.007728533
noise_half,white_rescaled_q,3600,42.5,1.289056,0.5531368,1.288781,0.5532677,0.0228201,0.007301249
noise_half,white_rescaled_q,3600,43,1.304558,0.5590398,1.304286,0.5591818,0.0224253,0.007655638
noise_half,white_rescaled_q,3600,43.5,1.319939,0.5653083,1.319685,0.5654028,0.02285546,0.006925703
noise_half,white_rescaled_q,3600,44,1.334994,0.5710911,1.334723,0.5711824,0.0237676,0.007909398
noise_half,white_rescaled_q,3600,44.5,1.350274,0.5774917,1.350003,0.5775658,0.02454707,0.007164667
noise_half,white_rescaled_q,3600,45,1.365751,0.5833038,1.365518,0.5833538,0.0229922,0.007280218
noise_half,white_rescaled_q,3600,45.5,1.381222,0.5891327,1.380958,0.5891698,0.02503585,0.008136232
noise_half,white_rescaled_q,3600,46,1.39688,0.5951774,1.396651,0.5952032,0.02361447,0.007480632
noise_half,white_rescaled_q,3600,46.5,1.411676,0.6002197,1.411427,0.6003021,0.02330579,0.008208189
noise_half,white_rescaled_q,3600,47,1.427189,0.6060202,1.426911,0.6061167,0.02462906,0.008981976
noise_half,white_rescaled_q,3600,47.5,1.44227,0.6120984,1.44197,0.6122179,0.02454044,0.01139646
noise_half,white_rescaled_q,3600,48,1.457665,0.618007,1.457363,0.6181133,0.02501425,0.01170506
noise_half,white_rescaled_q,3600,48.5,1.473242,0.6229291,1.472923,0.6230429,0.02568002,0.01243333
noise_half,white_rescaled_q,3600,49,1.48897,0.6301026,1.488643,0.6302439,0.02565649,0.01236957
noise_half,white_rescaled_q,3600,49.5,1.504307,0.6355763,1.503966,0.6357338,0.02666046,0.01143462
noise_half,white_rescaled_q,3600,50,1.52002,0.6412516,1.519663,0.6414535,0.02609765,0.01291239
noise_half,white_rescaled_q,3600,50.5,1.536429,0.646943,1.53605,0.6471604,0.0269462,0.01348597
noise_half,white_rescaled_q,3600,51,1.551365,0.6521925,1.550951,0.6524355,0.02830347,0.01382264
noise_half,white_rescaled_q,3600,51.5,1.567248,0.6577742,1.566875,0.6579579,0.02744401,0.01395659
noise_half,white_rescaled_q,3600,52,1.582805,0.6639879,1.582461,0.664155,0.02679023,0.01292912
noise_half,white_rescaled_q,3600,52.5,1.598023,0.6697709,1.597663,0.6699427,0.02783384,0.01286279
noise_half,white_rescaled_q,3600,53,1.613716,0.6756562,1.613341,0.6758067,0.02760176,0.016404
noise_half,white_rescaled_q,3600,53.5,1.628202,0.6810062,1.627805,0.6811688,0.02972421,0.01441353
noise_half,white_rescaled_q,3600,54,1.643418,0.6866966,1.642981,0.6869081,0.0308541,0.01477882
noise_half,white_rescaled_q,3600,54.5,1.659522,0.6925994,1.659147,0.6927933,0.02876371,0.01315249
noise_half,white_rescaled_q,3600,55,1.67537,0.6982023,1.674931,0.6984794,0.0304655,0.01351869
noise_half,white_rescaled_q,3600,55.5,1.690683,0.7034783,1.690255,0.7037413,0.02929871,0.01576859
noise_half,white_rescaled_q,3600,56,1.706663,0.7096447,1.706214,0.7098944,0.03123293,0.01523081
noise_half,white_rescaled_q,3600,56.5,1.72186,0.7157436,1.721423,0.7159944,0.03089754,0.01484756
noise_half,white_rescaled_q,3600,57,1.73691,0.7220972,1.73652,0.7223007,0.03043107,0.01252688
noise_half,white_rescaled_q,3600,57.5,1.752004,0.7285944,1.751617,0.7287627,0.03096186,0.01315374
noise_half,white_rescaled_q,3600,58,1.767809,0.7344633,1.7674,0.734694,0.03092585,0.0131794
noise_half,white_rescaled_q,3600,58.5,1.782723,0.7404399,1.782409,0.7406235,0.02700422,0.01174705
noise_half,white_rescaled_q,3600,59,1.798249,0.7468099,1.797894,0.7470887,0.02632548,0.01405214
noise_half,white_rescaled_q,3600,59.5,1.813496,0.752882,1.813114,0.7531575,0.02804222,0.01470619
noise_half,white_rescaled_q,3600,60,1.828848,0.7587989,1.82845,0.7590683,0.02962359,0.01403699
noise_x4,frozen_q,0,0,0,0,0,0,0,0
noise_x4,frozen_q,0,0.5,0.0329724,0.009268013,0.01527262,0.006353432,0.02857768,0.009205023
noise_x4,frozen_q,0,1,0.06612023,0.01872379,0.0304469,0.01279187,0.05737313,0.01866028
noise_x4,frozen_q,0,1.5,0.09932362,0.02768847,0.04572874,0.01929262,0.08614877,0.02766677
noise_x4,frozen_q,0,2,0.132468,0.03662531,0.06116958,0.02558334,0.1147617,0.03682655
noise_x4,frozen_q,0,2.5,0.1656086,0.04565557,0.0764495,0.03174368,0.1434535,0.04617706
noise_x4,frozen_q,0,3,0.1987379,0.05499522,0.0916467,0.03738186,0.1722408,0.05597431
noise_x4,frozen_q,0,3.5,0.2322659,0.06473038,0.1070104,0.04345091,0.2013449,0.06604135
noise_x4,frozen_q,0,4,0.2659487,0.0744098,0.1225612,0.04990673,0.23051,0.07585593
noise_x4,frozen_q,0,4.5,0.2994489,0.08385124,0.1385528,0.05663023,0.2592183,0.08529502
noise_x4,frozen_q,0,5,0.333267,0.09290129,0.1548934,0.0634517,0.2880461,0.0944718
noise_x4,frozen_q,0,5.5,0.3673612,0.1019496,0.1709262,0.07029997,0.3173335,0.1037049
noise_x4,frozen_q,0,6,0.401466,0.1112266,0.1869709,0.07705248,0.3466344,0.1132024
noise_x4,frozen_q,0,6.5,0.4360858,0.1202856,0.2035246,0.08397813,0.3761985,0.122555
noise_x4,frozen_q,0,7,0.4711952,0.128854,0.2200989,0.09043786,0.4063801,0.1315484
noise_x4,frozen_q,0,7.5,0.5064104,0.1375151,0.2364967,0.09668635,0.4368509,0.1405483
noise_x4,frozen_q,0,8,0.5418022,0.1460878,0.2528734,0.1027157,0.4675763,0.1494855
noise_x4,frozen_q,0,8.5,0.5773017,0.1544211,0.2694116,0.1086509,0.4983732,0.1581392
noise_x4,frozen_q,0,9,0.6127764,0.1623756,0.2858936,0.1147061,0.5292066,0.1662213
noise_x4,frozen_q,0,9.5,0.6484686,0.1700851,0.3023679,0.1204461,0.5603171,0.1742065
noise_x4,frozen_q,0,10,0.6842399,0.1781165,0.3189263,0.1261756,0.5915149,0.1823685
noise_x4,frozen_q,0,10.5,0.7205584,0.1862088,0.3362212,0.1320785,0.6229092,0.1905985
noise_x4,frozen_q,0,11,0.7570844,0.1941636,0.3536829,0.1379976,0.6544493,0.1986923
noise_x4,frozen_q,0,11.5,0.7937672,0.2021657,0.3709931,0.1441594,0.6861896,0.2068786
noise_x4,frozen_q,0,12,0.8304446,0.210191,0.3880435,0.1505071,0.7180475,0.2150145
noise_x4,frozen_q,0,12.5,0.8671722,0.2189988,0.4048494,0.157324,0.7500533,0.2237333
noise_x4,frozen_q,0,13,0.9039864,0.2275947,0.4216535,0.164528,0.7820841,0.2322375
noise_x4,frozen_q,0,13.5,0.9415129,0.2365485,0.4383619,0.1720052,0.8149206,0.2411393
noise_x4,frozen_q,0,14,0.9794894,0.24528,0.4551381,0.1795742,0.8482722,0.2496369
noise_x4,frozen_q,0,14.5,1.018082,0.2531915,0.4718416,0.1868085,0.8825182,0.2570397
noise_x4,frozen_q,0,15,1.056763,0.2606396,0.4884679,0.1940825,0.9169127,0.2639162
noise_x4,frozen_q,0,15.5,1.095542,0.2678242,0.5050471,0.2014267,0.9514155,0.2705711
noise_x4,frozen_q,0,16,1.13447,0.2749809,0.5218571,0.2094933,0.9859053,0.2768593
noise_x4,frozen_q,0,16.5,1.173573,0.2815396,0.5385277,0.2178152,1.020628,0.2824897
noise_x4,frozen_q,0,17,1.212754,0.2880908,0.5552737,0.2266316,1.0553,0.2880779
noise_x4,frozen_q,0,17.5,1.2517,0.2945409,0.5718623,0.2353236,1.089834,0.2934321
noise_x4,frozen_q,0,18,1.290952,0.3010949,0.5881811,0.2441432,1.124844,0.2988127
noise_x4,frozen_q,0,18.5,1.330476,0.3075357,0.6043936,0.2527585,1.160274,0.304001
noise_x4,frozen_q,0,19,1.370097,0.314064,0.6205701,0.2615303,1.195834,0.3091004
noise_x4,frozen_q,0,19.5,1.409645,0.320431,0.6367892,0.2702966,1.2313,0.3139493
noise_x4,frozen_q,0,20,1.449269,0.3268798,0.6528504,0.2789972,1.266989,0.3186558
noise_x4,frozen_q,0,20.5,1.488966,0.3334396,0.6689878,0.2879529,1.302767,0.32302
noise_x4,frozen_q,0,21,1.528343,0.3402431,0.6850569,0.2965602,1.338263,0.3276828
noise_x4,frozen_q,0,21.5,1.567709,0.347318,0.7011113,0.3049833,1.373809,0.3325152
noise_x4,frozen_q,0,22,1.607148,0.3545656,0.7169142,0.313242,1.409597,0.3375005
noise_x4,frozen_q,0,22.5,1.646742,0.3618429,0.7329762,0.321362,1.445408,0.3427073
noise_x4,frozen_q,0,23,1.686882,0.3691576,0.7490206,0.3290132,1.481906,0.3481046
noise_x4,frozen_q,0,23.5,1.727017,0.3767267,0.7649161,0.3364469,1.518522,0.3537392
noise_x4,frozen_q,0,24,1.767658,0.3842736,0.7810198,0.343556,1.555565,0.3598149
noise_x4,frozen_q,0,24.5,1.808606,0.3918266,0.7968929,0.350746,1.593,0.3661299
noise_x4,frozen_q,0,25,1.84981,0.3990371,0.813023,0.3579701,1.630544,0.3722638
noise_x4,frozen_q,0,25.5,1.890791,0.4061908,0.829189,0.3648629,1.667857,0.3784489
noise_x4,frozen_q,0,26,1.931733,0.4131283,0.8453665,0.3718514,1.705062,0.3845633
noise_x4,frozen_q,0,26.5,1.972693,0.4200371,0.8615823,0.3793121,1.74215,0.3907271
noise_x4,frozen_q,0,27,2.013366,0.4270374,0.8777228,0.3869293,1.778892,0.3970975
noise_x4,frozen_q,0,27.5,2.05388,0.4337113,0.89366,0.3942563,1.815532,0.4035039
noise_x4,frozen_q,0,28,2.094289,0.4405674,0.9095188,0.4011092,1.852146,0.4103007
noise_x4,frozen_q,0,28.5,2.134819,0.4473961,0.92548,0.4079158,1.888865,0.4170164
noise_x4,frozen_q,0,29,2.175109,0.4541352,0.9413669,0.4149287,1.925281,0.4237561
noise_x4,frozen_q,0,29.5,2.215445,0.4611376,0.9571715,0.4218699,1.96181,0.4307417
noise_x4,frozen_q,0,30,2.255838,0.4683161,0.9730274,0.4290771,1.998402,0.437536
noise_x4,frozen_q,0,30.5,2.296892,0.4752505,0.9890332,0.4362743,2.035666,0.4440783
noise_x4,frozen_q,0,31,2.338471,0.4817609,1.005153,0.4438025,2.07342,0.4500579
noise_x4,frozen_q,0,31.5,2.380059,0.487863,1.021336,0.4512522,2.111188,0.4554945
noise_x4,frozen_q,0,32,2.422085,0.4939109,1.037651,0.4583942,2.149451,0.4608557
noise_x4,frozen_q,0,32.5,2.464216,0.4998387,1.053848,0.4657298,2.187869,0.4659811
noise_x4,frozen_q,0,33,2.506639,0.5053437,1.070508,0.4729904,2.226335,0.4710055
noise_x4,frozen_q,0,33.5,2.54931,0.5106247,1.087849,0.4805016,2.264703,0.4757781
noise_x4,frozen_q,0,34,2.59209,0.5158119,1.105477,0.4878476,2.303085,0.4804751
noise_x4,frozen_q,0,34.5,2.63471,0.5209763,1.123224,0.4955832,2.341197,0.4849151
noise_x4,frozen_q,0,35,2.677351,0.5260453,1.141057,0.5037823,2.379227,0.4890989
noise_x4,frozen_q,0,35.5,2.720305,0.5310964,1.159085,0.5123173,2.417475,0.493122
noise_x4,frozen_q,0,36,2.763324,0.5358294,1.17733,0.5211256,2.455593,0.497022
noise_x4,frozen_q,0,36.5,2.806473,0.540629,1.19524,0.5293954,2.494094,0.5011639
noise_x4,frozen_q,0,37,2.849668,0.5452169,1.213044,0.5374918,2.532759,0.504931
noise_x4,frozen_q,0,37.5,2.893027,0.5496111,1.230794,0.5455307,2.571659,0.508422
noise_x4,frozen_q,0,38,2.93649,0.5539691,1.248807,0.5531613,2.610636,0.5118436
noise_x4,frozen_q,0,38.5,2.980189,0.5583574,1.267468,0.5598564,2.649704,0.5155753
noise_x4,frozen_q,0,39,3.023917,0.562727,1.286389,0.5658416,2.688791,0.5194572
noise_x4,frozen_q,0,39.5,3.067855,0.567481,1.305535,0.5718914,2.728012,0.52364
noise_x4,frozen_q,0,40,3.111905,0.5726869,1.324477,0.5779745,2.7675,0.5280306
noise_x4,frozen_q,0,40.5,3.155785,0.5786572,1.343543,0.5844551,2.806704,0.5329975
noise_x4,frozen_q,0,41,3.200021,0.5848942,1.362934,0.5910274,2.846106,0.5383932
noise_x4,frozen_q,0,41.5,3.244206,0.5912626,1.382442,0.5975363,2.88543,0.5437988
noise_x4,frozen_q,0,42,3.288886,0.5980203,1.401936,0.604453,2.925249,0.5495559
noise_x4,frozen_q,0,42.5,3.333541,0.604599,1.421384,0.6115799,2.964967,0.5554223
noise_x4,frozen_q,0,43,3.377857,0.6111123,1.440888,0.6182989,3.00433,0.5613636
noise_x4,frozen_q,0,43.5,3.422125,0.6172407,1.460344,0.6246637,3.043703,0.5670343
noise_x4,frozen_q,0,44,3.466957,0.6237278,1.479766,0.6307823,3.083809,0.5728986
noise_x4,frozen_q,0,44.5,3.512092,0.6308722,1.499799,0.6371099,3.12395,0.5793066
noise_x4,frozen_q,0,45,3.557348,0.638307,1.520162,0.6437337,3.164014,0.5860085
noise_x4,frozen_q,0,45.5,3.602758,0.6457509,1.540287,0.6504634,3.20433,0.592811
noise_x4,frozen_q,0,46,3.6481,0.6535363,1.560342,0.6570271,3.244637,0.5999565
noise_x4,frozen_q,0,46.5,3.693594,0.6613108,1.580494,0.6634265,3.285069,0.6072694
noise_x4,frozen_q,0,47,3.739263,0.6689343,1.600591,0.669437,3.325761,0.61462
noise_x4,frozen_q,0,47.5,3.785424,0.6768845,1.620817,0.675782,3.366895,0.6222343
noise_x4,frozen_q,0,48,3.831781,0.6851718,1.641005,0.682155,3.408273,0.6301563
noise_x4,frozen_q,0,48.5,3.878647,0.6934997,1.661717,0.6889167,3.449869,0.6382729
noise_x4,frozen_q,0,49,3.925757,0.7020028,1.682844,0.6956442,3.491545,0.6465715
noise_x4,frozen_q,0,49.5,3.972274,0.7111246,1.704025,0.7024256,3.532612,0.6550129
noise_x4,frozen_q,0,50,4.018249,0.7206914,1.72501,0.7099475,3.5731,0.6635037
noise_x4,frozen_q,0,50.5,4.064439,0.7308325,1.746069,0.7177639,3.613746,0.6725698
noise_x4,frozen_q,0,51,4.110621,0.7412631,1.767419,0.7259658,3.654184,0.6818714
noise_x4,frozen_q,0,51.5,4.156683,0.7516096,1.788996,0.7343879,3.694363,0.6909217
noise_x4,frozen_q,0,52,4.203226,0.7622601,1.810651,0.7429838,3.735004,0.7003461
noise_x4,frozen_q,0,52.5,4.250479,0.7726026,1.832437,0.7517315,3.776314,0.7096512
noise_x4,frozen_q,0,53,4.297816,0.7827497,1.8542,0.7604395,3.817707,0.7189025
noise_x4,frozen_q,0,53.5,4.344969,0.792761,1.875885,0.7693291,3.858883,0.7280904
noise_x4,frozen_q,0,54,4.391935,0.802716,1.897645,0.7780671,3.899866,0.7370645
noise_x4,frozen_q,0,54.5,4.439063,0.8125485,1.919582,0.7865428,3.940992,0.7459182
noise_x4,frozen_q,0,55,4.485982,0.8220164,1.941646,0.7944566,3.981904,0.7545022
noise_x4,frozen_q,0,55.5,4.532853,0.8314205,1.963606,0.8027794,4.022712,0.7631409
noise_x4,frozen_q,0,56,4.580007,0.8413448,1.985639,0.8110609,4.063841,0.772178
noise_x4,frozen_q,0,56.5,4.627121,0.8516642,2.007577,0.8190849,4.104984,0.781829
noise_x4,frozen_q,0,57,4.674292,0.8622856,2.029625,0.8268236,4.146164,0.7919671
noise_x4,frozen_q,0,57.5,4.721756,0.8729533,2.051566,0.8346739,4.187723,0.8020557
noise_x4,frozen_q,0,58,4.768902,0.8842417,2.073419,0.842541,4.229001,0.8126115
noise_x4,frozen_q,0,58.5,4.816112,0.8958674,2.095364,0.8505176,4.270271,0.8236001
noise_x4,frozen_q,0,59,4.863863,0.9074879,2.117724,0.8588204,4.311887,0.8345796
noise_x4,frozen_q,0,59.5,4.912089,0.9190716,2.140464,0.8671723,4.353825,0.8456119
noise_x4,frozen_q,0,60,4.960724,0.9304073,2.163445,0.8757617,4.396091,0.8562063
noise_x4,frozen_q,180,0,0,0,0,0,0,0
noise_x4,frozen_q,180,0.5,0.0323379,0.008989535,0.01527262,0.006353433,0.02784886,0.008906001
noise_x4,frozen_q,180,1,0.06383322,0.01648945,0.0304469,0.01279186,0.05499052,0.01544314
noise_x4,frozen_q,180,1.5,0.09281808,0.02698436,0.04572873,0.01929261,0.0788572,0.02603187
noise_x4,frozen_q,180,2,0.1171144,0.03735864,0.0611696,0.02558334,0.09684949,0.03696864
noise_x4,frozen_q,180,2.5,0.1418017,0.04265001,0.07644956,0.03174382,0.1151204,0.04330148
noise_x4,frozen_q,180,3,0.1590188,0.04843662,0.09164675,0.0373818,0.125131,0.04736604
noise_x4,frozen_q,180,3.5,0.1730354,0.05827263,0.1070105,0.04345093,0.129235,0.05822486
noise_x4,frozen_q,180,4,0.1904655,0.06867781,0.122561,0.04990642,0.1381756,0.06710641
noise_x4,frozen_q,180,4.5,0.2108694,0.07680346,0.1385533,0.05662916,0.1501186,0.07462598
noise_x4,frozen_q,180,5,0.2278987,0.08230797,0.1548934,0.0634514,0.1558807,0.08116375
noise_x4,frozen_q,180,5.5,0.2441518,0.09410823,0.1709267,0.07029959,0.1626934,0.08969897
noise_x4,frozen_q,180,6,0.2524729,0.08794272,0.1869712,0.0770523,0.1581199,0.07601568
noise_x4,frozen_q,180,6.5,0.2687559,0.09017406,0.2035258,0.08397746,0.1631764,0.07402443
noise_x4,frozen_q,180,7,0.2860756,0.09755206,0.2200995,0.09043686,0.1680436,0.08225462
noise_x4,frozen_q,180,7.5,0.3079688,0.1071765,0.2364954,0.09668513,0.179451,0.09593787
noise_x4,frozen_q,180,8,0.3068429,0.1031849,0.2528732,0.1027131,0.1590624,0.0725415
noise_x4,frozen_q,180,8.5,0.3241937,0.107075,0.2694065,0.1086491,0.1672666,0.06665689
noise_x4,frozen_q,180,9,0.3310095,0.1093012,0.2858843,0.1147165,0.1518165,0.06187216
noise_x4,frozen_q,180,9.5,0.3489827,0.1125353,0.3023566,0.1204575,0.1605409,0.05470003
noise_x4,frozen_q,180,10,0.3559765,0.1186522,0.3189116,0.1261854,0.1438804,0.05192041
noise_x4,frozen_q,180,10.5,0.3701997,0.1292188,0.3362105,0.1320843,0.1444898,0.05048851
noise_x4,frozen_q,180,11,0.3860515,0.1305305,0.3536495,0.1380119,0.1395222,0.0522417
noise_x4,frozen_q,180,11.5,0.4046393,0.1356641,0.3709484,0.1441745,0.1440138,0.05738037
noise_x4,frozen_q,180,12,0.4205326,0.1454528,0.3880004,0.1505338,0.1435877,0.0669422
noise_x4,frozen_q,180,12.5,0.4360665,0.1511665,0.4048052,0.1573388,0.1440367,0.06267008
noise_x4,frozen_q,180,13,0.4536716,0.1560444,0.4215738,0.1645549,0.1467102,0.06470665
noise_x4,frozen_q,180,13.5,0.472979,0.1626718,0.438281,0.1720416,0.1557605,0.06788702
noise_x4,frozen_q,180,14,0.4822393,0.1693498,0.4550656,0.1796175,0.1405282,0.04939643
noise_x4,frozen_q,180,14.5,0.4987611,0.1765396,0.4718147,0.1868442,0.1401035,0.05588749
noise_x4,frozen_q,180,15,0.5156133,0.1805563,0.4884696,0.1940949,0.1395549,0.05582269
noise_x4,frozen_q,180,15.5,0.5345355,0.1870754,0.5050421,0.2014204,0.1495998,0.05606518
noise_x4,frozen_q,180,16,0.5527967,0.1940419,0.5218703,0.2094963,0.1574723,0.05143589
noise_x4,frozen_q,180,16.5,0.5694084,0.2021219,0.5385972,0.2177775,0.1579594,0.05565613
noise_x4,frozen_q,180,17,0.5860057,0.2084633,0.55538,0.2266909,0.1539784,0.06250137
noise_x4,frozen_q,180,17.5,0.6046806,0.2155092,0.571962,0.2353656,0.1615321,0.06407546
noise_x4,frozen_q,180,18,0.6205734,0.2224598,0.5883671,0.2440934,0.1596485,0.06373624
noise_x4,frozen_q,180,18.5,0.6398095,0.2284314,0.6046346,0.2526557,0.1670889,0.07095723
noise_x4,frozen_q,180,19,0.6551177,0.2411528,0.6208393,0.2613574,0.1754073,0.05915843
noise_x4,frozen_q,180,19.5,0.6735492,0.2482358,0.637041,0.2700731,0.1826737,0.06261795
noise_x4,frozen_q,180,20,0.6938437,0.2519849,0.6531799,0.2787346,0.1914956,0.0697192
noise_x4,frozen_q,180,20.5,0.7114492,0.2606022,0.6693921,0.2877271,0.197025,0.07345386
noise_x4,frozen_q,180,21,0.724612,0.270803,0.6853579,0.2962444,0.1935057,0.06647132
noise_x4,frozen_q,180,21.5,0.7416951,0.2782837,0.7013674,0.3045526,0.1977368,0.06921032
noise_x4,frozen_q,180,22,0.7572664,0.290331,0.7172343,0.3126498,0.2031306,0.07240561
noise_x4,frozen_q,180,22.5,0.7754677,0.2972805,0.7333471,0.3206289,0.2112031,0.07426542
noise_x4,frozen_q,180,23,0.7903942,0.3056878,0.7492747,0.3283426,0.2119532,0.07064084
noise_x4,frozen_q,180,23.5,0.8081041,0.3126002,0.7651731,0.335759,0.219567,0.07304076
noise_x4,frozen_q,180,24,0.8239163,0.3187778,0.781511,0.3428099,0.2175676,0.07704144
noise_x4,frozen_q,180,24.5,0.8417006,0.3237553,0.7972885,0.3499345,0.2240576,0.07836726
noise_x4,frozen_q,180,25,0.8543652,0.3337782,0.8132918,0.3571511,0.2208932,0.0677529
noise_x4,frozen_q,180,25.5,0.8717048,0.3402273,0.8294444,0.3640193,0.2266947,0.06945717
noise_x4,frozen_q,180,26,0.8888334,0.3456178,0.8459807,0.3708079,0.2285253,0.07235333
noise_x4,frozen_q,180,26.5,0.9064809,0.3533583,0.8621279,0.3781855,0.2370714,0.0724481
noise_x4,frozen_q,180,27,0.9201653,0.3620935,0.8781568,0.3856005,0.2307503,0.0767895
noise_x4,frozen_q,180,27.5,0.9379731,0.3687719,0.8940523,0.3929067,0.2394506,0.07721185
noise_x4,frozen_q,180,28,0.9506683,0.3769715,0.9101164,0.399847,0.2293818,0.07921242
noise_x4,frozen_q,180,28.5,0.9699283,0.3804704,0.9259056,0.4067315,0.2400939,0.08062567
noise_x4,frozen_q,180,29,0.9837221,0.3883232,0.9416153,0.4137907,0.234415,0.08406165
noise_x4,frozen_q,180,29.5,0.9988131,0.3966532,0.9573845,0.4207102,0.2363437,0.08274231
noise_x4,frozen_q,180,30,1.014905,0.4029153,0.9733321,0.427732,0.2382871,0.08138435
noise_x4,frozen_q,180,30.5,1.03119,0.4117889,0.9892726,0.4348344,0.2422569,0.08867067
noise_x4,frozen_q,180,31,1.046984,0.4215674,1.005336,0.4421937,0.2441678,0.09696473
noise_x4,frozen_q,180,31.5,1.063931,0.4290811,1.021538,0.4497657,0.2487065,0.09886263
noise_x4,frozen_q,180,32,1.076502,0.437286,1.038021,0.4563432,0.2354564,0.1013163
noise_x4,frozen_q,180,32.5,1.091825,0.4482468,1.054139,0.4636196,0.2392201,0.1042758
noise_x4,frozen_q,180,33,1.102948,0.4611979,1.070331,0.470711,0.2291468,0.1023756
noise_x4,frozen_q,180,33.5,1.116911,0.470449,1.087716,0.4781904,0.2197536,0.09784907
noise_x4,frozen_q,180,34,1.133421,0.4779023,1.105346,0.4856181,0.2194166,0.08971254
noise_x4,frozen_q,180,34.5,1.152527,0.4834445,1.12302,0.4935052,0.2231847,0.09174753
noise_x4,frozen_q,180,35,1.161048,0.4943728,1.14036,0.5013953,0.1884602,0.07574672
noise_x4,frozen_q,180,35.5,1.179021,0.5021093,1.158415,0.5099281,0.1915931,0.06440498
noise_x4,frozen_q,180,36,1.194944,0.5109439,1.17641,0.5185443,0.1815159,0.06129184
noise_x4,frozen_q,180,36.5,1.213183,0.5177871,1.193962,0.5270717,0.1839138,0.05828731
noise_x4,frozen_q,180,37,1.227517,0.5236747,1.211268,0.534908,0.1612283,0.04960421
noise_x4,frozen_q,180,37.5,1.24431,0.5312101,1.229203,0.5426706,0.1530804,0.04857056
noise_x4,frozen_q,180,38,1.260762,0.5396974,1.247065,0.550156,0.1448981,0.05157101
noise_x4,frozen_q,180,38.5,1.277765,0.5469225,1.265776,0.5569142,0.1359652,0.04015238
noise_x4,frozen_q,180,39,1.295228,0.5536453,1.284652,0.562685,0.1272029,0.03995876
noise_x4,frozen_q,180,39.5,1.313624,0.5611411,1.303757,0.5688821,0.1268637,0.03869918
noise_x4,frozen_q,180,40,1.333422,0.5671406,1.322629,0.5750202,0.1362841,0.0402852
noise_x4,frozen_q,180,40.5,1.353166,0.57253,1.342041,0.5812801,0.1387058,0.03485448
noise_x4,frozen_q,180,41,1.372038,0.5812833,1.361355,0.587943,0.1437704,0.03457471
noise_x4,frozen_q,180,41.5,1.39117,0.5890969,1.380827,0.5945496,0.1462506,0.034787
noise_x4,frozen_q,180,42,1.41101,0.5960343,1.400205,0.6014726,0.1512117,0.03732797
noise_x4,frozen_q,180,42.5,1.431681,0.6020071,1.419666,0.6085431,0.1598099,0.03557613
noise_x4,frozen_q,180,43,1.450936,0.610685,1.439947,0.6151847,0.1583539,0.03907957
noise_x4,frozen_q,180,43.5,1.470283,0.6172285,1.459398,0.6215942,0.1588585,0.0399391
noise_x4,frozen_q,180,44,1.489847,0.6232632,1.478718,0.6277146,0.1613757,0.04233759
noise_x4,frozen_q,180,44.5,1.510805,0.6294881,1.498977,0.6339911,0.1682387,0.04461142
noise_x4,frozen_q,180,45,1.531619,0.6352149,1.519719,0.6399364,0.169253,0.04522206
noise_x4,frozen_q,180,45.5,1.551756,0.6416418,1.54001,0.647025,0.1676296,0.04137944
noise_x4,frozen_q,180,46,1.57171,0.6472948,1.560006,0.6534077,0.1658785,0.04081161
noise_x4,frozen_q,180,46.5,1.59303,0.6527848,1.580337,0.6595655,0.1726091,0.04626044
noise_x4,frozen_q,180,47,1.61208,0.6611176,1.600716,0.6655081,0.1677465,0.05467455
noise_x4,frozen_q,180,47.5,1.632609,0.6674769,1.621048,0.6721565,0.1687928,0.05773885
noise_x4,frozen_q,180,48,1.651909,0.6730624,1.641144,0.6786208,0.1588744,0.05684539
noise_x4,frozen_q,180,48.5,1.673468,0.6801613,1.662141,0.6853802,0.1657116,0.06112788
noise_x4,frozen_q,180,49,1.695018,0.6857847,1.683498,0.6915356,0.1615303,0.07473277
noise_x4,frozen_q,180,49.5,1.717188,0.6917056,1.704874,0.6984349,0.1655711,0.07839567
noise_x4,frozen_q,180,50,1.738152,0.6985676,1.725961,0.7059925,0.1630621,0.07768902
noise_x4,frozen_q,180,50.5,1.760282,0.7066899,1.747555,0.7138091,0.1686553,0.08330349
noise_x4,frozen_q,180,51,1.779667,0.7157955,1.768732,0.7217237,0.1590379,0.07549434
noise_x4,frozen_q,180,51.5,1.802202,0.723859,1.790384,0.7302998,0.1662903,0.07886752
noise_x4,frozen_q,180,52,1.82357,0.7314106,1.811495,0.739333,0.1666311,0.07297079
noise_x4,frozen_q,180,52.5,1.84651,0.7397582,1.833606,0.7479853,0.1749181,0.07443097
noise_x4,frozen_q,180,53,1.86602,0.7490274,1.855435,0.7555516,0.1643547,0.05668027
noise_x4,frozen_q,180,53.5,1.888278,0.7577986,1.87706,0.7642489,0.1714157,0.0609564
noise_x4,frozen_q,180,54,1.91047,0.7653667,1.899021,0.7730061,0.1679114,0.06694461
noise_x4,frozen_q,180,54.5,1.932938,0.7734504,1.920885,0.7813078,0.17421,0.06880155
noise_x4,frozen_q,180,55,1.954127,0.7829432,1.942917,0.7890946,0.1751546,0.06343032
noise_x4,frozen_q,180,55.5,1.976592,0.7903047,1.96455,0.7970417,0.1818253,0.06680823
noise_x4,frozen_q,180,56,1.998288,0.7984754,1.986213,0.805212,0.1804259,0.07469118
noise_x4,frozen_q,180,56.5,2.020762,0.8059966,2.008069,0.8132121,0.1850672,0.07804262
noise_x4,frozen_q,180,57,2.041129,0.8150134,2.030455,0.8212842,0.1722519,0.06523084
noise_x4,frozen_q,180,57.5,2.063357,0.8224614,2.052155,0.8289902,0.1767062,0.0698277
noise_x4,frozen_q,180,58,2.086224,0.82936,2.074361,0.8366436,0.1795972,0.07659079
noise_x4,frozen_q,180,58.5,2.106213,0.8390102,2.096091,0.8450465,0.1702771,0.06396286
noise_x4,frozen_q,180,59,2.127717,0.8474811,2.118118,0.8534721,0.1670214,0.05784091
noise_x4,frozen_q,180,59.5,2.151285,0.855395,2.140837,0.861829,0.1764424,0.05819995
noise_x4,frozen_q,180,60,2.17381,0.8639353,2.163338,0.8703649,0.1769313,0.06089322
noise_x4,frozen_q,360,0,0,0,0,0,0,0
noise_x4,frozen_q,360,0.5,0.0327709,0.009587789,0.01527262,0.006353432,0.02835077,0.009508696
noise_x4,frozen_q,360,1,0.06387474,0.01918438,0.0304469,0.01279187,0.05470831,0.01930798
noise_x4,frozen_q,360,1.5,0.09141216,0.02526893,0.04572873,0.01929259,0.07662889,0.02607838
noise_x4,frozen_q,360,2,0.1175961,0.03072642,0.06116962,0.02558339,0.09644072,0.03342601
noise_x4,frozen_q,360,2.5,0.1376746,0.03681254,0.07644948,0.03174389,0.1085996,0.04162523
noise_x4,frozen_q,360,3,0.1467665,0.05124978,0.09164671,0.03738211,0.1072109,0.05443288
noise_x4,frozen_q,360,3.5,0.1646283,0.05578891,0.1070102,0.04345112,0.1170007,0.05735698
noise_x4,frozen_q,360,4,0.1797408,0.06667873,0.1225608,0.04990688,0.1218404,0.06726311
noise_x4,frozen_q,360,4.5,0.192348,0.07100804,0.1385548,0.05662945,0.1254786,0.06323661
noise_x4,frozen_q,360,5,0.1998704,0.07560577,0.1548959,0.0634501,0.1191074,0.05960086
noise_x4,frozen_q,360,5.5,0.2144622,0.08273105,0.1709256,0.07029595,0.1193023,0.06769264
noise_x4,frozen_q,360,6,0.2325892,0.08097829,0.1869706,0.0770492,0.1271355,0.0612687
noise_x4,frozen_q,360,6.5,0.249984,0.08900056,0.2035247,0.08397373,0.1320508,0.0685052
noise_x4,frozen_q,360,7,0.2692547,0.09379119,0.2200999,0.09043384,0.1397142,0.0734249
noise_x4,frozen_q,360,7.5,0.2823509,0.09692224,0.2364936,0.09668099,0.1366946,0.07364045
noise_x4,frozen_q,360,8,0.2902177,0.09695875,0.2528676,0.1027102,0.1275613,0.05545466
noise_x4,frozen_q,360,8.5,0.3069788,0.09819204,0.2694008,0.1086472,0.1263398,0.0619254
noise_x4,frozen_q,360,9,0.3169651,0.1005204,0.2858763,0.1147085,0.108076,0.0661748
noise_x4,frozen_q,360,9.5,0.330391,0.1092433,0.3023483,0.1204609,0.1074963,0.06274761
noise_x4,frozen_q,360,10,0.3452461,0.1157189,0.3188998,0.1261861,0.1109336,0.05415429
noise_x4,frozen_q,360,10.5,0.3597132,0.1210575,0.3361591,0.1320994,0.1077488,0.04729825
noise_x4,frozen_q,360,11,0.3749722,0.1285303,0.353622,0.1380145,0.1064871,0.04370428
noise_x4,frozen_q,360,11.5,0.3903726,0.1364848,0.37094,0.1441635,0.1064502,0.03859889
noise_x4,frozen_q,360,12,0.4075762,0.1435955,0.3880015,0.1505308,0.1074826,0.04682395
noise_x4,frozen_q,360,12.5,0.4234618,0.1513582,0.4048595,0.1573098,0.1073752,0.04739605
noise_x4,frozen_q,360,13,0.4406699,0.1600424,0.4216516,0.1645206,0.1129294,0.04883983
noise_x4,frozen_q,360,13.5,0.456691,0.1675127,0.4383626,0.1720179,0.1134507,0.04679955
noise_x4,frozen_q,360,14,0.4745082,0.1745197,0.4551286,0.1795768,0.1190696,0.04743122
noise_x4,frozen_q,360,14.5,0.490474,0.1793714,0.4718865,0.1868891,0.1143956,0.04796602
noise_x4,frozen_q,360,15,0.5084763,0.1869031,0.4884894,0.1941524,0.1199542,0.055374
noise_x4,frozen_q,360,15.5,0.5260265,0.1917595,0.5050965,0.201453,0.1205902,0.05998567
noise_x4,frozen_q,360,16,0.5420879,0.2000508,0.5218931,0.2095514,0.1213846,0.05671557
noise_x4,frozen_q,360,16.5,0.5590883,0.2077149,0.5385882,0.2178031,0.1243755,0.0557745
noise_x4,frozen_q,360,17,0.578323,0.2148703,0.5553998,0.2265744,0.1312942,0.06359443
noise_x4,frozen_q,360,17.5,0.5958291,0.2231338,0.5720476,0.2352013,0.135889,0.0653223
noise_x4,frozen_q,360,18,0.6114964,0.2309759,0.5884308,0.2439329,0.1350995,0.06138254
noise_x4,frozen_q,360,18.5,0.6280551,0.23953,0.6046459,0.2524483,0.1394156,0.05966595
noise_x4,frozen_q,360,19,0.6444942,0.2474203,0.6209003,0.2611126,0.1400109,0.06188015
noise_x4,frozen_q,360,19.5,0.6643332,0.2522979,0.6370773,0.2698152,0.1507036,0.06546126
noise_x4,frozen_q,360,20,0.6826749,0.2579381,0.6532397,0.2785515,0.1563152,0.06792031
noise_x4,frozen_q,360,20.5,0.7018256,0.2659399,0.6693357,0.2874823,0.167698,0.07327174
noise_x4,frozen_q,360,21,0.719148,0.2715266,0.6856619,0.2960417,0.1683466,0.07596879
noise_x4,frozen_q,360,21.5,0.7387074,0.276448,0.7017209,0.3045104,0.17756,0.08118136
noise_x4,frozen_q,360,22,0.7534577,0.2880999,0.7176553,0.3126206,0.1782886,0.08515511
noise_x4,frozen_q,360,22.5,0.7698579,0.296178,0.7336746,0.3207847,0.1822467,0.08439581
noise_x4,frozen_q,360,23,0.7868956,0.3038155,0.7498597,0.3283573,0.185913,0.0895166
noise_x4,frozen_q,360,23.5,0.8010538,0.312576,0.7656033,0.3356736,0.1870034,0.08171936
noise_x4,frozen_q,360,24,0.8177758,0.3201571,0.781816,0.3426754,0.1910438,0.08487606
noise_x4,frozen_q,360,24.5,0.8308888,0.3284453,0.7976533,0.3497747,0.184522,0.08165531
noise_x4,frozen_q,360,25,0.84848,0.3336419,0.8138925,0.3569065,0.1867036,0.08812057
noise_x4,frozen_q,360,25.5,0.8647201,0.3397983,0.8299072,0.3636675,0.1878984,0.09024825
noise_x4,frozen_q,360,26,0.879832,0.347205,0.8462492,0.370611,0.1852638,0.08992918
noise_x4,frozen_q,360,26.5,0.8952074,0.3553144,0.8624171,0.3778961,0.1844701,0.09104406
noise_x4,frozen_q,360,27,0.9111895,0.3625004,0.8786091,0.3856222,0.1833028,0.09335521
noise_x4,frozen_q,360,27.5,0.9256144,0.3745757,0.894559,0.3927618,0.187564,0.09227485
noise_x4,frozen_q,360,28,0.9422468,0.3818652,0.9104973,0.3997179,0.1924209,0.09482569
noise_x4,frozen_q,360,28.5,0.9557758,0.391569,0.9263733,0.4061963,0.1911693,0.09007915
noise_x4,frozen_q,360,29,0.9716818,0.399932,0.9421405,0.413087,0.1953343,0.09302411
noise_x4,frozen_q,360,29.5,0.9878841,0.4066172,0.9576907,0.4198167,0.200272,0.09331097
noise_x4,frozen_q,360,30,1.002955,0.4150466,0.9737347,0.4269855,0.2002901,0.09229569
noise_x4,frozen_q,360,30.5,1.01768,0.4243816,0.9896942,0.4340737,0.1965295,0.100785
noise_x4,frozen_q,360,31,1.033251,0.4329415,1.005785,0.4413013,0.1991544,0.09946255
noise_x4,frozen_q,360,31.5,1.049302,0.4412314,1.02168,0.44903,0.2018823,0.1018388
noise_x4,frozen_q,360,32,1.063353,0.4493317,1.038106,0.4559181,0.1942402,0.100849
noise_x4,frozen_q,360,32.5,1.076812,0.4585488,1.054184,0.4633138,0.1878018,0.0961241
noise_x4,frozen_q,360,33,1.091572,0.4642576,1.07078,0.4706138,0.1830618,0.07814528
noise_x4,frozen_q,360,33.5,1.108865,0.4744375,1.088043,0.4783328,0.1868618,0.0876644
noise_x4,frozen_q,360,34,1.124219,0.4830905,1.105587,0.4855652,0.1823937,0.07947467
noise_x4,frozen_q,360,34.5,1.139639,0.487486,1.122932,0.4929754,0.1682744,0.06782721
noise_x4,frozen_q,360,35,1.155249,0.4953461,1.140724,0.5005276,0.1564305,0.06470004
noise_x4,frozen_q,360,35.5,1.169525,0.5041689,1.158427,0.5091884,0.1320819,0.06119055
noise_x4,frozen_q,360,36,1.186108,0.5130301,1.176351,0.517677,0.1247175,0.05568532
noise_x4,frozen_q,360,36.5,1.202268,0.5208755,1.194152,0.5256958,0.1113901,0.0486559
noise_x4,frozen_q,360,37,1.218539,0.5299917,1.211976,0.5335341,0.1040311,0.04040568
noise_x4,frozen_q,360,37.5,1.236222,0.5372358,1.229466,0.5412993,0.1054619,0.03800878
noise_x4,frozen_q,360,38,1.253655,0.5447997,1.247363,0.5487749,0.1016889,0.03650744
noise_x4,frozen_q,360,38.5,1.271781,0.5523162,1.265521,0.5557655,0.1027945,0.0421358
noise_x4,frozen_q,360,39,1.290586,0.5586999,1.284234,0.5621236,0.1042262,0.04408465
noise_x4,frozen_q,360,39.5,1.309742,0.5643504,1.303246,0.5680579,0.1054543,0.04430357
noise_x4,frozen_q,360,40,1.329012,0.570373,1.321983,0.5743773,0.1110729,0.04520353
noise_x4,frozen_q,360,40.5,1.348638,0.577058,1.341441,0.5808686,0.1153688,0.04422199
noise_x4,frozen_q,360,41,1.368402,0.5836483,1.360748,0.5875502,0.1208033,0.04533725
noise_x4,frozen_q,360,41.5,1.388306,0.5891927,1.380525,0.5932764,0.1247133,0.03843993
noise_x4,frozen_q,360,42,1.408087,0.5963114,1.399953,0.6002145,0.1301916,0.03912172
noise_x4,frozen_q,360,42.5,1.426741,0.6053793,1.419448,0.607352,0.1303956,0.03946714
noise_x4,frozen_q,360,43,1.446785,0.6117041,1.438843,0.6139512,0.1366662,0.04133406
noise_x4,frozen_q,360,43.5,1.466392,0.6184169,1.459034,0.6200014,0.1339667,0.0424587
noise_x4,frozen_q,360,44,1.485807,0.6246338,1.478451,0.6262023,0.1341391,0.04531205
noise_x4,frozen_q,360,44.5,1.506845,0.6304863,1.499419,0.6321593,0.1362916,0.0428431
noise_x4,frozen_q,360,45,1.526886,0.6378046,1.519699,0.6389048,0.136471,0.04515533
noise_x4,frozen_q,360,45.5,1.547023,0.6444481,1.539885,0.6455791,0.1368037,0.04511179
noise_x4,frozen_q,360,46,1.567507,0.6510988,1.560056,0.6525979,0.1395293,0.04563454
noise_x4,frozen_q,360,46.5,1.588373,0.6565408,1.580557,0.6584421,0.1422302,0.04771697
noise_x4,frozen_q,360,47,1.609018,0.6619699,1.600982,0.6642944,0.1428023,0.05102382
noise_x4,frozen_q,360,47.5,1.629676,0.6686124,1.62134,0.6708329,0.1460469,0.05570031
noise_x4,frozen_q,360,48,1.64892,0.6746181,1.640793,0.6773734,0.1441205,0.05050836
noise_x4,frozen_q,360,48.5,1.669938,0.6802169,1.661576,0.6834471,0.1432394,0.05765722
noise_x4,frozen_q,360,49,1.691263,0.6866875,1.682827,0.6904141,0.1442128,0.05418301
noise_x4,frozen_q,360,49.5,1.711351,0.6936662,1.703547,0.696675,0.1406424,0.05522039
noise_x4,frozen_q,360,50,1.732346,0.7005521,1.724176,0.7039563,0.1425641,0.05959156
noise_x4,frozen_q,360,50.5,1.753472,0.7085602,1.74571,0.7116825,0.1406348,0.05776559
noise_x4,frozen_q,360,51,1.774551,0.7158127,1.766819,0.7201007,0.1346301,0.05986087
noise_x4,frozen_q,360,51.5,1.796222,0.7235427,1.788259,0.7280411,0.1386595,0.05724612
noise_x4,frozen_q,360,52,1.818106,0.7311915,1.809617,0.7364881,0.1423688,0.05748192
noise_x4,frozen_q,360,52.5,1.839734,0.7399952,1.83168,0.7449185,0.1409538,0.05386785
noise_x4,frozen_q,360,53,1.86158,0.7485205,1.853293,0.7536256,0.1424409,0.05814947
noise_x4,frozen_q,360,53.5,1.882125,0.7581082,1.874611,0.7623776,0.1412397,0.04714975
noise_x4,frozen_q,360,54,1.904507,0.7665512,1.896731,0.7714293,0.1421521,0.04837771
noise_x4,frozen_q,360,54.5,1.926349,0.7755988,1.918904,0.7800487,0.1414544,0.04632777
noise_x4,frozen_q,360,55,1.949085,0.7822819,1.940814,0.7880448,0.1450825,0.05157684
noise_x4,frozen_q,360,55.5,1.970735,0.7904213,1.96263,0.7960431,0.1444953,0.05159731
noise_x4,frozen_q,360,56,1.99264,0.7983742,1.984436,0.8038976,0.146319,0.05436965
noise_x4,frozen_q,360,56.5,2.014428,0.8070962,2.006304,0.8121883,0.1479387,0.0556849
noise_x4,frozen_q,360,57,2.037198,0.8144114,2.028527,0.8200755,0.1526433,0.05765121
noise_x4,frozen_q,360,57.5,2.059347,0.8224516,2.050767,0.8277265,0.1537122,0.05954449
noise_x4,frozen_q,360,58,2.081642,0.8299293,2.072638,0.8353999,0.1563095,0.06740079
noise_x4,frozen_q,360,58.5,2.103288,0.8385569,2.09439,0.8437262,0.1605118,0.0591541
noise_x4,frozen_q,360,59,2.126088,0.8461796,2.116633,0.8517525,0.1658635,0.06171672
noise_x4,frozen_q,360,59.5,2.148226,0.8539107,2.139082,0.8599408,0.1626262,0.05558229
noise_x4,frozen_q,360,60,2.171223,0.8621453,2.161739,0.8683274,0.1669849,0.05661505
noise_x4,frozen_q,720,0,0,0,0,0,0,0
noise_x4,frozen_q,720,0.5,0.03221291,0.009751076,0.01527262,0.006353432,0.02770807,0.009660724
noise_x4,frozen_q,720,1,0.06299716,0.01824762,0.0304469,0.01279186,0.05388489,0.01773858
noise_x4,frozen_q,720,1.5,0.08481172,0.02544017,0.04572869,0.01929265,0.06941193,0.02395487
noise_x4,frozen_q,720,2,0.1043609,0.03344222,0.06116946,0.02558342,0.08140701,0.03183952
noise_x4,frozen_q,720,2.5,0.1237301,0.04002675,0.0764496,0.03174367,0.09203976,0.04049744
noise_x4,frozen_q,720,3,0.1365756,0.04865532,0.0916467,0.03738157,0.09520648,0.04713871
noise_x4,frozen_q,720,3.5,0.1519911,0.05621157,0.1070105,0.04345052,0.0992457,0.05627526
noise_x4,frozen_q,720,4,0.1674528,0.05939999,0.1225612,0.04990606,0.1037419,0.05842383
noise_x4,frozen_q,720,4.5,0.1798203,0.06867099,0.1385518,0.05662881,0.1030554,0.0644961
noise_x4,frozen_q,720,5,0.1939118,0.06765336,0.1548918,0.06344987,0.1076073,0.05185546
noise_x4,frozen_q,720,5.5,0.2172517,0.07623986,0.1709292,0.07029964,0.1195517,0.06894606
noise_x4,frozen_q,720,6,0.229797,0.08446326,0.1869706,0.07705426,0.1180045,0.07298468
noise_x4,frozen_q,720,6.5,0.2414487,0.08810283,0.2035225,0.08398283,0.1105423,0.07490351
noise_x4,frozen_q,720,7,0.2564805,0.09359797,0.2200948,0.09043178,0.1106675,0.07709721
noise_x4,frozen_q,720,7.5,0.269164,0.09871792,0.2364987,0.09667801,0.1099979,0.07105783
noise_x4,frozen_q,720,8,0.2808604,0.1073196,0.2528817,0.1027182,0.1005118,0.07779144
noise_x4,frozen_q,720,8.5,0.2882259,0.1147243,0.2694183,0.108644,0.09003354,0.06217244
noise_x4,frozen_q,720,9,0.2999024,0.1166828,0.2859126,0.114704,0.07902273,0.05011374
noise_x4,frozen_q,720,9.5,0.3184501,0.1229068,0.3023859,0.1204575,0.08780366,0.05457997
noise_x4,frozen_q,720,10,0.3346018,0.1254664,0.3189348,0.1261669,0.09040443,0.04470382
noise_x4,frozen_q,720,10.5,0.3480977,0.1302557,0.3362138,0.132053,0.08107174,0.03420981
noise_x4,frozen_q,720,11,0.3648339,0.136137,0.3536795,0.1379835,0.08049155,0.03332214
noise_x4,frozen_q,720,11.5,0.3822312,0.1429517,0.3709579,0.1441372,0.08529834,0.03063873
noise_x4,frozen_q,720,12,0.3993456,0.1494832,0.3880264,0.1505017,0.08685475,0.03369311
noise_x4,frozen_q,720,12.5,0.414718,0.1562706,0.4048333,0.1573422,0.08115169,0.03548352
noise_x4,frozen_q,720,13,0.4329252,0.1615522,0.4216379,0.1645313,0.08435807,0.04112311
noise_x4,frozen_q,720,13.5,0.451556,0.1683505,0.4383597,0.1719798,0.09080371,0.04947055
noise_x4,frozen_q,720,14,0.4689183,0.1769343,0.4551677,0.179549,0.09404601,0.05597567
noise_x4,frozen_q,720,14.5,0.4862284,0.1845425,0.4719023,0.1867626,0.09747339,0.06019354
noise_x4,frozen_q,720,15,0.5028618,0.1902719,0.4885722,0.1940427,0.09712375,0.05944935
noise_x4,frozen_q,720,15.5,0.5205643,0.1960563,0.5051033,0.2013264,0.1038244,0.05702051
noise_x4,frozen_q,720,16,0.5369677,0.2045317,0.5219445,0.209289,0.1049248,0.05646418
noise_x4,frozen_q,720,16.5,0.5560044,0.2113602,0.5386942,0.2175316,0.1114325,0.06503147
noise_x4,frozen_q,720,17,0.5719762,0.219856,0.5554522,0.2262419,0.1125593,0.05852393
noise_x4,frozen_q,720,17.5,0.5896543,0.2268677,0.5719359,0.234961,0.1172316,0.05882617
noise_x4,frozen_q,720,18,0.605823,0.2343082,0.5881964,0.2436507,0.1200204,0.05025736
noise_x4,frozen_q,720,18.5,0.6243594,0.2420894,0.6044195,0.2523098,0.1294622,0.05563932
noise_x4,frozen_q,720,19,0.6427642,0.2501009,0.6207323,0.2609796,0.1380984,0.06055976
noise_x4,frozen_q,720,19.5,0.658754,0.2604087,0.6369112,0.2697073,0.1389896,0.06727789
noise_x4,frozen_q,720,20,0.6761728,0.266318,0.6529096,0.2784011,0.1445943,0.0628991
noise_x4,frozen_q,720,20.5,0.691586,0.2750085,0.6691351,0.2872885,0.1419257,0.06363288
noise_x4,frozen_q,720,21,0.7077453,0.2817961,0.6851464,0.2958391,0.1409613,0.06408557
noise_x4,frozen_q,720,21.5,0.7271837,0.2860849,0.7012724,0.3041782,0.1504361,0.06677788
noise_x4,frozen_q,720,22,0.7455091,0.2939044,0.7171978,0.3123394,0.162113,0.06892551
noise_x4,frozen_q,720,22.5,0.7612236,0.3024002,0.7335723,0.3203871,0.1606104,0.07178626
noise_x4,frozen_q,720,23,0.7771933,0.307989,0.7495588,0.3278807,0.1580034,0.0740538
noise_x4,frozen_q,720,23.5,0.7938384,0.3142129,0.765433,0.3352147,0.1612974,0.07481711
noise_x4,frozen_q,720,24,0.8094348,0.3207722,0.7815356,0.3422968,0.1608533,0.0722163
noise_x4,frozen_q,720,24.5,0.8240259,0.3298043,0.7974483,0.3492999,0.1622127,0.0665251
noise_x4,frozen_q,720,25,0.8412479,0.3360646,0.813667,0.3564475,0.1659523,0.0702938
noise_x4,frozen_q,720,25.5,0.8549181,0.3482355,0.829898,0.3631452,0.1643116,0.07312565
noise_x4,frozen_q,720,26,0.8717485,0.3553385,0.8462406,0.370092,0.1691359,0.07289487
noise_x4,frozen_q,720,26.5,0.8875555,0.3646031,0.8624173,0.3774717,0.1717276,0.07559454
noise_x4,frozen_q,720,27,0.9044009,0.3721286,0.8786182,0.3852111,0.1750904,0.07881914
noise_x4,frozen_q,720,27.5,0.9213363,0.3788074,0.8946614,0.3925504,0.1793891,0.0807231
noise_x4,frozen_q,720,28,0.9364665,0.3865163,0.9104368,0.3993208,0.1797751,0.08075926
noise_x4,frozen_q,720,28.5,0.9527147,0.3946557,0.926452,0.4059903,0.1845826,0.08372959
noise_x4,frozen_q,720,29,0.9680769,0.4034782,0.9421438,0.4131074,0.1866629,0.08720751
noise_x4,frozen_q,720,29.5,0.9829299,0.413198,0.9581848,0.4196929,0.1878921,0.08938688
noise_x4,frozen_q,720,30,0.9995602,0.4205608,0.9740373,0.4273374,0.1926044,0.0907102
noise_x4,frozen_q,720,30.5,1.015138,0.4266296,0.9898626,0.4341374,0.1922749,0.08925499
noise_x4,frozen_q,720,31,1.030785,0.4333938,1.005951,0.4420285,0.1872233,0.09373734
noise_x4,frozen_q,720,31.5,1.044897,0.4414146,1.021983,0.4491112,0.1829939,0.08803121
noise_x4,frozen_q,720,32,1.057859,0.4505233,1.038178,0.4560284,0.1716395,0.08615761
noise_x4,frozen_q,720,32.5,1.072051,0.4603208,1.054564,0.4634423,0.1667532,0.08361695
noise_x4,frozen_q,720,33,1.087644,0.468559,1.071073,0.4707775,0.1664343,0.08008282
noise_x4,frozen_q,720,33.5,1.10307,0.4761799,1.088587,0.4785508,0.1554108,0.07566369
noise_x4,frozen_q,720,34,1.118739,0.4843495,1.105765,0.4859971,0.1494426,0.0726217
noise_x4,frozen_q,720,34.5,1.133857,0.4913055,1.123168,0.4934841,0.1338694,0.06622549
noise_x4,frozen_q,720,35,1.150551,0.498552,1.140736,0.5011393,0.1279405,0.06209465
noise_x4,frozen_q,720,35.5,1.166896,0.5075572,1.158743,0.5095135,0.1211535,0.05019037
noise_x4,frozen_q,720,36,1.183208,0.5146406,1.17629,0.5175528,0.1097456,0.03872534
noise_x4,frozen_q,720,36.5,1.200787,0.5219874,1.193691,0.5258236,0.105919,0.04535742
noise_x4,frozen_q,720,37,1.218667,0.5302908,1.211257,0.5341475,0.1096021,0.04693436
noise_x4,frozen_q,720,37.5,1.23639,0.537814,1.22934,0.5420492,0.1061428,0.04319434
noise_x4,frozen_q,720,38,1.253658,0.5458242,1.247112,0.5499823,0.101469,0.04286863
noise_x4,frozen_q,720,38.5,1.271743,0.5525094,1.265587,0.5567631,0.09819732,0.03966406
noise_x4,frozen_q,720,39,1.290741,0.5570729,1.284405,0.5626569,0.09470583,0.03847016
noise_x4,frozen_q,720,39.5,1.309579,0.5638081,1.303621,0.568986,0.09306894,0.03752059
noise_x4,frozen_q,720,40,1.32831,0.5713952,1.322836,0.575276,0.0948298,0.03689998
noise_x4,frozen_q,720,40.5,1.347057,0.5776223,1.341497,0.5815213,0.09765324,0.03431286
noise_x4,frozen_q,720,41,1.366786,0.5844556,1.360996,0.5880277,0.10344,0.03428846
noise_x4,frozen_q,720,41.5,1.386743,0.5919258,1.381107,0.5946542,0.1063324,0.03579386
noise_x4,frozen_q,720,42,1.406416,0.5989636,1.400776,0.6013315,0.1079808,0.03938915
noise_x4,frozen_q,720,42.5,1.426022,0.6058072,1.420136,0.6081905,0.1117448,0.03996028
noise_x4,frozen_q,720,43,1.445284,0.6132273,1.439584,0.6149468,0.113001,0.04189932
noise_x4,frozen_q,720,43.5,1.465261,0.6197611,1.459356,0.6215016,0.1162658,0.04232307
noise_x4,frozen_q,720,44,1.485091,0.6260537,1.479064,0.6274441,0.1201294,0.04328273
noise_x4,frozen_q,720,44.5,1.505309,0.6324026,1.499031,0.6338113,0.1234624,0.04498662
noise_x4,frozen_q,720,45,1.525356,0.6390581,1.519373,0.6402387,0.1210217,0.04740895
noise_x4,frozen_q,720,45.5,1.545553,0.645192,1.539574,0.6466819,0.1214072,0.04444936
noise_x4,frozen_q,720,46,1.565655,0.6520105,1.559867,0.6535558,0.1196799,0.04413501
noise_x4,frozen_q,720,46.5,1.585086,0.6585268,1.579557,0.6597984,0.1181309,0.0453162
noise_x4,frozen_q,720,47,1.605601,0.6642438,1.599774,0.6657962,0.118898,0.05209754
noise_x4,frozen_q,720,47.5,1.625379,0.6706333,1.619988,0.6721828,0.1155914,0.0476417
noise_x4,frozen_q,720,48,1.645509,0.6768881,1.640184,0.6787196,0.1140193,0.04745548
noise_x4,frozen_q,720,48.5,1.665846,0.6840399,1.660683,0.6857388,0.1118944,0.05069894
noise_x4,frozen_q,720,49,1.687261,0.6903128,1.681769,0.692451,0.1137442,0.05387513
noise_x4,frozen_q,720,49.5,1.70871,0.6970552,1.702996,0.6994944,0.1164588,0.05324324
noise_x4,frozen_q,720,50,1.730301,0.7047659,1.724318,0.7071551,0.120379,0.05593168
noise_x4,frozen_q,720,50.5,1.751666,0.7121179,1.745861,0.7145435,0.1190713,0.05465607
noise_x4,frozen_q,720,51,1.772729,0.7199035,1.766859,0.7228562,0.1185672,0.05302432
noise_x4,frozen_q,720,51.5,1.794533,0.7286371,1.788653,0.7316233,0.1197122,0.05227793
noise_x4,frozen_q,720,52,1.816634,0.736527,1.81061,0.7400098,0.1180863,0.05635928
noise_x4,frozen_q,720,52.5,1.838237,0.7447222,1.832363,0.7483907,0.1170671,0.05287204
noise_x4,frozen_q,720,53,1.859941,0.7533493,1.85387,0.7566391,0.1222183,0.05513693
noise_x4,frozen_q,720,53.5,1.880813,0.763097,1.875148,0.7657222,0.1225133,0.0508344
noise_x4,frozen_q,720,54,1.901908,0.7725533,1.896309,0.7748815,0.1260843,0.04528355
noise_x4,frozen_q,720,54.5,1.923477,0.7815906,1.918423,0.7837585,0.1192904,0.04544839
noise_x4,frozen_q,720,55,1.946157,0.7894308,1.940737,0.7917773,0.124384,0.04664893
noise_x4,frozen_q,720,55.5,1.968148,0.7966303,1.962606,0.7993521,0.1237746,0.04961562
noise_x4,frozen_q,720,56,1.990373,0.8046135,1.984573,0.8074888,0.1272028,0.0509993
noise_x4,frozen_q,720,56.5,2.01247,0.8122447,2.006392,0.8151654,0.1303704,0.0553828
noise_x4,frozen_q,720,57,2.034838,0.8197899,2.028514,0.8229238,0.1330749,0.05708814
noise_x4,frozen_q,720,57.5,2.056959,0.8273081,2.050264,0.8306502,0.1375498,0.05906661
noise_x4,frozen_q,720,58,2.079114,0.8352411,2.072588,0.8383906,0.1369748,0.05913008
noise_x4,frozen_q,720,58.5,2.100943,0.843079,2.094224,0.846161,0.1418459,0.05733377
noise_x4,frozen_q,720,59,2.122666,0.851296,2.116407,0.8543566,0.1368817,0.05463704
noise_x4,frozen_q,720,59.5,2.145098,0.8595828,2.139068,0.8624013,0.1369643,0.05092233
noise_x4,frozen_q,720,60,2.167732,0.8676665,2.161788,0.8706455,0.1380858,0.04292815
noise_x4,frozen_q,3600,0,0,0,0,0,0,0
noise_x4,frozen_q,3600,0.5,0.03012107,0.009740373,0.01527262,0.006353431,0.02537748,0.009278917
noise_x4,frozen_q,3600,1,0.05543857,0.0155672,0.0304469,0.01279187,0.04499465,0.01438834
noise_x4,frozen_q,3600,1.5,0.07379365,0.02537272,0.0457287,0.01929264,0.0550934,0.0246469
noise_x4,frozen_q,3600,2,0.09156758,0.03035893,0.06116971,0.02558345,0.06343071,0.03031812
noise_x4,frozen_q,3600,2.5,0.1077767,0.03940105,0.07644963,0.03174394,0.06915438,0.03982149
noise_x4,frozen_q,3600,3,0.1227744,0.04545883,0.0916469,0.03738168,0.07319681,0.04533247
noise_x4,frozen_q,3600,3.5,0.1384884,0.04791003,0.1070114,0.04345019,0.07812987,0.04600236
noise_x4,frozen_q,3600,4,0.1584519,0.05661997,0.1225645,0.04990386,0.08906147,0.05460544
noise_x4,frozen_q,3600,4.5,0.1634326,0.05861384,0.138557,0.05662554,0.07929169,0.03896931
noise_x4,frozen_q,3600,5,0.174045,0.06219847,0.1548999,0.06344736,0.07035296,0.0355274
noise_x4,frozen_q,3600,5.5,0.1909458,0.06866869,0.1709321,0.07028896,0.07431015,0.03982342
noise_x4,frozen_q,3600,6,0.2025563,0.07444332,0.1869759,0.07704328,0.06724712,0.03513488
noise_x4,frozen_q,3600,6.5,0.215853,0.07956695,0.2035259,0.08397513,0.05798189,0.03438087
noise_x4,frozen_q,3600,7,0.2310862,0.08444057,0.2200995,0.09042531,0.05666927,0.02812412
noise_x4,frozen_q,3600,7.5,0.2475572,0.09067241,0.2365054,0.09666944,0.05882914,0.02940818
noise_x4,frozen_q,3600,8,0.261951,0.09847583,0.2528844,0.1027124,0.05510485,0.0294073
noise_x4,frozen_q,3600,8.5,0.2761605,0.1051779,0.2694273,0.1086567,0.04874254,0.02494339
noise_x4,frozen_q,3600,9,0.2917866,0.1117765,0.2858913,0.1147434,0.04673412,0.02477439
noise_x4,frozen_q,3600,9.5,0.3097871,0.117129,0.3023714,0.1205196,0.05448099,0.02912605
noise_x4,frozen_q,3600,10,0.3276147,0.1211283,0.318951,0.1262295,0.05829133,0.03252641
noise_x4,frozen_q,3600,10.5,0.3435155,0.1283881,0.3362034,0.1321378,0.0574787,0.02787837
noise_x4,frozen_q,3600,11,0.3609553,0.1352584,0.3536936,0.1380595,0.06048013,0.02909858
noise_x4,frozen_q,3600,11.5,0.3787713,0.1417049,0.3710099,0.1442032,0.06516828,0.03067505
noise_x4,frozen_q,3600,12,0.396718,0.1476556,0.388131,0.1504978,0.06998448,0.03303325
noise_x4,frozen_q,3600,12.5,0.4134464,0.1549201,0.4049371,0.1572487,0.07092098,0.03617952
noise_x4,frozen_q,3600,13,0.4308635,0.1625417,0.4217027,0.1644131,0.07484097,0.04139352
noise_x4,frozen_q,3600,13.5,0.4483956,0.1698088,0.4384524,0.1718759,0.07902318,0.04475064
noise_x4,frozen_q,3600,14,0.4656484,0.1772763,0.4553509,0.1794378,0.08087167,0.04824577
noise_x4,frozen_q,3600,14.5,0.4831476,0.1840055,0.4720737,0.1866753,0.08638298,0.04785777
noise_x4,frozen_q,3600,15,0.5002672,0.1907352,0.4888345,0.1938779,0.08778683,0.05081687
noise_x4,frozen_q,3600,15.5,0.5177271,0.1964247,0.5053907,0.2012229,0.09177437,0.05012033
noise_x4,frozen_q,3600,16,0.5342469,0.2050889,0.5221901,0.2092674,0.09263578,0.05141161
noise_x4,frozen_q,3600,16.5,0.5525243,0.2122203,0.5389568,0.2175595,0.09748477,0.05735758
noise_x4,frozen_q,3600,17,0.5705076,0.2196881,0.5557225,0.2263926,0.1017074,0.06040071
noise_x4,frozen_q,3600,17.5,0.5883305,0.226429,0.5722727,0.2351527,0.1042604,0.06440944
noise_x4,frozen_q,3600,18,0.6040024,0.2351895,0.5886653,0.2439384,0.1014349,0.06505691
noise_x4,frozen_q,3600,18.5,0.6209212,0.2432102,0.6048828,0.2525438,0.1055562,0.06587029
noise_x4,frozen_q,3600,19,0.6379878,0.251432,0.6212343,0.2612967,0.1106066,0.06535403
noise_x4,frozen_q,3600,19.5,0.6547186,0.2612238,0.6373363,0.2700014,0.115414,0.07040352
noise_x4,frozen_q,3600,20,0.6711258,0.2675457,0.6533534,0.2787846,0.1165045,0.06595638
noise_x4,frozen_q,3600,20.5,0.6870085,0.2757981,0.6694407,0.2877761,0.1144689,0.06738562
noise_x4,frozen_q,3600,21,0.7040634,0.2822053,0.6856728,0.2963969,0.1131767,0.07217216
noise_x4,frozen_q,3600,21.5,0.7209934,0.2887435,0.7017422,0.3049602,0.1170703,0.06911085
noise_x4,frozen_q,3600,22,0.7379389,0.2956603,0.7176725,0.3130589,0.1209731,0.07111326
noise_x4,frozen_q,3600,22.5,0.7536731,0.3038442,0.7339721,0.3210282,0.1203555,0.06974826
noise_x4,frozen_q,3600,23,0.7688466,0.3121395,0.7500111,0.3284615,0.1169633,0.07251089
noise_x4,frozen_q,3600,23.5,0.7850882,0.3197867,0.7659884,0.3358558,0.1205347,0.07318207
noise_x4,frozen_q,3600,24,0.8020022,0.3254009,0.7819655,0.3430024,0.1247019,0.07262175
noise_x4,frozen_q,3600,24.5,0.8172192,0.3336362,0.7979011,0.3499729,0.1256518,0.07110593
noise_x4,frozen_q,3600,25,0.8337647,0.3413207,0.814012,0.3571225,0.1271724,0.07874268
noise_x4,frozen_q,3600,25.5,0.8486829,0.3516072,0.8302807,0.3638969,0.1273795,0.0815467
noise_x4,frozen_q,3600,26,0.8648524,0.3589616,0.8467073,0.3708621,0.1288082,0.08087586
noise_x4,frozen_q,3600,26.5,0.8805556,0.368082,0.8629019,0.3782994,0.1302126,0.08321426
noise_x4,frozen_q,3600,27,0.8965153,0.3772821,0.8790148,0.3856996,0.1342079,0.08559213
noise_x4,frozen_q,3600,27.5,0.913369,0.3842672,0.8951156,0.3933189,0.1385357,0.08664631
noise_x4,frozen_q,3600,28,0.9292276,0.3908057,0.9107876,0.4002316,0.1403633,0.08672126
noise_x4,frozen_q,3600,28.5,0.9450986,0.3988349,0.9266323,0.40688,0.1457217,0.08688285
noise_x4,frozen_q,3600,29,0.961429,0.4072551,0.9423527,0.4141045,0.1525445,0.09004608
noise_x4,frozen_q,3600,29.5,0.9747762,0.417212,0.9583573,0.4206511,0.1461397,0.08971247
noise_x4,frozen_q,3600,30,0.989958,0.4264622,0.974494,0.4280671,0.1446622,0.092613
noise_x4,frozen_q,3600,30.5,1.004265,0.4339646,0.9903632,0.4347738,0.1393354,0.08971826
noise_x4,frozen_q,3600,31,1.01918,0.4422929,1.006205,0.442354,0.1365377,0.08936284
noise_x4,frozen_q,3600,31.5,1.033921,0.4487461,1.021904,0.4495363,0.131137,0.08480642
noise_x4,frozen_q,3600,32,1.048395,0.4558499,1.038233,0.4566758,0.1190869,0.08147837
noise_x4,frozen_q,3600,32.5,1.063398,0.4628401,1.054629,0.4639581,0.1100728,0.07590048
noise_x4,frozen_q,3600,33,1.079594,0.4705121,1.071052,0.4715849,0.1125314,0.07068628
noise_x4,frozen_q,3600,33.5,1.095046,0.478703,1.088619,0.4790158,0.09880715,0.06478142
noise_x4,frozen_q,3600,34,1.111888,0.4843177,1.105923,0.4861916,0.09424292,0.05251437
noise_x4,frozen_q,3600,34.5,1.127569,0.4921644,1.12342,0.4936921,0.07842837,0.04301653
noise_x4,frozen_q,3600,35,1.144897,0.4984455,1.140915,0.5012225,0.07350668,0.03343589
noise_x4,frozen_q,3600,35.5,1.161948,0.5085915,1.159093,0.5095813,0.06915078,0.03058008
noise_x4,frozen_q,3600,36,1.18026,0.5165182,1.177291,0.5180839,0.06878926,0.02769359
noise_x4,frozen_q,3600,36.5,1.198048,0.5244354,1.195249,0.5261518,0.06473687,0.02893633
noise_x4,frozen_q,3600,37,1.216063,0.5317984,1.213054,0.5338809,0.06476048,0.03256347
noise_x4,frozen_q,3600,37.5,1.234716,0.538279,1.231148,0.5415767,0.06541665,0.03456694
noise_x4,frozen_q,3600,38,1.252508,0.5456248,1.249077,0.5490019,0.06272078,0.03462473
noise_x4,frozen_q,3600,38.5,1.270532,0.5533801,1.267535,0.5557911,0.06277695,0.03441374
noise_x4,frozen_q,3600,39,1.28908,0.5605161,1.286387,0.5620866,0.06344727,0.03602431
noise_x4,frozen_q,3600,39.5,1.307781,0.5673301,1.305326,0.5682586,0.06446292,0.03639864
noise_x4,frozen_q,3600,40,1.326996,0.5731145,1.324282,0.5741901,0.06873991,0.03698343
noise_x4,frozen_q,3600,40.5,1.346042,0.5798404,1.34318,0.5807524,0.07318067,0.03751639
noise_x4,frozen_q,3600,41,1.365708,0.5866925,1.362555,0.5875728,0.07905986,0.0379938
noise_x4,frozen_q,3600,41.5,1.38564,0.5931403,1.382409,0.5938694,0.08182067,0.03878029
noise_x4,frozen_q,3600,42,1.405157,0.6000658,1.401922,0.6006986,0.08269882,0.04002182
noise_x4,frozen_q,3600,42.5,1.424398,0.6078741,1.421169,0.6081822,0.08477132,0.04163986
noise_x4,frozen_q,3600,43,1.443995,0.614664,1.440778,0.6148761,0.08587163,0.04177621
noise_x4,frozen_q,3600,43.5,1.463557,0.621591,1.460335,0.6215989,0.08694321,0.0441706
noise_x4,frozen_q,3600,44,1.483305,0.627127,1.479789,0.6274213,0.09093392,0.04352473
noise_x4,frozen_q,3600,44.5,1.504035,0.633394,1.500246,0.6335839,0.09495108,0.04742873
noise_x4,frozen_q,3600,45,1.524542,0.6398405,1.520856,0.6399549,0.09381856,0.04904638
noise_x4,frozen_q,3600,45.5,1.545247,0.6460983,1.541338,0.6463435,0.09697935,0.04985967
noise_x4,frozen_q,3600,46,1.565587,0.6526555,1.561652,0.65316,0.09652612,0.04986683
noise_x4,frozen_q,3600,46.5,1.585351,0.6583855,1.581527,0.6593439,0.0923576,0.05006327
noise_x4,frozen_q,3600,47,1.605765,0.6641558,1.601776,0.6656109,0.09160165,0.05197129
noise_x4,frozen_q,3600,47.5,1.625757,0.6706682,1.621711,0.6721566,0.09326794,0.05171566
noise_x4,frozen_q,3600,48,1.646103,0.6768091,1.642019,0.6783228,0.0943153,0.05215512
noise_x4,frozen_q,3600,48.5,1.666999,0.6832902,1.662652,0.6852186,0.09475146,0.05609721
noise_x4,frozen_q,3600,49,1.688622,0.6905938,1.684008,0.6927965,0.09783064,0.05706765
noise_x4,frozen_q,3600,49.5,1.709754,0.6974246,1.705105,0.6997668,0.09779643,0.05807878
noise_x4,frozen_q,3600,50,1.731417,0.7042161,1.726413,0.7071538,0.101394,0.05696161
noise_x4,frozen_q,3600,50.5,1.753041,0.7121116,1.748023,0.7150859,0.1026137,0.05623936
noise_x4,frozen_q,3600,51,1.773831,0.7203806,1.768769,0.7231506,0.1060711,0.05510394
noise_x4,frozen_q,3600,51.5,1.795573,0.7288328,1.790583,0.7313082,0.1072784,0.05575967
noise_x4,frozen_q,3600,52,1.816981,0.7375649,1.812201,0.7399696,0.1067644,0.0520311
noise_x4,frozen_q,3600,52.5,1.838274,0.7463156,1.833794,0.7487115,0.1054191,0.04509317
noise_x4,frozen_q,3600,53,1.860581,0.7547145,1.855728,0.7572557,0.1099282,0.04920753
noise_x4,frozen_q,3600,53.5,1.881591,0.7633568,1.876803,0.7659326,0.1108439,0.0455113
noise_x4,frozen_q,3600,54,1.903201,0.7722075,1.898301,0.7746947,0.1144874,0.04428008
noise_x4,frozen_q,3600,54.5,1.925148,0.7810087,1.920447,0.7832356,0.1139706,0.04330836
noise_x4,frozen_q,3600,55,1.947668,0.7882991,1.942773,0.7907929,0.1160632,0.04393229
noise_x4,frozen_q,3600,55.5,1.9696,0.7959924,1.96473,0.7985458,0.1154729,0.04540939
noise_x4,frozen_q,3600,56,1.991914,0.8038907,1.987007,0.8065474,0.1162411,0.04525993
noise_x4,frozen_q,3600,56.5,2.013978,0.8117768,2.008891,0.8144471,0.1177674,0.05099308
noise_x4,frozen_q,3600,57,2.035467,0.8196336,2.030594,0.8221261,0.1156762,0.05175012
noise_x4,frozen_q,3600,57.5,2.057201,0.8273935,2.052316,0.829882,0.1159152,0.05350357
noise_x4,frozen_q,3600,58,2.079305,0.8347271,2.074372,0.8376582,0.1143403,0.05386847
noise_x4,frozen_q,3600,58.5,2.10073,0.8428256,2.096237,0.845462,0.109501,0.05269433
noise_x4,frozen_q,3600,59,2.123244,0.8509604,2.118718,0.8539369,0.108311,0.05277491
noise_x4,frozen_q,3600,59.5,2.14561,0.8592091,2.141044,0.8620966,0.1110906,0.05141804
noise_x4,frozen_q,3600,60,2.168478,0.8672976,2.163767,0.8701719,0.1136364,0.05383235
noise_x4,white_rescaled_q,0,0,0,0,0,0,0,0
noise_x4,white_rescaled_q,0,0.5,0.0329724,0.009268013,0.01527262,0.006353432,0.02857768,0.009205023
noise_x4,white_rescaled_q,0,1,0.06612023,0.01872379,0.0304469,0.01279187,0.05737313,0.01866028
noise_x4,white_rescaled_q,0,1.5,0.09932362,0.02768847,0.04572874,0.01929262,0.08614877,0.02766677
noise_x4,white_rescaled_q,0,2,0.132468,0.03662531,0.06116958,0.02558334,0.1147617,0.03682655
noise_x4,white_rescaled_q,0,2.5,0.1656086,0.04565557,0.0764495,0.03174368,0.1434535,0.04617706
noise_x4,white_rescaled_q,0,3,0.1987379,0.05499522,0.0916467,0.03738186,0.1722408,0.05597431
noise_x4,white_rescaled_q,0,3.5,0.2322659,0.06473038,0.1070104,0.04345091,0.2013449,0.06604135
noise_x4,white_rescaled_q,0,4,0.2659487,0.0744098,0.1225612,0.04990673,0.23051,0.07585593
noise_x4,white_rescaled_q,0,4.5,0.2994489,0.08385124,0.1385528,0.05663023,0.2592183,0.08529502
noise_x4,white_rescaled_q,0,5,0.333267,0.09290129,0.1548934,0.0634517,0.2880461,0.0944718
noise_x4,white_rescaled_q,0,5.5,0.3673612,0.1019496,0.1709262,0.07029997,0.3173335,0.1037049
noise_x4,white_rescaled_q,0,6,0.401466,0.1112266,0.1869709,0.07705248,0.3466344,0.1132024
noise_x4,white_rescaled_q,0,6.5,0.4360858,0.1202856,0.2035246,0.08397813,0.3761985,0.122555
noise_x4,white_rescaled_q,0,7,0.4711952,0.128854,0.2200989,0.09043786,0.4063801,0.1315484
noise_x4,white_rescaled_q,0,7.5,0.5064104,0.1375151,0.2364967,0.09668635,0.4368509,0.1405483
noise_x4,white_rescaled_q,0,8,0.5418022,0.1460878,0.2528734,0.1027157,0.4675763,0.1494855
noise_x4,white_rescaled_q,0,8.5,0.5773017,0.1544211,0.2694116,0.1086509,0.4983732,0.1581392
noise_x4,white_rescaled_q,0,9,0.6127764,0.1623756,0.2858936,0.1147061,0.5292066,0.1662213
noise_x4,white_rescaled_q,0,9.5,0.6484686,0.1700851,0.3023679,0.1204461,0.5603171,0.1742065
noise_x4,white_rescaled_q,0,10,0.6842399,0.1781165,0.3189263,0.1261756,0.5915149,0.1823685
noise_x4,white_rescaled_q,0,10.5,0.7205584,0.1862088,0.3362212,0.1320785,0.6229092,0.1905985
noise_x4,white_rescaled_q,0,11,0.7570844,0.1941636,0.3536829,0.1379976,0.6544493,0.1986923
noise_x4,white_rescaled_q,0,11.5,0.7937672,0.2021657,0.3709931,0.1441594,0.6861896,0.2068786
noise_x4,white_rescaled_q,0,12,0.8304446,0.210191,0.3880435,0.1505071,0.7180475,0.2150145
noise_x4,white_rescaled_q,0,12.5,0.8671722,0.2189988,0.4048494,0.157324,0.7500533,0.2237333
noise_x4,white_rescaled_q,0,13,0.9039864,0.2275947,0.4216535,0.164528,0.7820841,0.2322375
noise_x4,white_rescaled_q,0,13.5,0.9415129,0.2365485,0.4383619,0.1720052,0.8149206,0.2411393
noise_x4,white_rescaled_q,0,14,0.9794894,0.24528,0.4551381,0.1795742,0.8482722,0.2496369
noise_x4,white_rescaled_q,0,14.5,1.018082,0.2531915,0.4718416,0.1868085,0.8825182,0.2570397
noise_x4,white_rescaled_q,0,15,1.056763,0.2606396,0.4884679,0.1940825,0.9169127,0.2639162
noise_x4,white_rescaled_q,0,15.5,1.095542,0.2678242,0.5050471,0.2014267,0.9514155,0.2705711
noise_x4,white_rescaled_q,0,16,1.13447,0.2749809,0.5218571,0.2094933,0.9859053,0.2768593
noise_x4,white_rescaled_q,0,16.5,1.173573,0.2815396,0.5385277,0.2178152,1.020628,0.2824897
noise_x4,white_rescaled_q,0,17,1.212754,0.2880908,0.5552737,0.2266316,1.0553,0.2880779
noise_x4,white_rescaled_q,0,17.5,1.2517,0.2945409,0.5718623,0.2353236,1.089834,0.2934321
noise_x4,white_rescaled_q,0,18,1.290952,0.3010949,0.5881811,0.2441432,1.124844,0.2988127
noise_x4,white_rescaled_q,0,18.5,1.330476,0.3075357,0.6043936,0.2527585,1.160274,0.304001
noise_x4,white_rescaled_q,0,19,1.370097,0.314064,0.6205701,0.2615303,1.195834,0.3091004
noise_x4,white_rescaled_q,0,19.5,1.409645,0.320431,0.6367892,0.2702966,1.2313,0.3139493
noise_x4,white_rescaled_q,0,20,1.449269,0.3268798,0.6528504,0.2789972,1.266989,0.3186558
noise_x4,white_rescaled_q,0,20.5,1.488966,0.3334396,0.6689878,0.2879529,1.302767,0.32302
noise_x4,white_rescaled_q,0,21,1.528343,0.3402431,0.6850569,0.2965602,1.338263,0.3276828
noise_x4,white_rescaled_q,0,21.5,1.567709,0.347318,0.7011113,0.3049833,1.373809,0.3325152
noise_x4,white_rescaled_q,0,22,1.607148,0.3545656,0.7169142,0.313242,1.409597,0.3375005
noise_x4,white_rescaled_q,0,22.5,1.646742,0.3618429,0.7329762,0.321362,1.445408,0.3427073
noise_x4,white_rescaled_q,0,23,1.686882,0.3691576,0.7490206,0.3290132,1.481906,0.3481046
noise_x4,white_rescaled_q,0,23.5,1.727017,0.3767267,0.7649161,0.3364469,1.518522,0.3537392
noise_x4,white_rescaled_q,0,24,1.767658,0.3842736,0.7810198,0.343556,1.555565,0.3598149
noise_x4,white_rescaled_q,0,24.5,1.808606,0.3918266,0.7968929,0.350746,1.593,0.3661299
noise_x4,white_rescaled_q,0,25,1.84981,0.3990371,0.813023,0.3579701,1.630544,0.3722638
noise_x4,white_rescaled_q,0,25.5,1.890791,0.4061908,0.829189,0.3648629,1.667857,0.3784489
noise_x4,white_rescaled_q,0,26,1.931733,0.4131283,0.8453665,0.3718514,1.705062,0.3845633
noise_x4,white_rescaled_q,0,26.5,1.972693,0.4200371,0.8615823,0.3793121,1.74215,0.3907271
noise_x4,white_rescaled_q,0,27,2.013366,0.4270374,0.8777228,0.3869293,1.778892,0.3970975
noise_x4,white_rescaled_q,0,27.5,2.05388,0.4337113,0.89366,0.3942563,1.815532,0.4035039
noise_x4,white_rescaled_q,0,28,2.094289,0.4405674,0.9095188,0.4011092,1.852146,0.4103007
noise_x4,white_rescaled_q,0,28.5,2.134819,0.4473961,0.92548,0.4079158,1.888865,0.4170164
noise_x4,white_rescaled_q,0,29,2.175109,0.4541352,0.9413669,0.4149287,1.925281,0.4237561
noise_x4,white_rescaled_q,0,29.5,2.215445,0.4611376,0.9571715,0.4218699,1.96181,0.4307417
noise_x4,white_rescaled_q,0,30,2.255838,0.4683161,0.9730274,0.4290771,1.998402,0.437536
noise_x4,white_rescaled_q,0,30.5,2.296892,0.4752505,0.9890332,0.4362743,2.035666,0.4440783
noise_x4,white_rescaled_q,0,31,2.338471,0.4817609,1.005153,0.4438025,2.07342,0.4500579
noise_x4,white_rescaled_q,0,31.5,2.380059,0.487863,1.021336,0.4512522,2.111188,0.4554945
noise_x4,white_rescaled_q,0,32,2.422085,0.4939109,1.037651,0.4583942,2.149451,0.4608557
noise_x4,white_rescaled_q,0,32.5,2.464216,0.4998387,1.053848,0.4657298,2.187869,0.4659811
noise_x4,white_rescaled_q,0,33,2.506639,0.5053437,1.070508,0.4729904,2.226335,0.4710055
noise_x4,white_rescaled_q,0,33.5,2.54931,0.5106247,1.087849,0.4805016,2.264703,0.4757781
noise_x4,white_rescaled_q,0,34,2.59209,0.5158119,1.105477,0.4878476,2.303085,0.4804751
noise_x4,white_rescaled_q,0,34.5,2.63471,0.5209763,1.123224,0.4955832,2.341197,0.4849151
noise_x4,white_rescaled_q,0,35,2.677351,0.5260453,1.141057,0.5037823,2.379227,0.4890989
noise_x4,white_rescaled_q,0,35.5,2.720305,0.5310964,1.159085,0.5123173,2.417475,0.493122
noise_x4,white_rescaled_q,0,36,2.763324,0.5358294,1.17733,0.5211256,2.455593,0.497022
noise_x4,white_rescaled_q,0,36.5,2.806473,0.540629,1.19524,0.5293954,2.494094,0.5011639
noise_x4,white_rescaled_q,0,37,2.849668,0.5452169,1.213044,0.5374918,2.532759,0.504931
noise_x4,white_rescaled_q,0,37.5,2.893027,0.5496111,1.230794,0.5455307,2.571659,0.508422
noise_x4,white_rescaled_q,0,38,2.93649,0.5539691,1.248807,0.5531613,2.610636,0.5118436
noise_x4,white_rescaled_q,0,38.5,2.980189,0.5583574,1.267468,0.5598564,2.649704,0.5155753
noise_x4,white_rescaled_q,0,39,3.023917,0.562727,1.286389,0.5658416,2.688791,0.5194572
noise_x4,white_rescaled_q,0,39.5,3.067855,0.567481,1.305535,0.5718914,2.728012,0.52364
noise_x4,white_rescaled_q,0,40,3.111905,0.5726869,1.324477,0.5779745,2.7675,0.5280306
noise_x4,white_rescaled_q,0,40.5,3.155785,0.5786572,1.343543,0.5844551,2.806704,0.5329975
noise_x4,white_rescaled_q,0,41,3.200021,0.5848942,1.362934,0.5910274,2.846106,0.5383932
noise_x4,white_rescaled_q,0,41.5,3.244206,0.5912626,1.382442,0.5975363,2.88543,0.5437988
noise_x4,white_rescaled_q,0,42,3.288886,0.5980203,1.401936,0.604453,2.925249,0.5495559
noise_x4,white_rescaled_q,0,42.5,3.333541,0.604599,1.421384,0.6115799,2.964967,0.5554223
noise_x4,white_rescaled_q,0,43,3.377857,0.6111123,1.440888,0.6182989,3.00433,0.5613636
noise_x4,white_rescaled_q,0,43.5,3.422125,0.6172407,1.460344,0.6246637,3.043703,0.5670343
noise_x4,white_rescaled_q,0,44,3.466957,0.6237278,1.479766,0.6307823,3.083809,0.5728986
noise_x4,white_rescaled_q,0,44.5,3.512092,0.6308722,1.499799,0.6371099,3.12395,0.5793066
noise_x4,white_rescaled_q,0,45,3.557348,0.638307,1.520162,0.6437337,3.164014,0.5860085
noise_x4,white_rescaled_q,0,45.5,3.602758,0.6457509,1.540287,0.6504634,3.20433,0.592811
noise_x4,white_rescaled_q,0,46,3.6481,0.6535363,1.560342,0.6570271,3.244637,0.5999565
noise_x4,white_rescaled_q,0,46.5,3.693594,0.6613108,1.580494,0.6634265,3.285069,0.6072694
noise_x4,white_rescaled_q,0,47,3.739263,0.6689343,1.600591,0.669437,3.325761,0.61462
noise_x4,white_rescaled_q,0,47.5,3.785424,0.6768845,1.620817,0.675782,3.366895,0.6222343
noise_x4,white_rescaled_q,0,48,3.831781,0.6851718,1.641005,0.682155,3.408273,0.6301563
noise_x4,white_rescaled_q,0,48.5,3.878647,0.6934997,1.661717,0.6889167,3.449869,0.6382729
noise_x4,white_rescaled_q,0,49,3.925757,0.7020028,1.682844,0.6956442,3.491545,0.6465715
noise_x4,white_rescaled_q,0,49.5,3.972274,0.7111246,1.704025,0.7024256,3.532612,0.6550129
noise_x4,white_rescaled_q,0,50,4.018249,0.7206914,1.72501,0.7099475,3.5731,0.6635037
noise_x4,white_rescaled_q,0,50.5,4.064439,0.7308325,1.746069,0.7177639,3.613746,0.6725698
noise_x4,white_rescaled_q,0,51,4.110621,0.7412631,1.767419,0.7259658,3.654184,0.6818714
noise_x4,white_rescaled_q,0,51.5,4.156683,0.7516096,1.788996,0.7343879,3.694363,0.6909217
noise_x4,white_rescaled_q,0,52,4.203226,0.7622601,1.810651,0.7429838,3.735004,0.7003461
noise_x4,white_rescaled_q,0,52.5,4.250479,0.7726026,1.832437,0.7517315,3.776314,0.7096512
noise_x4,white_rescaled_q,0,53,4.297816,0.7827497,1.8542,0.7604395,3.817707,0.7189025
noise_x4,white_rescaled_q,0,53.5,4.344969,0.792761,1.875885,0.7693291,3.858883,0.7280904
noise_x4,white_rescaled_q,0,54,4.391935,0.802716,1.897645,0.7780671,3.899866,0.7370645
noise_x4,white_rescaled_q,0,54.5,4.439063,0.8125485,1.919582,0.7865428,3.940992,0.7459182
noise_x4,white_rescaled_q,0,55,4.485982,0.8220164,1.941646,0.7944566,3.981904,0.7545022
noise_x4,white_rescaled_q,0,55.5,4.532853,0.8314205,1.963606,0.8027794,4.022712,0.7631409
noise_x4,white_rescaled_q,0,56,4.580007,0.8413448,1.985639,0.8110609,4.063841,0.772178
noise_x4,white_rescaled_q,0,56.5,4.627121,0.8516642,2.007577,0.8190849,4.104984,0.781829
noise_x4,white_rescaled_q,0,57,4.674292,0.8622856,2.029625,0.8268236,4.146164,0.7919671
noise_x4,white_rescaled_q,0,57.5,4.721756,0.8729533,2.051566,0.8346739,4.187723,0.8020557
noise_x4,white_rescaled_q,0,58,4.768902,0.8842417,2.073419,0.842541,4.229001,0.8126115
noise_x4,white_rescaled_q,0,58.5,4.816112,0.8958674,2.095364,0.8505176,4.270271,0.8236001
noise_x4,white_rescaled_q,0,59,4.863863,0.9074879,2.117724,0.8588204,4.311887,0.8345796
noise_x4,white_rescaled_q,0,59.5,4.912089,0.9190716,2.140464,0.8671723,4.353825,0.8456119
noise_x4,white_rescaled_q,0,60,4.960724,0.9304073,2.163445,0.8757617,4.396091,0.8562063
noise_x4,white_rescaled_q,180,0,0,0,0,0,0,0
noise_x4,white_rescaled_q,180,0.5,0.03233459,0.008988125,0.01527262,0.006353433,0.02784504,0.008904523
noise_x4,white_rescaled_q,180,1,0.06383225,0.01647777,0.0304469,0.01279186,0.0549915,0.01542278
noise_x4,white_rescaled_q,180,1.5,0.09281591,0.02696315,0.04572873,0.01929261,0.07886731,0.0259694
noise_x4,white_rescaled_q,180,2,0.1171182,0.03744644,0.0611696,0.02558334,0.09684374,0.03708581
noise_x4,white_rescaled_q,180,2.5,0.1418697,0.04269137,0.07644956,0.03174382,0.1151747,0.04342424
noise_x4,white_rescaled_q,180,3,0.1591481,0.04842073,0.09164675,0.0373818,0.1252753,0.04740528
noise_x4,white_rescaled_q,180,3.5,0.1730345,0.05826187,0.1070105,0.04345092,0.1291957,0.05830324
noise_x4,white_rescaled_q,180,4,0.1903812,0.06879298,0.122561,0.04990642,0.1380351,0.06727671
noise_x4,white_rescaled_q,180,4.5,0.2108236,0.07695368,0.1385533,0.0566292,0.1500072,0.07488013
noise_x4,white_rescaled_q,180,5,0.2278522,0.08259817,0.1548934,0.06345137,0.1556261,0.08183246
noise_x4,white_rescaled_q,180,5.5,0.2445962,0.0940485,0.1709267,0.07029952,0.1633295,0.089694
noise_x4,white_rescaled_q,180,6,0.2541982,0.08881646,0.1869712,0.07705224,0.1605331,0.0777402
noise_x4,white_rescaled_q,180,6.5,0.2706644,0.0913705,0.2035258,0.08397756,0.1656414,0.07698873
noise_x4,white_rescaled_q,180,7,0.2884177,0.0990504,0.2200991,0.09043652,0.171159,0.08581732
noise_x4,white_rescaled_q,180,7.5,0.3107036,0.1091266,0.2364953,0.09668483,0.183407,0.09947881
noise_x4,white_rescaled_q,180,8,0.3108376,0.1073525,0.2528725,0.1027126,0.165765,0.08028533
noise_x4,white_rescaled_q,180,8.5,0.3287989,0.1106849,0.2694067,0.1086486,0.1755401,0.07354687
noise_x4,white_rescaled_q,180,9,0.3352629,0.1102992,0.2858865,0.1147121,0.1590583,0.06826638
noise_x4,white_rescaled_q,180,9.5,0.3528096,0.1149434,0.3023594,0.1204524,0.1671247,0.06399633
noise_x4,white_rescaled_q,180,10,0.3599615,0.1231149,0.3189158,0.1261809,0.1536587,0.06093849
noise_x4,white_rescaled_q,180,10.5,0.373812,0.1327703,0.3362156,0.1320802,0.1531686,0.05988987
noise_x4,white_rescaled_q,180,11,0.3890524,0.1316645,0.3536691,0.1380025,0.1449612,0.06192093
noise_x4,white_rescaled_q,180,11.5,0.407869,0.1371091,0.3709735,0.1441633,0.1494851,0.06886271
noise_x4,white_rescaled_q,180,12,0.4212843,0.1451208,0.3880243,0.1505144,0.1450056,0.06787111
noise_x4,white_rescaled_q,180,12.5,0.4373747,0.1502138,0.404831,0.1573254,0.1445271,0.06838494
noise_x4,white_rescaled_q,180,13,0.4569958,0.1542341,0.4216264,0.1645258,0.1491533,0.07754856
noise_x4,white_rescaled_q,180,13.5,0.4765398,0.1608542,0.4383357,0.1720052,0.1586427,0.08116495
noise_x4,white_rescaled_q,180,14,0.4849641,0.1669842,0.45512,0.1795779,0.1383043,0.07094552
noise_x4,white_rescaled_q,180,14.5,0.5009328,0.1738677,0.4718422,0.1868111,0.1389543,0.06924612
noise_x4,white_rescaled_q,180,15,0.5190781,0.1801546,0.4884885,0.1940615,0.1429496,0.07569005
noise_x4,white_rescaled_q,180,15.5,0.538228,0.1867418,0.5050612,0.2013914,0.1532955,0.07746897
noise_x4,white_rescaled_q,180,16,0.5569353,0.1945282,0.5218778,0.2094595,0.1584462,0.08574627
noise_x4,white_rescaled_q,180,16.5,0.5747892,0.2015027,0.5385551,0.2177677,0.1621694,0.08922865
noise_x4,white_rescaled_q,180,17,0.5925842,0.2070206,0.555312,0.2266228,0.1671631,0.08439138
noise_x4,white_rescaled_q,180,17.5,0.6125958,0.212723,0.5718955,0.23532,0.176638,0.08819829
noise_x4,white_rescaled_q,180,18,0.6239703,0.2224023,0.5882409,0.2440849,0.1617395,0.08910668
noise_x4,white_rescaled_q,180,18.5,0.6438458,0.2290926,0.604467,0.2526955,0.1740797,0.09205439
noise_x4,white_rescaled_q,180,19,0.6600082,0.2458676,0.6206256,0.2614748,0.1868881,0.09168188
noise_x4,white_rescaled_q,180,19.5,0.6774944,0.2534712,0.6368359,0.2702364,0.1877631,0.1017875
noise_x4,white_rescaled_q,180,20,0.6966224,0.2551601,0.65295,0.2789429,0.1884259,0.1093876
noise_x4,white_rescaled_q,180,20.5,0.713579,0.2643681,0.6690601,0.2879003,0.1935289,0.1112315
noise_x4,white_rescaled_q,180,21,0.724379,0.2733447,0.685084,0.2964536,0.181154,0.1029
noise_x4,white_rescaled_q,180,21.5,0.7405172,0.2815218,0.7011311,0.3048602,0.1837864,0.102611
noise_x4,white_rescaled_q,180,22,0.7515034,0.2964616,0.7169277,0.3130415,0.1811317,0.09382566
noise_x4,white_rescaled_q,180,22.5,0.7688048,0.304616,0.7330075,0.3211023,0.1889358,0.09326898
noise_x4,white_rescaled_q,180,23,0.7785456,0.3110332,0.7490163,0.3287897,0.172303,0.0697855
noise_x4,white_rescaled_q,180,23.5,0.7957204,0.3171992,0.7648992,0.3361834,0.1783381,0.06891652
noise_x4,white_rescaled_q,180,24,0.8132163,0.3209062,0.7810734,0.3432893,0.1749386,0.0828326
noise_x4,white_rescaled_q,180,24.5,0.8325468,0.3229759,0.7968976,0.3504728,0.1797059,0.09291901
noise_x4,white_rescaled_q,180,25,0.8473533,0.333031,0.8129819,0.3576695,0.1804348,0.09372153
noise_x4,white_rescaled_q,180,25.5,0.8656568,0.3383962,0.8291432,0.3645522,0.1868712,0.09997584
noise_x4,white_rescaled_q,180,26,0.8852602,0.3412036,0.8453792,0.3715139,0.193592,0.1076996
noise_x4,white_rescaled_q,180,26.5,0.8984132,0.3526363,0.8616024,0.3789487,0.1920461,0.1006219
noise_x4,white_rescaled_q,180,27,0.9152333,0.3597425,0.8778412,0.3865762,0.1898671,0.1122598
noise_x4,white_rescaled_q,180,27.5,0.9349701,0.3645805,0.8937816,0.3939004,0.2025273,0.1177844
noise_x4,white_rescaled_q,180,28,0.950089,0.3710831,0.9096444,0.4007903,0.2008672,0.1173605
noise_x4,white_rescaled_q,180,28.5,0.9724622,0.3707403,0.9255826,0.4076475,0.2190511,0.1201071
noise_x4,white_rescaled_q,180,29,0.9879332,0.3790784,0.9413613,0.4147464,0.219232,0.1251932
noise_x4,white_rescaled_q,180,29.5,0.9979762,0.3905555,0.9571915,0.4216615,0.2134079,0.1036
noise_x4,white_rescaled_q,180,30,1.011361,0.3944231,0.9730212,0.4288397,0.2002558,0.09766464
noise_x4,white_rescaled_q,180,30.5,1.020218,0.4099732,0.9890443,0.4359763,0.1897807,0.07761059
noise_x4,white_rescaled_q,180,31,1.042982,0.4129491,1.005243,0.443491,0.2091028,0.09582984
noise_x4,white_rescaled_q,180,31.5,1.063598,0.4194512,1.021474,0.4510276,0.2332411,0.0877703
noise_x4,white_rescaled_q,180,32,1.07014,0.4372646,1.037817,0.4579727,0.2026851,0.09969666
noise_x4,white_rescaled_q,180,32.5,1.083118,0.4542557,1.054029,0.465291,0.1976792,0.1189876
noise_x4,white_rescaled_q,180,33,1.097866,0.467268,1.070564,0.4725024,0.1944781,0.1326102
noise_x4,white_rescaled_q,180,33.5,1.110827,0.4727489,1.087972,0.4799936,0.1859501,0.09797646
noise_x4,white_rescaled_q,180,34,1.126653,0.4789489,1.105627,0.4873463,0.186921,0.0671716
noise_x4,white_rescaled_q,180,34.5,1.145566,0.4855209,1.123412,0.4951222,0.191154,0.07094976
noise_x4,white_rescaled_q,180,35,1.160525,0.4894093,1.141328,0.5032617,0.1688148,0.05258833
noise_x4,white_rescaled_q,180,35.5,1.17751,0.4989793,1.159403,0.5117981,0.1666754,0.04840369
noise_x4,white_rescaled_q,180,36,1.191782,0.5121892,1.177638,0.5206123,0.1531267,0.04354348
noise_x4,white_rescaled_q,180,36.5,1.210587,0.519017,1.19551,0.5289728,0.1551025,0.04928702
noise_x4,white_rescaled_q,180,37,1.226574,0.5272135,1.213162,0.5370032,0.1440736,0.04664525
noise_x4,white_rescaled_q,180,37.5,1.243201,0.535211,1.230985,0.5449585,0.1353759,0.04465976
noise_x4,white_rescaled_q,180,38,1.259429,0.5437619,1.248984,0.552597,0.1232635,0.04355967
noise_x4,white_rescaled_q,180,38.5,1.275832,0.5521471,1.267814,0.5591946,0.1096029,0.03149419
noise_x4,white_rescaled_q,180,39,1.294215,0.5585207,1.286814,0.5651495,0.1041378,0.03529591
noise_x4,white_rescaled_q,180,39.5,1.313503,0.5646743,1.305902,0.5712282,0.1072682,0.03743026
noise_x4,white_rescaled_q,180,40,1.333474,0.5703729,1.324854,0.5772801,0.1156171,0.04607055
noise_x4,white_rescaled_q,180,40.5,1.352068,0.5755104,1.343957,0.5836764,0.1072549,0.03801065
noise_x4,white_rescaled_q,180,41,1.369566,0.5867343,1.363312,0.5902904,0.1090678,0.0358155
noise_x4,white_rescaled_q,180,41.5,1.389356,0.5939924,1.382823,0.5968476,0.1172231,0.03462858
noise_x4,white_rescaled_q,180,42,1.408625,0.6009733,1.402372,0.6037234,0.1142243,0.03815261
noise_x4,white_rescaled_q,180,42.5,1.430125,0.6059082,1.421734,0.6108442,0.1310945,0.03307509
noise_x4,white_rescaled_q,180,43,1.44867,0.6139426,1.441335,0.6174737,0.1257698,0.03624154
noise_x4,white_rescaled_q,180,43.5,1.467364,0.6223442,1.460768,0.6238426,0.1267601,0.03938134
noise_x4,white_rescaled_q,180,44,1.487654,0.6271931,1.480154,0.6299907,0.1305711,0.04435137
noise_x4,white_rescaled_q,180,44.5,1.508607,0.6331383,1.500165,0.6363083,0.1379602,0.05174818
noise_x4,white_rescaled_q,180,45,1.529511,0.6390089,1.520457,0.6428899,0.1403368,0.0579851
noise_x4,white_rescaled_q,180,45.5,1.550697,0.6434716,1.540702,0.6498286,0.144371,0.04863058
noise_x4,white_rescaled_q,180,46,1.56881,0.6502455,1.560733,0.6563884,0.1269897,0.04007201
noise_x4,white_rescaled_q,180,46.5,1.58979,0.6549783,1.580911,0.6627215,0.1304796,0.038886
noise_x4,white_rescaled_q,180,47,1.608229,0.6647281,1.601168,0.6686049,0.1284703,0.03621915
noise_x4,white_rescaled_q,180,47.5,1.629159,0.6705748,1.621394,0.6750145,0.1346514,0.03885913
noise_x4,white_rescaled_q,180,48,1.650164,0.6769027,1.641428,0.681485,0.1433921,0.04902796
noise_x4,white_rescaled_q,180,48.5,1.671718,0.6834626,1.662164,0.6882195,0.1516287,0.05293765
noise_x4,white_rescaled_q,180,49,1.694308,0.68771,1.683183,0.694811,0.1579388,0.05897386
noise_x4,white_rescaled_q,180,49.5,1.715055,0.6950901,1.704458,0.7015359,0.1559723,0.05943018
noise_x4,white_rescaled_q,180,50,1.736865,0.7007337,1.725622,0.7090473,0.1583832,0.05340687
noise_x4,white_rescaled_q,180,50.5,1.758526,0.7083901,1.746748,0.7168336,0.1640282,0.05567729
noise_x4,white_rescaled_q,180,51,1.777287,0.7194918,1.767923,0.7249963,0.148514,0.06147476
noise_x4,white_rescaled_q,180,51.5,1.7995,0.7280387,1.789535,0.7334561,0.1564122,0.06304388
noise_x4,white_rescaled_q,180,52,1.821573,0.7340935,1.811111,0.7421159,0.1484624,0.07043232
noise_x4,white_rescaled_q,180,52.5,1.84391,0.7429026,1.832899,0.750861,0.1545551,0.07471775
noise_x4,white_rescaled_q,180,53,1.864395,0.7528223,1.854847,0.7591493,0.150565,0.06283185
noise_x4,white_rescaled_q,180,53.5,1.886272,0.7621116,1.876533,0.7678973,0.1561012,0.06382978
noise_x4,white_rescaled_q,180,54,1.908855,0.768074,1.898381,0.7765467,0.1480203,0.07632837
noise_x4,white_rescaled_q,180,54.5,1.931489,0.7762656,1.920389,0.7850344,0.1536582,0.08040826
noise_x4,white_rescaled_q,180,55,1.952601,0.7887082,1.942361,0.7931267,0.1703709,0.06664206
noise_x4,white_rescaled_q,180,55.5,1.974633,0.796482,1.964223,0.8013537,0.1711896,0.06729362
noise_x4,white_rescaled_q,180,56,1.996562,0.8051594,1.986,0.8094582,0.1721791,0.07829419
noise_x4,white_rescaled_q,180,56.5,2.01923,0.8124247,2.00794,0.8174699,0.1817812,0.06966807
noise_x4,white_rescaled_q,180,57,2.038095,0.8214179,2.030068,0.8253393,0.1548291,0.05175372
noise_x4,white_rescaled_q,180,57.5,2.059962,0.8295072,2.052018,0.8331849,0.1542093,0.0568872
noise_x4,white_rescaled_q,180,58,2.081752,0.8376543,2.073885,0.8409977,0.1546412,0.06022313
noise_x4,white_rescaled_q,180,58.5,2.101617,0.8469193,2.095745,0.8490263,0.1382827,0.04738113
noise_x4,white_rescaled_q,180,59,2.123864,0.8551071,2.118183,0.8572261,0.1348328,0.05102257
noise_x4,white_rescaled_q,180,59.5,2.146638,0.8635459,2.140837,0.8655217,0.138132,0.05176184
noise_x4,white_rescaled_q,180,60,2.169455,0.8723805,2.163833,0.8739357,0.1373554,0.05540402
noise_x4,white_rescaled_q,360,0,0,0,0,0,0,0
noise_x4,white_rescaled_q,360,0.5,0.03277098,0.009591817,0.01527262,0.006353432,0.02835087,0.00951275
noise_x4,white_rescaled_q,360,1,0.06387996,0.01920319,0.0304469,0.01279187,0.05471244,0.0193325
noise_x4,white_rescaled_q,360,1.5,0.09147511,0.02524582,0.04572873,0.01929259,0.07670121,0.02606458
noise_x4,white_rescaled_q,360,2,0.1177236,0.03061499,0.06116962,0.02558339,0.09657268,0.03339522
noise_x4,white_rescaled_q,360,2.5,0.1378546,0.03667321,0.07644948,0.03174389,0.1088023,0.0415718
noise_x4,white_rescaled_q,360,3,0.1468261,0.05122456,0.09164671,0.0373821,0.107295,0.05440371
noise_x4,white_rescaled_q,360,3.5,0.1646327,0.05566096,0.1070102,0.04345111,0.117037,0.05716745
noise_x4,white_rescaled_q,360,4,0.1801774,0.06636824,0.1225608,0.04990688,0.1225239,0.06687777
noise_x4,white_rescaled_q,360,4.5,0.1930725,0.07105193,0.1385547,0.05662947,0.1266164,0.06322299
noise_x4,white_rescaled_q,360,5,0.2007616,0.07589535,0.1548958,0.06345016,0.1206058,0.05994955
noise_x4,white_rescaled_q,360,5.5,0.2152081,0.08323824,0.1709257,0.07029622,0.120147,0.06921607
noise_x4,white_rescaled_q,360,6,0.2345078,0.08251845,0.1869706,0.07704935,0.1296816,0.06527404
noise_x4,white_rescaled_q,360,6.5,0.2530137,0.08927698,0.2035249,0.08397414,0.1364971,0.07133968
noise_x4,white_rescaled_q,360,7,0.2721425,0.09686836,0.2201,0.09043418,0.1440959,0.07946382
noise_x4,white_rescaled_q,360,7.5,0.2857849,0.1003352,0.2364955,0.09668206,0.1424339,0.08038847
noise_x4,white_rescaled_q,360,8,0.2946679,0.1003616,0.2528699,0.1027106,0.1360172,0.06433566
noise_x4,white_rescaled_q,360,8.5,0.3103153,0.09910882,0.2694053,0.1086478,0.1312143,0.0697097
noise_x4,white_rescaled_q,360,9,0.3221397,0.1016766,0.2858826,0.1147069,0.1180006,0.07568927
noise_x4,white_rescaled_q,360,9.5,0.3339063,0.1105488,0.3023553,0.1204549,0.1155996,0.06911078
noise_x4,white_rescaled_q,360,10,0.3477238,0.1169794,0.3189126,0.1261793,0.1183154,0.05696573
noise_x4,white_rescaled_q,360,10.5,0.3625853,0.1236758,0.3361898,0.1320859,0.1143536,0.05915504
noise_x4,white_rescaled_q,360,11,0.3781772,0.1299587,0.3536538,0.1380011,0.1120216,0.05939064
noise_x4,white_rescaled_q,360,11.5,0.3926566,0.1362531,0.3709766,0.1441527,0.1088012,0.05245065
noise_x4,white_rescaled_q,360,12,0.4101177,0.1433118,0.3880355,0.1505079,0.1112473,0.05840259
noise_x4,white_rescaled_q,360,12.5,0.4251305,0.149851,0.4048703,0.1573063,0.1073205,0.05733405
noise_x4,white_rescaled_q,360,13,0.4434787,0.1576357,0.4216699,0.1645098,0.115105,0.06082758
noise_x4,white_rescaled_q,360,13.5,0.4621419,0.1653172,0.4383745,0.171993,0.1260225,0.05966653
noise_x4,white_rescaled_q,360,14,0.4784859,0.1729317,0.455149,0.1795511,0.1259436,0.0624901
noise_x4,white_rescaled_q,360,14.5,0.4964673,0.1727836,0.4718677,0.1867917,0.1240307,0.06200123
noise_x4,white_rescaled_q,360,15,0.5154148,0.1776904,0.4884907,0.1940548,0.1289831,0.06968662
noise_x4,white_rescaled_q,360,15.5,0.5326346,0.1842049,0.505075,0.2013875,0.1286554,0.07781548
noise_x4,white_rescaled_q,360,16,0.5496124,0.1906445,0.5218813,0.2094679,0.1310635,0.07526221
noise_x4,white_rescaled_q,360,16.5,0.5668791,0.2009929,0.5385448,0.2177917,0.1417936,0.06907356
noise_x4,white_rescaled_q,360,17,0.5869151,0.208215,0.5553201,0.2265862,0.1408744,0.09544836
noise_x4,white_rescaled_q,360,17.5,0.6039531,0.2209568,0.5719165,0.2352827,0.152693,0.09260281
noise_x4,white_rescaled_q,360,18,0.6126918,0.2291933,0.5882542,0.2440786,0.1320017,0.07420654
noise_x4,white_rescaled_q,360,18.5,0.6299528,0.244573,0.6044434,0.2526656,0.1423053,0.08834901
noise_x4,white_rescaled_q,360,19,0.6498907,0.2524176,0.620637,0.2614186,0.1539188,0.09777992
noise_x4,white_rescaled_q,360,19.5,0.6700883,0.2526382,0.6368511,0.2701704,0.1601143,0.09784417
noise_x4,white_rescaled_q,360,20,0.6868468,0.2555806,0.6529458,0.2788966,0.1531507,0.1032441
noise_x4,white_rescaled_q,360,20.5,0.7079856,0.2646172,0.6690385,0.2878045,0.1735828,0.1092148
noise_x4,white_rescaled_q,360,21,0.7224123,0.2690775,0.6851874,0.2964246,0.1669746,0.1016987
noise_x4,white_rescaled_q,360,21.5,0.7446239,0.2702206,0.7012461,0.3048626,0.17946,0.1104387
noise_x4,white_rescaled_q,360,22,0.7562913,0.2885891,0.7170581,0.3130983,0.1803995,0.1088243
noise_x4,white_rescaled_q,360,22.5,0.773423,0.2969527,0.7331253,0.3212181,0.1861291,0.1115261
noise_x4,white_rescaled_q,360,23,0.7874952,0.3057685,0.7491866,0.3288697,0.1842054,0.1076472
noise_x4,white_rescaled_q,360,23.5,0.794805,0.3167541,0.7650413,0.3362795,0.1676102,0.08091858
noise_x4,white_rescaled_q,360,24,0.8103459,0.325386,0.7811602,0.3433808,0.1678741,0.08482069
noise_x4,white_rescaled_q,360,24.5,0.8203718,0.3340887,0.7970363,0.350545,0.1518984,0.0646178
noise_x4,white_rescaled_q,360,25,0.8387034,0.336912,0.8131479,0.3577324,0.1500375,0.07922666
noise_x4,white_rescaled_q,360,25.5,0.8571053,0.3408353,0.8293045,0.364561,0.1537217,0.08798254
noise_x4,white_rescaled_q,360,26,0.8732452,0.3475026,0.845558,0.3715378,0.1576078,0.08163049
noise_x4,white_rescaled_q,360,26.5,0.887798,0.3586217,0.8618194,0.3789718,0.1590525,0.07877697
noise_x4,white_rescaled_q,360,27,0.9055198,0.3649567,0.8779226,0.3865985,0.1636671,0.08571242
noise_x4,white_rescaled_q,360,27.5,0.9199236,0.3793268,0.8939707,0.3939574,0.1753836,0.07656122
noise_x4,white_rescaled_q,360,28,0.9361775,0.3854888,0.9098218,0.400817,0.1776126,0.07716313
noise_x4,white_rescaled_q,360,28.5,0.9495962,0.3961283,0.9257448,0.4075155,0.1764515,0.07182478
noise_x4,white_rescaled_q,360,29,0.9659653,0.4040205,0.9415822,0.4144429,0.1824149,0.07350557
noise_x4,white_rescaled_q,360,29.5,0.980383,0.4145382,0.9572925,0.4213637,0.1852569,0.0725579
noise_x4,white_rescaled_q,360,30,0.9897097,0.4252091,0.9733011,0.4285819,0.1573545,0.07044309
noise_x4,white_rescaled_q,360,30.5,1.005957,0.4308151,0.9893035,0.4358345,0.1577211,0.0666494
noise_x4,white_rescaled_q,360,31,1.03,0.4320566,1.005388,0.4432663,0.1768858,0.09992075
noise_x4,white_rescaled_q,360,31.5,1.046547,0.440177,1.021511,0.4508633,0.1833291,0.0979755
noise_x4,white_rescaled_q,360,32,1.058587,0.4472764,1.037834,0.4579833,0.1595695,0.09644235
noise_x4,white_rescaled_q,360,32.5,1.073976,0.4514751,1.05407,0.4653444,0.156933,0.07714705
noise_x4,white_rescaled_q,360,33,1.087137,0.4624486,1.070748,0.4726275,0.1508524,0.06128978
noise_x4,white_rescaled_q,360,33.5,1.104972,0.4706551,1.08807,0.4802076,0.156298,0.0649487
noise_x4,white_rescaled_q,360,34,1.119771,0.4818032,1.105708,0.4874943,0.1476906,0.06683759
noise_x4,white_rescaled_q,360,34.5,1.135263,0.4853694,1.123401,0.4951347,0.1254305,0.04544469
noise_x4,white_rescaled_q,360,35,1.151633,0.4938424,1.141248,0.5032347,0.1196728,0.02499581
noise_x4,white_rescaled_q,360,35.5,1.168521,0.5028582,1.159191,0.5118183,0.1114415,0.02637905
noise_x4,white_rescaled_q,360,36,1.184193,0.5149073,1.177383,0.5206272,0.09663392,0.03427838
noise_x4,white_rescaled_q,360,36.5,1.201274,0.5240582,1.195379,0.528802,0.0911635,0.03360371
noise_x4,white_rescaled_q,360,37,1.219212,0.532267,1.213181,0.5368585,0.09492324,0.03237535
noise_x4,white_rescaled_q,360,37.5,1.236537,0.5417435,1.230935,0.5447338,0.09264905,0.04758861
noise_x4,white_rescaled_q,360,38,1.254397,0.5488379,1.248869,0.5523035,0.09140016,0.04423074
noise_x4,white_rescaled_q,360,38.5,1.273716,0.5540868,1.267373,0.5590761,0.09396313,0.0460416
noise_x4,white_rescaled_q,360,39,1.291935,0.5615032,1.286307,0.5650158,0.09446152,0.0438755
noise_x4,white_rescaled_q,360,39.5,1.311179,0.5670633,1.305533,0.5709458,0.09504341,0.04030894
noise_x4,white_rescaled_q,360,40,1.330429,0.5728965,1.324419,0.5771596,0.09756602,0.04328509
noise_x4,white_rescaled_q,360,40.5,1.349117,0.5807178,1.343612,0.5836664,0.09809999,0.04515651
noise_x4,white_rescaled_q,360,41,1.36888,0.5870024,1.362963,0.590252,0.1034605,0.04386471
noise_x4,white_rescaled_q,360,41.5,1.388493,0.5923892,1.382484,0.596589,0.09982996,0.04521396
noise_x4,white_rescaled_q,360,42,1.40777,0.6001592,1.40203,0.6034509,0.1030774,0.04280159
noise_x4,white_rescaled_q,360,42.5,1.426325,0.6085402,1.421464,0.6106553,0.1012192,0.03477882
noise_x4,white_rescaled_q,360,43,1.446209,0.6150748,1.440876,0.6173054,0.1074684,0.03608227
noise_x4,white_rescaled_q,360,43.5,1.465054,0.6222839,1.460436,0.6237364,0.101167,0.04046481
noise_x4,white_rescaled_q,360,44,1.484889,0.6281348,1.479894,0.6299311,0.1063956,0.03758302
noise_x4,white_rescaled_q,360,44.5,1.505693,0.634447,1.500004,0.6361833,0.1157508,0.04111216
noise_x4,white_rescaled_q,360,45,1.526072,0.6415313,1.520258,0.6429263,0.1197844,0.04180232
noise_x4,white_rescaled_q,360,45.5,1.54541,0.6490429,1.540414,0.649643,0.1109533,0.04989385
noise_x4,white_rescaled_q,360,46,1.565293,0.6558127,1.560547,0.6563892,0.1087672,0.04905369
noise_x4,white_rescaled_q,360,46.5,1.586809,0.6600585,1.58079,0.6625772,0.1163919,0.04979831
noise_x4,white_rescaled_q,360,47,1.60742,0.6652544,1.601022,0.6684757,0.1184997,0.05031477
noise_x4,white_rescaled_q,360,47.5,1.628464,0.6710025,1.621082,0.6749455,0.1247337,0.05973145
noise_x4,white_rescaled_q,360,48,1.64823,0.6779049,1.640939,0.6812962,0.1235295,0.06761028
noise_x4,white_rescaled_q,360,48.5,1.669795,0.6818454,1.661485,0.6878142,0.1157332,0.0828552
noise_x4,white_rescaled_q,360,49,1.690776,0.6892911,1.682803,0.6945491,0.119766,0.07706657
noise_x4,white_rescaled_q,360,49.5,1.711105,0.6981742,1.703861,0.7012902,0.1254761,0.07144873
noise_x4,white_rescaled_q,360,50,1.732246,0.7051181,1.724738,0.7085971,0.128595,0.0706682
noise_x4,white_rescaled_q,360,50.5,1.75343,0.7126734,1.746102,0.7164597,0.1257885,0.07020812
noise_x4,white_rescaled_q,360,51,1.774846,0.7197115,1.767371,0.724671,0.1212235,0.07237492
noise_x4,white_rescaled_q,360,51.5,1.796319,0.7276313,1.788733,0.7329102,0.1225966,0.07138959
noise_x4,white_rescaled_q,360,52,1.818833,0.7348039,1.81038,0.7413822,0.1325062,0.06400367
noise_x4,white_rescaled_q,360,52.5,1.839676,0.7442461,1.832175,0.7501295,0.1245087,0.06230895
noise_x4,white_rescaled_q,360,53,1.86083,0.7543358,1.85387,0.7587964,0.125373,0.06261937
noise_x4,white_rescaled_q,360,53.5,1.880828,0.7653373,1.875482,0.7677648,0.1142776,0.06058295
noise_x4,white_rescaled_q,360,54,1.903214,0.7726529,1.897381,0.7765654,0.1150511,0.05780129
noise_x4,white_rescaled_q,360,54.5,1.925297,0.7820011,1.919401,0.7851434,0.1213721,0.05857695
noise_x4,white_rescaled_q,360,55,1.948226,0.7880443,1.941456,0.7930283,0.1219303,0.06472076
noise_x4,white_rescaled_q,360,55.5,1.97081,0.7950768,1.963559,0.8013171,0.1264168,0.0569563
noise_x4,white_rescaled_q,360,56,1.992028,0.8050993,1.98549,0.809478,0.127316,0.05690297
noise_x4,white_rescaled_q,360,56.5,2.014006,0.8146249,2.007394,0.8175163,0.1347675,0.06441687
noise_x4,white_rescaled_q,360,57,2.036227,0.8220483,2.029438,0.8252715,0.1370287,0.06308242
noise_x4,white_rescaled_q,360,57.5,2.059041,0.8296164,2.051428,0.8330649,0.1469463,0.06691739
noise_x4,white_rescaled_q,360,58,2.080154,0.8374705,2.073294,0.8409037,0.1370346,0.06680232
noise_x4,white_rescaled_q,360,58.5,2.102535,0.8450167,2.095257,0.8487208,0.1422789,0.06764805
noise_x4,white_rescaled_q,360,59,2.124882,0.8527469,2.11767,0.856916,0.138726,0.0694311
noise_x4,white_rescaled_q,360,59.5,2.150269,0.855897,2.140257,0.8654023,0.1488929,0.07428056
noise_x4,white_rescaled_q,360,60,2.173189,0.8657027,2.163344,0.8739178,0.1531562,0.07718399
noise_x4,white_rescaled_q,720,0,0,0,0,0,0,0
noise_x4,white_rescaled_q,720,0.5,0.0322144,0.009755739,0.01527262,0.006353432,0.0277095,0.009666345
noise_x4,white_rescaled_q,720,1,0.06302671,0.01825915,0.0304469,0.01279186,0.05391876,0.0177526
noise_x4,white_rescaled_q,720,1.5,0.0848539,0.02541494,0.04572869,0.01929265,0.06946968,0.0239091
noise_x4,white_rescaled_q,720,2,0.1044702,0.03351391,0.06116946,0.02558342,0.08154209,0.03192839
noise_x4,white_rescaled_q,720,2.5,0.1239441,0.03990238,0.0764496,0.03174367,0.09226355,0.04052733
noise_x4,white_rescaled_q,720,3,0.136698,0.04848984,0.0916467,0.03738157,0.09536827,0.0469972
noise_x4,white_rescaled_q,720,3.5,0.1521807,0.0562013,0.1070104,0.04345052,0.09949528,0.05634041
noise_x4,white_rescaled_q,720,4,0.1680767,0.05964791,0.1225612,0.04990606,0.1046563,0.05884409
noise_x4,white_rescaled_q,720,4.5,0.1810286,0.0694525,0.1385519,0.05662885,0.1050978,0.06541497
noise_x4,white_rescaled_q,720,5,0.1958248,0.06888408,0.154892,0.06344992,0.1105937,0.05436734
noise_x4,white_rescaled_q,720,5.5,0.2204355,0.07775782,0.1709289,0.07029952,0.1243945,0.07218524
noise_x4,white_rescaled_q,720,6,0.2350741,0.08546311,0.1869709,0.07705379,0.1262319,0.07722527
noise_x4,white_rescaled_q,720,6.5,0.2463537,0.08887863,0.203523,0.08398116,0.1185104,0.07965768
noise_x4,white_rescaled_q,720,7,0.2605141,0.09607686,0.220096,0.09043244,0.11589,0.08580857
noise_x4,white_rescaled_q,720,7.5,0.2729314,0.1017352,0.2364987,0.09668001,0.1167616,0.07866994
noise_x4,white_rescaled_q,720,8,0.285727,0.1090764,0.2528801,0.102717,0.1111986,0.08338878
noise_x4,white_rescaled_q,720,8.5,0.2912735,0.1173127,0.2694159,0.1086458,0.09600889,0.07180456
noise_x4,white_rescaled_q,720,9,0.3031619,0.1177602,0.2859052,0.114705,0.0864007,0.05960383
noise_x4,white_rescaled_q,720,9.5,0.3212669,0.1251427,0.302379,0.1204512,0.09268638,0.06714617
noise_x4,white_rescaled_q,720,10,0.337313,0.1262458,0.3189327,0.126169,0.09515206,0.05644254
noise_x4,white_rescaled_q,720,10.5,0.3505255,0.1301934,0.3362226,0.1320641,0.08577655,0.04586919
noise_x4,white_rescaled_q,720,11,0.3667938,0.1350115,0.3536899,0.1379916,0.0835856,0.04207391
noise_x4,white_rescaled_q,720,11.5,0.3854633,0.14219,0.3709895,0.1441498,0.09467438,0.03910077
noise_x4,white_rescaled_q,720,12,0.40124,0.1486011,0.3880508,0.1505024,0.08886502,0.04557115
noise_x4,white_rescaled_q,720,12.5,0.4172791,0.1557834,0.4048592,0.1573244,0.0891288,0.04363154
noise_x4,white_rescaled_q,720,13,0.4367616,0.1608093,0.421667,0.1645171,0.09316233,0.05742222
noise_x4,white_rescaled_q,720,13.5,0.4566668,0.1670788,0.4383833,0.1719835,0.1068761,0.05949157
noise_x4,white_rescaled_q,720,14,0.4731393,0.175749,0.4551616,0.1795572,0.1093856,0.0601578
noise_x4,white_rescaled_q,720,14.5,0.49015,0.1841299,0.4718778,0.186783,0.1122278,0.06527953
noise_x4,white_rescaled_q,720,15,0.5070707,0.1870205,0.4885119,0.1940451,0.1124918,0.05875415
noise_x4,white_rescaled_q,720,15.5,0.5277753,0.1904933,0.5050697,0.2013696,0.1266624,0.05946235
noise_x4,white_rescaled_q,720,16,0.5428599,0.2016132,0.5218998,0.2094039,0.1285374,0.0538372
noise_x4,white_rescaled_q,720,16.5,0.5625911,0.208656,0.5385866,0.2177278,0.1404465,0.05650723
noise_x4,white_rescaled_q,720,17,0.5732995,0.2187568,0.5553301,0.2265304,0.1222412,0.04644649
noise_x4,white_rescaled_q,720,17.5,0.5915584,0.2227213,0.5718785,0.2352195,0.1164379,0.06408307
noise_x4,white_rescaled_q,720,18,0.6094732,0.2300426,0.5881905,0.2440195,0.1208646,0.06948342
noise_x4,white_rescaled_q,720,18.5,0.6304965,0.2367401,0.604414,0.2526311,0.1341511,0.08476158
noise_x4,white_rescaled_q,720,19,0.6483313,0.2459,0.6206014,0.2613845,0.1507924,0.07245108
noise_x4,white_rescaled_q,720,19.5,0.6606987,0.2624638,0.6367999,0.2701602,0.1435534,0.08275972
noise_x4,white_rescaled_q,720,20,0.6768051,0.263507,0.6528573,0.2788692,0.1361609,0.07530444
noise_x4,white_rescaled_q,720,20.5,0.6900852,0.2727683,0.6690039,0.2877996,0.1256946,0.0714325
noise_x4,white_rescaled_q,720,21,0.7067702,0.2787852,0.6850711,0.2963864,0.1247621,0.07268269
noise_x4,white_rescaled_q,720,21.5,0.7298792,0.2790962,0.7011667,0.3048417,0.1386641,0.08931907
noise_x4,white_rescaled_q,720,22,0.7513781,0.2853135,0.7169906,0.3130642,0.1631991,0.09224904
noise_x4,white_rescaled_q,720,22.5,0.7623596,0.2964194,0.7331227,0.3211451,0.1451613,0.09259537
noise_x4,white_rescaled_q,720,23,0.7779143,0.3002671,0.749133,0.328767,0.1334915,0.09786828
noise_x4,white_rescaled_q,720,23.5,0.7946003,0.3052218,0.7650287,0.3362074,0.1332588,0.09990235
noise_x4,white_rescaled_q,720,24,0.8103342,0.3120419,0.7811123,0.3433079,0.1342678,0.09739569
noise_x4,white_rescaled_q,720,24.5,0.8232303,0.3231802,0.7970405,0.3504597,0.134765,0.08469846
noise_x4,white_rescaled_q,720,25,0.8411398,0.3286407,0.8131205,0.3576596,0.1391149,0.09221464
noise_x4,white_rescaled_q,720,25.5,0.8501777,0.3470769,0.8292857,0.3645838,0.1326955,0.07707257
noise_x4,white_rescaled_q,720,26,0.870433,0.350361,0.8455354,0.3715697,0.1494491,0.0784246
noise_x4,white_rescaled_q,720,26.5,0.8891133,0.3571379,0.8617029,0.3790908,0.1572973,0.0911566
noise_x4,white_rescaled_q,720,27,0.9079356,0.3637665,0.8778977,0.3868559,0.1727516,0.08786867
noise_x4,white_rescaled_q,720,27.5,0.9288816,0.3653008,0.8939077,0.3942094,0.1831299,0.09923331
noise_x4,white_rescaled_q,720,28,0.9446706,0.3742482,0.9096693,0.400996,0.1883612,0.1011782
noise_x4,white_rescaled_q,720,28.5,0.9641883,0.378793,0.9257061,0.4078158,0.1967637,0.1138938
noise_x4,white_rescaled_q,720,29,0.9783419,0.3860126,0.9414817,0.4148173,0.1910262,0.1140626
noise_x4,white_rescaled_q,720,29.5,0.980593,0.4135979,0.9575019,0.4215489,0.1739791,0.092769
noise_x4,white_rescaled_q,720,30,0.995941,0.4188425,0.9733778,0.4289731,0.1759806,0.07473107
noise_x4,white_rescaled_q,720,30.5,1.012225,0.4198115,0.9892652,0.4359821,0.1646444,0.07745985
noise_x4,white_rescaled_q,720,31,1.026835,0.4262668,1.005371,0.4436624,0.1457702,0.09173644
noise_x4,white_rescaled_q,720,31.5,1.042728,0.4374823,1.021548,0.4509145,0.1618251,0.08075852
noise_x4,white_rescaled_q,720,32,1.049971,0.4533994,1.037876,0.4579885,0.1189658,0.08661779
noise_x4,white_rescaled_q,720,32.5,1.064042,0.4620808,1.054216,0.4653373,0.1226813,0.05519051
noise_x4,white_rescaled_q,720,33,1.0827,0.4693564,1.070875,0.4726022,0.1405208,0.05444588
noise_x4,white_rescaled_q,720,33.5,1.100361,0.4737852,1.08828,0.4801556,0.12899,0.06512465
noise_x4,white_rescaled_q,720,34,1.115833,0.4840327,1.105809,0.4875388,0.1208156,0.06833617
noise_x4,white_rescaled_q,720,34.5,1.131404,0.4920306,1.12354,0.4951537,0.1092965,0.05483188
noise_x4,white_rescaled_q,720,35,1.148316,0.5002133,1.141358,0.5032342,0.1042028,0.04806069
noise_x4,white_rescaled_q,720,35.5,1.165884,0.5097175,1.159509,0.5118475,0.1043158,0.04442947
noise_x4,white_rescaled_q,720,36,1.183346,0.51791,1.177604,0.5205358,0.09437409,0.04657237
noise_x4,white_rescaled_q,720,36.5,1.200792,0.5262442,1.195385,0.5288732,0.09274964,0.0425464
noise_x4,white_rescaled_q,720,37,1.219384,0.5343094,1.213105,0.5370487,0.1016482,0.04762308
noise_x4,white_rescaled_q,720,37.5,1.236333,0.5420829,1.230931,0.5450796,0.09335056,0.03998898
noise_x4,white_rescaled_q,720,38,1.254153,0.5492481,1.249019,0.5528055,0.0895224,0.03423559
noise_x4,white_rescaled_q,720,38.5,1.27234,0.5551711,1.267685,0.5594864,0.08011938,0.02961881
noise_x4,white_rescaled_q,720,39,1.291579,0.5592003,1.286661,0.5653123,0.07322708,0.02881068
noise_x4,white_rescaled_q,720,39.5,1.310536,0.5666771,1.305818,0.5714212,0.07610343,0.03871766
noise_x4,white_rescaled_q,720,40,1.330117,0.5719073,1.324786,0.5774834,0.08322135,0.03462221
noise_x4,white_rescaled_q,720,40.5,1.348119,0.579961,1.343695,0.5839148,0.08096749,0.03217574
noise_x4,white_rescaled_q,720,41,1.368183,0.5848472,1.363167,0.5904081,0.08231267,0.02745413
noise_x4,white_rescaled_q,720,41.5,1.388003,0.5919276,1.382807,0.596986,0.09019614,0.02399919
noise_x4,white_rescaled_q,720,42,1.407368,0.5997333,1.402291,0.6039172,0.09318911,0.02893194
noise_x4,white_rescaled_q,720,42.5,1.426196,0.6081792,1.421514,0.6110618,0.09434891,0.0339373
noise_x4,white_rescaled_q,720,43,1.445643,0.6153298,1.440969,0.6179615,0.09623637,0.03477238
noise_x4,white_rescaled_q,720,43.5,1.465474,0.6218132,1.460505,0.6244087,0.1000535,0.03914764
noise_x4,white_rescaled_q,720,44,1.484605,0.6284928,1.479942,0.630438,0.1004126,0.03862174
noise_x4,white_rescaled_q,720,44.5,1.504813,0.634884,1.499913,0.6366953,0.104902,0.04013674
noise_x4,white_rescaled_q,720,45,1.524523,0.6421086,1.520351,0.6433183,0.100368,0.03484989
noise_x4,white_rescaled_q,720,45.5,1.545541,0.6476603,1.540527,0.6501305,0.1032323,0.04316935
noise_x4,white_rescaled_q,720,46,1.564653,0.6544879,1.560629,0.6569793,0.09165906,0.03358428
noise_x4,white_rescaled_q,720,46.5,1.585205,0.6600969,1.580621,0.6632678,0.09663938,0.03530882
noise_x4,white_rescaled_q,720,47,1.605256,0.666877,1.600734,0.6692058,0.0973141,0.0466787
noise_x4,white_rescaled_q,720,47.5,1.624079,0.6741215,1.620859,0.6755797,0.08590525,0.03552583
noise_x4,white_rescaled_q,720,48,1.644739,0.6800901,1.640913,0.6820232,0.09078466,0.04386059
noise_x4,white_rescaled_q,720,48.5,1.66644,0.6858507,1.661638,0.6887962,0.09997713,0.04748034
noise_x4,white_rescaled_q,720,49,1.687973,0.6923791,1.682771,0.6954741,0.1073648,0.04501915
noise_x4,white_rescaled_q,720,49.5,1.708995,0.6998581,1.703991,0.7024167,0.1051646,0.05243093
noise_x4,white_rescaled_q,720,50,1.730309,0.7078442,1.725167,0.7099001,0.108271,0.05872036
noise_x4,white_rescaled_q,720,50.5,1.751223,0.7143672,1.746425,0.717447,0.103323,0.04494886
noise_x4,white_rescaled_q,720,51,1.772309,0.7230524,1.767622,0.7256442,0.1024034,0.051702
noise_x4,white_rescaled_q,720,51.5,1.793429,0.7318643,1.789153,0.7340915,0.09885874,0.05072604
noise_x4,white_rescaled_q,720,52,1.815774,0.7391448,1.810936,0.7425142,0.09978956,0.05473844
noise_x4,white_rescaled_q,720,52.5,1.838015,0.7468824,1.832668,0.7510831,0.1057282,0.0509851
noise_x4,white_rescaled_q,720,53,1.858858,0.7575605,1.854286,0.7597322,0.1073437,0.04944236
noise_x4,white_rescaled_q,720,53.5,1.879435,0.7682024,1.875862,0.7687811,0.1011093,0.04972343
noise_x4,white_rescaled_q,720,54,1.900683,0.7777245,1.897491,0.7776807,0.09957446,0.04892809
noise_x4,white_rescaled_q,720,54.5,1.921573,0.7861167,1.919491,0.7862122,0.07892713,0.04135
noise_x4,white_rescaled_q,720,55,1.945074,0.7936217,1.941712,0.7941032,0.0990661,0.05157133
noise_x4,white_rescaled_q,720,55.5,1.967697,0.8004779,1.963636,0.8022325,0.09817716,0.06203054
noise_x4,white_rescaled_q,720,56,1.990074,0.8082197,1.985658,0.8104574,0.1047757,0.05746362
noise_x4,white_rescaled_q,720,56.5,2.012573,0.8163309,2.007607,0.8184223,0.1136842,0.0631818
noise_x4,white_rescaled_q,720,57,2.034888,0.8240567,2.029673,0.8261906,0.1224689,0.05479188
noise_x4,white_rescaled_q,720,57.5,2.056465,0.8319527,2.051642,0.8340272,0.1148328,0.05932341
noise_x4,white_rescaled_q,720,58,2.077552,0.8404004,2.073513,0.8419842,0.1116599,0.0431233
noise_x4,white_rescaled_q,720,58.5,2.099657,0.8485346,2.095534,0.8499996,0.1129357,0.04789017
noise_x4,white_rescaled_q,720,59,2.120743,0.8567509,2.117969,0.858292,0.08546361,0.0452067
noise_x4,white_rescaled_q,720,59.5,2.143486,0.8655669,2.140535,0.8663944,0.09818234,0.0415491
noise_x4,white_rescaled_q,720,60,2.167091,0.8728364,2.163546,0.8749521,0.1001322,0.04367871
noise_x4,white_rescaled_q,3600,0,0,0,0,0,0,0
noise_x4,white_rescaled_q,3600,0.5,0.03012203,0.009740311,0.01527262,0.006353431,0.02537901,0.009277692
noise_x4,white_rescaled_q,3600,1,0.05546694,0.01555396,0.0304469,0.01279187,0.04502603,0.01438583
noise_x4,white_rescaled_q,3600,1.5,0.07380222,0.02536067,0.0457287,0.01929264,0.05509706,0.02465291
noise_x4,white_rescaled_q,3600,2,0.09155809,0.03032533,0.0611697,0.02558345,0.06339567,0.03033146
noise_x4,white_rescaled_q,3600,2.5,0.1078205,0.03941692,0.07644962,0.03174393,0.06916097,0.03994982
noise_x4,white_rescaled_q,3600,3,0.1229828,0.04567718,0.09164687,0.03738166,0.07338194,0.04582893
noise_x4,white_rescaled_q,3600,3.5,0.1392487,0.04875933,0.1070113,0.04345022,0.07900483,0.04770621
noise_x4,white_rescaled_q,3600,4,0.1599045,0.05822681,0.1225638,0.04990433,0.09089917,0.05748989
noise_x4,white_rescaled_q,3600,4.5,0.1670421,0.06014108,0.1385559,0.05662651,0.0843773,0.04560314
noise_x4,white_rescaled_q,3600,5,0.1780628,0.06386021,0.1548979,0.06344828,0.07806452,0.04191176
noise_x4,white_rescaled_q,3600,5.5,0.198381,0.06731084,0.1709303,0.07029259,0.08899622,0.0438627
noise_x4,white_rescaled_q,3600,6,0.2084451,0.07524685,0.1869746,0.07704648,0.08118275,0.04153473
noise_x4,white_rescaled_q,3600,6.5,0.2197264,0.08407375,0.2035262,0.08397443,0.07187946,0.0423768
noise_x4,white_rescaled_q,3600,7,0.2364716,0.0874955,0.2201014,0.0904293,0.07480196,0.03815388
noise_x4,white_rescaled_q,3600,7.5,0.2525973,0.09424943,0.2365042,0.0966763,0.07532142,0.04301373
noise_x4,white_rescaled_q,3600,8,0.2662569,0.1015399,0.2528824,0.102712,0.07124261,0.04155252
noise_x4,white_rescaled_q,3600,8.5,0.2782982,0.1083447,0.2694218,0.108649,0.06129597,0.03311567
noise_x4,white_rescaled_q,3600,9,0.2944271,0.1116611,0.2858958,0.1147161,0.0584419,0.03040903
noise_x4,white_rescaled_q,3600,9.5,0.3120764,0.1184935,0.3023755,0.1204599,0.06455721,0.0376512
noise_x4,white_rescaled_q,3600,10,0.3301658,0.1224241,0.3189445,0.1261765,0.06464155,0.04833095
noise_x4,white_rescaled_q,3600,10.5,0.3459032,0.1284625,0.3362278,0.1320764,0.06405497,0.04106938
noise_x4,white_rescaled_q,3600,11,0.3627889,0.1349291,0.3537008,0.1379938,0.06547708,0.03879322
noise_x4,white_rescaled_q,3600,11.5,0.3815951,0.1417033,0.3710138,0.1441514,0.07523075,0.04153756
noise_x4,white_rescaled_q,3600,12,0.4000034,0.1465991,0.3880784,0.1504846,0.07988647,0.0449493
noise_x4,white_rescaled_q,3600,12.5,0.4163496,0.1541962,0.4048791,0.1572937,0.08071552,0.04574957
noise_x4,white_rescaled_q,3600,13,0.4344208,0.1599486,0.4216712,0.1644953,0.08702958,0.04518108
noise_x4,white_rescaled_q,3600,13.5,0.4521191,0.1671042,0.4383826,0.1719797,0.0909897,0.05008083
noise_x4,white_rescaled_q,3600,14,0.4665365,0.1756619,0.455179,0.1795537,0.08494254,0.04518717
noise_x4,white_rescaled_q,3600,14.5,0.4876868,0.1817423,0.4718865,0.1867967,0.1028751,0.05437327
noise_x4,white_rescaled_q,3600,15,0.503296,0.1860667,0.4885346,0.194048,0.0949202,0.05379104
noise_x4,white_rescaled_q,3600,15.5,0.5263857,0.1856816,0.5050937,0.2013972,0.1057471,0.07255346
noise_x4,white_rescaled_q,3600,16,0.5427886,0.1970337,0.5219002,0.2094642,0.1129634,0.07017715
noise_x4,white_rescaled_q,3600,16.5,0.5617003,0.2034558,0.5385898,0.21779,0.1226605,0.06993468
noise_x4,white_rescaled_q,3600,17,0.5809945,0.2126034,0.5553257,0.2266007,0.1277822,0.08583618
noise_x4,white_rescaled_q,3600,17.5,0.5967565,0.2175147,0.5718931,0.2353078,0.1255529,0.07704251
noise_x4,white_rescaled_q,3600,18,0.611289,0.227917,0.5882193,0.2441259,0.1162615,0.08514265
noise_x4,white_rescaled_q,3600,18.5,0.6264196,0.237682,0.6044331,0.2527488,0.1175871,0.08088784
noise_x4,white_rescaled_q,3600,19,0.643178,0.245554,0.6206478,0.2615085,0.1245949,0.0744451
noise_x4,white_rescaled_q,3600,19.5,0.6563009,0.2586634,0.6368262,0.2702607,0.1233539,0.06601184
noise_x4,white_rescaled_q,3600,20,0.6735968,0.2614647,0.6528876,0.2789802,0.1189262,0.06754461
noise_x4,white_rescaled_q,3600,20.5,0.6891395,0.268903,0.6690085,0.2879447,0.1104385,0.07306108
noise_x4,white_rescaled_q,3600,21,0.708466,0.2746099,0.6851291,0.2965571,0.1218827,0.07785314
noise_x4,white_rescaled_q,3600,21.5,0.7250903,0.2807201,0.7011866,0.3050307,0.114788,0.08819275
noise_x4,white_rescaled_q,3600,22,0.7429886,0.2869739,0.716996,0.3132546,0.1215569,0.0928325
noise_x4,white_rescaled_q,3600,22.5,0.7572657,0.2957286,0.7330913,0.3213618,0.117058,0.0876523
noise_x4,white_rescaled_q,3600,23,0.7687309,0.3067874,0.7491258,0.3289727,0.1021572,0.07895587
noise_x4,white_rescaled_q,3600,23.5,0.7846465,0.3137505,0.7649929,0.3364387,0.1022669,0.07936247
noise_x4,white_rescaled_q,3600,24,0.8063318,0.31441,0.7810208,0.3435867,0.1114332,0.100115
noise_x4,white_rescaled_q,3600,24.5,0.8198764,0.3253208,0.7969201,0.3507471,0.1095114,0.09620357
noise_x4,white_rescaled_q,3600,25,0.8363921,0.3323052,0.8129948,0.3579347,0.1097116,0.1012995
noise_x4,white_rescaled_q,3600,25.5,0.8481065,0.3448907,0.8292409,0.3648194,0.1026307,0.08988054
noise_x4,white_rescaled_q,3600,26,0.8656507,0.3500202,0.8455264,0.3717675,0.1043502,0.09533972
noise_x4,white_rescaled_q,3600,26.5,0.8837957,0.3558633,0.8617213,0.3792536,0.1178048,0.09357432
noise_x4,white_rescaled_q,3600,27,0.8985121,0.3666552,0.877862,0.3867816,0.1251901,0.08337624
noise_x4,white_rescaled_q,3600,27.5,0.9157591,0.370395,0.8938845,0.3942584,0.1237095,0.08551035
noise_x4,white_rescaled_q,3600,28,0.9342863,0.3742852,0.9096788,0.4011133,0.137674,0.08372258
noise_x4,white_rescaled_q,3600,28.5,0.951172,0.3793145,0.9256208,0.4078403,0.1368393,0.09117805
noise_x4,white_rescaled_q,3600,29,0.9696978,0.3908078,0.9414314,0.4148958,0.1472265,0.1209945
noise_x4,white_rescaled_q,3600,29.5,0.9733769,0.4148826,0.9573778,0.4216713,0.1269126,0.0994108
noise_x4,white_rescaled_q,3600,30,0.9898981,0.4212106,0.9733154,0.4289738,0.1292972,0.1003537
noise_x4,white_rescaled_q,3600,30.5,1.008933,0.4258153,0.9891927,0.4360854,0.1472061,0.0992833
noise_x4,white_rescaled_q,3600,31,1.022019,0.4356866,1.005178,0.4436507,0.130328,0.105148
noise_x4,white_rescaled_q,3600,31.5,1.036209,0.4413479,1.021219,0.4509916,0.1259439,0.08462567
noise_x4,white_rescaled_q,3600,32,1.046747,0.4511513,1.037622,0.458115,0.09069987,0.07092346
noise_x4,white_rescaled_q,3600,32.5,1.063704,0.459797,1.053845,0.4653931,0.1038813,0.07375646
noise_x4,white_rescaled_q,3600,33,1.081739,0.4673661,1.070439,0.4727445,0.1217583,0.07026749
noise_x4,white_rescaled_q,3600,33.5,1.094614,0.478778,1.087838,0.4801747,0.1003239,0.0602871
noise_x4,white_rescaled_q,3600,34,1.114922,0.477206,1.105364,0.4874693,0.09898304,0.04608569
noise_x4,white_rescaled_q,3600,34.5,1.128949,0.4902114,1.123211,0.4951339,0.0817887,0.04135292
noise_x4,white_rescaled_q,3600,35,1.146312,0.4984649,1.140968,0.5031913,0.07764074,0.04227689
noise_x4,white_rescaled_q,3600,35.5,1.162096,0.5107172,1.159043,0.5117775,0.06820887,0.03841958
noise_x4,white_rescaled_q,3600,36,1.18075,0.5186645,1.177317,0.5205631,0.07119562,0.03482461
noise_x4,white_rescaled_q,3600,36.5,1.197582,0.5279446,1.19519,0.5288814,0.06031415,0.03471035
noise_x4,white_rescaled_q,3600,37,1.21582,0.5362725,1.212987,0.5369536,0.068832,0.03906119
noise_x4,white_rescaled_q,3600,37.5,1.234251,0.5426891,1.230747,0.5449413,0.06832128,0.04158902
noise_x4,white_rescaled_q,3600,38,1.251457,0.5507084,1.248734,0.5526018,0.05978894,0.03624532
noise_x4,white_rescaled_q,3600,38.5,1.270073,0.5568901,1.26731,0.5593886,0.05585423,0.03612694
noise_x4,white_rescaled_q,3600,39,1.290163,0.5603716,1.286226,0.5653722,0.05933131,0.03663407
noise_x4,white_rescaled_q,3600,39.5,1.309232,0.5662581,1.305366,0.5715212,0.05628466,0.03629696
noise_x4,white_rescaled_q,3600,40,1.32813,0.5729135,1.324213,0.5776379,0.06217837,0.03781983
noise_x4,white_rescaled_q,3600,40.5,1.34604,0.5821457,1.343191,0.5841709,0.06319314,0.03874195
noise_x4,white_rescaled_q,3600,41,1.36581,0.5888254,1.362693,0.5907888,0.07050348,0.03747361
noise_x4,white_rescaled_q,3600,41.5,1.385044,0.5964262,1.382294,0.5972799,0.07239381,0.03839548
noise_x4,white_rescaled_q,3600,42,1.404477,0.6032249,1.401777,0.6042704,0.07142676,0.0366628
noise_x4,white_rescaled_q,3600,42.5,1.424406,0.6108491,1.421173,0.611591,0.08050056,0.04423069
noise_x4,white_rescaled_q,3600,43,1.443779,0.6174627,1.440712,0.6183307,0.07725426,0.04424836
noise_x4,white_rescaled_q,3600,43.5,1.463314,0.6245238,1.460147,0.6247845,0.07905697,0.05329451
noise_x4,white_rescaled_q,3600,44,1.482957,0.6304943,1.479621,0.6307449,0.08269467,0.05376482
noise_x4,white_rescaled_q,3600,44.5,1.50368,0.6371631,1.499779,0.6369235,0.09070882,0.06306698
noise_x4,white_rescaled_q,3600,45,1.523422,0.643445,1.520212,0.6434109,0.08334938,0.05489681
noise_x4,white_rescaled_q,3600,45.5,1.544023,0.6500071,1.540482,0.650022,0.08907784,0.05591278
noise_x4,white_rescaled_q,3600,46,1.563866,0.656121,1.560569,0.6567619,0.0814384,0.05494922
noise_x4,white_rescaled_q,3600,46.5,1.584079,0.6617318,1.580656,0.663065,0.08247145,0.04978054
noise_x4,white_rescaled_q,3600,47,1.604684,0.666656,1.60071,0.6691074,0.08172409,0.05571748
noise_x4,white_rescaled_q,3600,47.5,1.624789,0.673566,1.620787,0.6755154,0.0854753,0.05790223
noise_x4,white_rescaled_q,3600,48,1.644605,0.6804406,1.641023,0.6818099,0.08409159,0.05550603
noise_x4,white_rescaled_q,3600,48.5,1.665625,0.6868783,1.66174,0.6886694,0.08238994,0.06322982
noise_x4,white_rescaled_q,3600,49,1.687242,0.6939949,1.682873,0.695677,0.09442106,0.06146248
noise_x4,white_rescaled_q,3600,49.5,1.708887,0.7005085,1.704039,0.7024074,0.1056299,0.0548123
noise_x4,white_rescaled_q,3600,50,1.729923,0.7064484,1.725146,0.7097819,0.09414694,0.05764687
noise_x4,white_rescaled_q,3600,50.5,1.75047,0.7145229,1.74638,0.7175819,0.08722272,0.05165245
noise_x4,white_rescaled_q,3600,51,1.771123,0.7242818,1.767452,0.7257367,0.09482578,0.04581127
noise_x4,white_rescaled_q,3600,51.5,1.792567,0.7327329,1.789069,0.7340155,0.09013005,0.05251107
noise_x4,white_rescaled_q,3600,52,1.813767,0.7412035,1.810726,0.7426183,0.08466395,0.0442562
noise_x4,white_rescaled_q,3600,52.5,1.835312,0.749944,1.832432,0.7513655,0.08245294,0.04275128
noise_x4,white_rescaled_q,3600,53,1.857806,0.7585354,1.854377,0.7600339,0.0913325,0.04839829
noise_x4,white_rescaled_q,3600,53.5,1.879248,0.7675295,1.87598,0.7689241,0.08789068,0.0514181
noise_x4,white_rescaled_q,3600,54,1.901114,0.7765971,1.897734,0.7776457,0.0943699,0.05012245
noise_x4,white_rescaled_q,3600,54.5,1.922679,0.7857921,1.919744,0.7861664,0.09570116,0.04051926
noise_x4,white_rescaled_q,3600,55,1.945526,0.792967,1.941895,0.7940364,0.1012125,0.04872895
noise_x4,white_rescaled_q,3600,55.5,1.96703,0.8009399,1.963874,0.8022899,0.09100145,0.0466339
noise_x4,white_rescaled_q,3600,56,1.989581,0.8082595,1.98594,0.8105508,0.09086738,0.05325415
noise_x4,white_rescaled_q,3600,56.5,2.012323,0.8158542,2.007834,0.8185646,0.1020652,0.06000971
noise_x4,white_rescaled_q,3600,57,2.034185,0.8242562,2.029722,0.8263178,0.103266,0.06682588
noise_x4,white_rescaled_q,3600,57.5,2.055476,0.8325645,2.051579,0.8342203,0.0999854,0.05970287
noise_x4,white_rescaled_q,3600,58,2.078073,0.8384445,2.073458,0.8421524,0.09517097,0.06635504
noise_x4,white_rescaled_q,3600,58.5,2.099687,0.846772,2.095564,0.8499124,0.08627424,0.07101344
noise_x4,white_rescaled_q,3600,59,2.122853,0.8538658,2.118015,0.8583081,0.09648909,0.06475189
noise_x4,white_rescaled_q,3600,59.5,2.145559,0.8630261,2.14057,0.8665874,0.1084456,0.06301219
noise_x4,white_rescaled_q,3600,60,2.16885,0.8723158,2.163468,0.8749211,0.1162953,0.07586976
reference,frozen_q,0,0,0,0,0,0,0,0
reference,frozen_q,0,0.5,0.0329652,0.009203608,0.01527247,0.006410404,0.02858988,0.009032506
reference,frozen_q,0,1,0.06593836,0.01845881,0.03049939,0.01284285,0.05720753,0.018121
reference,frozen_q,0,1.5,0.09889373,0.02759576,0.04574115,0.01927721,0.08579427,0.02709594
reference,frozen_q,0,2,0.1318046,0.03672198,0.06102647,0.02565293,0.1143038,0.03611054
reference,frozen_q,0,2.5,0.1646773,0.04588327,0.0762484,0.03201154,0.1427993,0.04518567
reference,frozen_q,0,3,0.1975167,0.05512572,0.09143168,0.03825503,0.1712967,0.05435887
reference,frozen_q,0,3.5,0.2304254,0.0644572,0.1066472,0.04459357,0.1998471,0.06358753
reference,frozen_q,0,4,0.2633583,0.07375803,0.121905,0.0509974,0.2284013,0.07274432
reference,frozen_q,0,4.5,0.2962153,0.08300919,0.1372687,0.05745762,0.256817,0.08179246
reference,frozen_q,0,5,0.3291107,0.09215873,0.1527141,0.06390555,0.2852307,0.09075464
reference,frozen_q,0,5.5,0.3620439,0.1012973,0.1680719,0.07033696,0.3137328,0.09972365
reference,frozen_q,0,6,0.394947,0.1105043,0.1834039,0.07677273,0.3422163,0.108751
reference,frozen_q,0,6.5,0.4279542,0.1196421,0.1988344,0.08326273,0.370754,0.1177134
reference,frozen_q,0,7,0.4610639,0.1286371,0.2142405,0.08967316,0.3994318,0.1265579
reference,frozen_q,0,7.5,0.4941743,0.1376259,0.2296001,0.09602698,0.4281478,0.135395
reference,frozen_q,0,8,0.5273112,0.1465622,0.2449595,0.1023072,0.4569087,0.1441833
reference,frozen_q,0,8.5,0.5604438,0.1554359,0.2603646,0.1085692,0.4856513,0.1528835
reference,frozen_q,0,9,0.593521,0.1642398,0.2757374,0.1148842,0.5143577,0.1614398
reference,frozen_q,0,9.5,0.6266402,0.1730288,0.2910998,0.1211574,0.5431235,0.1699926
reference,frozen_q,0,10,0.6597729,0.1818699,0.3064589,0.1274764,0.5719081,0.1785597
reference,frozen_q,0,10.5,0.6930001,0.1906917,0.3219965,0.1338147,0.6006996,0.1871152
reference,frozen_q,0,11,0.726241,0.1994795,0.3375637,0.1401765,0.6294861,0.1956354
reference,frozen_q,0,11.5,0.759494,0.2082481,0.353065,0.1466166,0.6582992,0.204156
reference,frozen_q,0,12,0.7926945,0.2169969,0.3684594,0.1531201,0.6871017,0.2126357
reference,frozen_q,0,12.5,0.8258627,0.2259345,0.3837848,0.1597303,0.715899,0.2212479
reference,frozen_q,0,13,0.8590201,0.2348291,0.3990968,0.1664016,0.7446852,0.2297909
reference,frozen_q,0,13.5,0.8923268,0.2438,0.4143801,0.1731135,0.7736443,0.2384324
reference,frozen_q,0,14,0.9257164,0.2526834,0.4296762,0.1798353,0.8026941,0.2469691
reference,frozen_q,0,14.5,0.9592348,0.2613569,0.4449515,0.1865582,0.8319215,0.2552283
reference,frozen_q,0,15,0.9927638,0.2699026,0.4602068,0.1932667,0.8611816,0.2633321
reference,frozen_q,0,15.5,1.026323,0.2783434,0.4754704,0.1999852,0.8904624,0.271353
reference,frozen_q,0,16,1.059872,0.2868011,0.4907749,0.2069071,0.9196925,0.2792951
reference,frozen_q,0,16.5,1.093419,0.2951603,0.5060263,0.2139072,0.9489364,0.287124
reference,frozen_q,0,17,1.126942,0.3035686,0.5212998,0.2209613,0.9781368,0.2949678
reference,frozen_q,0,17.5,1.160366,0.3119618,0.5365323,0.227949,1.007263,0.3027835
reference,frozen_q,0,18,1.193815,0.3203522,0.5516972,0.2349644,1.036454,0.3105745
reference,frozen_q,0,18.5,1.22735,0.3286936,0.5668443,0.2419498,1.065769,0.3182801
reference,frozen_q,0,19,1.260924,0.3370921,0.5819972,0.2490047,1.095114,0.3260284
reference,frozen_q,0,19.5,1.294475,0.3455052,0.5971648,0.256079,1.124421,0.3337917
reference,frozen_q,0,20,1.328038,0.3538837,0.6122941,0.2631134,1.153775,0.3414991
reference,frozen_q,0,20.5,1.361617,0.3622822,0.6274121,0.2702281,1.183157,0.349149
reference,frozen_q,0,21,1.395111,0.3707219,0.6424829,0.277321,1.212473,0.3568299
reference,frozen_q,0,21.5,1.428612,0.3791813,0.6575486,0.2844231,1.241807,0.3644963
reference,frozen_q,0,22,1.462106,0.3877115,0.6725505,0.2914695,1.271177,0.3722418
reference,frozen_q,0,22.5,1.495591,0.3963113,0.6875475,0.2985296,1.300536,0.3800572
reference,frozen_q,0,23,1.529202,0.4049341,0.7025056,0.3055226,1.330069,0.3879199
reference,frozen_q,0,23.5,1.562815,0.4135932,0.7174476,0.3124177,1.359634,0.3958165
reference,frozen_q,0,24,1.596535,0.4222588,0.732402,0.3192869,1.3893,0.403795
reference,frozen_q,0,24.5,1.630301,0.4309728,0.7472607,0.3261576,1.419054,0.4118745
reference,frozen_q,0,25,1.664093,0.4397109,0.7622034,0.3329924,1.448789,0.4200269
reference,frozen_q,0,25.5,1.697793,0.4484845,0.7771447,0.3397619,1.478423,0.4282468
reference,frozen_q,0,26,1.731453,0.4571569,0.7920819,0.3464978,1.508003,0.4364308
reference,frozen_q,0,26.5,1.765072,0.4658399,0.8070353,0.3532814,1.537514,0.4446326
reference,frozen_q,0,27,1.798591,0.4745632,0.8219439,0.3601037,1.566928,0.4528646
reference,frozen_q,0,27.5,1.832027,0.4832896,0.8367967,0.3668366,1.596279,0.4611593
reference,frozen_q,0,28,1.865443,0.492065,0.8516049,0.3735056,1.625642,0.4695208
reference,frozen_q,0,28.5,1.898888,0.500837,0.8664093,0.3801034,1.655054,0.477876
reference,frozen_q,0,29,1.932305,0.5096489,0.8812119,0.386681,1.684428,0.4863161
reference,frozen_q,0,29.5,1.965703,0.5185865,0.8959653,0.393294,1.713807,0.4948591
reference,frozen_q,0,30,1.999069,0.5276388,0.910726,0.39998,1.743158,0.5034106
reference,frozen_q,0,30.5,2.032585,0.5366611,0.9255535,0.406595,1.772656,0.5119572
reference,frozen_q,0,31,2.066213,0.5455612,0.9404117,0.4132209,1.80227,0.5203528
reference,frozen_q,0,31.5,2.09981,0.5544002,0.9552424,0.4198505,1.831873,0.5286385
reference,frozen_q,0,32,2.133497,0.5632471,0.9701007,0.4263647,1.861603,0.5368897
reference,frozen_q,0,32.5,2.167207,0.5720796,0.9849334,0.4329024,1.891378,0.545081
reference,frozen_q,0,33,2.201009,0.5808387,0.9998829,0.4394263,1.921187,0.5532484
reference,frozen_q,0,33.5,2.234839,0.5895477,1.014919,0.4460724,1.950954,0.561369
reference,frozen_q,0,34,2.268662,0.5981813,1.030034,0.4526465,1.980667,0.5694915
reference,frozen_q,0,34.5,2.302445,0.6067841,1.045204,0.4591987,2.010303,0.5775983
reference,frozen_q,0,35,2.336198,0.6153672,1.060404,0.4657846,2.039888,0.5856656
reference,frozen_q,0,35.5,2.369991,0.6239462,1.075698,0.4723675,2.069464,0.5937579
reference,frozen_q,0,36,2.403783,0.6324239,1.09107,0.4789188,2.098985,0.6018139
reference,frozen_q,0,36.5,2.437584,0.6408485,1.106359,0.4853007,2.128578,0.6098765
reference,frozen_q,0,37,2.471346,0.6491833,1.121624,0.491571,2.158169,0.6178274
reference,frozen_q,0,37.5,2.505134,0.6573701,1.13688,0.4977976,2.187794,0.6256565
reference,frozen_q,0,38,2.538977,0.6655405,1.152168,0.5039859,2.217464,0.6335045
reference,frozen_q,0,38.5,2.572907,0.6736895,1.16752,0.5101066,2.247201,0.6413811
reference,frozen_q,0,39,2.606852,0.6817495,1.18284,0.5162199,2.276962,0.6492044
reference,frozen_q,0,39.5,2.640873,0.6899161,1.198227,0.5223837,2.306767,0.6571333
reference,frozen_q,0,40,2.674934,0.698209,1.213565,0.528639,2.33663,0.6651658
reference,frozen_q,0,40.5,2.708951,0.7066244,1.228962,0.534868,2.366414,0.6733427
reference,frozen_q,0,41,2.743021,0.7150083,1.244379,0.5411647,2.396221,0.6815356
reference,frozen_q,0,41.5,2.777058,0.7233895,1.259818,0.5474491,2.425982,0.6897242
reference,frozen_q,0,42,2.811208,0.7318734,1.275284,0.5537583,2.455856,0.6980079
reference,frozen_q,0,42.5,2.845327,0.7403412,1.290774,0.5599576,2.485682,0.7063589
reference,frozen_q,0,43,2.879303,0.7488579,1.306238,0.5660267,2.515365,0.7148438
reference,frozen_q,0,43.5,2.913227,0.7573169,1.321657,0.5720093,2.545024,0.7232845
reference,frozen_q,0,44,2.947217,0.7658234,1.337025,0.5779577,2.574798,0.731758
reference,frozen_q,0,44.5,2.981295,0.7743888,1.352518,0.5839752,2.6046,0.7402629
reference,frozen_q,0,45,3.015382,0.7829773,1.368124,0.5900204,2.63435,0.7487877
reference,frozen_q,0,45.5,3.049531,0.7915363,1.383719,0.5960184,2.664176,0.7573194
reference,frozen_q,0,46,3.083703,0.8001218,1.399323,0.6020204,2.69402,0.765886
reference,frozen_q,0,46.5,3.1179,0.8086981,1.414908,0.6080725,2.723895,0.7744333
reference,frozen_q,0,47,3.152143,0.8172176,1.430442,0.6141117,2.753845,0.7829424
reference,frozen_q,0,47.5,3.186504,0.8257641,1.445978,0.6201244,2.783928,0.7915124
reference,frozen_q,0,48,3.220899,0.8343527,1.461439,0.6261713,2.814071,0.8001603
reference,frozen_q,0,48.5,3.255388,0.842957,1.477071,0.6320889,2.844229,0.8089381
reference,frozen_q,0,49,3.289931,0.8515979,1.492794,0.638024,2.874397,0.8177582
reference,frozen_q,0,49.5,3.324299,0.8604081,1.508429,0.6441178,2.904416,0.8266097
reference,frozen_q,0,50,3.358577,0.8692731,1.524109,0.6502567,2.934323,0.835427
reference,frozen_q,0,50.5,3.392917,0.8782629,1.539888,0.6563452,2.964265,0.8443561
reference,frozen_q,0,51,3.427215,0.8872771,1.555738,0.6624516,2.99413,0.8532675
reference,frozen_q,0,51.5,3.461444,0.8962935,1.571568,0.6686677,3.023918,0.8621294
reference,frozen_q,0,52,3.495737,0.9053742,1.587393,0.6749513,3.053772,0.8710391
reference,frozen_q,0,52.5,3.530157,0.9143841,1.603195,0.6813356,3.083768,0.8798529
reference,frozen_q,0,53,3.564598,0.9233798,1.618963,0.6877693,3.113785,0.8886912
reference,frozen_q,0,53.5,3.598955,0.9323445,1.634751,0.6941143,3.143699,0.8975502
reference,frozen_q,0,54,3.633273,0.9412971,1.650503,0.7004451,3.173594,0.9063857
reference,frozen_q,0,54.5,3.667562,0.9502668,1.66626,0.7067519,3.203468,0.9152046
reference,frozen_q,0,55,3.701807,0.9591768,1.681994,0.7130177,3.233306,0.9239767
reference,frozen_q,0,55.5,3.73605,0.9680059,1.697718,0.7193437,3.263133,0.9326732
reference,frozen_q,0,56,3.770347,0.9769569,1.71339,0.7257841,3.293048,0.9414091
reference,frozen_q,0,56.5,3.804652,0.9859945,1.728986,0.7322716,3.323002,0.9502379
reference,frozen_q,0,57,3.838987,0.9951228,1.744547,0.7388571,3.352997,0.959129
reference,frozen_q,0,57.5,3.873393,1.004351,1.760105,0.74551,3.383059,0.9681224
reference,frozen_q,0,58,3.90774,1.013728,1.775668,0.7522197,3.413051,0.9772341
reference,frozen_q,0,58.5,3.942105,1.023146,1.791259,0.7589276,3.443054,0.9863663
reference,frozen_q,0,59,3.976526,1.032572,1.806924,0.765682,3.473083,0.9954742
reference,frozen_q,0,59.5,4.011084,1.041864,1.822654,0.7723533,3.503238,1.004492
reference,frozen_q,0,60,4.045786,1.050998,1.838449,0.7790892,3.533515,1.013333
reference,frozen_q,180,0,0,0,0,0,0,0
reference,frozen_q,180,0.5,0.03233112,0.008956805,0.01527247,0.006410404,0.02785837,0.008774262
reference,frozen_q,180,1,0.06367188,0.01605889,0.03049938,0.01284284,0.05483291,0.01470951
reference,frozen_q,180,1.5,0.0922292,0.0272727,0.04574114,0.01927721,0.07816764,0.02630538
reference,frozen_q,180,2,0.1161584,0.03778996,0.06102647,0.02565295,0.09572117,0.03752218
reference,frozen_q,180,2.5,0.1405856,0.04276442,0.07624838,0.03201173,0.1135143,0.04387596
reference,frozen_q,180,3,0.158059,0.04722632,0.09143161,0.038255,0.123948,0.04574923
reference,frozen_q,180,3.5,0.1711644,0.05533563,0.1066472,0.04459365,0.1272608,0.05378415
reference,frozen_q,180,4,0.187817,0.06496069,0.1219047,0.05099728,0.1351521,0.0622947
reference,frozen_q,180,4.5,0.2068444,0.07350691,0.1372689,0.05745672,0.1459697,0.06982372
reference,frozen_q,180,5,0.2229602,0.07893361,0.1527134,0.06390512,0.1515161,0.07589517
reference,frozen_q,180,5.5,0.2372319,0.08905304,0.1680711,0.07033662,0.1554718,0.08394005
reference,frozen_q,180,6,0.2449357,0.0857461,0.183403,0.07677292,0.1509349,0.07226335
reference,frozen_q,180,6.5,0.258142,0.08941427,0.1988341,0.08326238,0.1522489,0.0720508
reference,frozen_q,180,7,0.2753177,0.09558147,0.2142387,0.08967331,0.1577917,0.0797575
reference,frozen_q,180,7.5,0.295457,0.1057766,0.2295964,0.09602735,0.1688847,0.09134894
reference,frozen_q,180,8,0.296328,0.1010439,0.2449561,0.1023065,0.1508922,0.07104072
reference,frozen_q,180,8.5,0.3141761,0.1024923,0.2603572,0.1085674,0.160971,0.06317054
reference,frozen_q,180,9,0.3213119,0.1048611,0.2757264,0.1148957,0.1477944,0.0587431
reference,frozen_q,180,9.5,0.3387302,0.1115273,0.2910856,0.1211689,0.1571771,0.05777697
reference,frozen_q,180,10,0.3388393,0.119118,0.3064415,0.1274886,0.130864,0.04376083
reference,frozen_q,180,10.5,0.3512737,0.12899,0.3219805,0.1338257,0.1287032,0.04530473
reference,frozen_q,180,11,0.3662239,0.1295909,0.3375361,0.1401879,0.1220746,0.05202413
reference,frozen_q,180,11.5,0.3826981,0.1353859,0.353028,0.1466303,0.1247437,0.05853973
reference,frozen_q,180,12,0.3949869,0.1474711,0.3684285,0.1531386,0.1235007,0.05986059
reference,frozen_q,180,12.5,0.4091677,0.1541493,0.3837403,0.1597374,0.1224917,0.06061993
reference,frozen_q,180,13,0.4235233,0.160554,0.39903,0.1664045,0.1214734,0.06133588
reference,frozen_q,180,13.5,0.4400077,0.1674708,0.4143181,0.1731244,0.1266372,0.06554166
reference,frozen_q,180,14,0.4471154,0.1738198,0.4296246,0.1798492,0.1094362,0.0374556
reference,frozen_q,180,14.5,0.4604606,0.1811702,0.4449272,0.1865798,0.1028748,0.04091782
reference,frozen_q,180,15,0.4755146,0.1861415,0.4602558,0.1932194,0.1015544,0.03858875
reference,frozen_q,180,15.5,0.4918464,0.1922375,0.4755157,0.1999235,0.107764,0.03729137
reference,frozen_q,180,16,0.5094917,0.1980458,0.490846,0.2068507,0.1176834,0.03860499
reference,frozen_q,180,16.5,0.5233185,0.2056253,0.5061406,0.2137966,0.1138899,0.03916315
reference,frozen_q,180,17,0.5368239,0.2138679,0.5215067,0.2209581,0.1076822,0.0421318
reference,frozen_q,180,17.5,0.5523448,0.2204196,0.5367445,0.2279271,0.1096869,0.0430564
reference,frozen_q,180,18,0.5659529,0.2268472,0.5519607,0.2348399,0.1027995,0.0406366
reference,frozen_q,180,18.5,0.5827801,0.2326286,0.5671152,0.2418015,0.1105605,0.04173918
reference,frozen_q,180,19,0.5954046,0.243532,0.5823036,0.248811,0.1054746,0.04395122
reference,frozen_q,180,19.5,0.6107061,0.2504999,0.5974704,0.2558441,0.1065931,0.04654741
reference,frozen_q,180,20,0.6267952,0.255672,0.6126096,0.2628792,0.1077923,0.05038938
reference,frozen_q,180,20.5,0.641739,0.2632667,0.6278156,0.2700096,0.1096004,0.04864679
reference,frozen_q,180,21,0.6542809,0.2706096,0.6428472,0.2770494,0.1002805,0.03872031
reference,frozen_q,180,21.5,0.6688741,0.2780795,0.6578811,0.2840389,0.1003002,0.03759128
reference,frozen_q,180,22,0.6824528,0.2868436,0.672863,0.2909457,0.0976525,0.03568141
reference,frozen_q,180,22.5,0.6979732,0.2933714,0.687901,0.2979351,0.1010443,0.03532104
reference,frozen_q,180,23,0.7115538,0.3016893,0.7027863,0.3049577,0.09716745,0.03364235
reference,frozen_q,180,23.5,0.7265168,0.3089004,0.7177165,0.311868,0.09978632,0.03248307
reference,frozen_q,180,24,0.741881,0.3143748,0.7327948,0.3188062,0.09761593,0.03561132
reference,frozen_q,180,24.5,0.7567912,0.3207799,0.7475598,0.3256587,0.09823162,0.036154
reference,frozen_q,180,25,0.770672,0.3294044,0.7624381,0.332579,0.0987048,0.03050911
reference,frozen_q,180,25.5,0.7856041,0.3362784,0.7773785,0.3393641,0.0999066,0.03068664
reference,frozen_q,180,26,0.8008014,0.3426173,0.7925377,0.3459525,0.1005513,0.03034529
reference,frozen_q,180,26.5,0.8157978,0.3495854,0.8074662,0.3527207,0.1020199,0.03283677
reference,frozen_q,180,27,0.8308599,0.355223,0.8223077,0.3595211,0.09959637,0.03699604
reference,frozen_q,180,27.5,0.8462573,0.361537,0.8371483,0.36626,0.1034716,0.03786848
reference,frozen_q,180,28,0.8598926,0.3692232,0.8521282,0.3731647,0.09626348,0.03622165
reference,frozen_q,180,28.5,0.8756124,0.3746513,0.8668902,0.3798893,0.09935083,0.04069439
reference,frozen_q,180,29,0.8897087,0.3819658,0.8816579,0.3865909,0.09872124,0.03461065
reference,frozen_q,180,29.5,0.9042728,0.388862,0.8964176,0.3932163,0.09945672,0.03273568
reference,frozen_q,180,30,0.9193019,0.3953175,0.9110222,0.4000972,0.1019349,0.0348223
reference,frozen_q,180,30.5,0.9335426,0.4032736,0.9259605,0.406637,0.09889592,0.04268358
reference,frozen_q,180,31,0.9491509,0.4094872,0.9407669,0.4132046,0.1037658,0.04781966
reference,frozen_q,180,31.5,0.9652169,0.4156394,0.9555893,0.4199764,0.1136996,0.0472646
reference,frozen_q,180,32,0.9797073,0.422028,0.9704882,0.4262664,0.1096136,0.05179196
reference,frozen_q,180,32.5,0.9939193,0.4293448,0.9853834,0.4327449,0.1089235,0.04862553
reference,frozen_q,180,33,1.008,0.4365211,1.000004,0.4390347,0.1056324,0.05436044
reference,frozen_q,180,33.5,1.02219,0.4429645,1.015079,0.4457913,0.09954398,0.04802092
reference,frozen_q,180,34,1.037377,0.4491206,1.030225,0.4523232,0.09991572,0.04658989
reference,frozen_q,180,34.5,1.052478,0.455313,1.04553,0.4588455,0.0997627,0.0404863
reference,frozen_q,180,35,1.065977,0.462814,1.06045,0.4655881,0.08997942,0.03566599
reference,frozen_q,180,35.5,1.081446,0.4695612,1.07579,0.4722167,0.0932441,0.03448572
reference,frozen_q,180,36,1.096588,0.4768211,1.090973,0.4788282,0.09741959,0.03194992
reference,frozen_q,180,36.5,1.111916,0.4833721,1.106091,0.4854452,0.1002672,0.03174866
reference,frozen_q,180,37,1.125761,0.4902662,1.121008,0.4917179,0.09451438,0.02025479
reference,frozen_q,180,37.5,1.140499,0.4966724,1.136364,0.4978068,0.0890858,0.02071264
reference,frozen_q,180,38,1.154933,0.5029069,1.151555,0.503983,0.07963804,0.02101961
reference,frozen_q,180,38.5,1.170209,0.5091037,1.167164,0.5102945,0.07643025,0.01140423
reference,frozen_q,180,39,1.185094,0.5150398,1.182472,0.5162883,0.06882707,0.01617862
reference,frozen_q,180,39.5,1.200216,0.5214172,1.197931,0.5223851,0.06527289,0.01652842
reference,frozen_q,180,40,1.215792,0.5277082,1.213291,0.5286368,0.06830967,0.02236018
reference,frozen_q,180,40.5,1.231067,0.5338794,1.228879,0.534818,0.06464295,0.01629388
reference,frozen_q,180,41,1.246231,0.5403259,1.244064,0.5411246,0.0655239,0.01722096
reference,frozen_q,180,41.5,1.261683,0.5467203,1.259555,0.5473763,0.06592222,0.01889599
reference,frozen_q,180,42,1.276983,0.5530817,1.274985,0.5536762,0.06339101,0.02192224
reference,frozen_q,180,42.5,1.292182,0.5593956,1.28994,0.5601581,0.06766335,0.02051877
reference,frozen_q,180,43,1.307891,0.5658389,1.30574,0.5665811,0.06599614,0.02217899
reference,frozen_q,180,43.5,1.323311,0.5718492,1.321114,0.5725946,0.06780775,0.02060609
reference,frozen_q,180,44,1.338656,0.5778309,1.336423,0.5785996,0.06798564,0.02306863
reference,frozen_q,180,44.5,1.354195,0.583734,1.351863,0.5845104,0.0698132,0.02459415
reference,frozen_q,180,45,1.370193,0.5892186,1.36751,0.5901396,0.07495665,0.02701567
reference,frozen_q,180,45.5,1.385979,0.5949627,1.383247,0.5962219,0.07466417,0.02445095
reference,frozen_q,180,46,1.401437,0.600752,1.398742,0.602092,0.07390059,0.02412065
reference,frozen_q,180,46.5,1.417176,0.606241,1.414255,0.607961,0.07531499,0.02547091
reference,frozen_q,180,47,1.432398,0.6131005,1.429776,0.6142574,0.07624789,0.01894019
reference,frozen_q,180,47.5,1.448006,0.6190029,1.445401,0.6202333,0.0762857,0.01688754
reference,frozen_q,180,48,1.463292,0.624944,1.460671,0.6263541,0.07523732,0.0185549
reference,frozen_q,180,48.5,1.479155,0.6307146,1.476423,0.6321249,0.07783255,0.01845307
reference,frozen_q,180,49,1.495143,0.6363803,1.492157,0.6378995,0.08059925,0.02485432
reference,frozen_q,180,49.5,1.510958,0.6424663,1.507914,0.6440019,0.08195757,0.0250061
reference,frozen_q,180,50,1.526973,0.6482782,1.523701,0.6500029,0.08510961,0.02538807
reference,frozen_q,180,50.5,1.54324,0.6542884,1.539835,0.6559939,0.08757295,0.0272684
reference,frozen_q,180,51,1.558804,0.660218,1.555515,0.6620487,0.08611915,0.02350132
reference,frozen_q,180,51.5,1.575035,0.6661564,1.571428,0.6683034,0.08918498,0.02665379
reference,frozen_q,180,52,1.59079,0.6720214,1.587076,0.6745527,0.08823382,0.02866243
reference,frozen_q,180,52.5,1.607043,0.678182,1.603128,0.6809394,0.09027931,0.03007066
reference,frozen_q,180,53,1.622158,0.6849219,1.618888,0.6869157,0.08558151,0.02667927
reference,frozen_q,180,53.5,1.637999,0.6914716,1.634636,0.6932813,0.08915126,0.02668049
reference,frozen_q,180,54,1.65439,0.6969687,1.650751,0.6994151,0.08860464,0.03128974
reference,frozen_q,180,54.5,1.670207,0.703153,1.666403,0.7057378,0.090482,0.03318546
reference,frozen_q,180,55,1.685306,0.710147,1.681793,0.71196,0.09228049,0.03014099
reference,frozen_q,180,55.5,1.700964,0.7160709,1.697378,0.7180308,0.09247567,0.03186972
reference,frozen_q,180,56,1.716411,0.7223818,1.713108,0.7239047,0.0909613,0.03181454
reference,frozen_q,180,56.5,1.732048,0.7287803,1.728662,0.7304101,0.0915729,0.03363887
reference,frozen_q,180,57,1.747503,0.7360052,1.744618,0.7373804,0.08683192,0.02531315
reference,frozen_q,180,57.5,1.763018,0.7425603,1.760031,0.7440043,0.08750858,0.02949811
reference,frozen_q,180,58,1.778797,0.7490583,1.775933,0.7503689,0.08600982,0.03109704
reference,frozen_q,180,58.5,1.793843,0.7560346,1.791455,0.7571614,0.07925954,0.02640567
reference,frozen_q,180,59,1.809259,0.762317,1.806957,0.7635072,0.07749437,0.02502444
reference,frozen_q,180,59.5,1.825225,0.7688908,1.822743,0.7702523,0.08094092,0.0231953
reference,frozen_q,180,60,1.840763,0.7755391,1.838299,0.7769777,0.07996312,0.02398905
reference,frozen_q,360,0,0,0,0,0,0,0
reference,frozen_q,360,0.5,0.03278935,0.009450625,0.01527247,0.006410403,0.02839605,0.009254729
reference,frozen_q,360,1,0.06372131,0.01895469,0.03049938,0.01284285,0.05454726,0.0189018
reference,frozen_q,360,1.5,0.09134302,0.02476407,0.04574116,0.01927718,0.07671009,0.0250562
reference,frozen_q,360,2,0.1169824,0.03002513,0.06102654,0.02565298,0.09579417,0.03269283
reference,frozen_q,360,2.5,0.1364922,0.03522476,0.07624835,0.03201182,0.1074078,0.03953799
reference,frozen_q,360,3,0.1447168,0.04984525,0.09143159,0.03825539,0.1050387,0.0515047
reference,frozen_q,360,3.5,0.1615336,0.05362824,0.1066467,0.04459417,0.1135594,0.05298323
reference,frozen_q,360,4,0.1764096,0.06421654,0.121904,0.050998,0.1178782,0.06333958
reference,frozen_q,360,4.5,0.1878088,0.0690445,0.1372696,0.05745739,0.1201078,0.05978753
reference,frozen_q,360,5,0.1955983,0.07297995,0.1527152,0.06390459,0.1146483,0.0559388
reference,frozen_q,360,5.5,0.209,0.08010239,0.1680694,0.07033422,0.1140312,0.06346611
reference,frozen_q,360,6,0.2242275,0.07996122,0.1834013,0.07677133,0.1186679,0.05652027
reference,frozen_q,360,6.5,0.2397957,0.0884783,0.1988315,0.08326092,0.1219473,0.06446617
reference,frozen_q,360,7,0.2589082,0.09304436,0.2142382,0.08967223,0.1291551,0.0728353
reference,frozen_q,360,7.5,0.272037,0.09697613,0.2295927,0.0960258,0.1278585,0.07339721
reference,frozen_q,360,8,0.277788,0.09966139,0.2449493,0.102306,0.1184709,0.05254794
reference,frozen_q,360,8.5,0.2929573,0.1040929,0.260349,0.1085675,0.1180876,0.05798095
reference,frozen_q,360,9,0.3024572,0.1061561,0.2757175,0.1148871,0.0993583,0.06286735
reference,frozen_q,360,9.5,0.3144424,0.1139354,0.2910821,0.121169,0.09737375,0.05664257
reference,frozen_q,360,10,0.3260155,0.1203983,0.3064357,0.1274861,0.09253702,0.04758463
reference,frozen_q,360,10.5,0.339263,0.1256852,0.3219479,0.1338263,0.08829667,0.04161933
reference,frozen_q,360,11,0.3519052,0.1326481,0.33752,0.1401806,0.08188041,0.03642955
reference,frozen_q,360,11.5,0.3652196,0.1407477,0.3530251,0.1466119,0.07914744,0.03066723
reference,frozen_q,360,12,0.3803136,0.1481689,0.3684371,0.1531324,0.07938453,0.03509306
reference,frozen_q,360,12.5,0.3953801,0.1547679,0.3838214,0.1596931,0.07844148,0.03814304
reference,frozen_q,360,13,0.408339,0.163747,0.3991318,0.1663622,0.07685969,0.02727953
reference,frozen_q,360,13.5,0.423302,0.171041,0.4144163,0.1731201,0.07778108,0.02741632
reference,frozen_q,360,14,0.4380947,0.1780682,0.4297175,0.179828,0.07667739,0.02887513
reference,frozen_q,360,14.5,0.4523251,0.1842369,0.4450383,0.1866391,0.07105277,0.02603728
reference,frozen_q,360,15,0.4679101,0.1908113,0.4602756,0.1933362,0.07357518,0.02812661
reference,frozen_q,360,15.5,0.4828074,0.1972823,0.475548,0.2000232,0.07239288,0.02679062
reference,frozen_q,360,16,0.4965079,0.2046818,0.4908478,0.2069683,0.0632035,0.02713846
reference,frozen_q,360,16.5,0.5125558,0.2114194,0.5061335,0.2138975,0.06858283,0.02969178
reference,frozen_q,360,17,0.5282519,0.2182833,0.5214616,0.2209171,0.07098756,0.03227727
reference,frozen_q,360,17.5,0.5440184,0.2256482,0.5367707,0.2278289,0.07644257,0.03325004
reference,frozen_q,360,18,0.557987,0.2325151,0.551957,0.2347525,0.06936497,0.03057598
reference,frozen_q,360,18.5,0.5733874,0.2388191,0.5670786,0.2416451,0.07103677,0.03006786
reference,frozen_q,360,19,0.5878795,0.2460989,0.5822411,0.2485928,0.06981685,0.02408883
reference,frozen_q,360,19.5,0.6036809,0.2525344,0.5973709,0.2556432,0.07388549,0.02552127
reference,frozen_q,360,20,0.6193554,0.2584974,0.6125413,0.2627352,0.07343216,0.03083947
reference,frozen_q,360,20.5,0.6348322,0.2651207,0.6276625,0.2697652,0.07566315,0.03190146
reference,frozen_q,360,21,0.649826,0.2723386,0.6429413,0.2768313,0.07563316,0.02966682
reference,frozen_q,360,21.5,0.6664476,0.2776986,0.6580877,0.2838958,0.08060275,0.03656158
reference,frozen_q,360,22,0.680917,0.286197,0.6732009,0.2908145,0.08193994,0.03558896
reference,frozen_q,360,22.5,0.6960455,0.2935601,0.6881989,0.2979028,0.08406587,0.03775757
reference,frozen_q,360,23,0.7108173,0.3006238,0.7032267,0.3048932,0.08372578,0.03652709
reference,frozen_q,360,23.5,0.7247103,0.3089883,0.7181047,0.3117588,0.08269712,0.03337185
reference,frozen_q,360,24,0.7398883,0.3157921,0.7330801,0.3185822,0.08414757,0.03650464
reference,frozen_q,360,24.5,0.7533526,0.3237475,0.747969,0.3254928,0.077421,0.03263977
reference,frozen_q,360,25,0.7686562,0.3298047,0.7629226,0.3322692,0.07907803,0.03208449
reference,frozen_q,360,25.5,0.7837383,0.3357773,0.7778118,0.3389329,0.07835587,0.03390797
reference,frozen_q,360,26,0.7980587,0.3428969,0.7928007,0.3456445,0.0744569,0.03282521
reference,frozen_q,360,26.5,0.8127658,0.3496365,0.8078258,0.3523277,0.07328929,0.02972992
reference,frozen_q,360,27,0.8277473,0.3563728,0.8227985,0.3593473,0.07336441,0.02834657
reference,frozen_q,360,27.5,0.8421113,0.3643804,0.8376997,0.3660295,0.07449919,0.02745764
reference,frozen_q,360,28,0.857176,0.3713236,0.8526008,0.3728387,0.07848284,0.0249638
reference,frozen_q,360,28.5,0.8710728,0.3783034,0.8674764,0.3791288,0.07195081,0.02251869
reference,frozen_q,360,29,0.885762,0.3851269,0.8820777,0.3856993,0.07369238,0.02642776
reference,frozen_q,360,29.5,0.9003683,0.391275,0.8966955,0.3921833,0.0727811,0.02569572
reference,frozen_q,360,30,0.9150541,0.3984368,0.9114702,0.3990503,0.07266163,0.02904506
reference,frozen_q,360,30.5,0.929649,0.4053679,0.9263753,0.4055336,0.07169152,0.02917696
reference,frozen_q,360,31,0.9449009,0.4116677,0.9411728,0.4120497,0.07698161,0.02913255
reference,frozen_q,360,31.5,0.9596906,0.4186515,0.9558727,0.4189721,0.07838578,0.0310185
reference,frozen_q,360,32,0.9751268,0.4243998,0.9708472,0.4253394,0.07960242,0.03602577
reference,frozen_q,360,32.5,0.9896851,0.4310266,0.9857004,0.431814,0.08003111,0.0293966
reference,frozen_q,360,33,1.004784,0.437224,1.000654,0.4384295,0.08160039,0.0255909
reference,frozen_q,360,33.5,1.020179,0.4445638,1.015814,0.4455028,0.08473077,0.03102229
reference,frozen_q,360,34,1.035111,0.4514304,1.031011,0.4519708,0.0836941,0.03249665
reference,frozen_q,360,34.5,1.050111,0.4571642,1.045931,0.4583183,0.08316987,0.02976638
reference,frozen_q,360,35,1.065244,0.4628309,1.061141,0.4644568,0.08114916,0.02727145
reference,frozen_q,360,35.5,1.079567,0.4703878,1.076275,0.4713981,0.07598554,0.0209806
reference,frozen_q,360,36,1.093831,0.4774611,1.091433,0.4778849,0.06457316,0.02685136
reference,frozen_q,360,36.5,1.108815,0.4838427,1.106718,0.4842442,0.06055999,0.02536649
reference,frozen_q,360,37,1.123542,0.4902676,1.122005,0.4904922,0.05312909,0.0210209
reference,frozen_q,360,37.5,1.138702,0.4964909,1.137039,0.4967004,0.0554415,0.02324215
reference,frozen_q,360,38,1.153698,0.5024416,1.152264,0.5027496,0.05115573,0.0203652
reference,frozen_q,360,38.5,1.168878,0.5084514,1.16746,0.508758,0.05211897,0.01774281
reference,frozen_q,360,39,1.184018,0.5147513,1.18277,0.5149647,0.04910206,0.018806
reference,frozen_q,360,39.5,1.199468,0.5204383,1.198098,0.5208664,0.05030211,0.01861919
reference,frozen_q,360,40,1.21486,0.5266307,1.213421,0.5271285,0.05142447,0.01922946
reference,frozen_q,360,40.5,1.230456,0.5329873,1.228947,0.5335094,0.05289712,0.02008841
reference,frozen_q,360,41,1.245933,0.5392495,1.244391,0.5398409,0.05443406,0.01690168
reference,frozen_q,360,41.5,1.261328,0.5452473,1.25972,0.5459676,0.05487399,0.01762478
reference,frozen_q,360,42,1.276818,0.5514725,1.275128,0.5522785,0.05623329,0.01791629
reference,frozen_q,360,42.5,1.291784,0.5580004,1.290259,0.5586246,0.05547733,0.01440982
reference,frozen_q,360,43,1.307297,0.5639823,1.305651,0.564634,0.0582257,0.01493363
reference,frozen_q,360,43.5,1.322675,0.5701793,1.321206,0.5707767,0.0547006,0.01601522
reference,frozen_q,360,44,1.338082,0.5762436,1.336562,0.5768627,0.05618053,0.01558187
reference,frozen_q,360,44.5,1.354227,0.5820683,1.352654,0.5828548,0.05606185,0.01607682
reference,frozen_q,360,45,1.369835,0.5881169,1.368301,0.5887186,0.05736922,0.01580015
reference,frozen_q,360,45.5,1.385401,0.5940467,1.383918,0.5945959,0.05657007,0.01739064
reference,frozen_q,360,46,1.401269,0.6003702,1.399587,0.6008849,0.06145108,0.01913496
reference,frozen_q,360,46.5,1.416957,0.60618,1.415213,0.6067321,0.06273699,0.01962921
reference,frozen_q,360,47,1.43267,0.612234,1.430959,0.6127582,0.06189759,0.02193417
reference,frozen_q,360,47.5,1.448275,0.6184675,1.44644,0.6190745,0.06439065,0.02180731
reference,frozen_q,360,48,1.462959,0.6244462,1.461274,0.6251115,0.06116767,0.02037951
reference,frozen_q,360,48.5,1.478733,0.6299409,1.477036,0.6305816,0.06060348,0.02464058
reference,frozen_q,360,49,1.494786,0.6357492,1.492864,0.6368494,0.06256583,0.02290329
reference,frozen_q,360,49.5,1.509817,0.6413807,1.508049,0.6422436,0.06159473,0.02271607
reference,frozen_q,360,50,1.525493,0.646885,1.523452,0.6479548,0.06558374,0.02523531
reference,frozen_q,360,50.5,1.541565,0.6534444,1.539568,0.6546056,0.06266326,0.02869782
reference,frozen_q,360,51,1.557057,0.6596759,1.555348,0.6607042,0.0569339,0.02876761
reference,frozen_q,360,51.5,1.572549,0.6656943,1.570744,0.6668688,0.05879761,0.0277057
reference,frozen_q,360,52,1.588387,0.6714064,1.586402,0.6729531,0.06170922,0.02336212
reference,frozen_q,360,52.5,1.604343,0.6778626,1.602433,0.6792917,0.06022596,0.02620479
reference,frozen_q,360,53,1.619955,0.684508,1.618228,0.6857998,0.05731769,0.02568163
reference,frozen_q,360,53.5,1.635094,0.6910606,1.633726,0.6919894,0.05347726,0.02025932
reference,frozen_q,360,54,1.651248,0.6976823,1.64974,0.6987058,0.05574099,0.0232351
reference,frozen_q,360,54.5,1.667264,0.7041539,1.665791,0.7051661,0.05593987,0.02118022
reference,frozen_q,360,55,1.683543,0.7100241,1.681795,0.7114959,0.05843942,0.02243792
reference,frozen_q,360,55.5,1.699153,0.7158885,1.697256,0.7176178,0.05940949,0.02426945
reference,frozen_q,360,56,1.714465,0.7225158,1.712808,0.7238989,0.05735211,0.02269539
reference,frozen_q,360,56.5,1.730013,0.7293797,1.72844,0.7305058,0.05775071,0.02395842
reference,frozen_q,360,57,1.745983,0.7359895,1.744344,0.7372359,0.05808681,0.02521575
reference,frozen_q,360,57.5,1.761912,0.7427753,1.760161,0.7438852,0.06207615,0.02800755
reference,frozen_q,360,58,1.777544,0.7492116,1.775816,0.7501675,0.0623302,0.03065312
reference,frozen_q,360,58.5,1.793403,0.7557256,1.791532,0.756739,0.06618709,0.03023889
reference,frozen_q,360,59,1.809125,0.7620289,1.807164,0.763134,0.06765882,0.03099965
reference,frozen_q,360,59.5,1.824752,0.7681941,1.822565,0.7698758,0.06853916,0.0294125
reference,frozen_q,360,60,1.840389,0.7748637,1.838119,0.7765521,0.07069528,0.03011951
reference,frozen_q,720,0,0,0,0,0,0,0
reference,frozen_q,720,0.5,0.03213855,0.009707954,0.01527247,0.006410404,0.0276363,0.009534814
reference,frozen_q,720,1,0.06267651,0.01829034,0.03049938,0.01284284,0.05356114,0.01748549
reference,frozen_q,720,1.5,0.0844202,0.02564935,0.0457411,0.01927724,0.06901396,0.02392002
reference,frozen_q,720,2,0.1036425,0.03250798,0.06102632,0.02565304,0.08049124,0.0310768
reference,frozen_q,720,2.5,0.1225337,0.03783653,0.07624841,0.03201158,0.09021621,0.03904437
reference,frozen_q,720,3,0.1348271,0.04633156,0.09143159,0.03825483,0.09304946,0.04364235
reference,frozen_q,720,3.5,0.1488841,0.0542476,0.1066472,0.0445932,0.09521821,0.05264475
reference,frozen_q,720,4,0.1632499,0.05830656,0.121905,0.05099684,0.09848078,0.05477463
reference,frozen_q,720,4.5,0.1754957,0.06577367,0.1372676,0.05745636,0.09746035,0.06010114
reference,frozen_q,720,5,0.1893241,0.06416668,0.1527123,0.06390394,0.1024579,0.04653131
reference,frozen_q,720,5.5,0.2120206,0.072058,0.1680744,0.0703371,0.1141882,0.06405236
reference,frozen_q,720,6,0.2211358,0.08044077,0.1834025,0.07677521,0.1099525,0.06259707
reference,frozen_q,720,6.5,0.2310083,0.08400689,0.1988303,0.08326939,0.1000323,0.06441705
reference,frozen_q,720,7,0.2450383,0.09228332,0.2142347,0.0896683,0.09795706,0.07257458
reference,frozen_q,720,7.5,0.2561857,0.09726384,0.2296007,0.09601903,0.09353605,0.06801076
reference,frozen_q,720,8,0.2681224,0.1067417,0.2449651,0.1023053,0.08699983,0.07394005
reference,frozen_q,720,8.5,0.2752634,0.1136419,0.2603664,0.1085584,0.07541894,0.05950964
reference,frozen_q,720,9,0.286896,0.1170052,0.2757498,0.1148796,0.06768536,0.04766434
reference,frozen_q,720,9.5,0.3023115,0.1248188,0.2911088,0.1211693,0.07041109,0.05173868
reference,frozen_q,720,10,0.3168252,0.1284348,0.3064616,0.1274675,0.07230009,0.03930143
reference,frozen_q,720,10.5,0.3302236,0.1330138,0.3219923,0.133774,0.06734942,0.02595488
reference,frozen_q,720,11,0.3446291,0.1389627,0.3375694,0.1401482,0.06282866,0.02415523
reference,frozen_q,720,11.5,0.3601373,0.1455722,0.3530401,0.1465721,0.06226051,0.03091122
reference,frozen_q,720,12,0.3746556,0.1525753,0.3684649,0.1530748,0.05986766,0.03028291
reference,frozen_q,720,12.5,0.3886411,0.1597609,0.3837954,0.159707,0.05413871,0.02952884
reference,frozen_q,720,13,0.403945,0.1653429,0.3991039,0.1663599,0.05587039,0.02165886
reference,frozen_q,720,13.5,0.4198941,0.1721881,0.4143989,0.1730399,0.06030105,0.02653833
reference,frozen_q,720,14,0.4354175,0.1793105,0.4297339,0.1797345,0.06368128,0.02747738
reference,frozen_q,720,14.5,0.4502161,0.1866104,0.4450514,0.1864073,0.06217002,0.02957035
reference,frozen_q,720,15,0.465464,0.1926624,0.4603387,0.1931168,0.05963971,0.03279248
reference,frozen_q,720,15.5,0.4809608,0.1988242,0.4755803,0.1997384,0.06373392,0.02788087
reference,frozen_q,720,16,0.495896,0.2063901,0.490906,0.2065756,0.0632039,0.03002857
reference,frozen_q,720,16.5,0.511597,0.2124121,0.5062194,0.21349,0.06591586,0.02699732
reference,frozen_q,720,17,0.5257685,0.2198169,0.5215089,0.2204256,0.05840928,0.02892482
reference,frozen_q,720,17.5,0.5404084,0.2271638,0.5365941,0.2274231,0.05823575,0.02522916
reference,frozen_q,720,18,0.5555441,0.2338376,0.551671,0.2343425,0.05866704,0.0255872
reference,frozen_q,720,18.5,0.5710772,0.2414627,0.566824,0.2413429,0.06349643,0.03013864
reference,frozen_q,720,19,0.5868374,0.2479806,0.58209,0.2482907,0.06769749,0.02938455
reference,frozen_q,720,19.5,0.6027263,0.2544861,0.5972465,0.2552674,0.07258058,0.03127755
reference,frozen_q,720,20,0.6167516,0.2617173,0.6122713,0.2623483,0.0680081,0.02443237
reference,frozen_q,720,20.5,0.6312709,0.2689022,0.6274303,0.2694148,0.0640926,0.02210608
reference,frozen_q,720,21,0.6456238,0.2759762,0.6424534,0.2763967,0.05846906,0.02162923
reference,frozen_q,720,21.5,0.6610944,0.2825799,0.6575992,0.2834505,0.05988622,0.02415933
reference,frozen_q,720,22,0.6770444,0.2895456,0.6726654,0.2904178,0.06886524,0.02689981
reference,frozen_q,720,22.5,0.6919493,0.2963924,0.6879177,0.2974453,0.06546844,0.02681336
reference,frozen_q,720,23,0.7065587,0.3028011,0.7027619,0.3043367,0.06219193,0.02507369
reference,frozen_q,720,23.5,0.7217508,0.3092156,0.7176488,0.3112373,0.06356898,0.02659038
reference,frozen_q,720,24,0.7364959,0.3161136,0.732592,0.3181753,0.06155332,0.02722315
reference,frozen_q,720,24.5,0.7508069,0.3235028,0.747492,0.3249472,0.06099863,0.01935985
reference,frozen_q,720,25,0.7662131,0.3299409,0.7624945,0.3318191,0.06349967,0.02228007
reference,frozen_q,720,25.5,0.7806321,0.337943,0.7774919,0.338577,0.06045742,0.02956443
reference,frozen_q,720,26,0.7959656,0.3444151,0.7925691,0.3452944,0.0618941,0.03225714
reference,frozen_q,720,26.5,0.8108169,0.3514974,0.8074938,0.3520958,0.06305526,0.03247441
reference,frozen_q,720,27,0.8256724,0.3585866,0.8225257,0.3591095,0.06171168,0.03279159
reference,frozen_q,720,27.5,0.8406072,0.3651828,0.8375213,0.3659301,0.06255546,0.02802899
reference,frozen_q,720,28,0.8554069,0.3719424,0.8522933,0.3726735,0.06370248,0.02794431
reference,frozen_q,720,28.5,0.8702709,0.3786802,0.8671669,0.3792223,0.06424343,0.03035544
reference,frozen_q,720,29,0.8849361,0.3856356,0.8818103,0.3859231,0.06626168,0.03113879
reference,frozen_q,720,29.5,0.8997277,0.3923722,0.8967794,0.3924001,0.0658009,0.03155819
reference,frozen_q,720,30,0.9149262,0.3995671,0.9115703,0.399552,0.07067259,0.03473714
reference,frozen_q,720,30.5,0.9293106,0.4058653,0.9261404,0.4058769,0.0701553,0.03165002
reference,frozen_q,720,31,0.9440719,0.4126246,0.9410351,0.4127973,0.06893856,0.02967675
reference,frozen_q,720,31.5,0.9588606,0.4185209,0.9557899,0.4191555,0.06818215,0.02763144
reference,frozen_q,720,32,0.973524,0.424938,0.9705327,0.425663,0.06302212,0.0363852
reference,frozen_q,720,32.5,0.9884022,0.4318709,0.9857082,0.4322016,0.06408891,0.03144635
reference,frozen_q,720,33,1.004044,0.4377821,1.00065,0.4386509,0.07318407,0.02761757
reference,frozen_q,720,33.5,1.01923,0.4441893,1.015929,0.4456017,0.06816114,0.03042608
reference,frozen_q,720,34,1.033547,0.4516663,1.030762,0.4521826,0.06782491,0.02727086
reference,frozen_q,720,34.5,1.04812,0.457787,1.045748,0.458682,0.05875375,0.02783025
reference,frozen_q,720,35,1.063688,0.4636411,1.060911,0.4650402,0.06215017,0.02907374
reference,frozen_q,720,35.5,1.079023,0.4705662,1.07636,0.4717289,0.06564216,0.0202924
reference,frozen_q,720,36,1.093392,0.4767065,1.091229,0.4776496,0.06028386,0.0157139
reference,frozen_q,720,36.5,1.108049,0.4836055,1.106178,0.483984,0.05881068,0.01880447
reference,frozen_q,720,37,1.123245,0.490428,1.121176,0.4905575,0.06260499,0.02521713
reference,frozen_q,720,37.5,1.138545,0.496759,1.136764,0.496809,0.05868968,0.02430613
reference,frozen_q,720,38,1.153527,0.5029889,1.15193,0.5031267,0.05588643,0.02119485
reference,frozen_q,720,38.5,1.168511,0.5092555,1.167193,0.5092731,0.05161618,0.02040115
reference,frozen_q,720,39,1.183652,0.5149551,1.182511,0.515319,0.04572039,0.01637061
reference,frozen_q,720,39.5,1.199066,0.5211449,1.198006,0.5216888,0.04307705,0.0124222
reference,frozen_q,720,40,1.214681,0.5274546,1.213722,0.5279706,0.04059079,0.01313893
reference,frozen_q,720,40.5,1.229536,0.5335393,1.228593,0.5340677,0.04093107,0.01057558
reference,frozen_q,720,41,1.244877,0.5399064,1.24392,0.5404237,0.04152526,0.01152778
reference,frozen_q,720,41.5,1.260969,0.5462427,1.25998,0.5467454,0.04277087,0.012213
reference,frozen_q,720,42,1.276419,0.5522951,1.275449,0.5527918,0.04268203,0.01175625
reference,frozen_q,720,42.5,1.291685,0.5583761,1.290748,0.5587781,0.04304407,0.01217538
reference,frozen_q,720,43,1.307001,0.5644623,1.306017,0.5648565,0.04452005,0.01317313
reference,frozen_q,720,43.5,1.322702,0.5704991,1.321555,0.5710153,0.04782409,0.01399029
reference,frozen_q,720,44,1.338152,0.5765128,1.336982,0.5770531,0.0482226,0.01495122
reference,frozen_q,720,44.5,1.353342,0.5827477,1.3521,0.5833649,0.04883066,0.01755573
reference,frozen_q,720,45,1.368801,0.5884017,1.367652,0.5889769,0.04736987,0.0163961
reference,frozen_q,720,45.5,1.384352,0.5942305,1.383123,0.5949762,0.04801603,0.01635387
reference,frozen_q,720,46,1.400019,0.6004941,1.39897,0.6011184,0.04522237,0.01373082
reference,frozen_q,720,46.5,1.415302,0.6059,1.414272,0.6064111,0.04659872,0.01277283
reference,frozen_q,720,47,1.431006,0.6118081,1.429893,0.6123383,0.0486972,0.01440174
reference,frozen_q,720,47.5,1.446158,0.6181136,1.445246,0.6186562,0.04369149,0.009726308
reference,frozen_q,720,48,1.461338,0.6243687,1.460454,0.6249599,0.0418841,0.01153677
reference,frozen_q,720,48.5,1.477126,0.6300524,1.476314,0.6303913,0.04299861,0.01230824
reference,frozen_q,720,49,1.492837,0.6360598,1.491997,0.6363846,0.04384556,0.01431538
reference,frozen_q,720,49.5,1.508688,0.6420991,1.507757,0.6425059,0.04592641,0.01455411
reference,frozen_q,720,50,1.524887,0.648283,1.523818,0.648766,0.04918311,0.01601892
reference,frozen_q,720,50.5,1.540796,0.6540096,1.539805,0.6544682,0.04808469,0.01349555
reference,frozen_q,720,51,1.556321,0.6600678,1.555315,0.6606675,0.0470527,0.01311309
reference,frozen_q,720,51.5,1.572539,0.6660254,1.571569,0.6666691,0.04498377,0.01488966
reference,frozen_q,720,52,1.588882,0.6721411,1.587782,0.6730044,0.04530687,0.01889919
reference,frozen_q,720,52.5,1.604595,0.6784827,1.603405,0.6794534,0.04689327,0.01963821
reference,frozen_q,720,53,1.620166,0.6848078,1.618977,0.6855624,0.05027964,0.01889848
reference,frozen_q,720,53.5,1.635506,0.691319,1.634431,0.691737,0.05140013,0.01845395
reference,frozen_q,720,54,1.650633,0.6980671,1.64962,0.6983106,0.05257457,0.01640965
reference,frozen_q,720,54.5,1.666816,0.704763,1.665992,0.7050435,0.04744661,0.01131533
reference,frozen_q,720,55,1.68297,0.7108238,1.682067,0.7111431,0.04904196,0.01458751
reference,frozen_q,720,55.5,1.698867,0.7162931,1.698013,0.716696,0.04599937,0.01586791
reference,frozen_q,720,56,1.714572,0.7227647,1.713829,0.7230399,0.04381388,0.0161888
reference,frozen_q,720,56.5,1.729996,0.7291249,1.729249,0.7293689,0.04425467,0.01740517
reference,frozen_q,720,57,1.745898,0.7358403,1.745029,0.7361318,0.04795386,0.01847087
reference,frozen_q,720,57.5,1.761345,0.7425021,1.7604,0.742819,0.04995092,0.0201301
reference,frozen_q,720,58,1.777508,0.7488427,1.776626,0.7489959,0.04883714,0.02366935
reference,frozen_q,720,58.5,1.792819,0.7551524,1.791826,0.7554058,0.05210567,0.02245671
reference,frozen_q,720,59,1.808287,0.7613477,1.807375,0.7617446,0.04890887,0.01869104
reference,frozen_q,720,59.5,1.823987,0.767867,1.8231,0.7682098,0.04908181,0.01849274
reference,frozen_q,720,60,1.839656,0.7743506,1.838801,0.7747166,0.04810216,0.01749501
reference,frozen_q,3600,0,0,0,0,0,0,0
reference,frozen_q,3600,0.5,0.03012439,0.009719366,0.01527247,0.006410403,0.02537857,0.009225966
reference,frozen_q,3600,1,0.05539742,0.01522012,0.03049938,0.01284285,0.04492296,0.0139158
reference,frozen_q,3600,1.5,0.07328564,0.02491317,0.0457411,0.01927722,0.05451195,0.02392061
reference,frozen_q,3600,2,0.09014189,0.02970791,0.06102656,0.02565308,0.06165799,0.02925148
reference,frozen_q,3600,2.5,0.1060224,0.03792586,0.07624839,0.03201197,0.06655972,0.03824645
reference,frozen_q,3600,3,0.1206538,0.04368746,0.0914317,0.03825522,0.0699907,0.04257192
reference,frozen_q,3600,3.5,0.1356603,0.04720274,0.1066479,0.04459356,0.07292592,0.04518138
reference,frozen_q,3600,4,0.1554915,0.05646454,0.1219079,0.05099532,0.08497278,0.05285586
reference,frozen_q,3600,4.5,0.1610779,0.05826661,0.1372719,0.05745446,0.07548565,0.03965272
reference,frozen_q,3600,5,0.1718938,0.0646227,0.1527196,0.06390249,0.06855726,0.04119314
reference,frozen_q,3600,5.5,0.1889608,0.06840954,0.168077,0.07032855,0.07280876,0.04474834
reference,frozen_q,3600,6,0.1979779,0.07459966,0.1834084,0.07676492,0.0645961,0.03360145
reference,frozen_q,3600,6.5,0.2070491,0.0834579,0.1988338,0.0832621,0.04965731,0.03077241
reference,frozen_q,3600,7,0.2220316,0.08688349,0.2142388,0.08965899,0.04721892,0.02723503
reference,frozen_q,3600,7.5,0.237262,0.0933554,0.2296044,0.09600588,0.04749404,0.02978165
reference,frozen_q,3600,8,0.2508023,0.1005159,0.2449642,0.1022959,0.04423423,0.02502012
reference,frozen_q,3600,8.5,0.2643147,0.1076999,0.260373,0.1085626,0.03720581,0.0230939
reference,frozen_q,3600,9,0.2788694,0.1132595,0.2757246,0.1149125,0.0304948,0.02190486
reference,frozen_q,3600,9.5,0.2943309,0.1200025,0.2910928,0.1212193,0.03248118,0.0243177
reference,frozen_q,3600,10,0.3103894,0.1251284,0.3064796,0.1275233,0.03394882,0.02684282
reference,frozen_q,3600,10.5,0.3246718,0.1321517,0.3219905,0.1338508,0.02994872,0.02071382
reference,frozen_q,3600,11,0.339709,0.1390296,0.3375951,0.1401937,0.02923811,0.01679794
reference,frozen_q,3600,11.5,0.3552453,0.1455082,0.35311,0.146581,0.03181026,0.01461716
reference,frozen_q,3600,12,0.3710517,0.151547,0.3685943,0.1529853,0.03348217,0.01718099
reference,frozen_q,3600,12.5,0.3861485,0.1581537,0.3839106,0.1595249,0.03278867,0.01570916
reference,frozen_q,3600,13,0.4010726,0.1651383,0.399159,0.1661895,0.03193774,0.01377811
reference,frozen_q,3600,13.5,0.4163132,0.1720653,0.4144418,0.1729282,0.03344714,0.01269647
reference,frozen_q,3600,14,0.4316555,0.1787713,0.4298365,0.179642,0.0329093,0.01405076
reference,frozen_q,3600,14.5,0.4469185,0.1857753,0.4451121,0.1864026,0.03479369,0.01372454
reference,frozen_q,3600,15,0.4621693,0.1923945,0.4604851,0.1930288,0.03435431,0.01220298
reference,frozen_q,3600,15.5,0.4775914,0.1988668,0.4756989,0.1997535,0.03642113,0.01222053
reference,frozen_q,3600,16,0.4925736,0.2062694,0.4909388,0.2066985,0.03497616,0.01508367
reference,frozen_q,3600,16.5,0.5084205,0.2127449,0.5062633,0.2136574,0.03869196,0.01841403
reference,frozen_q,3600,17,0.5238804,0.2199435,0.5215474,0.2207386,0.0409717,0.02121195
reference,frozen_q,3600,17.5,0.539141,0.2266131,0.5367349,0.227717,0.04172675,0.01976392
reference,frozen_q,3600,18,0.5540485,0.2337775,0.5519121,0.2347119,0.03993205,0.01926
reference,frozen_q,3600,18.5,0.5692632,0.2408911,0.5670303,0.2416937,0.04076773,0.02310871
reference,frozen_q,3600,19,0.5848062,0.2477942,0.5823241,0.2486814,0.04447345,0.02295597
reference,frozen_q,3600,19.5,0.6002526,0.2550459,0.5973712,0.2556569,0.04915537,0.02787415
reference,frozen_q,3600,20,0.6150242,0.2616834,0.612444,0.2627273,0.04644755,0.02270425
reference,frozen_q,3600,20.5,0.6299006,0.2689991,0.6274869,0.2698435,0.04494125,0.02477273
reference,frozen_q,3600,21,0.6447991,0.2758595,0.6426373,0.2769739,0.041621,0.02213723
reference,frozen_q,3600,21.5,0.6598982,0.2826046,0.6577088,0.2842333,0.0399265,0.02086625
reference,frozen_q,3600,22,0.6752807,0.2892252,0.6727769,0.2911574,0.04207151,0.02383987
reference,frozen_q,3600,22.5,0.690333,0.2961541,0.6879434,0.2980794,0.04112478,0.02329205
reference,frozen_q,3600,23,0.7048982,0.3033545,0.7028382,0.3049675,0.03736427,0.02453286
reference,frozen_q,3600,23.5,0.7198853,0.310499,0.7177916,0.3119474,0.03901837,0.02577302
reference,frozen_q,3600,24,0.7349264,0.3170579,0.7326202,0.3189889,0.04037349,0.02486939
reference,frozen_q,3600,24.5,0.7495614,0.3242601,0.7475171,0.3256947,0.04152429,0.02177287
reference,frozen_q,3600,25,0.7644864,0.331233,0.7624117,0.3325405,0.04207352,0.02456378
reference,frozen_q,3600,25.5,0.7789958,0.3387425,0.7774064,0.3391902,0.04002684,0.02477522
reference,frozen_q,3600,26,0.7940373,0.345401,0.7925823,0.3459009,0.0389663,0.02204909
reference,frozen_q,3600,26.5,0.8087539,0.3525381,0.8075389,0.3527185,0.0377625,0.02094534
reference,frozen_q,3600,27,0.8236504,0.3592444,0.8223941,0.3593077,0.03966616,0.02179382
reference,frozen_q,3600,27.5,0.8387846,0.3658217,0.8374249,0.3661906,0.04034133,0.02039549
reference,frozen_q,3600,28,0.8535283,0.3722271,0.8521178,0.3727937,0.04033712,0.01994037
reference,frozen_q,3600,28.5,0.8683327,0.3786163,0.8668706,0.3791391,0.04180579,0.02085102
reference,frozen_q,3600,29,0.8833506,0.3855109,0.881625,0.3859733,0.04638228,0.02417783
reference,frozen_q,3600,29.5,0.8981039,0.392046,0.8965089,0.3924864,0.04382869,0.02540764
reference,frozen_q,3600,30,0.9130802,0.3992336,0.9114873,0.3995726,0.04713745,0.02120714
reference,frozen_q,3600,30.5,0.9277763,0.4055198,0.9261216,0.4059932,0.04902657,0.01774109
reference,frozen_q,3600,31,0.9424841,0.4123673,0.9407189,0.4129268,0.05081409,0.01787324
reference,frozen_q,3600,31.5,0.9569697,0.4189146,0.9552527,0.4194518,0.04897065,0.02194194
reference,frozen_q,3600,32,0.9712743,0.4259096,0.970016,0.4263339,0.04211737,0.01850526
reference,frozen_q,3600,32.5,0.9862793,0.4328102,0.9851133,0.432895,0.04215887,0.0217991
reference,frozen_q,3600,33,1.001601,0.4397087,0.9999419,0.4397449,0.0512341,0.02648302
reference,frozen_q,3600,33.5,1.016337,0.4467101,1.015302,0.4466354,0.03988341,0.02457624
reference,frozen_q,3600,34,1.031141,0.4527547,1.03025,0.4528981,0.03854038,0.01548739
reference,frozen_q,3600,34.5,1.046041,0.4592722,1.045327,0.459496,0.03366923,0.01315709
reference,frozen_q,3600,35,1.061094,0.4655817,1.060258,0.4660362,0.0347386,0.01317183
reference,frozen_q,3600,35.5,1.076362,0.4725478,1.075695,0.4727045,0.03342813,0.01369729
reference,frozen_q,3600,36,1.091942,0.4789373,1.091174,0.4791345,0.03579172,0.01514279
reference,frozen_q,3600,36.5,1.106871,0.4855264,1.106339,0.4856495,0.02983324,0.01351005
reference,frozen_q,3600,37,1.122063,0.4918415,1.121446,0.4920649,0.03116233,0.01464219
reference,frozen_q,3600,37.5,1.137534,0.4982307,1.136796,0.4985644,0.03371548,0.01540858
reference,frozen_q,3600,38,1.152592,0.5042493,1.152029,0.504536,0.03007019,0.01109496
reference,frozen_q,3600,38.5,1.167749,0.5103303,1.167299,0.510482,0.02801072,0.01114268
reference,frozen_q,3600,39,1.183071,0.5166956,1.18267,0.5167957,0.02638327,0.01274117
reference,frozen_q,3600,39.5,1.198325,0.5225663,1.197931,0.522718,0.02564425,0.01197794
reference,frozen_q,3600,40,1.213835,0.5284412,1.213421,0.5286128,0.0259171,0.01305584
reference,frozen_q,3600,40.5,1.22892,0.5348636,1.228531,0.5350186,0.02544375,0.01263821
reference,frozen_q,3600,41,1.244237,0.5412162,1.243794,0.5414074,0.02763441,0.01224411
reference,frozen_q,3600,41.5,1.259873,0.5475351,1.25945,0.5476897,0.02782548,0.01173525
reference,frozen_q,3600,42,1.275296,0.5537431,1.274863,0.5539152,0.0280509,0.01198045
reference,frozen_q,3600,42.5,1.290359,0.5603059,1.289961,0.5604279,0.02830721,0.01001419
reference,frozen_q,3600,43,1.30591,0.5664197,1.305519,0.5665712,0.02785213,0.009238384
reference,frozen_q,3600,43.5,1.321206,0.5728784,1.320834,0.5729612,0.02810993,0.01038968
reference,frozen_q,3600,44,1.336498,0.5788996,1.336079,0.5789755,0.02992642,0.0121048
reference,frozen_q,3600,44.5,1.352051,0.5853711,1.351597,0.585406,0.03204036,0.01301913
reference,frozen_q,3600,45,1.367801,0.5913223,1.367401,0.5913446,0.03025825,0.01274031
reference,frozen_q,3600,45.5,1.383578,0.5974109,1.383107,0.5973971,0.03337912,0.01469238
reference,frozen_q,3600,46,1.399319,0.6036585,1.398885,0.6036815,0.03226791,0.01240312
reference,frozen_q,3600,46.5,1.414547,0.6092052,1.414105,0.6093474,0.03030228,0.01324138
reference,frozen_q,3600,47,1.430253,0.6151681,1.429748,0.6153608,0.03118999,0.01614335
reference,frozen_q,3600,47.5,1.445648,0.6211553,1.444998,0.6215186,0.03290759,0.01967465
reference,frozen_q,3600,48,1.461043,0.6272202,1.460383,0.6275061,0.03546325,0.01861637
reference,frozen_q,3600,48.5,1.476942,0.6323881,1.476237,0.6326921,0.03566267,0.02161153
reference,frozen_q,3600,49,1.492682,0.639424,1.491953,0.6398021,0.03653528,0.01998595
reference,frozen_q,3600,49.5,1.508206,0.6453994,1.507477,0.6457569,0.03686526,0.02052082
reference,frozen_q,3600,50,1.524081,0.6513314,1.523294,0.6518724,0.0362637,0.02086627
reference,frozen_q,3600,50.5,1.540544,0.6572667,1.53975,0.6578202,0.03700716,0.02013438
reference,frozen_q,3600,51,1.555919,0.6629281,1.555076,0.6634718,0.03944119,0.02003696
reference,frozen_q,3600,51.5,1.571888,0.6689781,1.571154,0.6693564,0.03771084,0.02065698
reference,frozen_q,3600,52,1.587594,0.6755358,1.58694,0.6759038,0.03581034,0.01839504
reference,frozen_q,3600,52.5,1.602998,0.6819646,1.602389,0.6822858,0.03537487,0.0173082
reference,frozen_q,3600,53,1.619177,0.6882554,1.618488,0.6885777,0.03736019,0.02084684
reference,frozen_q,3600,53.5,1.634427,0.6942785,1.633694,0.6946807,0.03920766,0.01861173
reference,frozen_q,3600,54,1.650021,0.700568,1.649239,0.7010193,0.04104566,0.01755792
reference,frozen_q,3600,54.5,1.666114,0.7068674,1.665481,0.7072298,0.03784202,0.0142315
reference,frozen_q,3600,55,1.682207,0.712866,1.681437,0.7134132,0.04073686,0.01419956
reference,frozen_q,3600,55.5,1.697925,0.718789,1.697237,0.7192541,0.03746343,0.01769221
reference,frozen_q,3600,56,1.713922,0.7251862,1.713215,0.7256308,0.03868107,0.01823682
reference,frozen_q,3600,56.5,1.729408,0.731547,1.728684,0.7320113,0.03908215,0.01868016
reference,frozen_q,3600,57,1.744643,0.7382382,1.743986,0.7386133,0.03897253,0.01617118
reference,frozen_q,3600,57.5,1.760011,0.7450061,1.759347,0.7453047,0.04077114,0.01622156
reference,frozen_q,3600,58,1.775904,0.751416,1.775197,0.7519093,0.03901117,0.0173607
reference,frozen_q,3600,58.5,1.791278,0.7580758,1.790787,0.7584241,0.03183077,0.01601052
reference,frozen_q,3600,59,1.807431,0.7646895,1.806772,0.7653406,0.03426417,0.01667618
reference,frozen_q,3600,59.5,1.82283,0.7711729,1.822112,0.7718003,0.03697072,0.01862881
reference,frozen_q,3600,60,1.838668,0.7773346,1.837852,0.7780104,0.04024698,0.02007151
